source_type,previous_naver_status,restaurant_id,reference_name,query,query_stage,initial_status,naver_fallback_used,naver_fallback_result,fallback_recovered,final_status,original_candidate_count,filtered_candidate_count,matcher_source,qwen_ranking,selected_candidate_index,selected_candidate_name,qwen_used,qwen_confidence,candidate_url,place_id,place_id_source,resolved_rank,detail_validation,detail_name,detail_address,detail_category,name_evidence,address_evidence,reason,risk_flags,elapsed_ms,detail_validation_attempts
KOMSCO_DIRECT_NAVER_FALLBACK,MATCHED,4282,집밥식당 선02,매봉역 집밥식당 선02,naver_local_fallback,AMBIGUOUS,True,ENRICHED:RESOLVED,True,RESOLVED,2,2,QWEN,"0,1",0,집밥식당 선02,True,LOW,#,1793398137,DOM_DATA_NLOG,1,PASS,집밥식당 선02,서울 강남구 개포로25길 5 1층,,EXACT,PARTIAL,,,5632,1
KOMSCO_DIRECT_NAVER_FALLBACK,MATCHED,4299,오마뎅 개포래미안포레스트점,개포동 오마뎅 개포래미안포레스트점,dong,RESOLVED,False,NOT_REQUIRED,False,RESOLVED,1,1,SINGLE_CANDIDATE,0,0,오마뎅 개포래미안포레스트점분식,False,,#,1195725724,DOM_DATA_NLOG,1,PASS,오마뎅 개포래미안포레스트점분식,서울 강남구 개포로 264 제 상가1동 1층 103-1호,,CONTAINED,PARTIAL,,,3410,1
KOMSCO_DIRECT_NAVER_FALLBACK,MATCHED,4301,캠토토스트국악고점,매봉역 캠토토스트국악고점,station,AMBIGUOUS,True,NO_USABLE_CANDIDATE,False,AMBIGUOUS,1,1,SINGLE_CANDIDATE,0,0,캠토토스트 국악고점토스트,False,,https://pcmap.place.naver.com/restaurant/1782675433/home,1782675433,DOM_DATA_NLOG,,FAIL,캠토토스트 국악고점토스트,서울 강남구 개포로22길 47 101호,,CONTAINED,DIFFERENT,TOP_K_DETAIL_VALIDATION_FAILED,TOP_K_DETAIL_VALIDATION_FAILED,938,1
KOMSCO_DIRECT_NAVER_FALLBACK,MATCHED,4302,피자스쿨 개포1단지점,구룡역 피자스쿨 개포1단지점,naver_local_fallback,AMBIGUOUS,True,ENRICHED:NOT_FOUND,False,NOT_FOUND,0,0,DETERMINISTIC,,,,False,,,,,,NOT_ATTEMPTED,,,,UNKNOWN,UNKNOWN,NO_CONFIDENT_CANDIDATE,NO_CONFIDENT_CANDIDATE,3646,0
KOMSCO_DIRECT_NAVER_FALLBACK,UNMATCHED,4325,샤넬,대청역 샤넬,station,AMBIGUOUS,False,SKIPPED_NO_NAVER_MATCH,False,AMBIGUOUS,4,4,QWEN,"1,2,3",1,"롯데면세점 월드타워점 샤넬 화장품화장품,향수",True,LOW,https://pcmap.place.naver.com/restaurant/1686220665/home,1686220665,DOM_DATA_NLOG,,FAIL,"롯데면세점 월드타워점 샤넬 화장품화장품,향수",서울 송파구 올림픽로 300 롯데면세점 월드타워점 9층,,CONTAINED,DIFFERENT,TOP_K_DETAIL_VALIDATION_FAILED,TOP_K_DETAIL_VALIDATION_FAILED,3097,2
KOMSCO_DIRECT_NAVER_FALLBACK,MATCHED,4348,이치진 강남개포점,매봉역 이치진 강남개포점,naver_local_fallback,AMBIGUOUS,True,ENRICHED:RESOLVED,True,RESOLVED,1,1,SINGLE_CANDIDATE,0,0,이치진 강남개포점,False,,#,1310475948,DOM_DATA_NLOG,1,PASS,이치진 강남개포점,서울 강남구 논현로18길 15 1층 이치진,,EXACT,PARTIAL,,,1683,1
KOMSCO_DIRECT_NAVER_FALLBACK,MATCHED,4358,대청만찬,대청역 대청만찬,naver_local_fallback,NOT_FOUND,True,ENRICHED:NOT_FOUND,False,NOT_FOUND,1,1,SINGLE_CANDIDATE,0,0,,False,,,,,,NOT_ATTEMPTED,,,,UNKNOWN,UNKNOWN,PLACE_ID_NOT_IN_CANDIDATE_DOM,PLACE_ID_NOT_IN_CANDIDATE_DOM,5834,0
KOMSCO_DIRECT_NAVER_FALLBACK,MATCHED,4360,춘천닭갈비,구룡역 춘천닭갈비,station,AMBIGUOUS,True,NO_USABLE_CANDIDATE,False,AMBIGUOUS,3,3,QWEN,"0,1,2",0,춘천명물닭갈비닭갈비,True,LOW,https://pcmap.place.naver.com/restaurant/18420156/home,18420156,DOM_DATA_NLOG,,FAIL,춘천명물닭갈비닭갈비,서울 강남구 개포로22길 14,,DIFFERENT,DIFFERENT,TOP_K_DETAIL_VALIDATION_FAILED,TOP_K_DETAIL_VALIDATION_FAILED,2692,2
KOMSCO_DIRECT_NAVER_FALLBACK,MATCHED,4367,맛찬,대모산입구역 맛찬,station,AMBIGUOUS,True,NO_USABLE_CANDIDATE,False,AMBIGUOUS,1,1,SINGLE_CANDIDATE,0,0,맛찬한식,False,,https://pcmap.place.naver.com/restaurant/1558499234/home,1558499234,DOM_DATA_NLOG,,FAIL,맛찬한식,서울 강남구 개포로 615,,CONTAINED,DIFFERENT,TOP_K_DETAIL_VALIDATION_FAILED,TOP_K_DETAIL_VALIDATION_FAILED,856,1
KOMSCO_DIRECT_NAVER_FALLBACK,MATCHED,4374,봉평메밀 막국수,개포동역 봉평메밀 막국수,station,RESOLVED,False,NOT_REQUIRED,False,RESOLVED,3,3,QWEN,"0,1,2",0,개포시장 봉평메밀막국수 칼국수막국수,True,LOW,#,1203242428,DOM_DATA_NLOG,1,PASS,개포시장 봉평메밀막국수 칼국수막국수,서울 강남구 개포로82길 5-8,,CONTAINED,PARTIAL,,,2517,1
KOMSCO_DIRECT_NAVER_FALLBACK,UNMATCHED,4432,주식회사코코아이,강남구 주식회사코코아이,gangnam,NOT_FOUND,False,SKIPPED_NO_NAVER_MATCH,False,NOT_FOUND,0,0,DETERMINISTIC,,,,False,,,,,,NOT_ATTEMPTED,,,,UNKNOWN,UNKNOWN,NO_CONFIDENT_CANDIDATE,NO_CONFIDENT_CANDIDATE,5707,0
KOMSCO_DIRECT_NAVER_FALLBACK,MATCHED,4466,은율네,구룡역 은율네,naver_local_fallback,NOT_FOUND,True,ENRICHED:NOT_FOUND,False,NOT_FOUND,0,0,DETERMINISTIC,,,,False,,,,,,NOT_ATTEMPTED,,,,UNKNOWN,UNKNOWN,NO_CONFIDENT_CANDIDATE,NO_CONFIDENT_CANDIDATE,5790,0
KOMSCO_DIRECT_NAVER_FALLBACK,MATCHED,4494,오븐데이 개포점,매봉역 오븐데이 개포점,naver_local_fallback,AMBIGUOUS,True,ENRICHED:RESOLVED,True,RESOLVED,1,1,SINGLE_CANDIDATE,0,0,"오븐데이 개포점치킨,닭강정",False,,#,34465978,DOM_DATA_NLOG,1,PASS,"오븐데이 개포점치킨,닭강정",서울 강남구 논현로10길 29 강남친환경식품유통센터,,CONTAINED,PARTIAL,,,1983,1
KOMSCO_DIRECT_NAVER_FALLBACK,MATCHED,4507,coffee the juda,매봉역 coffee the juda,naver_local_fallback,AMBIGUOUS,True,ENRICHED:AMBIGUOUS,False,AMBIGUOUS,2,2,QWEN,"0,1",0,커피더주다카페,True,LOW,https://pcmap.place.naver.com/restaurant/1512256507/home,1512256507,DOM_DATA_NLOG,,FAIL,커피더주다카페,서울 강남구 개포로30길 13 지상1층,,DIFFERENT,PARTIAL,TOP_K_DETAIL_VALIDATION_FAILED,TOP_K_DETAIL_VALIDATION_FAILED,4266,1
KOMSCO_DIRECT_NAVER_FALLBACK,UNMATCHED,4521,사보르김밥,강남구 사보르김밥,gangnam,AMBIGUOUS,False,SKIPPED_NO_NAVER_MATCH,False,AMBIGUOUS,1,1,SINGLE_CANDIDATE,0,0,사보르김밥 석촌점김밥,False,,https://pcmap.place.naver.com/restaurant/1017138065/home,1017138065,DOM_DATA_NLOG,,FAIL,사보르김밥 석촌점김밥,서울 송파구 백제고분로40길 4 101호,,CONTAINED,DIFFERENT,TOP_K_DETAIL_VALIDATION_FAILED,TOP_K_DETAIL_VALIDATION_FAILED,5807,1
KOMSCO_DIRECT_NAVER_FALLBACK,MATCHED,4546,리엔,매봉역 리엔,naver_local_fallback,AMBIGUOUS,True,ENRICHED:RESOLVED,True,RESOLVED,4,4,QWEN,"0,1,2",0,리엔중식당,True,LOW,#,179387776,DOM_DATA_NLOG,1,PASS,리엔중식당,서울 강남구 개포로28길 9,,CONTAINED,PARTIAL,,,4982,1
KOMSCO_DIRECT_NAVER_FALLBACK,MATCHED,4570,동대문엽기떡볶이 개포동역점,개포동역 동대문엽기떡볶이 개포동역점,naver_local_fallback,AMBIGUOUS,True,ENRICHED:RESOLVED,True,RESOLVED,1,1,SINGLE_CANDIDATE,0,0,동대문엽기떡볶이 개포동역점분식,False,,#,36601251,DOM_DATA_NLOG,1,PASS,동대문엽기떡볶이 개포동역점분식,서울 강남구 개포로 506 청우빌딩 103호,,CONTAINED,PARTIAL,,,1781,1
KOMSCO_DIRECT_NAVER_FALLBACK,MATCHED,4581,리미티드 하누,매봉역 리미티드 하누,naver_local_fallback,AMBIGUOUS,True,ENRICHED:RESOLVED,True,RESOLVED,1,1,SINGLE_CANDIDATE,0,0,리미티드 하누,False,,#,33243499,DOM_DATA_NLOG,1,PASS,리미티드 하누,서울 강남구 논현로10길 29 2층 (친환경 유통센터),,EXACT,PARTIAL,,,1506,1
KOMSCO_DIRECT_NAVER_FALLBACK,UNMATCHED,4593,우리생고기,개포동 우리생고기,dong,AMBIGUOUS,False,SKIPPED_NO_NAVER_MATCH,False,AMBIGUOUS,1,1,SINGLE_CANDIDATE,0,0,우리생고기,False,,https://pcmap.place.naver.com/restaurant/36004730/home,36004730,DOM_DATA_NLOG,,FAIL,우리생고기,서울 강남구 개포로82길 13-17 대화빌딩 2층,,EXACT,DIFFERENT,TOP_K_DETAIL_VALIDATION_FAILED,TOP_K_DETAIL_VALIDATION_FAILED,3317,1
KOMSCO_DIRECT_NAVER_FALLBACK,MATCHED,4599,도야족발,개포동역 도야족발,station,AMBIGUOUS,True,NO_RESULT,False,AMBIGUOUS,1,1,SINGLE_CANDIDATE,0,0,"도야족발 개포점족발,보쌈",False,,https://pcmap.place.naver.com/restaurant/38494858/home,38494858,DOM_DATA_NLOG,,FAIL,"도야족발 개포점족발,보쌈",서울 강남구 개포로 512 개포종합상가 115호,,CONTAINED,DIFFERENT,TOP_K_DETAIL_VALIDATION_FAILED,TOP_K_DETAIL_VALIDATION_FAILED,854,1
KOMSCO_DIRECT_NAVER_FALLBACK,MATCHED,4622,교촌치킨 개포2호점,구룡역 교촌치킨 개포2호점,naver_local_fallback,AMBIGUOUS,True,ENRICHED:NOT_FOUND,False,NOT_FOUND,0,0,DETERMINISTIC,,,,False,,,,,,NOT_ATTEMPTED,,,,UNKNOWN,UNKNOWN,NO_CONFIDENT_CANDIDATE,NO_CONFIDENT_CANDIDATE,3891,0
KOMSCO_DIRECT_NAVER_FALLBACK,MATCHED,4627,시골밥상,매봉역 시골밥상,station,AMBIGUOUS,True,NO_USABLE_CANDIDATE,False,AMBIGUOUS,3,3,QWEN,"0,1,2",0,남호식당 역삼 본점한식,True,LOW,https://pcmap.place.naver.com/restaurant/18396264/home,18396264,DOM_DATA_NLOG,,FAIL,남호식당 역삼 본점한식,서울 강남구 논현로85길 23,,DIFFERENT,DIFFERENT,TOP_K_DETAIL_VALIDATION_FAILED,TOP_K_DETAIL_VALIDATION_FAILED,3377,3
KOMSCO_DIRECT_NAVER_FALLBACK,MATCHED,4658,미도리,매봉역 미도리,naver_local_fallback,AMBIGUOUS,True,ENRICHED:RESOLVED,True,RESOLVED,1,1,SINGLE_CANDIDATE,0,0,"미도리초밥,롤",False,,#,1124953384,DOM_DATA_NLOG,1,PASS,"미도리초밥,롤",서울 강남구 논현로18길 11,,CONTAINED,PARTIAL,,,1489,1
KOMSCO_DIRECT_NAVER_FALLBACK,UNMATCHED,4678,이모네깁밥,강남구 이모네깁밥,gangnam,NOT_FOUND,False,SKIPPED_NO_NAVER_MATCH,False,NOT_FOUND,0,0,DETERMINISTIC,,,,False,,,,,,NOT_ATTEMPTED,,,,UNKNOWN,UNKNOWN,NO_CONFIDENT_CANDIDATE,NO_CONFIDENT_CANDIDATE,5582,0
KOMSCO_DIRECT_NAVER_FALLBACK,MATCHED,4682,생선쓰,개포동역 생선쓰,station,AMBIGUOUS,True,NO_USABLE_CANDIDATE,False,AMBIGUOUS,1,1,SINGLE_CANDIDATE,0,0,"생선쓰초밥,롤",False,,https://pcmap.place.naver.com/restaurant/1530589732/home,1530589732,DOM_DATA_NLOG,,FAIL,"생선쓰초밥,롤",서울 강남구 개포로82길 7 삼성빌딩 204호,,CONTAINED,DIFFERENT,TOP_K_DETAIL_VALIDATION_FAILED,TOP_K_DETAIL_VALIDATION_FAILED,978,1
KOMSCO_DIRECT_NAVER_FALLBACK,MATCHED,4704,개포골,개포동역 개포골,naver_local_fallback,AMBIGUOUS,True,ENRICHED:RESOLVED,True,RESOLVED,1,1,SINGLE_CANDIDATE,0,0,개포골한식,False,,#,36003999,DOM_DATA_NLOG,1,PASS,개포골한식,서울 강남구 삼성로 38,,CONTAINED,PARTIAL,,,1642,1
KOMSCO_DIRECT_NAVER_FALLBACK,UNMATCHED,4744,러빙헛랜드,강남구 러빙헛랜드,gangnam,NOT_FOUND,False,SKIPPED_NO_NAVER_MATCH,False,NOT_FOUND,0,0,DETERMINISTIC,,,,False,,,,,,NOT_ATTEMPTED,,,,UNKNOWN,UNKNOWN,NO_CONFIDENT_CANDIDATE,NO_CONFIDENT_CANDIDATE,5780,0
KOMSCO_DIRECT_NAVER_FALLBACK,MATCHED,4769,주박사닭갈비,개포동역 주박사닭갈비,station,AMBIGUOUS,True,NO_USABLE_CANDIDATE,False,AMBIGUOUS,1,1,SINGLE_CANDIDATE,0,0,주박사 닭갈비,False,,https://pcmap.place.naver.com/restaurant/1386806494/home,1386806494,DOM_DATA_NLOG,,FAIL,주박사 닭갈비,서울 강남구 개포로 508 2층 204호,,EXACT,DIFFERENT,TOP_K_DETAIL_VALIDATION_FAILED,TOP_K_DETAIL_VALIDATION_FAILED,906,1
KOMSCO_DIRECT_NAVER_FALLBACK,MATCHED,4783,제주꿀꿀이족발,개포동역 제주꿀꿀이족발,naver_local_fallback,NOT_FOUND,True,ENRICHED:NOT_FOUND,False,NOT_FOUND,1,1,SINGLE_CANDIDATE,0,0,,False,,,,,,NOT_ATTEMPTED,,,,UNKNOWN,UNKNOWN,PLACE_ID_NOT_IN_CANDIDATE_DOM,PLACE_ID_NOT_IN_CANDIDATE_DOM,5834,0
KOMSCO_DIRECT_NAVER_FALLBACK,MATCHED,4834,소담,대모산입구역 소담,station,AMBIGUOUS,True,NO_USABLE_CANDIDATE,False,AMBIGUOUS,6,5,QWEN,"0,1,2",0,연세소담정신건강의학과의원정신건강의학과,True,LOW,https://pcmap.place.naver.com/restaurant/1654377259/home,1654377259,DOM_DATA_NLOG,,FAIL,연세소담정신건강의학과의원정신건강의학과,수인분당선 개포동역 5번출구 우리은행 건물 5층 (남서울중앙교회 바로 옆건물) 주차정보 건물 내 지하 1층 주차장/ 50m 내 공용 주차장,,CONTAINED,DIFFERENT,TOP_K_DETAIL_VALIDATION_FAILED,TOP_K_DETAIL_VALIDATION_FAILED,3204,3
KOMSCO_DIRECT_NAVER_FALLBACK,MATCHED,4864,그고깃집,개포동 그고깃집,dong,AMBIGUOUS,True,NO_USABLE_CANDIDATE,False,AMBIGUOUS,2,2,QWEN,"0,1",0,"그때그집족발,보쌈",True,LOW,https://pcmap.place.naver.com/restaurant/32259828/home,32259828,DOM_DATA_NLOG,,FAIL,"그때그집족발,보쌈",서울 강남구 삼성로82길 5,,DIFFERENT,DIFFERENT,TOP_K_DETAIL_VALIDATION_FAILED,TOP_K_DETAIL_VALIDATION_FAILED,4946,2
KOMSCO_DIRECT_NAVER_FALLBACK,MATCHED,4897,블루버드카페,매봉역 블루버드카페,naver_local_fallback,AMBIGUOUS,True,ENRICHED:RESOLVED,True,RESOLVED,1,1,SINGLE_CANDIDATE,0,0,"블루버드카페카페,디저트",False,,#,195013348,DOM_DATA_NLOG,1,PASS,"블루버드카페카페,디저트",서울 강남구 개포로22길 22 1층,블루버드카페,CONTAINED,PARTIAL,,,3221,1
KOMSCO_DIRECT_NAVER_FALLBACK,MATCHED,4955,원 베이커리,매봉역 원 베이커리,station,AMBIGUOUS,True,NO_USABLE_CANDIDATE,False,AMBIGUOUS,1,1,SINGLE_CANDIDATE,0,0,원베이커리 개포점베이커리,False,,https://pcmap.place.naver.com/restaurant/1698895425/home,1698895425,DOM_DATA_NLOG,,FAIL,원베이커리 개포점베이커리,서울 강남구 개포로 225,,CONTAINED,DIFFERENT,TOP_K_DETAIL_VALIDATION_FAILED,TOP_K_DETAIL_VALIDATION_FAILED,938,1
KOMSCO_DIRECT_NAVER_FALLBACK,MATCHED,4991,채선당 개포점,개포동역 채선당 개포점,naver_local_fallback,AMBIGUOUS,True,ENRICHED:RESOLVED,True,RESOLVED,1,1,SINGLE_CANDIDATE,0,0,채선당 개포점샤브샤브,False,,#,19452520,DOM_DATA_NLOG,1,PASS,채선당 개포점샤브샤브,서울 강남구 개포로82길 7,,CONTAINED,PARTIAL,,,1962,1
KOMSCO_DIRECT_NAVER_FALLBACK,MATCHED,5029,모리,대청역 모리,naver_local_fallback,AMBIGUOUS,True,ENRICHED:RESOLVED,True,RESOLVED,1,1,SINGLE_CANDIDATE,0,0,모리일식당,False,,#,342041480,DOM_DATA_NLOG,1,PASS,모리일식당,서울 강남구 개포로 623 대청타워 지하1층108~109호,,CONTAINED,PARTIAL,,,1587,1
KOMSCO_DIRECT_NAVER_FALLBACK,UNMATCHED,5089,옛날김치돼지찌개,개포동 옛날김치돼지찌개,dong,AMBIGUOUS,False,SKIPPED_NO_NAVER_MATCH,False,AMBIGUOUS,1,1,SINGLE_CANDIDATE,0,0,"옛날돼지김치찌개찌개,전골",False,,https://pcmap.place.naver.com/restaurant/32699584/home,32699584,DOM_DATA_NLOG,,FAIL,"옛날돼지김치찌개찌개,전골",서울 강남구 선릉로 519,,DIFFERENT,DIFFERENT,TOP_K_DETAIL_VALIDATION_FAILED,TOP_K_DETAIL_VALIDATION_FAILED,3403,1
KOMSCO_DIRECT_NAVER_FALLBACK,UNMATCHED,5090,마포소금구이,개포동역 마포소금구이,station,AMBIGUOUS,False,SKIPPED_NO_NAVER_MATCH,False,AMBIGUOUS,2,2,QWEN,"0,1",0,"참숯마포생소금구이육류,고기요리",True,LOW,https://pcmap.place.naver.com/restaurant/1750969403/home,1750969403,DOM_DATA_NLOG,,FAIL,"참숯마포생소금구이육류,고기요리",서울 강남구 개포로82길 7 삼성빌딩 101호,,DIFFERENT,DIFFERENT,TOP_K_DETAIL_VALIDATION_FAILED,TOP_K_DETAIL_VALIDATION_FAILED,2282,1
KOMSCO_DIRECT_NAVER_FALLBACK,MATCHED,5097,댄트픽스,매봉역 댄트픽스,station,AMBIGUOUS,True,NO_RESULT,False,AMBIGUOUS,1,1,SINGLE_CANDIDATE,0,0,"덴트픽스외형복원,덴트,도색",False,,https://pcmap.place.naver.com/restaurant/20590370/home,20590370,DOM_DATA_NLOG,,FAIL,"덴트픽스외형복원,덴트,도색",서울 강남구 논현로4길 20 1층 덴트픽스,카페,DIFFERENT,DIFFERENT,TOP_K_DETAIL_VALIDATION_FAILED,TOP_K_DETAIL_VALIDATION_FAILED,1008,1
KOMSCO_DIRECT_NAVER_FALLBACK,MATCHED,5120,소풍가는날 두번째이야기,매봉역 소풍가는날 두번째이야기,station,AMBIGUOUS,True,NO_USABLE_CANDIDATE,False,AMBIGUOUS,1,1,SINGLE_CANDIDATE,0,0,소풍가는날두번째이야기종합분식,False,,https://pcmap.place.naver.com/restaurant/37437787/home,37437787,DOM_DATA_NLOG,,FAIL,소풍가는날두번째이야기종합분식,서울 강남구 개포로25길 7,,CONTAINED,DIFFERENT,TOP_K_DETAIL_VALIDATION_FAILED,TOP_K_DETAIL_VALIDATION_FAILED,815,1
KOMSCO_DIRECT_NAVER_FALLBACK,UNMATCHED,5179,손짜장,매봉역 손짜장,station,AMBIGUOUS,False,SKIPPED_NO_NAVER_MATCH,False,AMBIGUOUS,2,2,QWEN,"0,1",0,그옛날손짜장중식당,True,LOW,https://pcmap.place.naver.com/restaurant/13137512/home,13137512,DOM_DATA_NLOG,,FAIL,그옛날손짜장중식당,서울 강남구 역삼로19길 5 2층,,CONTAINED,DIFFERENT,TOP_K_DETAIL_VALIDATION_FAILED,TOP_K_DETAIL_VALIDATION_FAILED,2608,2
KOMSCO_DIRECT_NAVER_FALLBACK,UNMATCHED,5194,꽈알라 보틀숍,개포동 꽈알라 보틀숍,dong,RESOLVED,False,NOT_REQUIRED,False,RESOLVED,1,1,SINGLE_CANDIDATE,0,0,꽈알라 보틀숍,False,,#,1289412761,DOM_DATA_NLOG,1,PASS,꽈알라 보틀숍,서울 강남구 개포로 264 상가 2동 103호,<차량 이용 시> 개포래미안포레스트 아파트 P2 지하 주차장 입차 * 지하2층 내려와서 좌회전->우회전 -> 지하1층(상가 주차장) 이용 <대중교통 이용 시> 약 10분 소요 매봉역 4번 출구 -> 02번 버스('...,EXACT,PARTIAL,,,3376,1
KOMSCO_DIRECT_NAVER_FALLBACK,MATCHED,5210,리애,구룡역 리애,naver_local_fallback,AMBIGUOUS,True,ENRICHED:NOT_FOUND,False,NOT_FOUND,0,0,DETERMINISTIC,,,,False,,,,,,NOT_ATTEMPTED,,,,UNKNOWN,UNKNOWN,NO_CONFIDENT_CANDIDATE,NO_CONFIDENT_CANDIDATE,3798,0
KOMSCO_DIRECT_NAVER_FALLBACK,AMBIGUOUS,5248,바지락칼국수,매봉역 바지락칼국수,station,AMBIGUOUS,False,SKIPPED_NO_NAVER_MATCH,False,AMBIGUOUS,9,5,QWEN,"4,2,0",4,"명가바지락칼국수칼국수,만두",True,LOW,https://pcmap.place.naver.com/restaurant/1479732566/home,1479732566,DOM_DATA_NLOG,,FAIL,"명가바지락칼국수칼국수,만두",서울 강남구 개포로 232,,CONTAINED,DIFFERENT,TOP_K_DETAIL_VALIDATION_FAILED,TOP_K_DETAIL_VALIDATION_FAILED,4181,3
KOMSCO_DIRECT_NAVER_FALLBACK,UNMATCHED,5249,노숙자아구샤브샤브,강남구 노숙자아구샤브샤브,gangnam,NOT_FOUND,False,SKIPPED_NO_NAVER_MATCH,False,NOT_FOUND,0,0,DETERMINISTIC,,,,False,,,,,,NOT_ATTEMPTED,,,,UNKNOWN,UNKNOWN,NO_CONFIDENT_CANDIDATE,NO_CONFIDENT_CANDIDATE,5509,0
KOMSCO_DIRECT_NAVER_FALLBACK,MATCHED,5250,서울회관,매봉역 서울회관,naver_local_fallback,AMBIGUOUS,True,ENRICHED:RESOLVED,True,RESOLVED,9,5,QWEN,"0,1,2",0,서울회관한식,True,LOW,#,1047017858,DOM_DATA_NLOG,1,PASS,서울회관한식,서울 강남구 개포로20길 7,,CONTAINED,PARTIAL,,,5360,1
KOMSCO_DIRECT_NAVER_FALLBACK,MATCHED,5287,봉화면옥 개포본점,매봉역 봉화면옥 개포본점,naver_local_fallback,AMBIGUOUS,True,ENRICHED:RESOLVED,True,RESOLVED,1,1,SINGLE_CANDIDATE,0,0,봉화면옥 개포본점냉면,False,,#,38290219,DOM_DATA_NLOG,1,PASS,봉화면옥 개포본점냉면,서울 강남구 논현로 44 우신빌딩,,CONTAINED,PARTIAL,,,1771,1
KOMSCO_DIRECT_NAVER_FALLBACK,MATCHED,5290,파파존스 개포점,매봉역 파파존스 개포점,station,RESOLVED,False,NOT_REQUIRED,False,RESOLVED,1,1,SINGLE_CANDIDATE,0,0,파파존스 개포점,False,,#,13172797,DOM_DATA_NLOG,1,PASS,파파존스 개포점,서울 강남구 논현로 68,,EXACT,PARTIAL,,,848,1
KOMSCO_DIRECT_NAVER_FALLBACK,UNMATCHED,5336,토브,매봉역 토브,station,AMBIGUOUS,False,SKIPPED_NO_NAVER_MATCH,False,AMBIGUOUS,3,3,QWEN,"0,1,2",0,플레이토브소프트웨어개발,True,LOW,https://pcmap.place.naver.com/restaurant/2083835599/home,2083835599,DOM_DATA_NLOG,,FAIL,플레이토브소프트웨어개발,서울 강남구 논현로79길 48-1 2층 1091호,,CONTAINED,DIFFERENT,TOP_K_DETAIL_VALIDATION_FAILED,TOP_K_DETAIL_VALIDATION_FAILED,2542,1
KOMSCO_DIRECT_NAVER_FALLBACK,UNMATCHED,5367,백년교동짬뽕,개포동 백년교동짬뽕,dong,AMBIGUOUS,False,SKIPPED_NO_NAVER_MATCH,False,AMBIGUOUS,1,1,SINGLE_CANDIDATE,0,0,백년교동짬뽕 백년함바그 개포직영점중식당,False,,https://pcmap.place.naver.com/restaurant/2090460673/home,2090460673,DOM_DATA_NLOG,,FAIL,백년교동짬뽕 백년함바그 개포직영점중식당,서울 강남구 개포로20길 16 지상1층,,CONTAINED,DIFFERENT,TOP_K_DETAIL_VALIDATION_FAILED,TOP_K_DETAIL_VALIDATION_FAILED,3788,1
KOMSCO_DIRECT_NAVER_FALLBACK,UNMATCHED,5385,봉화장,개포동 봉화장,dong,AMBIGUOUS,False,SKIPPED_NO_NAVER_MATCH,False,AMBIGUOUS,1,1,SINGLE_CANDIDATE,0,0,봉화장중식당,False,,https://pcmap.place.naver.com/restaurant/1748319080/home,1748319080,DOM_DATA_NLOG,,FAIL,봉화장중식당,서울 강남구 선릉로10길 4-6 2층,중식당,CONTAINED,DIFFERENT,TOP_K_DETAIL_VALIDATION_FAILED,TOP_K_DETAIL_VALIDATION_FAILED,3456,1
KOMSCO_DIRECT_NAVER_FALLBACK,MATCHED,5425,장독묵은지,개포동역 장독묵은지,naver_local_fallback,AMBIGUOUS,True,ENRICHED:AMBIGUOUS,False,AMBIGUOUS,1,1,SINGLE_CANDIDATE,0,0,"장독묵은지육류,고기요리",False,,https://pcmap.place.naver.com/restaurant/18419672/home,18419672,DOM_DATA_NLOG,,FAIL,"장독묵은지육류,고기요리",,,CONTAINED,UNKNOWN,TOP_K_DETAIL_VALIDATION_FAILED,TOP_K_DETAIL_VALIDATION_FAILED,1573,1
KOMSCO_DIRECT_NAVER_FALLBACK,MATCHED,5476,스파게티스토리,개포동역 스파게티스토리,station,AMBIGUOUS,True,NO_RESULT,False,AMBIGUOUS,2,2,QWEN,"1,0",1,"스파게티스토리스파게티,파스타전문",True,LOW,https://pcmap.place.naver.com/restaurant/37615866/home,37615866,DOM_DATA_NLOG,,FAIL,"스파게티스토리스파게티,파스타전문",서울 강남구 개포로 512,,CONTAINED,DIFFERENT,TOP_K_DETAIL_VALIDATION_FAILED,TOP_K_DETAIL_VALIDATION_FAILED,2712,2
KOMSCO_DIRECT_NAVER_FALLBACK,UNMATCHED,5517,개포동 손칼국수,개포동역 개포동 손칼국수,station,AMBIGUOUS,False,SKIPPED_NO_NAVER_MATCH,False,AMBIGUOUS,3,3,QWEN,"0,1,2",0,"백남옥달인손만두 대모산역점칼국수,만두",True,LOW,https://pcmap.place.naver.com/restaurant/2066933841/home,2066933841,DOM_DATA_NLOG,,FAIL,"백남옥달인손만두 대모산역점칼국수,만두",서울 강남구 영동대로 22,,DIFFERENT,DIFFERENT,TOP_K_DETAIL_VALIDATION_FAILED,TOP_K_DETAIL_VALIDATION_FAILED,3433,3
KOMSCO_DIRECT_NAVER_FALLBACK,MATCHED,5537,치킨이맛있는집,매봉역 치킨이맛있는집,station,RESOLVED,False,NOT_REQUIRED,False,RESOLVED,1,1,SINGLE_CANDIDATE,0,0,"치킨이맛있는집 개포본점치킨,닭강정",False,,#,37426478,DOM_DATA_NLOG,1,PASS,"치킨이맛있는집 개포본점치킨,닭강정","서울 강남구 논현로16길 14-3 1층 101,102호",,CONTAINED,PARTIAL,,,1049,1
KOMSCO_DIRECT_NAVER_FALLBACK,MATCHED,5550,맘스터치 포이사거리점,매봉역 맘스터치 포이사거리점,naver_local_fallback,AMBIGUOUS,True,ENRICHED:RESOLVED,True,RESOLVED,1,1,SINGLE_CANDIDATE,0,0,맘스터치 포이사거리점맘스터치,False,,#,1242694135,DOM_DATA_NLOG,1,PASS,맘스터치 포이사거리점맘스터치,서울 강남구 논현로 78,,CONTAINED,PARTIAL,,,1654,1
KOMSCO_DIRECT_NAVER_FALLBACK,MATCHED,5608,이디야커피 대청역점,대청역 이디야커피 대청역점,naver_local_fallback,AMBIGUOUS,True,ENRICHED:RESOLVED,True,RESOLVED,1,1,SINGLE_CANDIDATE,0,0,이디야커피 대청역점,False,,#,37827936,DOM_DATA_NLOG,1,PASS,이디야커피 대청역점,서울 강남구 개포로109길 34,,EXACT,PARTIAL,,,1991,1
KOMSCO_DIRECT_NAVER_FALLBACK,AMBIGUOUS,5615,만리,대청역 만리,station,RESOLVED,False,NOT_REQUIRED,False,RESOLVED,1,1,SINGLE_CANDIDATE,0,0,만리중식당,False,,#,35272546,DOM_DATA_NLOG,1,PASS,만리중식당,서울 강남구 개포로109길 9 대치2단지상가 지하 101호,,CONTAINED,PARTIAL,,,888,1
KOMSCO_DIRECT_NAVER_FALLBACK,UNMATCHED,5691,고깃집심서방본점,강남구 고깃집심서방본점,gangnam,NOT_FOUND,False,SKIPPED_NO_NAVER_MATCH,False,NOT_FOUND,0,0,DETERMINISTIC,,,,False,,,,,,NOT_ATTEMPTED,,,,UNKNOWN,UNKNOWN,NO_CONFIDENT_CANDIDATE,NO_CONFIDENT_CANDIDATE,6112,0
KOMSCO_DIRECT_NAVER_FALLBACK,MATCHED,5701,잭슨피자 개포점,구룡역 잭슨피자 개포점,naver_local_fallback,AMBIGUOUS,True,ENRICHED:NOT_FOUND,False,NOT_FOUND,0,0,DETERMINISTIC,,,,False,,,,,,NOT_ATTEMPTED,,,,UNKNOWN,UNKNOWN,NO_CONFIDENT_CANDIDATE,NO_CONFIDENT_CANDIDATE,4117,0
KOMSCO_DIRECT_NAVER_FALLBACK,MATCHED,5742,파리바게트개포점,개포동역 파리바게트개포점,station,AMBIGUOUS,True,NO_USABLE_CANDIDATE,False,AMBIGUOUS,1,1,SINGLE_CANDIDATE,0,0,파리바게뜨 개포점,False,,https://pcmap.place.naver.com/restaurant/11684198/home,11684198,DOM_DATA_NLOG,,FAIL,파리바게뜨 개포점,서울 강남구 개포로82길 13-9 세종빌딩,,DIFFERENT,PARTIAL,TOP_K_DETAIL_VALIDATION_FAILED,TOP_K_DETAIL_VALIDATION_FAILED,1433,1
KOMSCO_DIRECT_NAVER_FALLBACK,UNMATCHED,5769,60계개포점,개포동역 60계개포점,station,AMBIGUOUS,False,SKIPPED_NO_NAVER_MATCH,False,AMBIGUOUS,2,2,QWEN,"1,0",1,"60계치킨&맥주 서울잠실점치킨,닭강정",True,LOW,https://pcmap.place.naver.com/restaurant/1152142727/home,1152142727,DOM_DATA_NLOG,,FAIL,"60계치킨&맥주 서울잠실점치킨,닭강정",서울 송파구 백제고분로9길 36 1층,,DIFFERENT,DIFFERENT,TOP_K_DETAIL_VALIDATION_FAILED,TOP_K_DETAIL_VALIDATION_FAILED,2831,2
KOMSCO_DIRECT_NAVER_FALLBACK,MATCHED,5821,민박사봉평메밀촌,대모산입구역 민박사봉평메밀촌,station,AMBIGUOUS,True,NO_USABLE_CANDIDATE,False,AMBIGUOUS,1,1,SINGLE_CANDIDATE,0,0,민박사봉평메밀촌한식,False,,https://pcmap.place.naver.com/restaurant/31793927/home,31793927,DOM_DATA_NLOG,,FAIL,민박사봉평메밀촌한식,서울 강남구 개포로 615 석탑프라자 B1 108호,,CONTAINED,DIFFERENT,TOP_K_DETAIL_VALIDATION_FAILED,TOP_K_DETAIL_VALIDATION_FAILED,840,1
KOMSCO_DIRECT_NAVER_FALLBACK,MATCHED,5829,투다리 개포점,개포동역 투다리 개포점,naver_local_fallback,AMBIGUOUS,True,ENRICHED:RESOLVED,True,RESOLVED,1,1,SINGLE_CANDIDATE,0,0,"투다리 개포점오뎅,꼬치",False,,#,11762167,DOM_DATA_NLOG,1,PASS,"투다리 개포점오뎅,꼬치",서울 강남구 개포로82길 7,,CONTAINED,PARTIAL,,,3735,1
KOMSCO_DIRECT_NAVER_FALLBACK,MATCHED,5837,BBQ치킨 개포점,매봉역 BBQ치킨 개포점,station,AMBIGUOUS,True,NO_USABLE_CANDIDATE,False,AMBIGUOUS,1,1,SINGLE_CANDIDATE,0,0,BBQ치킨 개포점,False,,https://pcmap.place.naver.com/restaurant/1292561799/home,1292561799,DOM_DATA_NLOG,,FAIL,BBQ치킨 개포점,서울 강남구 개포로 250 1층,,EXACT,DIFFERENT,TOP_K_DETAIL_VALIDATION_FAILED,TOP_K_DETAIL_VALIDATION_FAILED,1016,1
KOMSCO_DIRECT_NAVER_FALLBACK,MATCHED,5869,베지그린,매봉역 베지그린,station,AMBIGUOUS,True,NO_RESULT,False,AMBIGUOUS,1,1,SINGLE_CANDIDATE,0,0,"베지그린채식,샐러드뷔페",False,,https://pcmap.place.naver.com/restaurant/94880009/home,94880009,DOM_DATA_NLOG,,FAIL,"베지그린채식,샐러드뷔페",서울 강남구 개포로20길 24-10 광민빌딩 1층,,CONTAINED,DIFFERENT,TOP_K_DETAIL_VALIDATION_FAILED,TOP_K_DETAIL_VALIDATION_FAILED,994,1
KOMSCO_DIRECT_NAVER_FALLBACK,MATCHED,5946,신석기부대찌개,매봉역 신석기부대찌개,naver_local_fallback,NOT_FOUND,True,ENRICHED:NOT_FOUND,False,NOT_FOUND,1,1,SINGLE_CANDIDATE,0,0,,False,,,,,,NOT_ATTEMPTED,,,,UNKNOWN,UNKNOWN,PLACE_ID_NOT_IN_CANDIDATE_DOM,PLACE_ID_NOT_IN_CANDIDATE_DOM,5980,0
KOMSCO_DIRECT_NAVER_FALLBACK,MATCHED,5975,숙아채콩나물국밥,매봉역 숙아채콩나물국밥,station,RESOLVED,False,NOT_REQUIRED,False,RESOLVED,1,1,SINGLE_CANDIDATE,0,0,숙아채콩나물국밥국밥,False,,#,13101198,DOM_DATA_NLOG,1,PASS,숙아채콩나물국밥국밥,서울 강남구 개포로20길 17,,CONTAINED,PARTIAL,,,965,1
KOMSCO_DIRECT_NAVER_FALLBACK,MATCHED,6031,비어씨티,개포동 비어씨티,dong,RESOLVED,False,NOT_REQUIRED,False,RESOLVED,1,1,SINGLE_CANDIDATE,0,0,"비어씨티맥주,호프",False,,#,1179814231,DOM_DATA_NLOG,1,PASS,"비어씨티맥주,호프",서울 강남구 선릉로10길 4-6,,CONTAINED,PARTIAL,,,3344,1
KOMSCO_DIRECT_NAVER_FALLBACK,MATCHED,6032,콩뿌리전주콩나물국밥,매봉역 콩뿌리전주콩나물국밥,station,AMBIGUOUS,True,NO_USABLE_CANDIDATE,False,AMBIGUOUS,3,3,QWEN,"0,2,1",0,전주콩뿌리콩나물국밥 도곡점국밥,True,HIGH,https://pcmap.place.naver.com/restaurant/21559094/home,21559094,DOM_DATA_NLOG,,FAIL,전주콩뿌리콩나물국밥 도곡점국밥,서울 강남구 논현로28길 41,,DIFFERENT,DIFFERENT,TOP_K_DETAIL_VALIDATION_FAILED,TOP_K_DETAIL_VALIDATION_FAILED,3150,3
KOMSCO_DIRECT_NAVER_FALLBACK,MATCHED,6054,포이제면소,매봉역 포이제면소,naver_local_fallback,AMBIGUOUS,True,ENRICHED:RESOLVED,True,RESOLVED,1,1,SINGLE_CANDIDATE,0,0,"포이제면소우동,소바",False,,#,1662253151,DOM_DATA_NLOG,1,PASS,"포이제면소우동,소바",서울 강남구 개포로30길 6 1층,,CONTAINED,PARTIAL,,,1696,1
KOMSCO_DIRECT_NAVER_FALLBACK,AMBIGUOUS,6055,유정,개포동 유정,dong,AMBIGUOUS,False,SKIPPED_NO_NAVER_MATCH,False,AMBIGUOUS,9,5,QWEN,"0,4,2",0,유정삼겹한식,True,HIGH,https://pcmap.place.naver.com/restaurant/20070652/home,20070652,DOM_DATA_NLOG,,FAIL,유정삼겹한식,서울 강남구 테헤란로 418 다봉빌딩,,CONTAINED,DIFFERENT,TOP_K_DETAIL_VALIDATION_FAILED,TOP_K_DETAIL_VALIDATION_FAILED,7412,2
KOMSCO_DIRECT_NAVER_FALLBACK,MATCHED,6063,서희네,매봉역 서희네,naver_local_fallback,AMBIGUOUS,True,ENRICHED:RESOLVED,True,RESOLVED,1,1,SINGLE_CANDIDATE,0,0,"서희네백반,가정식",False,,#,1849117994,DOM_DATA_NLOG,1,PASS,"서희네백반,가정식",서울 강남구 개포로22길 41,,CONTAINED,PARTIAL,,,1634,1
KOMSCO_DIRECT_NAVER_FALLBACK,MATCHED,6074,정가네부엌,매봉역 정가네부엌,station,RESOLVED,False,NOT_REQUIRED,False,RESOLVED,1,1,SINGLE_CANDIDATE,0,0,정가네부엌한식,False,,#,1562045377,DOM_DATA_NLOG,1,PASS,정가네부엌한식,서울 강남구 개포로15길 5 1 층 101,,CONTAINED,PARTIAL,,,878,1
KOMSCO_DIRECT_NAVER_FALLBACK,UNMATCHED,6079,다복 콩비지,강남구 다복 콩비지,gangnam,NOT_FOUND,False,SKIPPED_NO_NAVER_MATCH,False,NOT_FOUND,0,0,DETERMINISTIC,,,,False,,,,,,NOT_ATTEMPTED,,,,UNKNOWN,UNKNOWN,NO_CONFIDENT_CANDIDATE,NO_CONFIDENT_CANDIDATE,5645,0
KOMSCO_DIRECT_NAVER_FALLBACK,MATCHED,6081,신전떡볶이개포점,개포동역 신전떡볶이개포점,station,AMBIGUOUS,True,NO_USABLE_CANDIDATE,False,AMBIGUOUS,1,1,SINGLE_CANDIDATE,0,0,신전떡볶이 개포점분식,False,,https://pcmap.place.naver.com/restaurant/1946598459/home,1946598459,DOM_DATA_NLOG,,FAIL,신전떡볶이 개포점분식,"서울 강남구 개포로 508 101호, 102호",,CONTAINED,DIFFERENT,TOP_K_DETAIL_VALIDATION_FAILED,TOP_K_DETAIL_VALIDATION_FAILED,1171,1
KOMSCO_DIRECT_NAVER_FALLBACK,MATCHED,6086,최가남도마당,대청역 최가남도마당,naver_local_fallback,AMBIGUOUS,True,ENRICHED:AMBIGUOUS,False,AMBIGUOUS,1,1,SINGLE_CANDIDATE,0,0,최가남도마당한식,False,,https://pcmap.place.naver.com/restaurant/1346637793/home,1346637793,DOM_DATA_NLOG,,FAIL,최가남도마당한식,대청역 8번출구 (서울주택도시공사) 방향 지하상가로 진입하시면 오른쪽에 남도마당이 있습니다:-),,CONTAINED,DIFFERENT,TOP_K_DETAIL_VALIDATION_FAILED,TOP_K_DETAIL_VALIDATION_FAILED,1902,1
KOMSCO_DIRECT_NAVER_FALLBACK,UNMATCHED,6112,개포마을,개포동 개포마을,dong,AMBIGUOUS,False,SKIPPED_NO_NAVER_MATCH,False,AMBIGUOUS,9,5,QWEN,"4,2,1",4,초록마을 개포점,True,LOW,https://pcmap.place.naver.com/restaurant/18417086/home,18417086,DOM_DATA_NLOG,,FAIL,초록마을 개포점,개포역 6번출구 국민은행-남서울중앙교회 사이로 150m직진,,DIFFERENT,DIFFERENT,TOP_K_DETAIL_VALIDATION_FAILED,TOP_K_DETAIL_VALIDATION_FAILED,5899,2
KOMSCO_DIRECT_NAVER_FALLBACK,MATCHED,6121,서연옥,매봉역 서연옥,station,RESOLVED,False,NOT_REQUIRED,False,RESOLVED,1,1,SINGLE_CANDIDATE,0,0,서연옥 순대국 감자탕한식,False,,#,35278367,DOM_DATA_NLOG,1,PASS,서연옥 순대국 감자탕한식,서울 강남구 개포로22길 10,,CONTAINED,PARTIAL,,,1087,1
KOMSCO_DIRECT_NAVER_FALLBACK,MATCHED,6152,형제곱창 포이점,매봉역 형제곱창 포이점,naver_local_fallback,AMBIGUOUS,True,ENRICHED:RESOLVED,True,RESOLVED,1,1,SINGLE_CANDIDATE,0,0,"형제곱창 포이점곱창,막창,양",False,,#,36947809,DOM_DATA_NLOG,1,PASS,"형제곱창 포이점곱창,막창,양",서울 강남구 논현로20길 24,,CONTAINED,PARTIAL,,,3650,1
KOMSCO_DIRECT_NAVER_FALLBACK,MATCHED,6164,라피드커피,대청역 라피드커피,station,AMBIGUOUS,True,NO_USABLE_CANDIDATE,False,AMBIGUOUS,1,1,SINGLE_CANDIDATE,0,0,라피드커피,False,,https://pcmap.place.naver.com/restaurant/1525153902/home,1525153902,DOM_DATA_NLOG,,FAIL,라피드커피,서울 강남구 개포로 623 대청타워 지하1층 라피드커피,,EXACT,DIFFERENT,TOP_K_DETAIL_VALIDATION_FAILED,TOP_K_DETAIL_VALIDATION_FAILED,1076,1
KOMSCO_DIRECT_NAVER_FALLBACK,AMBIGUOUS,6195,하우츠,매봉역 하우츠,station,AMBIGUOUS,False,SKIPPED_NO_NAVER_MATCH,False,AMBIGUOUS,2,2,QWEN,"0,1",0,하우츠중식당,True,LOW,https://pcmap.place.naver.com/restaurant/18801722/home,18801722,DOM_DATA_NLOG,,FAIL,하우츠중식당,서울 강남구 개포로20길 6 1층,,CONTAINED,DIFFERENT,TOP_K_DETAIL_VALIDATION_FAILED,TOP_K_DETAIL_VALIDATION_FAILED,2257,1
KOMSCO_DIRECT_NAVER_FALLBACK,MATCHED,6247,원조식당,개포동역 원조식당,naver_local_fallback,AMBIGUOUS,True,ENRICHED:RESOLVED,True,RESOLVED,3,3,QWEN,"0,1,2",0,원조식당한식,True,LOW,#,1439599983,DOM_DATA_NLOG,1,PASS,원조식당한식,서울 강남구 개포로82길 7,원조식당,CONTAINED,PARTIAL,,,5765,1
KOMSCO_DIRECT_NAVER_FALLBACK,MATCHED,6272,연스시,개포동역 연스시,station,AMBIGUOUS,True,NO_USABLE_CANDIDATE,False,AMBIGUOUS,1,1,SINGLE_CANDIDATE,0,0,"연스시초밥,롤",False,,https://pcmap.place.naver.com/restaurant/1845971091/home,1845971091,DOM_DATA_NLOG,,FAIL,"연스시초밥,롤",서울 강남구 개포로 512,,CONTAINED,DIFFERENT,TOP_K_DETAIL_VALIDATION_FAILED,TOP_K_DETAIL_VALIDATION_FAILED,871,1
KOMSCO_DIRECT_NAVER_FALLBACK,MATCHED,6276,진가네,매봉역 진가네,naver_local_fallback,AMBIGUOUS,True,ENRICHED:RESOLVED,True,RESOLVED,1,1,SINGLE_CANDIDATE,0,0,"진가네족발,보쌈",False,,#,1965904313,DOM_DATA_NLOG,1,PASS,"진가네족발,보쌈",서울 강남구 논현로16길 17 1층 104호,,CONTAINED,PARTIAL,,,1846,1
KOMSCO_DIRECT_NAVER_FALLBACK,MATCHED,6277,파리바게트 개포행복점,개포동 파리바게트 개포행복점,dong,AMBIGUOUS,True,NO_USABLE_CANDIDATE,False,AMBIGUOUS,1,1,SINGLE_CANDIDATE,0,0,파리바게뜨 개포행복점,False,,https://pcmap.place.naver.com/restaurant/18800388/home,18800388,DOM_DATA_NLOG,,FAIL,파리바게뜨 개포행복점,서울 강남구 선릉로 50 경빌딩,,DIFFERENT,DIFFERENT,TOP_K_DETAIL_VALIDATION_FAILED,TOP_K_DETAIL_VALIDATION_FAILED,3529,1
KOMSCO_DIRECT_NAVER_FALLBACK,UNMATCHED,6330,밥이브라운,대모산입구역 밥이브라운,station,RESOLVED,False,NOT_REQUIRED,False,RESOLVED,1,1,SINGLE_CANDIDATE,0,0,밥이브라운,False,,#,1600408196,DOM_DATA_NLOG,1,PASS,밥이브라운,서울 강남구 개포로109길 5 B-21호,,EXACT,PARTIAL,,,1089,1
KOMSCO_DIRECT_NAVER_FALLBACK,MATCHED,6367,대가,매봉역 대가,station,RESOLVED,False,NOT_REQUIRED,False,RESOLVED,4,4,QWEN,"1,0,2",0,"대가삼겹살부대찌개육류,고기요리",True,LOW,#,37943647,DOM_DATA_NLOG,2,PASS,"대가삼겹살부대찌개육류,고기요리",서울 강남구 개포로20길 26,,CONTAINED,PARTIAL,,,2992,2
KOMSCO_DIRECT_NAVER_FALLBACK,MATCHED,6370,강남초장,개포동역 강남초장,naver_local_fallback,AMBIGUOUS,True,ENRICHED:RESOLVED,True,RESOLVED,1,1,SINGLE_CANDIDATE,0,0,강남초장생선회,False,,#,1277913587,DOM_DATA_NLOG,1,PASS,강남초장생선회,서울 강남구 개포로82길 5-8 1층 5~6호,,CONTAINED,PARTIAL,,,1472,1
KOMSCO_DIRECT_NAVER_FALLBACK,MATCHED,6395,제주왕솥뚜껑삼겹살,매봉역 제주왕솥뚜껑삼겹살,station,AMBIGUOUS,True,NO_USABLE_CANDIDATE,False,AMBIGUOUS,1,1,SINGLE_CANDIDATE,0,0,제주왕솥뚜껑삼겹살돼지고기구이,False,,https://pcmap.place.naver.com/restaurant/38276203/home,38276203,DOM_DATA_NLOG,,FAIL,제주왕솥뚜껑삼겹살돼지고기구이,서울 강남구 개포로20길 8,,CONTAINED,DIFFERENT,TOP_K_DETAIL_VALIDATION_FAILED,TOP_K_DETAIL_VALIDATION_FAILED,968,1
KOMSCO_DIRECT_NAVER_FALLBACK,MATCHED,6398,유연정,대청역 유연정,naver_local_fallback,NOT_FOUND,True,ENRICHED:NOT_FOUND,False,NOT_FOUND,1,1,SINGLE_CANDIDATE,0,0,,False,,,,,,NOT_ATTEMPTED,,,,UNKNOWN,UNKNOWN,PLACE_ID_NOT_IN_CANDIDATE_DOM,PLACE_ID_NOT_IN_CANDIDATE_DOM,5978,0
KOMSCO_DIRECT_NAVER_FALLBACK,MATCHED,6406,을지로만선호프,개포동역 을지로만선호프,naver_local_fallback,AMBIGUOUS,True,ENRICHED:RESOLVED,True,RESOLVED,1,1,SINGLE_CANDIDATE,0,0,을지로만선호프,False,,#,1678750949,DOM_DATA_NLOG,1,PASS,을지로만선호프,서울 강남구 개포로82길 5-8 1층 104호,,EXACT,PARTIAL,,,1802,1
KOMSCO_DIRECT_NAVER_FALLBACK,MATCHED,6437,강운식당,매봉역 강운식당,naver_local_fallback,NOT_FOUND,True,ENRICHED:NOT_FOUND,False,NOT_FOUND,1,1,SINGLE_CANDIDATE,0,0,,False,,,,,,NOT_ATTEMPTED,,,,UNKNOWN,UNKNOWN,PLACE_ID_NOT_IN_CANDIDATE_DOM,PLACE_ID_NOT_IN_CANDIDATE_DOM,5925,0
KOMSCO_DIRECT_NAVER_FALLBACK,UNMATCHED,6456,황금돼지,매봉역 황금돼지,station,AMBIGUOUS,False,SKIPPED_NO_NAVER_MATCH,False,AMBIGUOUS,2,2,QWEN,"1,0",1,신도세기 도곡직영점,True,LOW,https://pcmap.place.naver.com/restaurant/1175910485/home,1175910485,DOM_DATA_NLOG,,FAIL,신도세기 도곡직영점,서울 강남구 언주로30길 39 린스퀘어 B1층 신도세기 도곡직영점,,DIFFERENT,DIFFERENT,TOP_K_DETAIL_VALIDATION_FAILED,TOP_K_DETAIL_VALIDATION_FAILED,2748,2
KOMSCO_DIRECT_NAVER_FALLBACK,MATCHED,6467,이모네전,개포동역 이모네전,naver_local_fallback,AMBIGUOUS,True,ENRICHED:RESOLVED,True,RESOLVED,2,2,QWEN,"0,1",0,"이모네전전,빈대떡",True,LOW,#,1884878916,DOM_DATA_NLOG,1,PASS,"이모네전전,빈대떡",서울 강남구 개포로 508,,CONTAINED,PARTIAL,,,6223,1
KOMSCO_DIRECT_NAVER_FALLBACK,UNMATCHED,6471,SH공사후생시설운영위,강남구 SH공사후생시설운영위,gangnam,NOT_FOUND,False,SKIPPED_NO_NAVER_MATCH,False,NOT_FOUND,0,0,DETERMINISTIC,,,,False,,,,,,NOT_ATTEMPTED,,,,UNKNOWN,UNKNOWN,NO_CONFIDENT_CANDIDATE,NO_CONFIDENT_CANDIDATE,5475,0
KOMSCO_DIRECT_NAVER_FALLBACK,MATCHED,6500,바른치킨 개포점,구룡역 바른치킨 개포점,naver_local_fallback,AMBIGUOUS,True,ENRICHED:NOT_FOUND,False,NOT_FOUND,0,0,DETERMINISTIC,,,,False,,,,,,NOT_ATTEMPTED,,,,UNKNOWN,UNKNOWN,NO_CONFIDENT_CANDIDATE,NO_CONFIDENT_CANDIDATE,4018,0
KOMSCO_DIRECT_NAVER_FALLBACK,UNMATCHED,6543,메고지고 떡창고,매봉역 메고지고 떡창고,station,AMBIGUOUS,False,SKIPPED_NO_NAVER_MATCH,False,AMBIGUOUS,1,1,SINGLE_CANDIDATE,0,0,"메고지고 국악고점떡,한과",False,,https://pcmap.place.naver.com/restaurant/1314895791/home,1314895791,DOM_DATA_NLOG,,FAIL,"메고지고 국악고점떡,한과",서울 강남구 개포로22길 46 연우빌딩 1층 2호,,DIFFERENT,PARTIAL,TOP_K_DETAIL_VALIDATION_FAILED,TOP_K_DETAIL_VALIDATION_FAILED,1065,1
KOMSCO_DIRECT_NAVER_FALLBACK,MATCHED,6560,개포분식,구룡역 개포분식,naver_local_fallback,AMBIGUOUS,True,ENRICHED:NOT_FOUND,False,NOT_FOUND,0,0,DETERMINISTIC,,,,False,,,,,,NOT_ATTEMPTED,,,,UNKNOWN,UNKNOWN,NO_CONFIDENT_CANDIDATE,NO_CONFIDENT_CANDIDATE,6097,0
KOMSCO_DIRECT_NAVER_FALLBACK,MATCHED,6564,오징어광장,매봉역 오징어광장,station,AMBIGUOUS,True,NO_USABLE_CANDIDATE,False,AMBIGUOUS,1,1,SINGLE_CANDIDATE,0,0,오징어광장 개포점생선회,False,,https://pcmap.place.naver.com/restaurant/1449610990/home,1449610990,DOM_DATA_NLOG,,FAIL,오징어광장 개포점생선회,서울 강남구 개포로 220 풍전빌딩105호,,CONTAINED,DIFFERENT,TOP_K_DETAIL_VALIDATION_FAILED,TOP_K_DETAIL_VALIDATION_FAILED,1062,1
KOMSCO_DIRECT_NAVER_FALLBACK,UNMATCHED,6599,참대식당,강남구 참대식당,gangnam,NOT_FOUND,False,SKIPPED_NO_NAVER_MATCH,False,NOT_FOUND,0,0,DETERMINISTIC,,,,False,,,,,,NOT_ATTEMPTED,,,,UNKNOWN,UNKNOWN,NO_CONFIDENT_CANDIDATE,NO_CONFIDENT_CANDIDATE,5720,0
KOMSCO_DIRECT_NAVER_FALLBACK,MATCHED,6631,김밥여행,강남구 김밥여행,gangnam,NOT_FOUND,True,NO_USABLE_CANDIDATE,False,NOT_FOUND,1,1,SINGLE_CANDIDATE,0,0,,False,,,,,,NOT_ATTEMPTED,,,,UNKNOWN,UNKNOWN,PLACE_ID_NOT_IN_CANDIDATE_DOM,PLACE_ID_NOT_IN_CANDIDATE_DOM,5581,0
KOMSCO_DIRECT_NAVER_FALLBACK,MATCHED,6661,청송일식,대청역 청송일식,naver_local_fallback,AMBIGUOUS,True,ENRICHED:RESOLVED,True,RESOLVED,1,1,SINGLE_CANDIDATE,0,0,청송일식일식당,False,,#,19873548,DOM_DATA_NLOG,1,PASS,청송일식일식당,서울 강남구 개포로 621 SH공사 지하 1층,청송일식,CONTAINED,PARTIAL,,,1616,1
KOMSCO_DIRECT_NAVER_FALLBACK,UNMATCHED,6724,페리카나치킨,매봉역 페리카나치킨,station,AMBIGUOUS,False,SKIPPED_NO_NAVER_MATCH,False,AMBIGUOUS,3,3,QWEN,"1,0,2",1,"페리카나 대치동점치킨,닭강정",True,LOW,https://pcmap.place.naver.com/restaurant/18569691/home,18569691,DOM_DATA_NLOG,,FAIL,"페리카나 대치동점치킨,닭강정",서울 강남구 남부순환로 2917 108호,,DIFFERENT,DIFFERENT,TOP_K_DETAIL_VALIDATION_FAILED,TOP_K_DETAIL_VALIDATION_FAILED,3397,3
KOMSCO_DIRECT_NAVER_FALLBACK,MATCHED,6727,치마오,대청역 치마오,naver_local_fallback,AMBIGUOUS,True,ENRICHED:RESOLVED,True,RESOLVED,1,1,SINGLE_CANDIDATE,0,0,치마오일식당,False,,#,38521824,DOM_DATA_NLOG,1,PASS,치마오일식당,서울 강남구 개포로 623 대청타워 지하1층,,CONTAINED,PARTIAL,,,1612,1
KOMSCO_DIRECT_NAVER_FALLBACK,MATCHED,6738,수녹,개포동역 수녹,station,RESOLVED,False,NOT_REQUIRED,False,RESOLVED,1,1,SINGLE_CANDIDATE,0,0,키친수녹,False,,#,1165137215,DOM_DATA_NLOG,1,PASS,키친수녹,서울 강남구 삼성로 38 개포빌딩 102호,한식,CONTAINED,PARTIAL,,,830,1
KOMSCO_DIRECT_NAVER_FALLBACK,MATCHED,6741,라정찰보리빵,매봉역 라정찰보리빵,naver_local_fallback,AMBIGUOUS,True,ENRICHED:AMBIGUOUS,False,AMBIGUOUS,1,1,SINGLE_CANDIDATE,0,0,라정찰보리빵베이커리,False,,https://pcmap.place.naver.com/restaurant/20492314/home,20492314,DOM_DATA_NLOG,,FAIL,라정찰보리빵베이커리,개포동 가게: 서울 강남구 개포동 1227 번지 현대빌딩 101호.,,CONTAINED,DIFFERENT,TOP_K_DETAIL_VALIDATION_FAILED,TOP_K_DETAIL_VALIDATION_FAILED,1869,1
KOMSCO_DIRECT_NAVER_FALLBACK,MATCHED,6748,포나타이,대청역 포나타이,station,RESOLVED,False,NOT_REQUIRED,False,RESOLVED,1,1,SINGLE_CANDIDATE,0,0,포나타이태국음식,False,,#,21224639,DOM_DATA_NLOG,1,PASS,포나타이태국음식,서울 강남구 개포로 621 sh공사빌딩 B109,,CONTAINED,PARTIAL,,,976,1
KOMSCO_DIRECT_NAVER_FALLBACK,MATCHED,6751,생한우곱창,개포동 생한우곱창,dong,AMBIGUOUS,True,NO_USABLE_CANDIDATE,False,AMBIGUOUS,1,1,SINGLE_CANDIDATE,0,0,"생한우곱창곱창,막창,양",False,,https://pcmap.place.naver.com/restaurant/37663840/home,37663840,DOM_DATA_NLOG,,FAIL,"생한우곱창곱창,막창,양",서울 강남구 선릉로8길 5 101호,,CONTAINED,DIFFERENT,TOP_K_DETAIL_VALIDATION_FAILED,TOP_K_DETAIL_VALIDATION_FAILED,3472,1
KOMSCO_DIRECT_NAVER_FALLBACK,MATCHED,6767,부산어묵직판장,강남구 부산어묵직판장,gangnam,AMBIGUOUS,True,NO_RESULT,False,AMBIGUOUS,2,2,QWEN,"0,1",0,부산삼선어묵직판장 자양12호점종합분식,True,LOW,https://pcmap.place.naver.com/restaurant/1326584960/home,1326584960,DOM_DATA_NLOG,,FAIL,부산삼선어묵직판장 자양12호점종합분식,서울 광진구 자양로15길 51-1,,DIFFERENT,DIFFERENT,TOP_K_DETAIL_VALIDATION_FAILED,TOP_K_DETAIL_VALIDATION_FAILED,7280,1
KOMSCO_DIRECT_NAVER_FALLBACK,AMBIGUOUS,6797,피자마루 대청점,대청역 피자마루 대청점,station,AMBIGUOUS,False,SKIPPED_NO_NAVER_MATCH,False,AMBIGUOUS,1,1,SINGLE_CANDIDATE,0,0,피자마루 서울대청점,False,,https://pcmap.place.naver.com/restaurant/13395488/home,13395488,DOM_DATA_NLOG,,FAIL,피자마루 서울대청점,서울 강남구 개포로109길 21 대치종합상가 2층 204호,,DIFFERENT,PARTIAL,TOP_K_DETAIL_VALIDATION_FAILED,TOP_K_DETAIL_VALIDATION_FAILED,933,1
KOMSCO_DIRECT_NAVER_FALLBACK,MATCHED,6846,대청분식,대청역 대청분식,station,RESOLVED,False,NOT_REQUIRED,False,RESOLVED,2,2,QWEN,"0,1",0,대청분식종합분식,True,LOW,#,1266874196,DOM_DATA_NLOG,1,PASS,대청분식종합분식,서울 강남구 개포로 621 SH공사 지하1층 B102호,대청분식,CONTAINED,PARTIAL,,,2734,1
KOMSCO_DIRECT_NAVER_FALLBACK,UNMATCHED,6917,참치대가,강남구 참치대가,gangnam,NOT_FOUND,False,SKIPPED_NO_NAVER_MATCH,False,NOT_FOUND,0,0,DETERMINISTIC,,,,False,,,,,,NOT_ATTEMPTED,,,,UNKNOWN,UNKNOWN,NO_CONFIDENT_CANDIDATE,NO_CONFIDENT_CANDIDATE,5534,0
KOMSCO_DIRECT_NAVER_FALLBACK,MATCHED,6937,라이브죤,강남구 라이브죤,gangnam,NOT_FOUND,True,NO_USABLE_CANDIDATE,False,NOT_FOUND,1,1,SINGLE_CANDIDATE,0,0,,False,,,,,,NOT_ATTEMPTED,,,,UNKNOWN,UNKNOWN,PLACE_ID_NOT_IN_CANDIDATE_DOM,PLACE_ID_NOT_IN_CANDIDATE_DOM,5446,0
KOMSCO_DIRECT_NAVER_FALLBACK,MATCHED,6952,장군 주먹고기,개포동역 장군 주먹고기,station,AMBIGUOUS,True,NO_USABLE_CANDIDATE,False,AMBIGUOUS,1,1,SINGLE_CANDIDATE,0,0,장군주먹고기,False,,https://pcmap.place.naver.com/restaurant/1258223030/home,1258223030,DOM_DATA_NLOG,,FAIL,장군주먹고기,서울 강남구 개포로82길 9-15 2층,,EXACT,DIFFERENT,TOP_K_DETAIL_VALIDATION_FAILED,TOP_K_DETAIL_VALIDATION_FAILED,1050,1
KOMSCO_DIRECT_NAVER_FALLBACK,MATCHED,6970,노가리청춘,개포동역 노가리청춘,naver_local_fallback,AMBIGUOUS,True,ENRICHED:RESOLVED,True,RESOLVED,1,1,SINGLE_CANDIDATE,0,0,노가리청춘요리주점,False,,#,1992278462,DOM_DATA_NLOG,1,PASS,노가리청춘요리주점,서울 강남구 개포로82길 9-17,,CONTAINED,PARTIAL,,,1533,1
KOMSCO_DIRECT_NAVER_FALLBACK,UNMATCHED,6992,송탄부대찌개,대청역 송탄부대찌개,station,AMBIGUOUS,False,SKIPPED_NO_NAVER_MATCH,False,AMBIGUOUS,2,2,QWEN,"0,1",0,"송탄쑥고개부대찌개찌개,전골",True,LOW,https://pcmap.place.naver.com/restaurant/1869321987/home,1869321987,DOM_DATA_NLOG,,FAIL,"송탄쑥고개부대찌개찌개,전골",서울 강남구 개포로 621 SH공사 지하1층 113호,,DIFFERENT,DIFFERENT,TOP_K_DETAIL_VALIDATION_FAILED,TOP_K_DETAIL_VALIDATION_FAILED,2733,2
KOMSCO_DIRECT_NAVER_FALLBACK,UNMATCHED,6993,빅투치킨(개포점),강남구 빅투치킨(개포점),gangnam,NOT_FOUND,False,SKIPPED_NO_NAVER_MATCH,False,NOT_FOUND,0,0,DETERMINISTIC,,,,False,,,,,,NOT_ATTEMPTED,,,,UNKNOWN,UNKNOWN,NO_CONFIDENT_CANDIDATE,NO_CONFIDENT_CANDIDATE,5881,0
KOMSCO_DIRECT_NAVER_FALLBACK,MATCHED,7011,피자스쿨 포이점,매봉역 피자스쿨 포이점,naver_local_fallback,AMBIGUOUS,True,ENRICHED:RESOLVED,True,RESOLVED,1,1,SINGLE_CANDIDATE,0,0,피자스쿨 포이점피자,False,,#,18803078,DOM_DATA_NLOG,1,PASS,피자스쿨 포이점피자,서울 강남구 논현로10길 30,,CONTAINED,PARTIAL,,,1641,1
KOMSCO_DIRECT_NAVER_FALLBACK,AMBIGUOUS,7013,의정부원조부대찌게,개포동 의정부원조부대찌게,dong,AMBIGUOUS,False,SKIPPED_NO_NAVER_MATCH,False,AMBIGUOUS,1,1,SINGLE_CANDIDATE,0,0,"의정부원조부대찌개찌개,전골",False,,https://pcmap.place.naver.com/restaurant/18594730/home,18594730,DOM_DATA_NLOG,,FAIL,"의정부원조부대찌개찌개,전골",서울 강남구 선릉로6길 5,,DIFFERENT,DIFFERENT,TOP_K_DETAIL_VALIDATION_FAILED,TOP_K_DETAIL_VALIDATION_FAILED,3262,1
KOMSCO_DIRECT_NAVER_FALLBACK,UNMATCHED,7084,수황태콩나물국밥,강남구 수황태콩나물국밥,gangnam,NOT_FOUND,False,SKIPPED_NO_NAVER_MATCH,False,NOT_FOUND,0,0,DETERMINISTIC,,,,False,,,,,,NOT_ATTEMPTED,,,,UNKNOWN,UNKNOWN,NO_CONFIDENT_CANDIDATE,NO_CONFIDENT_CANDIDATE,5477,0
KOMSCO_DIRECT_NAVER_FALLBACK,UNMATCHED,7094,러빙헛스마일,매봉역 러빙헛스마일,station,AMBIGUOUS,False,SKIPPED_NO_NAVER_MATCH,False,AMBIGUOUS,1,1,SINGLE_CANDIDATE,0,0,러빙헛 스마일,False,,https://pcmap.place.naver.com/restaurant/20570102/home,20570102,DOM_DATA_NLOG,,FAIL,러빙헛 스마일,서울 강남구 논현로16길 17 1층 러빙헛 스마일,,EXACT,DIFFERENT,TOP_K_DETAIL_VALIDATION_FAILED,TOP_K_DETAIL_VALIDATION_FAILED,1092,1
KOMSCO_DIRECT_NAVER_FALLBACK,AMBIGUOUS,7128,소보루 치킨,대모산입구역 소보루 치킨,station,AMBIGUOUS,False,SKIPPED_NO_NAVER_MATCH,False,AMBIGUOUS,1,1,SINGLE_CANDIDATE,0,0,"소보루치킨치킨,닭강정",False,,https://pcmap.place.naver.com/restaurant/709114491/home,709114491,DOM_DATA_NLOG,,FAIL,"소보루치킨치킨,닭강정",서울 강남구 개포로109길 5,,CONTAINED,DIFFERENT,TOP_K_DETAIL_VALIDATION_FAILED,TOP_K_DETAIL_VALIDATION_FAILED,809,1
KOMSCO_DIRECT_NAVER_FALLBACK,UNMATCHED,7147,부흥누룽지오리백숙,개포동 부흥누룽지오리백숙,dong,AMBIGUOUS,False,SKIPPED_NO_NAVER_MATCH,False,AMBIGUOUS,1,1,SINGLE_CANDIDATE,0,0,부흥누룽지오리백숙오리요리,False,,https://pcmap.place.naver.com/restaurant/20843188/home,20843188,DOM_DATA_NLOG,,FAIL,부흥누룽지오리백숙오리요리,서울 강남구 개포로25길 12,,CONTAINED,DIFFERENT,TOP_K_DETAIL_VALIDATION_FAILED,TOP_K_DETAIL_VALIDATION_FAILED,3463,1
KOMSCO_DIRECT_NAVER_FALLBACK,AMBIGUOUS,7155,뼈감자탕파불고기,매봉역 뼈감자탕파불고기,station,AMBIGUOUS,False,SKIPPED_NO_NAVER_MATCH,False,AMBIGUOUS,1,1,SINGLE_CANDIDATE,0,0,현미네 뼈감자탕 파불고기감자탕,False,,https://pcmap.place.naver.com/restaurant/1397502377/home,1397502377,DOM_DATA_NLOG,,FAIL,현미네 뼈감자탕 파불고기감자탕,서울 강남구 논현로 62 1층,,CONTAINED,DIFFERENT,TOP_K_DETAIL_VALIDATION_FAILED,TOP_K_DETAIL_VALIDATION_FAILED,902,1
KOMSCO_DIRECT_NAVER_FALLBACK,MATCHED,7167,어머니밥상,강남구 어머니밥상,gangnam,AMBIGUOUS,True,NO_USABLE_CANDIDATE,False,AMBIGUOUS,3,3,QWEN,"0,1,2",0,어머니밥상한식,True,LOW,https://pcmap.place.naver.com/restaurant/1344015650/home,1344015650,DOM_DATA_NLOG,,FAIL,어머니밥상한식,서울 강동구 천호대로162길 34,,CONTAINED,DIFFERENT,TOP_K_DETAIL_VALIDATION_FAILED,TOP_K_DETAIL_VALIDATION_FAILED,8645,1
KOMSCO_DIRECT_NAVER_FALLBACK,UNMATCHED,7191,주부맘헬스바이오 더암브로시아내츄럴뷔페,강남구 주부맘헬스바이오 더암브로시아내츄럴뷔페,gangnam,NOT_FOUND,False,SKIPPED_NO_NAVER_MATCH,False,NOT_FOUND,0,0,DETERMINISTIC,,,,False,,,,,,NOT_ATTEMPTED,,,,UNKNOWN,UNKNOWN,NO_CONFIDENT_CANDIDATE,NO_CONFIDENT_CANDIDATE,5652,0
KOMSCO_DIRECT_NAVER_FALLBACK,MATCHED,7201,청담동꿀꽈배기 개포점,개포동역 청담동꿀꽈배기 개포점,naver_local_fallback,AMBIGUOUS,True,ENRICHED:RESOLVED,True,RESOLVED,1,1,SINGLE_CANDIDATE,0,0,청담동꿀꽈배기 개포점베이커리,False,,#,1999673503,DOM_DATA_NLOG,1,PASS,청담동꿀꽈배기 개포점베이커리,서울 강남구 개포로82길 13-9,,CONTAINED,PARTIAL,,,2381,1
KOMSCO_DIRECT_NAVER_FALLBACK,MATCHED,7202,아담만두 개포동점,개포동역 아담만두 개포동점,naver_local_fallback,AMBIGUOUS,True,ENRICHED:RESOLVED,True,RESOLVED,1,1,SINGLE_CANDIDATE,0,0,아담만두 개포동점만두,False,,#,1389099770,DOM_DATA_NLOG,1,PASS,아담만두 개포동점만두,서울 강남구 개포로82길 9-11 1층 105호,,CONTAINED,PARTIAL,,,1728,1
KOMSCO_DIRECT_NAVER_FALLBACK,MATCHED,7213,스시현,개포동역 스시현,station,RESOLVED,False,NOT_REQUIRED,False,RESOLVED,1,1,SINGLE_CANDIDATE,0,0,"스시현초밥,롤",False,,#,36960035,DOM_DATA_NLOG,1,PASS,"스시현초밥,롤",서울 강남구 개포로82길 13-17,,CONTAINED,PARTIAL,,,1105,1
KOMSCO_DIRECT_NAVER_FALLBACK,MATCHED,7216,원할머니보쌈 개포점,구룡역 원할머니보쌈 개포점,station,AMBIGUOUS,True,NO_USABLE_CANDIDATE,False,AMBIGUOUS,2,2,QWEN,"0,1",0,원할머니보쌈족발 대치배달점,True,LOW,https://pcmap.place.naver.com/restaurant/12928769/home,12928769,DOM_DATA_NLOG,,FAIL,원할머니보쌈족발 대치배달점,서울 강남구 언주로69길 7 1층 102호,,DIFFERENT,DIFFERENT,TOP_K_DETAIL_VALIDATION_FAILED,TOP_K_DETAIL_VALIDATION_FAILED,3130,2
KOMSCO_DIRECT_NAVER_FALLBACK,MATCHED,7232,바르다김선생 개포점,개포동 바르다김선생 개포점,dong,AMBIGUOUS,True,NO_USABLE_CANDIDATE,False,AMBIGUOUS,2,2,QWEN,"0,1",0,바르다김선생 디에이치자이개포점분식,True,LOW,https://pcmap.place.naver.com/restaurant/1821047675/home,1821047675,DOM_DATA_NLOG,,FAIL,바르다김선생 디에이치자이개포점분식,서울 강남구 영동대로 22,,DIFFERENT,DIFFERENT,TOP_K_DETAIL_VALIDATION_FAILED,TOP_K_DETAIL_VALIDATION_FAILED,5595,2
KOMSCO_DIRECT_NAVER_FALLBACK,MATCHED,7246,바오아토,개포동역 바오아토,station,RESOLVED,False,NOT_REQUIRED,False,RESOLVED,1,1,SINGLE_CANDIDATE,0,0,"바오아토카페,디저트",False,,#,1584970251,DOM_DATA_NLOG,1,PASS,"바오아토카페,디저트",서울 강남구 삼성로 11 디에이치아너힐즈 상가 1층 108호,,CONTAINED,PARTIAL,,,899,1
KOMSCO_DIRECT_NAVER_FALLBACK,MATCHED,7275,오구또와,매봉역 오구또와,station,AMBIGUOUS,True,NO_USABLE_CANDIDATE,False,AMBIGUOUS,1,1,SINGLE_CANDIDATE,0,0,오구또와종합분식,False,,https://pcmap.place.naver.com/restaurant/36997812/home,36997812,DOM_DATA_NLOG,,FAIL,오구또와종합분식,서울 강남구 논현로10길 30,,CONTAINED,DIFFERENT,TOP_K_DETAIL_VALIDATION_FAILED,TOP_K_DETAIL_VALIDATION_FAILED,1267,1
KOMSCO_DIRECT_NAVER_FALLBACK,MATCHED,7316,화덕피자파숑 개포점,개포동역 화덕피자파숑 개포점,naver_local_fallback,AMBIGUOUS,True,ENRICHED:RESOLVED,True,RESOLVED,1,1,SINGLE_CANDIDATE,0,0,화덕피자파숑 개포점피자,False,,#,36398774,DOM_DATA_NLOG,1,PASS,화덕피자파숑 개포점피자,서울 강남구 개포로82길 13-9,,CONTAINED,PARTIAL,,,1905,1
KOMSCO_DIRECT_NAVER_FALLBACK,MATCHED,7339,석배,대청역 석배,station,AMBIGUOUS,True,NO_USABLE_CANDIDATE,False,AMBIGUOUS,1,1,SINGLE_CANDIDATE,0,0,"석배육류,고기요리",False,,https://pcmap.place.naver.com/restaurant/18419658/home,18419658,DOM_DATA_NLOG,,FAIL,"석배육류,고기요리",서울 강남구 개포로 621 SH공사 지하1층 석배,,CONTAINED,DIFFERENT,TOP_K_DETAIL_VALIDATION_FAILED,TOP_K_DETAIL_VALIDATION_FAILED,1001,1
KOMSCO_DIRECT_NAVER_FALLBACK,MATCHED,7353,장군숯불갈비,매봉역 장군숯불갈비,naver_local_fallback,NOT_FOUND,True,ENRICHED:NOT_FOUND,False,NOT_FOUND,1,1,SINGLE_CANDIDATE,0,0,,False,,,,,,NOT_ATTEMPTED,,,,UNKNOWN,UNKNOWN,PLACE_ID_NOT_IN_CANDIDATE_DOM,PLACE_ID_NOT_IN_CANDIDATE_DOM,5955,0
KOMSCO_DIRECT_NAVER_FALLBACK,MATCHED,7373,구구치킨,개포동역 구구치킨,station,AMBIGUOUS,True,NO_USABLE_CANDIDATE,False,AMBIGUOUS,1,1,SINGLE_CANDIDATE,0,0,"구구치킨치킨,닭강정",False,,https://pcmap.place.naver.com/restaurant/1242116416/home,1242116416,DOM_DATA_NLOG,,FAIL,"구구치킨치킨,닭강정",서울 강남구 개포로82길 5-8 1층,,CONTAINED,DIFFERENT,TOP_K_DETAIL_VALIDATION_FAILED,TOP_K_DETAIL_VALIDATION_FAILED,945,1
KOMSCO_DIRECT_NAVER_FALLBACK,UNMATCHED,7374,명진상사,강남구 명진상사,gangnam,NOT_FOUND,False,SKIPPED_NO_NAVER_MATCH,False,NOT_FOUND,0,0,DETERMINISTIC,,,,False,,,,,,NOT_ATTEMPTED,,,,UNKNOWN,UNKNOWN,NO_CONFIDENT_CANDIDATE,NO_CONFIDENT_CANDIDATE,5570,0
KOMSCO_DIRECT_NAVER_FALLBACK,MATCHED,7386,춘천명물닭갈비,매봉역 춘천명물닭갈비,station,RESOLVED,False,NOT_REQUIRED,False,RESOLVED,1,1,SINGLE_CANDIDATE,0,0,춘천명물닭갈비닭갈비,False,,#,18420156,DOM_DATA_NLOG,1,PASS,춘천명물닭갈비닭갈비,서울 강남구 개포로22길 14,,CONTAINED,PARTIAL,,,870,1
KOMSCO_DIRECT_NAVER_FALLBACK,MATCHED,7411,다비어스,대청역 다비어스,station,RESOLVED,False,NOT_REQUIRED,False,RESOLVED,1,1,SINGLE_CANDIDATE,0,0,"다비어스맥주,호프",False,,#,1387037421,DOM_DATA_NLOG,1,PASS,"다비어스맥주,호프",서울 강남구 개포로 623 대청타워 B133호,,CONTAINED,PARTIAL,,,899,1
KOMSCO_DIRECT_NAVER_FALLBACK,MATCHED,7422,화덕피자파숑,개포동역 화덕피자파숑,station,AMBIGUOUS,True,NO_USABLE_CANDIDATE,False,AMBIGUOUS,1,1,SINGLE_CANDIDATE,0,0,화덕피자파숑 개포점피자,False,,https://pcmap.place.naver.com/restaurant/36398774/home,36398774,DOM_DATA_NLOG,,FAIL,화덕피자파숑 개포점피자,서울 강남구 개포로82길 13-9,,CONTAINED,DIFFERENT,TOP_K_DETAIL_VALIDATION_FAILED,TOP_K_DETAIL_VALIDATION_FAILED,1093,1
KOMSCO_DIRECT_NAVER_FALLBACK,MATCHED,7437,레몬그라스 타이,매봉역 레몬그라스 타이,station,RESOLVED,False,NOT_REQUIRED,False,RESOLVED,1,1,SINGLE_CANDIDATE,0,0,레몬그라스타이 개포점태국음식,False,,#,1276334219,DOM_DATA_NLOG,1,PASS,레몬그라스타이 개포점태국음식,서울 강남구 개포로22길 12 1층,,CONTAINED,EXACT,,,961,1
KOMSCO_DIRECT_NAVER_FALLBACK,MATCHED,7520,구봉산 돼지갈비,매봉역 구봉산 돼지갈비,station,AMBIGUOUS,True,NO_USABLE_CANDIDATE,False,AMBIGUOUS,1,1,SINGLE_CANDIDATE,0,0,구봉산돼지갈비돼지고기구이,False,,https://pcmap.place.naver.com/restaurant/38521236/home,38521236,DOM_DATA_NLOG,,FAIL,구봉산돼지갈비돼지고기구이,서울 강남구 논현로16길 23 1층 구봉산돼지갈비,,CONTAINED,DIFFERENT,TOP_K_DETAIL_VALIDATION_FAILED,TOP_K_DETAIL_VALIDATION_FAILED,968,1
KOMSCO_DIRECT_NAVER_FALLBACK,UNMATCHED,4293,족발대감,논현동 족발대감,dong,AMBIGUOUS,False,SKIPPED_NO_NAVER_MATCH,False,AMBIGUOUS,1,1,SINGLE_CANDIDATE,0,0,"대감왕족발족발,보쌈",False,,https://pcmap.place.naver.com/restaurant/1531219789/home,1531219789,DOM_DATA_NLOG,,FAIL,"대감왕족발족발,보쌈",서울 강남구 압구정로 216,,DIFFERENT,DIFFERENT,TOP_K_DETAIL_VALIDATION_FAILED,TOP_K_DETAIL_VALIDATION_FAILED,3323,1
KOMSCO_DIRECT_NAVER_FALLBACK,MATCHED,4298,빨간모자피자,논현역 빨간모자피자,station,AMBIGUOUS,True,NO_USABLE_CANDIDATE,False,AMBIGUOUS,1,1,SINGLE_CANDIDATE,0,0,빨간모자피자 논현점피자,False,,https://pcmap.place.naver.com/restaurant/11580560/home,11580560,DOM_DATA_NLOG,,FAIL,빨간모자피자 논현점피자,서울 강남구 학동로6길 30,,CONTAINED,DIFFERENT,TOP_K_DETAIL_VALIDATION_FAILED,TOP_K_DETAIL_VALIDATION_FAILED,1057,1
KOMSCO_DIRECT_NAVER_FALLBACK,UNMATCHED,4319,(주)육덕패밀리,강남구 (주)육덕패밀리,gangnam,NOT_FOUND,False,SKIPPED_NO_NAVER_MATCH,False,NOT_FOUND,0,0,DETERMINISTIC,,,,False,,,,,,NOT_ATTEMPTED,,,,UNKNOWN,UNKNOWN,NO_CONFIDENT_CANDIDATE,NO_CONFIDENT_CANDIDATE,5509,0
KOMSCO_DIRECT_NAVER_FALLBACK,MATCHED,4321,대포집 논현본점,신논현역 대포집 논현본점,naver_local_fallback,AMBIGUOUS,True,ENRICHED:RESOLVED,True,RESOLVED,1,1,SINGLE_CANDIDATE,0,0,대포집 논현본점,False,,#,1609486868,DOM_DATA_NLOG,1,PASS,대포집 논현본점,서울 강남구 강남대로114길 15 1층,,EXACT,PARTIAL,,,1713,1
KOMSCO_DIRECT_NAVER_FALLBACK,MATCHED,4327,청평숯불갈비,신논현역 청평숯불갈비,naver_local_fallback,AMBIGUOUS,True,ENRICHED:RESOLVED,True,RESOLVED,1,1,SINGLE_CANDIDATE,0,0,"청평숯불갈비육류,고기요리",False,,#,11672555,DOM_DATA_NLOG,1,PASS,"청평숯불갈비육류,고기요리",서울 강남구 봉은사로1길 16,,CONTAINED,PARTIAL,,,1673,1
KOMSCO_DIRECT_NAVER_FALLBACK,MATCHED,4331,꼼터 강남본점,강남구청역 꼼터 강남본점,naver_local_fallback,AMBIGUOUS,True,ENRICHED:AMBIGUOUS,False,AMBIGUOUS,1,1,SINGLE_CANDIDATE,0,0,꼼터 강남본점,False,,https://pcmap.place.naver.com/restaurant/35839867/home,35839867,DOM_DATA_NLOG,,FAIL,꼼터 강남본점,강남구청역3번출구나와서 우회전좌회전100미터,,EXACT,DIFFERENT,TOP_K_DETAIL_VALIDATION_FAILED,TOP_K_DETAIL_VALIDATION_FAILED,1607,1
KOMSCO_DIRECT_NAVER_FALLBACK,UNMATCHED,4335,광주섬진강,강남구 광주섬진강,gangnam,NOT_FOUND,False,SKIPPED_NO_NAVER_MATCH,False,NOT_FOUND,0,0,DETERMINISTIC,,,,False,,,,,,NOT_ATTEMPTED,,,,UNKNOWN,UNKNOWN,NO_CONFIDENT_CANDIDATE,NO_CONFIDENT_CANDIDATE,5580,0
KOMSCO_DIRECT_NAVER_FALLBACK,MATCHED,4339,이자카야나무 논현점,신논현역 이자카야나무 논현점,naver_local_fallback,AMBIGUOUS,True,ENRICHED:AMBIGUOUS,False,AMBIGUOUS,1,1,SINGLE_CANDIDATE,0,0,이자카야나무 논현점,False,,https://pcmap.place.naver.com/restaurant/1417514733/home,1417514733,DOM_DATA_NLOG,,FAIL,이자카야나무 논현점,신논현역 3번출구 한신포차 골목 논현역 2번출구 영동시장 방면으로 들어오시면 이자카야나무 논현점이 위치하고있습니다 강남구 논현동 167-1,,EXACT,DIFFERENT,TOP_K_DETAIL_VALIDATION_FAILED,TOP_K_DETAIL_VALIDATION_FAILED,4173,1
KOMSCO_DIRECT_NAVER_FALLBACK,MATCHED,4340,논현194,언주역 논현194,naver_local_fallback,AMBIGUOUS,True,ENRICHED:RESOLVED,True,RESOLVED,9,5,QWEN,"0,1,2",0,논현194,True,LOW,#,1051121579,DOM_DATA_NLOG,1,PASS,논현194,서울 강남구 봉은사로13길 10 1층 논현194,예약카페,EXACT,PARTIAL,,,6053,1
KOMSCO_DIRECT_NAVER_FALLBACK,UNMATCHED,4375,웰,선정릉역 웰,station,AMBIGUOUS,False,SKIPPED_NO_NAVER_MATCH,False,AMBIGUOUS,9,5,QWEN,"1,2,3",1,강남구웰에이징센터노인복지,True,LOW,https://pcmap.place.naver.com/restaurant/1509585817/home,1509585817,DOM_DATA_NLOG,,FAIL,강남구웰에이징센터노인복지,서울 강남구 선릉로108길 27 3층,,CONTAINED,DIFFERENT,TOP_K_DETAIL_VALIDATION_FAILED,TOP_K_DETAIL_VALIDATION_FAILED,3793,3
KOMSCO_DIRECT_NAVER_FALLBACK,UNMATCHED,4377,청사포산꼼장어,강남구 청사포산꼼장어,gangnam,NOT_FOUND,False,SKIPPED_NO_NAVER_MATCH,False,NOT_FOUND,0,0,DETERMINISTIC,,,,False,,,,,,NOT_ATTEMPTED,,,,UNKNOWN,UNKNOWN,NO_CONFIDENT_CANDIDATE,NO_CONFIDENT_CANDIDATE,5635,0
KOMSCO_DIRECT_NAVER_FALLBACK,MATCHED,4380,가리비야,논현역 가리비야,naver_local_fallback,AMBIGUOUS,True,ENRICHED:RESOLVED,True,RESOLVED,1,1,SINGLE_CANDIDATE,0,0,가리비야,False,,#,1184502434,DOM_DATA_NLOG,1,PASS,가리비야,1. 자동차 네비 [서울 강남구 학동로4길 15 1층 113호 / 서울 강남구 논현동 122-8] <주차가능> -본 건물 지하 주차 가능 (90분 무료 추가 10분당 1200원) -매장 앞 공영주차장(논현 제1호 공영주차장/ ...,1. 자동차 네비 [서울 강남구 학동로4길 15 1층 113호 / 서울 강남구 논현동 122-8] <주차가능> -본 건물 지하 주차 가능 (90분 무료 추가 10분당 1200원) -매장 앞 공영주차장(논현 제1호 공영주차장/ ...,EXACT,PARTIAL,,,1699,1
KOMSCO_DIRECT_NAVER_FALLBACK,MATCHED,4382,부엉이 식당,논현역 부엉이 식당,naver_local_fallback,AMBIGUOUS,True,ENRICHED:RESOLVED,True,RESOLVED,5,5,QWEN,"0,1,2",0,부엉이 식당일식당,True,LOW,#,1824038108,DOM_DATA_NLOG,1,PASS,부엉이 식당일식당,서울 강남구 학동로12길 8 1층,부엉이 식당,CONTAINED,PARTIAL,,,5837,1
KOMSCO_DIRECT_NAVER_FALLBACK,MATCHED,4393,강남설렁탕,논현역 강남설렁탕,naver_local_fallback,AMBIGUOUS,True,ENRICHED:RESOLVED,True,RESOLVED,9,5,QWEN,"3,0,1",0,강남설렁탕,True,LOW,#,10976693,DOM_DATA_NLOG,2,PASS,강남설렁탕,서울 강남구 학동로2길 13,,EXACT,PARTIAL,,,6313,2
KOMSCO_DIRECT_NAVER_FALLBACK,MATCHED,4404,보승회관 강남구청역점,강남구청역 보승회관 강남구청역점,naver_local_fallback,AMBIGUOUS,True,ENRICHED:AMBIGUOUS,False,AMBIGUOUS,1,1,SINGLE_CANDIDATE,0,0,보승회관 강남구청역점국밥,False,,https://pcmap.place.naver.com/restaurant/1808021883/home,1808021883,DOM_DATA_NLOG,,FAIL,보승회관 강남구청역점국밥,"지하철 이용 시: 7호선 강남구청역 3번 출구로 나오신 후, 약 100m 직진하신 뒤 오른쪽 사잇길로 90m정도 걸어오시면 노벨빌딩 1층(102호)에 위치해 있습니다. 버스 이용 시: '강남구청역 2번 출구' 정거...",,CONTAINED,DIFFERENT,TOP_K_DETAIL_VALIDATION_FAILED,TOP_K_DETAIL_VALIDATION_FAILED,1378,1
KOMSCO_DIRECT_NAVER_FALLBACK,MATCHED,4415,좋은친구,학동역 좋은친구,naver_local_fallback,NOT_FOUND,True,ENRICHED:AMBIGUOUS,False,AMBIGUOUS,5,5,QWEN,"0,1,2",0,"피디코리아기획 좋은친구 이벤트사이벤트,파티",True,LOW,https://pcmap.place.naver.com/restaurant/11816641/home,11816641,DOM_DATA_NLOG,,FAIL,"피디코리아기획 좋은친구 이벤트사이벤트,파티",서울 강남구 봉은사로33길 28,,CONTAINED,DIFFERENT,TOP_K_DETAIL_VALIDATION_FAILED,TOP_K_DETAIL_VALIDATION_FAILED,12690,1
KOMSCO_DIRECT_NAVER_FALLBACK,UNMATCHED,4416,종로떡폐백,강남구 종로떡폐백,gangnam,NOT_FOUND,False,SKIPPED_NO_NAVER_MATCH,False,NOT_FOUND,0,0,DETERMINISTIC,,,,False,,,,,,NOT_ATTEMPTED,,,,UNKNOWN,UNKNOWN,NO_CONFIDENT_CANDIDATE,NO_CONFIDENT_CANDIDATE,5596,0
KOMSCO_DIRECT_NAVER_FALLBACK,MATCHED,4439,엔237 카페 앤 베이커리,언주역 엔237 카페 앤 베이커리,station,AMBIGUOUS,True,NO_USABLE_CANDIDATE,False,AMBIGUOUS,1,1,SINGLE_CANDIDATE,0,0,"N237 카페 앤 베이커리카페,디저트",False,,https://pcmap.place.naver.com/restaurant/37272572/home,37272572,DOM_DATA_NLOG,,FAIL,"N237 카페 앤 베이커리카페,디저트",서울 강남구 언주로113길 7 101호,,DIFFERENT,DIFFERENT,TOP_K_DETAIL_VALIDATION_FAILED,TOP_K_DETAIL_VALIDATION_FAILED,954,1
KOMSCO_DIRECT_NAVER_FALLBACK,MATCHED,4462,OPNNG(오프닝),학동역 OPNNG(오프닝),station,RESOLVED,False,NOT_REQUIRED,False,RESOLVED,1,1,SINGLE_CANDIDATE,0,0,오프닝,False,,#,1376459277,DOM_DATA_NLOG,1,PASS,오프닝,서울 강남구 도산대로34길 22 빌딩 모노폴 지하1층,,CONTAINED,PARTIAL,,,983,1
KOMSCO_DIRECT_NAVER_FALLBACK,UNMATCHED,4463,혼돈(魂豚),강남구 혼돈(魂豚),gangnam,NOT_FOUND,False,SKIPPED_NO_NAVER_MATCH,False,NOT_FOUND,0,0,DETERMINISTIC,,,,False,,,,,,NOT_ATTEMPTED,,,,UNKNOWN,UNKNOWN,NO_CONFIDENT_CANDIDATE,NO_CONFIDENT_CANDIDATE,5511,0
KOMSCO_DIRECT_NAVER_FALLBACK,MATCHED,4468,강남한우 마장동박현규,논현역 강남한우 마장동박현규,station,RESOLVED,False,NOT_REQUIRED,False,RESOLVED,1,1,SINGLE_CANDIDATE,0,0,강남한우 마장동박현규,False,,#,37463892,DOM_DATA_NLOG,1,PASS,강남한우 마장동박현규,서울 강남구 강남대로128길 27 새호시티라이프빌딩 105호,,EXACT,PARTIAL,,,765,1
KOMSCO_DIRECT_NAVER_FALLBACK,UNMATCHED,4472,논골집(본점),강남구 논골집(본점),gangnam,AMBIGUOUS,False,SKIPPED_NO_NAVER_MATCH,False,AMBIGUOUS,1,1,SINGLE_CANDIDATE,0,0,논골집 본점,False,,https://pcmap.place.naver.com/restaurant/11581276/home,11581276,DOM_DATA_NLOG,,FAIL,논골집 본점,서울 강남구 논현로12길 16 1층,,EXACT,DIFFERENT,TOP_K_DETAIL_VALIDATION_FAILED,TOP_K_DETAIL_VALIDATION_FAILED,6372,1
KOMSCO_DIRECT_NAVER_FALLBACK,MATCHED,4476,방일해장국 논현점,언주역 방일해장국 논현점,naver_local_fallback,AMBIGUOUS,True,ENRICHED:RESOLVED,True,RESOLVED,1,1,SINGLE_CANDIDATE,0,0,방일해장국 논현점해장국,False,,#,13156287,DOM_DATA_NLOG,1,PASS,방일해장국 논현점해장국,서울 강남구 봉은사로37길 31,,CONTAINED,PARTIAL,,,1777,1
KOMSCO_DIRECT_NAVER_FALLBACK,UNMATCHED,4490,상무초밥 강남역,논현동 상무초밥 강남역,dong,AMBIGUOUS,False,SKIPPED_NO_NAVER_MATCH,False,AMBIGUOUS,1,1,SINGLE_CANDIDATE,0,0,상무초밥 신논현 강남점,False,,https://pcmap.place.naver.com/restaurant/1653433739/home,1653433739,DOM_DATA_NLOG,,FAIL,상무초밥 신논현 강남점,,,DIFFERENT,UNKNOWN,TOP_K_DETAIL_VALIDATION_FAILED,TOP_K_DETAIL_VALIDATION_FAILED,3783,1
KOMSCO_DIRECT_NAVER_FALLBACK,MATCHED,4493,빙츄르,학동역 빙츄르,station,AMBIGUOUS,True,NO_USABLE_CANDIDATE,False,AMBIGUOUS,1,1,SINGLE_CANDIDATE,0,0,빙츄르 강남본점빙수,False,,https://pcmap.place.naver.com/restaurant/1275603832/home,1275603832,DOM_DATA_NLOG,,FAIL,빙츄르 강남본점빙수,서울 강남구 학동로20길 31 102호,,CONTAINED,DIFFERENT,TOP_K_DETAIL_VALIDATION_FAILED,TOP_K_DETAIL_VALIDATION_FAILED,1053,1
KOMSCO_DIRECT_NAVER_FALLBACK,UNMATCHED,4501,강남곱창이야기 본점,신논현역 강남곱창이야기 본점,station,AMBIGUOUS,False,SKIPPED_NO_NAVER_MATCH,False,AMBIGUOUS,1,1,SINGLE_CANDIDATE,0,0,"강남곱창이야기 서울강남본점곱창,막창,양",False,,https://pcmap.place.naver.com/restaurant/1135640099/home,1135640099,DOM_DATA_NLOG,,FAIL,"강남곱창이야기 서울강남본점곱창,막창,양",서울 강남구 봉은사로1길 35 강남곱창이야기,,DIFFERENT,DIFFERENT,TOP_K_DETAIL_VALIDATION_FAILED,TOP_K_DETAIL_VALIDATION_FAILED,1151,1
KOMSCO_DIRECT_NAVER_FALLBACK,MATCHED,4509,쪼가리포차,신논현역 쪼가리포차,station,AMBIGUOUS,True,NO_USABLE_CANDIDATE,False,AMBIGUOUS,1,1,SINGLE_CANDIDATE,0,0,쪼가리포장마차,False,,https://pcmap.place.naver.com/restaurant/1465332800/home,1465332800,DOM_DATA_NLOG,,FAIL,쪼가리포장마차,서울 강남구 강남대로120길 31 1층쪼가리,,DIFFERENT,DIFFERENT,TOP_K_DETAIL_VALIDATION_FAILED,TOP_K_DETAIL_VALIDATION_FAILED,953,1
KOMSCO_DIRECT_NAVER_FALLBACK,MATCHED,4517,곰작골나주곰탕 학동점,학동역 곰작골나주곰탕 학동점,naver_local_fallback,AMBIGUOUS,True,ENRICHED:RESOLVED,True,RESOLVED,1,1,SINGLE_CANDIDATE,0,0,"곰작골나주곰탕 학동점곰탕,설렁탕",False,,#,35643684,DOM_DATA_NLOG,1,PASS,"곰작골나주곰탕 학동점곰탕,설렁탕",서울 강남구 학동로 221 예진빌딩,,CONTAINED,PARTIAL,,,4288,1
KOMSCO_DIRECT_NAVER_FALLBACK,AMBIGUOUS,4523,샤모니,학동역 샤모니,station,AMBIGUOUS,False,SKIPPED_NO_NAVER_MATCH,False,AMBIGUOUS,2,2,QWEN,"1,0",1,샤모니양식,True,LOW,https://pcmap.place.naver.com/restaurant/1679606790/home,1679606790,DOM_DATA_NLOG,,FAIL,샤모니양식,서울 강남구 논현로 667,,CONTAINED,DIFFERENT,TOP_K_DETAIL_VALIDATION_FAILED,TOP_K_DETAIL_VALIDATION_FAILED,2430,1
KOMSCO_DIRECT_NAVER_FALLBACK,MATCHED,4528,"토브버거 ,TOV","학동역 토브버거 ,TOV",naver_local_fallback,AMBIGUOUS,True,ENRICHED:RESOLVED,True,RESOLVED,1,1,SINGLE_CANDIDATE,0,0,"토브버거 ,TOV",False,,#,38648810,DOM_DATA_NLOG,1,PASS,"토브버거 ,TOV",서울 강남구 도산대로30길 46 tov토브,,EXACT,PARTIAL,,,4351,1
KOMSCO_DIRECT_NAVER_FALLBACK,MATCHED,4531,롯데리아 학동역점,학동역 롯데리아 학동역점,naver_local_fallback,AMBIGUOUS,True,ENRICHED:RESOLVED,True,RESOLVED,1,1,SINGLE_CANDIDATE,0,0,롯데리아 학동역점햄버거,False,,#,33674984,DOM_DATA_NLOG,1,PASS,롯데리아 학동역점햄버거,서울 강남구 학동로 219 국제빌딩,,CONTAINED,PARTIAL,,,1697,1
KOMSCO_DIRECT_NAVER_FALLBACK,MATCHED,4537,담소소사골순대강남구청역점,강남구청역 담소소사골순대강남구청역점,station,AMBIGUOUS,True,NO_RESULT,False,AMBIGUOUS,1,1,SINGLE_CANDIDATE,0,0,"담소소사골순대육개장 강남구청역점순대,순댓국",False,,https://pcmap.place.naver.com/restaurant/1881406968/home,1881406968,DOM_DATA_NLOG,,FAIL,"담소소사골순대육개장 강남구청역점순대,순댓국",서울 강남구 선릉로131길 25 1층,,DIFFERENT,DIFFERENT,TOP_K_DETAIL_VALIDATION_FAILED,TOP_K_DETAIL_VALIDATION_FAILED,989,1
KOMSCO_DIRECT_NAVER_FALLBACK,UNMATCHED,4542,생생돈까스논현,논현역 생생돈까스논현,station,AMBIGUOUS,False,SKIPPED_NO_NAVER_MATCH,False,AMBIGUOUS,1,1,SINGLE_CANDIDATE,0,0,생생돈까스 논현점돈가스,False,,https://pcmap.place.naver.com/restaurant/946328817/home,946328817,DOM_DATA_NLOG,,FAIL,생생돈까스 논현점돈가스,서울 강남구 언주로 615 상가동 비114호,,CONTAINED,DIFFERENT,TOP_K_DETAIL_VALIDATION_FAILED,TOP_K_DETAIL_VALIDATION_FAILED,974,1
KOMSCO_DIRECT_NAVER_FALLBACK,MATCHED,4548,60년 전통 신촌 황소곱창,신논현역 60년 전통 신촌 황소곱창,station,AMBIGUOUS,True,NO_USABLE_CANDIDATE,False,AMBIGUOUS,2,2,QWEN,"0,1",0,60년전통신촌황소곱창 강남역직영점,True,HIGH,https://pcmap.place.naver.com/restaurant/1017596309/home,1017596309,DOM_DATA_NLOG,,FAIL,60년전통신촌황소곱창 강남역직영점,서울 강남구 강남대로100길 13 스타빌딩 지상1층,,CONTAINED,DIFFERENT,TOP_K_DETAIL_VALIDATION_FAILED,TOP_K_DETAIL_VALIDATION_FAILED,3032,2
KOMSCO_DIRECT_NAVER_FALLBACK,UNMATCHED,4550,크래프트루신사,강남구 크래프트루신사,gangnam,NOT_FOUND,False,SKIPPED_NO_NAVER_MATCH,False,NOT_FOUND,0,0,DETERMINISTIC,,,,False,,,,,,NOT_ATTEMPTED,,,,UNKNOWN,UNKNOWN,NO_CONFIDENT_CANDIDATE,NO_CONFIDENT_CANDIDATE,5411,0
KOMSCO_DIRECT_NAVER_FALLBACK,UNMATCHED,4551,두레반,강남구 두레반,gangnam,NOT_FOUND,False,SKIPPED_NO_NAVER_MATCH,False,NOT_FOUND,0,0,DETERMINISTIC,,,,False,,,,,,NOT_ATTEMPTED,,,,UNKNOWN,UNKNOWN,NO_CONFIDENT_CANDIDATE,NO_CONFIDENT_CANDIDATE,5549,0
KOMSCO_DIRECT_NAVER_FALLBACK,MATCHED,4557,영동다방,논현역 영동다방,station,AMBIGUOUS,True,NO_USABLE_CANDIDATE,False,AMBIGUOUS,2,2,QWEN,"0,1",0,빽다방 논현영동시장점테이크아웃커피,True,LOW,https://pcmap.place.naver.com/restaurant/1321008762/home,1321008762,DOM_DATA_NLOG,,FAIL,빽다방 논현영동시장점테이크아웃커피,서울 강남구 강남대로 506 1층 109호,,DIFFERENT,DIFFERENT,TOP_K_DETAIL_VALIDATION_FAILED,TOP_K_DETAIL_VALIDATION_FAILED,3048,2
KOMSCO_DIRECT_NAVER_FALLBACK,MATCHED,4567,"백암순대국,뼈해장국","신논현역 백암순대국,뼈해장국",naver_local_fallback,AMBIGUOUS,True,ENRICHED:RESOLVED,True,RESOLVED,1,1,SINGLE_CANDIDATE,0,0,"백암순대국,뼈해장국순대,순댓국",False,,#,297520886,DOM_DATA_NLOG,1,PASS,"백암순대국,뼈해장국순대,순댓국",서울 강남구 강남대로122길 16,,CONTAINED,PARTIAL,,,1992,1
KOMSCO_DIRECT_NAVER_FALLBACK,UNMATCHED,4568,미디어파인더,강남구 미디어파인더,gangnam,NOT_FOUND,False,SKIPPED_NO_NAVER_MATCH,False,NOT_FOUND,0,0,DETERMINISTIC,,,,False,,,,,,NOT_ATTEMPTED,,,,UNKNOWN,UNKNOWN,NO_CONFIDENT_CANDIDATE,NO_CONFIDENT_CANDIDATE,5412,0
KOMSCO_DIRECT_NAVER_FALLBACK,MATCHED,4576,우리단골집,논현역 우리단골집,naver_local_fallback,AMBIGUOUS,True,ENRICHED:RESOLVED,True,RESOLVED,1,1,SINGLE_CANDIDATE,0,0,"우리단골집순대,순댓국",False,,#,1583914768,DOM_DATA_NLOG,1,PASS,"우리단골집순대,순댓국",서울 강남구 학동로4길 26,,CONTAINED,PARTIAL,,,1780,1
KOMSCO_DIRECT_NAVER_FALLBACK,UNMATCHED,4578,언주옥,강남구 언주옥,gangnam,NOT_FOUND,False,SKIPPED_NO_NAVER_MATCH,False,NOT_FOUND,0,0,DETERMINISTIC,,,,False,,,,,,NOT_ATTEMPTED,,,,UNKNOWN,UNKNOWN,NO_CONFIDENT_CANDIDATE,NO_CONFIDENT_CANDIDATE,5577,0
KOMSCO_DIRECT_NAVER_FALLBACK,UNMATCHED,4582,더램,논현역 더램,station,AMBIGUOUS,False,SKIPPED_NO_NAVER_MATCH,False,AMBIGUOUS,2,2,QWEN,"0,1",0,"양식당 더램키친육류,고기요리",True,LOW,https://pcmap.place.naver.com/restaurant/13454437/home,13454437,DOM_DATA_NLOG,,FAIL,"양식당 더램키친육류,고기요리",서울 강남구 언주로150길 48,,CONTAINED,DIFFERENT,TOP_K_DETAIL_VALIDATION_FAILED,TOP_K_DETAIL_VALIDATION_FAILED,2764,2
KOMSCO_DIRECT_NAVER_FALLBACK,MATCHED,4585,청석골,학동역 청석골,naver_local_fallback,AMBIGUOUS,True,ENRICHED:NOT_FOUND,False,NOT_FOUND,1,1,SINGLE_CANDIDATE,0,0,,False,,,,,,NOT_ATTEMPTED,,,,UNKNOWN,UNKNOWN,PLACE_ID_NOT_IN_CANDIDATE_DOM,PLACE_ID_NOT_IN_CANDIDATE_DOM,7857,0
KOMSCO_DIRECT_NAVER_FALLBACK,UNMATCHED,4592,딸바요,언주역 딸바요,station,AMBIGUOUS,False,SKIPPED_NO_NAVER_MATCH,False,AMBIGUOUS,1,1,SINGLE_CANDIDATE,0,0,딸바요토스트,False,,https://pcmap.place.naver.com/restaurant/38729181/home,38729181,DOM_DATA_NLOG,,FAIL,딸바요토스트,서울 강남구 강남대로120길 42,,CONTAINED,DIFFERENT,TOP_K_DETAIL_VALIDATION_FAILED,TOP_K_DETAIL_VALIDATION_FAILED,1006,1
KOMSCO_DIRECT_NAVER_FALLBACK,MATCHED,4603,천상애장어가 논현점,신논현역 천상애장어가 논현점,naver_local_fallback,AMBIGUOUS,True,ENRICHED:RESOLVED,True,RESOLVED,1,1,SINGLE_CANDIDATE,0,0,천상애장어가 논현점,False,,#,36373514,DOM_DATA_NLOG,1,PASS,천상애장어가 논현점,서울 강남구 강남대로112길 17 1층,,EXACT,PARTIAL,,,1749,1
KOMSCO_DIRECT_NAVER_FALLBACK,MATCHED,4608,다옴분식 학동점,학동역 다옴분식 학동점,naver_local_fallback,AMBIGUOUS,True,ENRICHED:RESOLVED,True,RESOLVED,1,1,SINGLE_CANDIDATE,0,0,다옴분식 학동점종합분식,False,,#,714210911,DOM_DATA_NLOG,1,PASS,다옴분식 학동점종합분식,서울 강남구 학동로 223 대영빌딩,,CONTAINED,PARTIAL,,,4308,1
KOMSCO_DIRECT_NAVER_FALLBACK,MATCHED,4609,돌곰네,강남구청역 돌곰네,station,RESOLVED,False,NOT_REQUIRED,False,RESOLVED,1,1,SINGLE_CANDIDATE,0,0,"돌곰네해물,생선요리",False,,#,13505971,DOM_DATA_NLOG,1,PASS,"돌곰네해물,생선요리",서울 강남구 언주로146길 18 동현상가 지하 돌곰네,,CONTAINED,PARTIAL,,,818,1
KOMSCO_DIRECT_NAVER_FALLBACK,UNMATCHED,4610,화항풍국제무역（주） 알펜,강남구 화항풍국제무역（주） 알펜,gangnam,NOT_FOUND,False,SKIPPED_NO_NAVER_MATCH,False,NOT_FOUND,0,0,DETERMINISTIC,,,,False,,,,,,NOT_ATTEMPTED,,,,UNKNOWN,UNKNOWN,NO_CONFIDENT_CANDIDATE,NO_CONFIDENT_CANDIDATE,5425,0
KOMSCO_DIRECT_NAVER_FALLBACK,MATCHED,4612,논현닭한마리,강남구청역 논현닭한마리,station,AMBIGUOUS,True,NO_USABLE_CANDIDATE,False,AMBIGUOUS,3,3,QWEN,"0,1,2",0,꿀꼬집한식,True,LOW,https://pcmap.place.naver.com/restaurant/2081904935/home,2081904935,DOM_DATA_NLOG,,FAIL,꿀꼬집한식,"서울 강남구 도산대로30길 21 지상1층, 꿀꼬집",한식,DIFFERENT,DIFFERENT,TOP_K_DETAIL_VALIDATION_FAILED,TOP_K_DETAIL_VALIDATION_FAILED,3216,3
KOMSCO_DIRECT_NAVER_FALLBACK,MATCHED,4614,영인성 중국음식점,신논현역 영인성 중국음식점,naver_local_fallback,AMBIGUOUS,True,ENRICHED:RESOLVED,True,RESOLVED,1,1,SINGLE_CANDIDATE,0,0,영인성 중국음식점중식당,False,,#,18505554,DOM_DATA_NLOG,1,PASS,영인성 중국음식점중식당,서울 강남구 봉은사로7길 9 1층,영인성 중국음식점,CONTAINED,PARTIAL,,,1868,1
KOMSCO_DIRECT_NAVER_FALLBACK,UNMATCHED,4621,부산집,신사역 부산집,station,AMBIGUOUS,False,SKIPPED_NO_NAVER_MATCH,False,AMBIGUOUS,9,5,QWEN,"3,0,1",3,8도식당한식,True,LOW,https://pcmap.place.naver.com/restaurant/1926632628/home,1926632628,DOM_DATA_NLOG,,FAIL,8도식당한식,서울 강남구 논현로163길 11 1층,8도식당,DIFFERENT,DIFFERENT,TOP_K_DETAIL_VALIDATION_FAILED,TOP_K_DETAIL_VALIDATION_FAILED,3666,3
KOMSCO_DIRECT_NAVER_FALLBACK,MATCHED,4632,이모가있는집 본점,강남구청역 이모가있는집 본점,naver_local_fallback,AMBIGUOUS,True,ENRICHED:AMBIGUOUS,False,AMBIGUOUS,1,1,SINGLE_CANDIDATE,0,0,"이모가있는집 본점찌개,전골",False,,https://pcmap.place.naver.com/restaurant/38232881/home,38232881,DOM_DATA_NLOG,,FAIL,"이모가있는집 본점찌개,전골","지도검색 주소 : 서울특별시 강남구 논현동 95-11 1) 압구정로대오역 5번추구에서 500m 직진, 삼성스토어 앞에서 우측으로 바로 재규어랜드로버 골목으로 좌회전 후, 30m 앞 오른쪽에 위치 2) 강남구청...",,CONTAINED,DIFFERENT,TOP_K_DETAIL_VALIDATION_FAILED,TOP_K_DETAIL_VALIDATION_FAILED,1888,1
KOMSCO_DIRECT_NAVER_FALLBACK,UNMATCHED,4634,착한부자 다이어트 도시락,강남구 착한부자 다이어트 도시락,gangnam,NOT_FOUND,False,SKIPPED_NO_NAVER_MATCH,False,NOT_FOUND,0,0,DETERMINISTIC,,,,False,,,,,,NOT_ATTEMPTED,,,,UNKNOWN,UNKNOWN,NO_CONFIDENT_CANDIDATE,NO_CONFIDENT_CANDIDATE,5685,0
KOMSCO_DIRECT_NAVER_FALLBACK,MATCHED,4639,에이엠포차,신논현역 에이엠포차,station,RESOLVED,False,NOT_REQUIRED,False,RESOLVED,1,1,SINGLE_CANDIDATE,0,0,논현 에이엠포차요리주점,False,,#,1363983059,DOM_DATA_NLOG,1,PASS,논현 에이엠포차요리주점,서울 강남구 강남대로122길 10 2층,,CONTAINED,PARTIAL,,,863,1
KOMSCO_DIRECT_NAVER_FALLBACK,MATCHED,4640,심기동김밥,학동역 심기동김밥,station,AMBIGUOUS,True,NO_USABLE_CANDIDATE,False,AMBIGUOUS,1,1,SINGLE_CANDIDATE,0,0,심기동김밥김밥,False,,https://pcmap.place.naver.com/restaurant/1029915603/home,1029915603,DOM_DATA_NLOG,,FAIL,심기동김밥김밥,서울 강남구 논현로120길 14 1층 101호 심기동김밥,,CONTAINED,DIFFERENT,TOP_K_DETAIL_VALIDATION_FAILED,TOP_K_DETAIL_VALIDATION_FAILED,1034,1
KOMSCO_DIRECT_NAVER_FALLBACK,UNMATCHED,4641,진미식당,언주역 진미식당,station,AMBIGUOUS,False,SKIPPED_NO_NAVER_MATCH,False,AMBIGUOUS,9,5,QWEN,"0,1,4",0,메르밀진미집 논현직영점국수,True,LOW,https://pcmap.place.naver.com/restaurant/1340394906/home,1340394906,DOM_DATA_NLOG,,FAIL,메르밀진미집 논현직영점국수,"서울 강남구 강남대로 506 1층 101호, 102호",,DIFFERENT,DIFFERENT,TOP_K_DETAIL_VALIDATION_FAILED,TOP_K_DETAIL_VALIDATION_FAILED,3563,3
KOMSCO_DIRECT_NAVER_FALLBACK,MATCHED,4643,다다돈까스,강남구 다다돈까스,gangnam,NOT_FOUND,True,NO_USABLE_CANDIDATE,False,NOT_FOUND,1,1,SINGLE_CANDIDATE,0,0,,False,,,,,,NOT_ATTEMPTED,,,,UNKNOWN,UNKNOWN,PLACE_ID_NOT_IN_CANDIDATE_DOM,PLACE_ID_NOT_IN_CANDIDATE_DOM,5698,0
KOMSCO_DIRECT_NAVER_FALLBACK,MATCHED,4661,파티풀,학동역 파티풀,naver_local_fallback,AMBIGUOUS,True,ENRICHED:RESOLVED,True,RESOLVED,2,2,QWEN,"0,1",0,파티풀,True,LOW,#,37929377,DOM_DATA_NLOG,1,PASS,파티풀,서울 강남구 언주로 620 현대인텔렉스 지하1층,,EXACT,PARTIAL,,,5196,1
KOMSCO_DIRECT_NAVER_FALLBACK,UNMATCHED,4663,리미지,논현동 리미지,dong,AMBIGUOUS,False,SKIPPED_NO_NAVER_MATCH,False,AMBIGUOUS,9,5,QWEN,"0,1,2",0,뉴타입 이미지웍스전문디자인,True,LOW,https://pcmap.place.naver.com/restaurant/12915106/home,12915106,DOM_DATA_NLOG,,FAIL,뉴타입 이미지웍스전문디자인,서울 강남구 강남대로132길 21 2층,,DIFFERENT,DIFFERENT,TOP_K_DETAIL_VALIDATION_FAILED,TOP_K_DETAIL_VALIDATION_FAILED,6171,3
KOMSCO_DIRECT_NAVER_FALLBACK,AMBIGUOUS,4673,가츠몽 논현 아크로힐스,선정릉역 가츠몽 논현 아크로힐스,station,AMBIGUOUS,False,SKIPPED_NO_NAVER_MATCH,False,AMBIGUOUS,1,1,SINGLE_CANDIDATE,0,0,가츠몽 논현아크로힐스점돈가스,False,,https://pcmap.place.naver.com/restaurant/1682475256/home,1682475256,DOM_DATA_NLOG,,FAIL,가츠몽 논현아크로힐스점돈가스,서울 강남구 언주로 604 ACROHILLS논현,,CONTAINED,DIFFERENT,TOP_K_DETAIL_VALIDATION_FAILED,TOP_K_DETAIL_VALIDATION_FAILED,919,1
KOMSCO_DIRECT_NAVER_FALLBACK,MATCHED,4675,메이크어딜리버리,학동역 메이크어딜리버리,naver_local_fallback,NOT_FOUND,True,ENRICHED:NOT_FOUND,False,NOT_FOUND,1,1,SINGLE_CANDIDATE,0,0,,False,,,,,,NOT_ATTEMPTED,,,,UNKNOWN,UNKNOWN,PLACE_ID_NOT_IN_CANDIDATE_DOM,PLACE_ID_NOT_IN_CANDIDATE_DOM,6165,0
KOMSCO_DIRECT_NAVER_FALLBACK,UNMATCHED,4691,카이수산,언주역 카이수산,station,AMBIGUOUS,False,SKIPPED_NO_NAVER_MATCH,False,AMBIGUOUS,1,1,SINGLE_CANDIDATE,0,0,카이,False,,https://pcmap.place.naver.com/restaurant/33252618/home,33252618,DOM_DATA_NLOG,,FAIL,카이,경복아파트 사거리 PAX타워와 I'PARK 사이 바로 뒤에 있습니다.(이디야커피 강남YMCA 이웃매장) 서울특별시 강남구 봉은사로37길 29 1층 카이 전화번호 02-514-0980,일식당,CONTAINED,DIFFERENT,TOP_K_DETAIL_VALIDATION_FAILED,TOP_K_DETAIL_VALIDATION_FAILED,780,1
KOMSCO_DIRECT_NAVER_FALLBACK,UNMATCHED,4696,고부시,학동역 고부시,station,AMBIGUOUS,False,SKIPPED_NO_NAVER_MATCH,False,AMBIGUOUS,1,1,SINGLE_CANDIDATE,0,0,고부시 논현점,False,,https://pcmap.place.naver.com/restaurant/1768839388/home,1768839388,DOM_DATA_NLOG,,FAIL,고부시 논현점,서울 서초구 강남대로91길 15 1층,,CONTAINED,DIFFERENT,TOP_K_DETAIL_VALIDATION_FAILED,TOP_K_DETAIL_VALIDATION_FAILED,1078,1
KOMSCO_DIRECT_NAVER_FALLBACK,MATCHED,4697,청기와,강남구청역 청기와,naver_local_fallback,AMBIGUOUS,True,ENRICHED:RESOLVED,True,RESOLVED,3,3,QWEN,"2,1,0",0,"청기와육류,고기요리",True,LOW,#,18524027,DOM_DATA_NLOG,3,PASS,"청기와육류,고기요리",서울 강남구 언주로148길 14 청호불교문화원1층,,CONTAINED,PARTIAL,,,6496,3
KOMSCO_DIRECT_NAVER_FALLBACK,MATCHED,4698,산곰장어,언주역 산곰장어,station,AMBIGUOUS,True,NO_USABLE_CANDIDATE,False,AMBIGUOUS,2,2,QWEN,"0,1",0,"기장꼼장어 신사점장어,먹장어요리",True,LOW,https://pcmap.place.naver.com/restaurant/18274432/home,18274432,DOM_DATA_NLOG,,FAIL,"기장꼼장어 신사점장어,먹장어요리",서울 서초구 강남대로99길 27 서안빌딩,,DIFFERENT,DIFFERENT,TOP_K_DETAIL_VALIDATION_FAILED,TOP_K_DETAIL_VALIDATION_FAILED,3022,2
KOMSCO_DIRECT_NAVER_FALLBACK,MATCHED,4712,왕십리 벌통곱창,논현역 왕십리 벌통곱창,station,AMBIGUOUS,True,NO_USABLE_CANDIDATE,False,AMBIGUOUS,1,1,SINGLE_CANDIDATE,0,0,"왕십리벌통곱창곱창,막창,양",False,,https://pcmap.place.naver.com/restaurant/32713486/home,32713486,DOM_DATA_NLOG,,FAIL,"왕십리벌통곱창곱창,막창,양",서울 강남구 학동로4길 43 1층,,CONTAINED,DIFFERENT,TOP_K_DETAIL_VALIDATION_FAILED,TOP_K_DETAIL_VALIDATION_FAILED,1103,1
KOMSCO_DIRECT_NAVER_FALLBACK,UNMATCHED,4727,임명 진오돌뼈 본점,강남구 임명 진오돌뼈 본점,gangnam,NOT_FOUND,False,SKIPPED_NO_NAVER_MATCH,False,NOT_FOUND,0,0,DETERMINISTIC,,,,False,,,,,,NOT_ATTEMPTED,,,,UNKNOWN,UNKNOWN,NO_CONFIDENT_CANDIDATE,NO_CONFIDENT_CANDIDATE,5625,0
KOMSCO_DIRECT_NAVER_FALLBACK,UNMATCHED,4733,카페 엘리에나(CAFE EliENA),학동역 카페 엘리에나(CAFE EliENA),station,AMBIGUOUS,False,SKIPPED_NO_NAVER_MATCH,False,AMBIGUOUS,1,1,SINGLE_CANDIDATE,0,0,"카페 엘리에나 베이커리 커피카페,디저트",False,,https://pcmap.place.naver.com/restaurant/1936955637/home,1936955637,DOM_DATA_NLOG,,FAIL,"카페 엘리에나 베이커리 커피카페,디저트",서울 강남구 논현로 645 지상1층,,DIFFERENT,PARTIAL,TOP_K_DETAIL_VALIDATION_FAILED,TOP_K_DETAIL_VALIDATION_FAILED,947,1
KOMSCO_DIRECT_NAVER_FALLBACK,MATCHED,4740,유정식당,학동역 유정식당,station,RESOLVED,False,NOT_REQUIRED,False,RESOLVED,2,2,QWEN,"0,1",0,유정식당돼지고기구이,True,LOW,#,31744281,DOM_DATA_NLOG,1,PASS,유정식당돼지고기구이,서울 강남구 도산대로28길 14,유정식당,CONTAINED,PARTIAL,,,2338,1
KOMSCO_DIRECT_NAVER_FALLBACK,MATCHED,4746,우정양곱창,학동역 우정양곱창,station,RESOLVED,False,NOT_REQUIRED,False,RESOLVED,1,1,SINGLE_CANDIDATE,0,0,"우정양곱창곱창,막창,양",False,,#,1921750340,DOM_DATA_NLOG,1,PASS,"우정양곱창곱창,막창,양",서울 강남구 도산대로30길 23 1층 우정양곱창,,CONTAINED,PARTIAL,,,947,1
KOMSCO_DIRECT_NAVER_FALLBACK,UNMATCHED,4748,자연스케치 학동점,강남구 자연스케치 학동점,gangnam,NOT_FOUND,False,SKIPPED_NO_NAVER_MATCH,False,NOT_FOUND,0,0,DETERMINISTIC,,,,False,,,,,,NOT_ATTEMPTED,,,,UNKNOWN,UNKNOWN,NO_CONFIDENT_CANDIDATE,NO_CONFIDENT_CANDIDATE,5444,0
KOMSCO_DIRECT_NAVER_FALLBACK,UNMATCHED,4749,논현손국수,강남구 논현손국수,gangnam,AMBIGUOUS,False,SKIPPED_NO_NAVER_MATCH,False,AMBIGUOUS,1,1,SINGLE_CANDIDATE,0,0,밀양손만두종합분식,False,,https://pcmap.place.naver.com/restaurant/18836853/home,18836853,DOM_DATA_NLOG,,FAIL,밀양손만두종합분식,서울 강남구 봉은사로37길 43,,DIFFERENT,DIFFERENT,TOP_K_DETAIL_VALIDATION_FAILED,TOP_K_DETAIL_VALIDATION_FAILED,5773,1
KOMSCO_DIRECT_NAVER_FALLBACK,UNMATCHED,4753,동해별관,강남구 동해별관,gangnam,NOT_FOUND,False,SKIPPED_NO_NAVER_MATCH,False,NOT_FOUND,0,0,DETERMINISTIC,,,,False,,,,,,NOT_ATTEMPTED,,,,UNKNOWN,UNKNOWN,NO_CONFIDENT_CANDIDATE,NO_CONFIDENT_CANDIDATE,5573,0
KOMSCO_DIRECT_NAVER_FALLBACK,MATCHED,4754,"오늘, 와인한잔","신논현역 오늘, 와인한잔",station,AMBIGUOUS,True,NO_USABLE_CANDIDATE,False,AMBIGUOUS,3,3,QWEN,"0,1,2",0,오늘와인한잔 교대점와인,True,LOW,https://pcmap.place.naver.com/restaurant/1750908508/home,1750908508,DOM_DATA_NLOG,,FAIL,오늘와인한잔 교대점와인,서울 서초구 반포대로26길 75 1층 오늘와인한잔,,CONTAINED,DIFFERENT,TOP_K_DETAIL_VALIDATION_FAILED,TOP_K_DETAIL_VALIDATION_FAILED,3127,3
KOMSCO_DIRECT_NAVER_FALLBACK,MATCHED,4758,논현집,학동역 논현집,naver_local_fallback,AMBIGUOUS,True,ENRICHED:RESOLVED,True,RESOLVED,9,5,QWEN,"0,1,2",0,"논현집찌개,전골",True,LOW,#,1944252003,DOM_DATA_NLOG,1,PASS,"논현집찌개,전골",서울 강남구 도산대로30길 11 2층 논현집,,CONTAINED,PARTIAL,,,7117,1
KOMSCO_DIRECT_NAVER_FALLBACK,AMBIGUOUS,4765,해랑,신논현역 해랑,station,AMBIGUOUS,False,SKIPPED_NO_NAVER_MATCH,False,AMBIGUOUS,2,2,QWEN,"0,1",0,해랑식당한식,True,LOW,https://pcmap.place.naver.com/restaurant/20847200/home,20847200,DOM_DATA_NLOG,,FAIL,해랑식당한식,서울 강남구 학동로38길 38 1층,해랑식당,CONTAINED,DIFFERENT,TOP_K_DETAIL_VALIDATION_FAILED,TOP_K_DETAIL_VALIDATION_FAILED,2839,2
KOMSCO_DIRECT_NAVER_FALLBACK,MATCHED,4771,미미,강남구청역 미미,naver_local_fallback,AMBIGUOUS,True,ENRICHED:AMBIGUOUS,False,AMBIGUOUS,9,5,QWEN,"0,1,2",0,미미야식,True,LOW,https://pcmap.place.naver.com/restaurant/11580541/home,11580541,DOM_DATA_NLOG,,FAIL,미미야식,7수인분당강남구청역 2번 출구에서 164m,,CONTAINED,DIFFERENT,TOP_K_DETAIL_VALIDATION_FAILED,TOP_K_DETAIL_VALIDATION_FAILED,6253,3
KOMSCO_DIRECT_NAVER_FALLBACK,UNMATCHED,4777,치맥대상수상 참숯바베큐 이춘봉 인생치킨 강남논현점,강남구 치맥대상수상 참숯바베큐 이춘봉 인생치킨 강남논현점,gangnam,NOT_FOUND,False,SKIPPED_NO_NAVER_MATCH,False,NOT_FOUND,0,0,DETERMINISTIC,,,,False,,,,,,NOT_ATTEMPTED,,,,UNKNOWN,UNKNOWN,NO_CONFIDENT_CANDIDATE,NO_CONFIDENT_CANDIDATE,5739,0
KOMSCO_DIRECT_NAVER_FALLBACK,MATCHED,4791,진배족발,학동역 진배족발,station,AMBIGUOUS,True,NO_USABLE_CANDIDATE,False,AMBIGUOUS,2,2,QWEN,"0,1",0,"진배족발 압구정역점족발,보쌈",True,LOW,https://pcmap.place.naver.com/restaurant/37654105/home,37654105,DOM_DATA_NLOG,,FAIL,"진배족발 압구정역점족발,보쌈",서울 강남구 언주로173길 19 2층 진배족발,,CONTAINED,DIFFERENT,TOP_K_DETAIL_VALIDATION_FAILED,TOP_K_DETAIL_VALIDATION_FAILED,2961,2
KOMSCO_DIRECT_NAVER_FALLBACK,MATCHED,4792,허밍,언주역 허밍,naver_local_fallback,AMBIGUOUS,True,ENRICHED:RESOLVED,True,RESOLVED,9,5,QWEN,"0,1,2",0,허밍양식,True,LOW,#,1008149703,DOM_DATA_NLOG,1,PASS,허밍양식,서울 강남구 언주로 605,,CONTAINED,PARTIAL,,,5483,1
KOMSCO_DIRECT_NAVER_FALLBACK,MATCHED,4799,영동곰탕,논현역 영동곰탕,station,AMBIGUOUS,True,NO_USABLE_CANDIDATE,False,AMBIGUOUS,3,3,QWEN,"0,2,1",0,영동전통시장시장,True,LOW,https://pcmap.place.naver.com/restaurant/32434889/home,32434889,DOM_DATA_NLOG,,FAIL,영동전통시장시장,서울 강남구 학동로4길 35,,DIFFERENT,DIFFERENT,TOP_K_DETAIL_VALIDATION_FAILED,TOP_K_DETAIL_VALIDATION_FAILED,3746,3
KOMSCO_DIRECT_NAVER_FALLBACK,MATCHED,4807,사계절투어,강남구 사계절투어,gangnam,NOT_FOUND,True,NO_RESULT,False,NOT_FOUND,1,1,SINGLE_CANDIDATE,0,0,,False,,,,,,NOT_ATTEMPTED,,,,UNKNOWN,UNKNOWN,PLACE_ID_NOT_IN_CANDIDATE_DOM,PLACE_ID_NOT_IN_CANDIDATE_DOM,5950,0
KOMSCO_DIRECT_NAVER_FALLBACK,UNMATCHED,4812,김밥나라,강남구 김밥나라,gangnam,AMBIGUOUS,False,SKIPPED_NO_NAVER_MATCH,False,AMBIGUOUS,3,3,QWEN,"0,1,2",0,김밥나라 송파본점분식,True,HIGH,https://pcmap.place.naver.com/restaurant/18855233/home,18855233,DOM_DATA_NLOG,,FAIL,김밥나라 송파본점분식,서울 송파구 가락로 176,,CONTAINED,DIFFERENT,TOP_K_DETAIL_VALIDATION_FAILED,TOP_K_DETAIL_VALIDATION_FAILED,7735,2
KOMSCO_DIRECT_NAVER_FALLBACK,MATCHED,4821,압구정변강쇠떡볶이,강남구청역 압구정변강쇠떡볶이,station,AMBIGUOUS,True,NO_USABLE_CANDIDATE,False,AMBIGUOUS,1,1,SINGLE_CANDIDATE,0,0,압구정변강쇠떡볶이떡볶이,False,,https://pcmap.place.naver.com/restaurant/37837245/home,37837245,DOM_DATA_NLOG,,FAIL,압구정변강쇠떡볶이떡볶이,1)네비주소: 강남구 논현동 96-9 청담맥주 맞은편(신주소:언주로148길 33) 2)청담 CGV영화관 맞으편 우리은행골목 150m 우측 CU편의점 옆 3)강남구청역 3-21번출구 에서 좌측 대로변으로 200M ...,,CONTAINED,DIFFERENT,TOP_K_DETAIL_VALIDATION_FAILED,TOP_K_DETAIL_VALIDATION_FAILED,996,1
KOMSCO_DIRECT_NAVER_FALLBACK,UNMATCHED,4822,알잘딱깔센,강남구 알잘딱깔센,gangnam,NOT_FOUND,False,SKIPPED_NO_NAVER_MATCH,False,NOT_FOUND,0,0,DETERMINISTIC,,,,False,,,,,,NOT_ATTEMPTED,,,,UNKNOWN,UNKNOWN,NO_CONFIDENT_CANDIDATE,NO_CONFIDENT_CANDIDATE,5509,0
KOMSCO_DIRECT_NAVER_FALLBACK,MATCHED,4824,스시안,학동역 스시안,naver_local_fallback,AMBIGUOUS,True,ENRICHED:RESOLVED,True,RESOLVED,1,1,SINGLE_CANDIDATE,0,0,스시안일식당,False,,#,1249610113,DOM_DATA_NLOG,1,PASS,스시안일식당,서울 강남구 논현로146길 13 1층,,CONTAINED,PARTIAL,,,1978,1
KOMSCO_DIRECT_NAVER_FALLBACK,MATCHED,4828,압구정김밥,신사역 압구정김밥,station,AMBIGUOUS,True,NO_USABLE_CANDIDATE,False,AMBIGUOUS,9,5,QWEN,"0,1,2",0,김밥천국 압구정점분식,True,LOW,https://pcmap.place.naver.com/restaurant/1363203289/home,1363203289,DOM_DATA_NLOG,,FAIL,김밥천국 압구정점분식,서울 강남구 논현로 841,분식,DIFFERENT,DIFFERENT,TOP_K_DETAIL_VALIDATION_FAILED,TOP_K_DETAIL_VALIDATION_FAILED,3634,3
KOMSCO_DIRECT_NAVER_FALLBACK,UNMATCHED,4836,미도리푸드,강남구 미도리푸드,gangnam,NOT_FOUND,False,SKIPPED_NO_NAVER_MATCH,False,NOT_FOUND,0,0,DETERMINISTIC,,,,False,,,,,,NOT_ATTEMPTED,,,,UNKNOWN,UNKNOWN,NO_CONFIDENT_CANDIDATE,NO_CONFIDENT_CANDIDATE,5405,0
KOMSCO_DIRECT_NAVER_FALLBACK,MATCHED,4837,무쇠막 김치찌게,논현역 무쇠막 김치찌게,station,AMBIGUOUS,True,NO_USABLE_CANDIDATE,False,AMBIGUOUS,1,1,SINGLE_CANDIDATE,0,0,"무쇠막김치찌개찌개,전골",False,,https://pcmap.place.naver.com/restaurant/1599886558/home,1599886558,DOM_DATA_NLOG,,FAIL,"무쇠막김치찌개찌개,전골",서울 강남구 학동로1길 18,,DIFFERENT,DIFFERENT,TOP_K_DETAIL_VALIDATION_FAILED,TOP_K_DETAIL_VALIDATION_FAILED,778,1
KOMSCO_DIRECT_NAVER_FALLBACK,MATCHED,4852,예삐네집,논현역 예삐네집,station,AMBIGUOUS,True,NO_RESULT,False,AMBIGUOUS,1,1,SINGLE_CANDIDATE,0,0,예삐네집제사음식,False,,https://pcmap.place.naver.com/restaurant/37414426/home,37414426,DOM_DATA_NLOG,,FAIL,예삐네집제사음식,서울 강남구 학동로4길 31 영동시장,,CONTAINED,DIFFERENT,TOP_K_DETAIL_VALIDATION_FAILED,TOP_K_DETAIL_VALIDATION_FAILED,1082,1
KOMSCO_DIRECT_NAVER_FALLBACK,UNMATCHED,4858,주식회사 유림에프앤비,강남구 주식회사 유림에프앤비,gangnam,NOT_FOUND,False,SKIPPED_NO_NAVER_MATCH,False,NOT_FOUND,0,0,DETERMINISTIC,,,,False,,,,,,NOT_ATTEMPTED,,,,UNKNOWN,UNKNOWN,NO_CONFIDENT_CANDIDATE,NO_CONFIDENT_CANDIDATE,5556,0
KOMSCO_DIRECT_NAVER_FALLBACK,MATCHED,4862,세광양대창 논현점,신논현역 세광양대창 논현점,naver_local_fallback,AMBIGUOUS,True,ENRICHED:RESOLVED,True,RESOLVED,1,1,SINGLE_CANDIDATE,0,0,"세광양대창 논현점곱창,막창,양",False,,#,1373989551,DOM_DATA_NLOG,1,PASS,"세광양대창 논현점곱창,막창,양",서울 강남구 강남대로118길 12 1층 105호,,CONTAINED,PARTIAL,,,1648,1
KOMSCO_DIRECT_NAVER_FALLBACK,UNMATCHED,4881,서울호떡 논현점,학동역 서울호떡 논현점,station,AMBIGUOUS,False,SKIPPED_NO_NAVER_MATCH,False,AMBIGUOUS,2,2,QWEN,"1,0",1,퐁치커피익스프레스 논현점,True,LOW,https://pcmap.place.naver.com/restaurant/1982008103/home,1982008103,DOM_DATA_NLOG,,FAIL,퐁치커피익스프레스 논현점,차량 이용 시 : 서울특별시 강남구 학동로 126 인픽스빌딩 주차장 서울특별시 강남대로120길 33 논현공영주차장,,DIFFERENT,DIFFERENT,TOP_K_DETAIL_VALIDATION_FAILED,TOP_K_DETAIL_VALIDATION_FAILED,2942,2
KOMSCO_DIRECT_NAVER_FALLBACK,MATCHED,4895,루나바인,학동역 루나바인,station,RESOLVED,False,NOT_REQUIRED,False,RESOLVED,1,1,SINGLE_CANDIDATE,0,0,루나바인,False,,#,11636355,DOM_DATA_NLOG,1,PASS,루나바인,서울 강남구 논현로149길 13 예진빌딩 1층 루나바인,,EXACT,PARTIAL,,,993,1
KOMSCO_DIRECT_NAVER_FALLBACK,MATCHED,4896,영암집,논현역 영암집,station,RESOLVED,False,NOT_REQUIRED,False,RESOLVED,1,1,SINGLE_CANDIDATE,0,0,영암집,False,,#,20862582,DOM_DATA_NLOG,1,PASS,영암집,"논현동맛집을 찾고 있다면 한 번쯤은 꼭 방문해봐야 할 곳, 논현맛집 영암집 본점 찾아오시는 길 ※자차로 찾아오시는 길※ 네비게이션에 '서울 강남구 강남대로124길 49 영암집 본점'을 검색을 하시고 찾아...",한식,EXACT,PARTIAL,,,758,1
KOMSCO_DIRECT_NAVER_FALLBACK,MATCHED,4900,김밥천국 강남구청역점,강남구청역 김밥천국 강남구청역점,naver_local_fallback,AMBIGUOUS,True,ENRICHED:AMBIGUOUS,False,AMBIGUOUS,1,1,SINGLE_CANDIDATE,0,0,김밥천국 강남구청역점,False,,https://pcmap.place.naver.com/restaurant/20626458/home,20626458,DOM_DATA_NLOG,,FAIL,김밥천국 강남구청역점,7수인분당강남구청역 2번 출구에서 8m,,EXACT,DIFFERENT,TOP_K_DETAIL_VALIDATION_FAILED,TOP_K_DETAIL_VALIDATION_FAILED,1525,1
KOMSCO_DIRECT_NAVER_FALLBACK,MATCHED,4906,진대감,학동역 진대감,station,AMBIGUOUS,True,NO_RESULT,False,AMBIGUOUS,4,4,QWEN,"0,1,2",0,진대감 신사점,True,HIGH,https://pcmap.place.naver.com/restaurant/21716573/home,21716573,DOM_DATA_NLOG,,FAIL,진대감 신사점,서울 서초구 강남대로99길 33 1층,,CONTAINED,DIFFERENT,TOP_K_DETAIL_VALIDATION_FAILED,TOP_K_DETAIL_VALIDATION_FAILED,3319,3
KOMSCO_DIRECT_NAVER_FALLBACK,MATCHED,4913,압구정김밥,신사역 압구정김밥,station,AMBIGUOUS,True,NO_USABLE_CANDIDATE,False,AMBIGUOUS,9,5,QWEN,"0,1,2",0,김밥천국 압구정점분식,True,LOW,https://pcmap.place.naver.com/restaurant/1363203289/home,1363203289,DOM_DATA_NLOG,,FAIL,김밥천국 압구정점분식,서울 강남구 논현로 841,분식,DIFFERENT,DIFFERENT,TOP_K_DETAIL_VALIDATION_FAILED,TOP_K_DETAIL_VALIDATION_FAILED,3188,3
KOMSCO_DIRECT_NAVER_FALLBACK,MATCHED,4917,팔당닭발,강남구청역 팔당닭발,station,AMBIGUOUS,True,NO_USABLE_CANDIDATE,False,AMBIGUOUS,1,1,SINGLE_CANDIDATE,0,0,팔당닭발 강남본점,False,,https://pcmap.place.naver.com/restaurant/32602513/home,32602513,DOM_DATA_NLOG,,FAIL,팔당닭발 강남본점,7수인분당강남구청역 3번 출구에서 288m,"< 강남 매운 닭발&오징어 맛집 팔당닭발 오시는 길 > 강남에서 제대로 된 닭발 맛집을 찾고 계신가요? 회식이나 단체모임 장소로 오랜 시간 사랑받아온 곳, 팔당닭발 강남본점입니다. [지하철 안내] 강남구...",CONTAINED,DIFFERENT,TOP_K_DETAIL_VALIDATION_FAILED,TOP_K_DETAIL_VALIDATION_FAILED,813,1
KOMSCO_DIRECT_NAVER_FALLBACK,UNMATCHED,4923,김가네 학동점,강남구 김가네 학동점,gangnam,NOT_FOUND,False,SKIPPED_NO_NAVER_MATCH,False,NOT_FOUND,0,0,DETERMINISTIC,,,,False,,,,,,NOT_ATTEMPTED,,,,UNKNOWN,UNKNOWN,NO_CONFIDENT_CANDIDATE,NO_CONFIDENT_CANDIDATE,6450,0
KOMSCO_DIRECT_NAVER_FALLBACK,UNMATCHED,4927,주식회사 예,학동역 주식회사 예,station,AMBIGUOUS,False,SKIPPED_NO_NAVER_MATCH,False,AMBIGUOUS,2,2,QWEN,"0,1",0,"예별손해보험 본사손해,화재보험",True,LOW,https://pcmap.place.naver.com/restaurant/13288507/home,13288507,DOM_DATA_NLOG,,FAIL,"예별손해보험 본사손해,화재보험",서울 강남구 테헤란로 335,,DIFFERENT,DIFFERENT,TOP_K_DETAIL_VALIDATION_FAILED,TOP_K_DETAIL_VALIDATION_FAILED,2367,1
KOMSCO_DIRECT_NAVER_FALLBACK,MATCHED,4938,장생건강원,논현역 장생건강원,naver_local_fallback,AMBIGUOUS,True,ENRICHED:RESOLVED,True,RESOLVED,1,1,SINGLE_CANDIDATE,0,0,장생건강원바(BAR),False,,#,1203544176,DOM_DATA_NLOG,1,PASS,장생건강원바(BAR),서울 강남구 강남대로124길 23,,CONTAINED,PARTIAL,,,1959,1
KOMSCO_DIRECT_NAVER_FALLBACK,MATCHED,4939,구월의 소철,강남구청역 구월의 소철,naver_local_fallback,AMBIGUOUS,True,ENRICHED:AMBIGUOUS,False,AMBIGUOUS,1,1,SINGLE_CANDIDATE,0,0,구월의 소철,False,,https://pcmap.place.naver.com/restaurant/1587528278/home,1587528278,DOM_DATA_NLOG,,FAIL,구월의 소철,주차 200대 가능 ( 무료주차 ) 좌석 100인 가능 강남구청역 3번 또는 3-1번 출구에서 도보 30초 거리에 위치해 있습니다. 역과 건물이 연결되어 있어 비 오는 날에도 비 한 방울 맞지 않고 편하게 방문하...,한식,EXACT,DIFFERENT,TOP_K_DETAIL_VALIDATION_FAILED,TOP_K_DETAIL_VALIDATION_FAILED,2061,1
KOMSCO_DIRECT_NAVER_FALLBACK,MATCHED,4957,그린벨,강남구청역 그린벨,station,AMBIGUOUS,True,NO_RESULT,False,AMBIGUOUS,1,1,SINGLE_CANDIDATE,0,0,"그린벨다이어트,샐러드",False,,https://pcmap.place.naver.com/restaurant/1092283909/home,1092283909,DOM_DATA_NLOG,,FAIL,"그린벨다이어트,샐러드",강남구청역 3-1번 출구로 나오자마자 좌회전하여 100미터정도 직진하면 왼쪽 1층에 있습니다.,,CONTAINED,DIFFERENT,TOP_K_DETAIL_VALIDATION_FAILED,TOP_K_DETAIL_VALIDATION_FAILED,934,1
KOMSCO_DIRECT_NAVER_FALLBACK,MATCHED,4960,논현삼겹,학동역 논현삼겹,naver_local_fallback,AMBIGUOUS,True,ENRICHED:RESOLVED,True,RESOLVED,9,5,QWEN,"0,1,4",0,논현삼겹돼지고기구이,True,LOW,#,1433773994,DOM_DATA_NLOG,1,PASS,논현삼겹돼지고기구이,서울 강남구 논현로136길 12 101호 논현삼겹,,CONTAINED,PARTIAL,,,6532,1
KOMSCO_DIRECT_NAVER_FALLBACK,MATCHED,4961,두성전주콩나물국밥 강남구청역점,강남구청역 두성전주콩나물국밥 강남구청역점,station,AMBIGUOUS,True,NO_USABLE_CANDIDATE,False,AMBIGUOUS,1,1,SINGLE_CANDIDATE,0,0,두성전주콩나물국밥 강남구청역점국밥,False,,https://pcmap.place.naver.com/restaurant/1831418715/home,1831418715,DOM_DATA_NLOG,,FAIL,두성전주콩나물국밥 강남구청역점국밥,7수인분당강남구청역 3번 출구에서 113m,,CONTAINED,DIFFERENT,TOP_K_DETAIL_VALIDATION_FAILED,TOP_K_DETAIL_VALIDATION_FAILED,920,1
KOMSCO_DIRECT_NAVER_FALLBACK,UNMATCHED,4963,음세이로무시,강남구 음세이로무시,gangnam,NOT_FOUND,False,SKIPPED_NO_NAVER_MATCH,False,NOT_FOUND,0,0,DETERMINISTIC,,,,False,,,,,,NOT_ATTEMPTED,,,,UNKNOWN,UNKNOWN,NO_CONFIDENT_CANDIDATE,NO_CONFIDENT_CANDIDATE,5583,0
KOMSCO_DIRECT_NAVER_FALLBACK,MATCHED,4966,부잣집,언주역 부잣집,station,RESOLVED,False,NOT_REQUIRED,False,RESOLVED,1,1,SINGLE_CANDIDATE,0,0,부잣집한식,False,,#,1488395615,DOM_DATA_NLOG,1,PASS,부잣집한식,서울 강남구 봉은사로25길 18,,CONTAINED,PARTIAL,,,985,1
KOMSCO_DIRECT_NAVER_FALLBACK,MATCHED,4971,동천홍 학동점,학동역 동천홍 학동점,naver_local_fallback,AMBIGUOUS,True,ENRICHED:RESOLVED,True,RESOLVED,1,1,SINGLE_CANDIDATE,0,0,동천홍 학동점중식당,False,,#,21387136,DOM_DATA_NLOG,1,PASS,동천홍 학동점중식당,서울 강남구 논현로132길 29 2층,,CONTAINED,PARTIAL,,,1650,1
KOMSCO_DIRECT_NAVER_FALLBACK,MATCHED,4977,깐부,학동역 깐부,station,AMBIGUOUS,True,NO_USABLE_CANDIDATE,False,AMBIGUOUS,9,5,QWEN,"1,0,2",1,"깐부치킨 강남구청역3번출구점치킨,닭강정",True,HIGH,https://pcmap.place.naver.com/restaurant/34721975/home,34721975,DOM_DATA_NLOG,,FAIL,"깐부치킨 강남구청역3번출구점치킨,닭강정",7수인분당강남구청역 3번 출구에서 113m,,CONTAINED,DIFFERENT,TOP_K_DETAIL_VALIDATION_FAILED,TOP_K_DETAIL_VALIDATION_FAILED,3520,3
KOMSCO_DIRECT_NAVER_FALLBACK,MATCHED,4986,텐트리키친,논현역 텐트리키친,naver_local_fallback,AMBIGUOUS,True,ENRICHED:RESOLVED,True,RESOLVED,1,1,SINGLE_CANDIDATE,0,0,텐트리키친한식,False,,#,1946818857,DOM_DATA_NLOG,1,PASS,텐트리키친한식,서울 강남구 학동로4길 35 지하 101호,,CONTAINED,PARTIAL,,,1714,1
KOMSCO_DIRECT_NAVER_FALLBACK,UNMATCHED,4998,본죽본죽&비빔밥 강남구청역점,강남구청역 본죽본죽&비빔밥 강남구청역점,station,AMBIGUOUS,False,SKIPPED_NO_NAVER_MATCH,False,AMBIGUOUS,1,1,SINGLE_CANDIDATE,0,0,본죽&비빔밥cafe 강남구청역점,False,,https://pcmap.place.naver.com/restaurant/1085849913/home,1085849913,DOM_DATA_NLOG,,FAIL,본죽&비빔밥cafe 강남구청역점,"강남구청역 3번 출구에서 도보 3분 거리에 위치해 있습니다. 출구에서 직진 후 선릉로131길 방향으로 들어오면 1층에 매장이 보이며, 주변 직장인과 혼밥 고객이 많이 찾는 접근성 좋은 매장입니다.",,DIFFERENT,DIFFERENT,TOP_K_DETAIL_VALIDATION_FAILED,TOP_K_DETAIL_VALIDATION_FAILED,1171,1
KOMSCO_DIRECT_NAVER_FALLBACK,MATCHED,5015,투다리,논현역 투다리,station,RESOLVED,False,NOT_REQUIRED,False,RESOLVED,3,3,QWEN,"0,1,2",0,"투다리 논현1호점오뎅,꼬치",True,LOW,#,33920128,DOM_DATA_NLOG,1,PASS,"투다리 논현1호점오뎅,꼬치",서울 강남구 강남대로124길 45,,CONTAINED,PARTIAL,,,2304,1
KOMSCO_DIRECT_NAVER_FALLBACK,MATCHED,5016,투다리 논현3점,언주역 투다리 논현3점,naver_local_fallback,AMBIGUOUS,True,ENRICHED:RESOLVED,True,RESOLVED,1,1,SINGLE_CANDIDATE,0,0,"투다리 논현3점오뎅,꼬치",False,,#,38623517,DOM_DATA_NLOG,1,PASS,"투다리 논현3점오뎅,꼬치",서울 강남구 언주로113길 19,,CONTAINED,PARTIAL,,,3484,1
KOMSCO_DIRECT_NAVER_FALLBACK,MATCHED,5018,(주)스포라이브리테일,강남구 (주)스포라이브리테일,gangnam,NOT_FOUND,True,NO_RESULT,False,NOT_FOUND,1,1,SINGLE_CANDIDATE,0,0,,False,,,,,,NOT_ATTEMPTED,,,,UNKNOWN,UNKNOWN,PLACE_ID_NOT_IN_CANDIDATE_DOM,PLACE_ID_NOT_IN_CANDIDATE_DOM,5621,0
KOMSCO_DIRECT_NAVER_FALLBACK,UNMATCHED,5022,교습,신논현역 교습,station,AMBIGUOUS,False,SKIPPED_NO_NAVER_MATCH,False,AMBIGUOUS,9,5,QWEN,"4,3,0",4,"이앤이학원교습학원,교습소",True,LOW,https://pcmap.place.naver.com/restaurant/20622609/home,20622609,DOM_DATA_NLOG,,FAIL,"이앤이학원교습학원,교습소",서울 강남구 강남대로120길 46 2층,,CONTAINED,DIFFERENT,TOP_K_DETAIL_VALIDATION_FAILED,TOP_K_DETAIL_VALIDATION_FAILED,4412,2
KOMSCO_DIRECT_NAVER_FALLBACK,UNMATCHED,5028,마봉양꼬치,언주역 마봉양꼬치,station,AMBIGUOUS,False,SKIPPED_NO_NAVER_MATCH,False,AMBIGUOUS,1,1,SINGLE_CANDIDATE,0,0,고양꼬치 논현언주역점,False,,https://pcmap.place.naver.com/restaurant/1857314408/home,1857314408,DOM_DATA_NLOG,,FAIL,고양꼬치 논현언주역점,서울 강남구 봉은사로29길 13,,DIFFERENT,DIFFERENT,TOP_K_DETAIL_VALIDATION_FAILED,TOP_K_DETAIL_VALIDATION_FAILED,928,1
KOMSCO_DIRECT_NAVER_FALLBACK,UNMATCHED,5031,외계인 방앗간,강남구청역 외계인 방앗간,station,AMBIGUOUS,False,SKIPPED_NO_NAVER_MATCH,False,AMBIGUOUS,1,1,SINGLE_CANDIDATE,0,0,외계인방앗간 본점베이커리,False,,https://pcmap.place.naver.com/restaurant/33879353/home,33879353,DOM_DATA_NLOG,,FAIL,외계인방앗간 본점베이커리,서울 강남구 논현로149길 19 정암빌라,,CONTAINED,DIFFERENT,TOP_K_DETAIL_VALIDATION_FAILED,TOP_K_DETAIL_VALIDATION_FAILED,882,1
KOMSCO_DIRECT_NAVER_FALLBACK,AMBIGUOUS,5037,한양인테리어,신사역 한양인테리어,station,AMBIGUOUS,False,SKIPPED_NO_NAVER_MATCH,False,AMBIGUOUS,2,2,QWEN,"0,1",0,"현대L&C 한양건장 대청마루가구,인테리어",True,LOW,https://pcmap.place.naver.com/restaurant/18507788/home,18507788,DOM_DATA_NLOG,,FAIL,"현대L&C 한양건장 대청마루가구,인테리어",서울 강남구 학동로 212,,DIFFERENT,DIFFERENT,TOP_K_DETAIL_VALIDATION_FAILED,TOP_K_DETAIL_VALIDATION_FAILED,2421,1
KOMSCO_DIRECT_NAVER_FALLBACK,MATCHED,5042,개성집,신논현역 개성집,naver_local_fallback,AMBIGUOUS,True,ENRICHED:RESOLVED,True,RESOLVED,3,3,QWEN,"0,2,1",0,개성집,True,LOW,#,13575081,DOM_DATA_NLOG,1,PASS,개성집,서울 강남구 봉은사로1길 6 1층,,EXACT,PARTIAL,,,5435,1
KOMSCO_DIRECT_NAVER_FALLBACK,UNMATCHED,5043,문,강남구청역 문,station,AMBIGUOUS,False,SKIPPED_NO_NAVER_MATCH,False,AMBIGUOUS,9,5,QWEN,"1,4,3",1,문 크리스탈 BAR바(BAR),True,LOW,https://pcmap.place.naver.com/restaurant/1114903044/home,1114903044,DOM_DATA_NLOG,,FAIL,문 크리스탈 BAR바(BAR),7수인분당강남구청역 3-1번 출구에서 654m,,CONTAINED,DIFFERENT,TOP_K_DETAIL_VALIDATION_FAILED,TOP_K_DETAIL_VALIDATION_FAILED,4014,3
KOMSCO_DIRECT_NAVER_FALLBACK,UNMATCHED,5052,(주)에이허브,강남구 (주)에이허브,gangnam,NOT_FOUND,False,SKIPPED_NO_NAVER_MATCH,False,NOT_FOUND,0,0,DETERMINISTIC,,,,False,,,,,,NOT_ATTEMPTED,,,,UNKNOWN,UNKNOWN,NO_CONFIDENT_CANDIDATE,NO_CONFIDENT_CANDIDATE,5441,0
KOMSCO_DIRECT_NAVER_FALLBACK,MATCHED,5056,에스티세무회계,학동역 에스티세무회계,station,AMBIGUOUS,True,NO_RESULT,False,AMBIGUOUS,1,1,SINGLE_CANDIDATE,0,0,에스티세무회계세무사,False,,https://pcmap.place.naver.com/restaurant/1600120820/home,1600120820,DOM_DATA_NLOG,,FAIL,에스티세무회계세무사,서울 강남구 논현로122길 10 4층,,CONTAINED,DIFFERENT,TOP_K_DETAIL_VALIDATION_FAILED,TOP_K_DETAIL_VALIDATION_FAILED,1095,1
KOMSCO_DIRECT_NAVER_FALLBACK,MATCHED,5060,와슈다이닝 슈토,학동역 와슈다이닝 슈토,naver_local_fallback,AMBIGUOUS,True,ENRICHED:RESOLVED,True,RESOLVED,1,1,SINGLE_CANDIDATE,0,0,와슈다이닝 슈토일식당,False,,#,212256181,DOM_DATA_NLOG,1,PASS,와슈다이닝 슈토일식당,서울 강남구 논현로134길 9,일식당,CONTAINED,PARTIAL,,,1829,1
KOMSCO_DIRECT_NAVER_FALLBACK,UNMATCHED,5085,쁘띠팔레,강남구청역 쁘띠팔레,station,AMBIGUOUS,False,SKIPPED_NO_NAVER_MATCH,False,AMBIGUOUS,1,1,SINGLE_CANDIDATE,0,0,폰티라운지베이커리,False,,https://pcmap.place.naver.com/restaurant/1549130148/home,1549130148,DOM_DATA_NLOG,,FAIL,폰티라운지베이커리,강남구청역 3번출구 (5분거리) cu골목길에서 직진 - 와인비젼아카데미 사거리에서 좌회전 1층,,DIFFERENT,DIFFERENT,TOP_K_DETAIL_VALIDATION_FAILED,TOP_K_DETAIL_VALIDATION_FAILED,1046,1
KOMSCO_DIRECT_NAVER_FALLBACK,MATCHED,5092,계작살,논현역 계작살,station,RESOLVED,False,NOT_REQUIRED,False,RESOLVED,1,1,SINGLE_CANDIDATE,0,0,계작살닭갈비,False,,#,1855855409,DOM_DATA_NLOG,1,PASS,계작살닭갈비,서울 강남구 강남대로128길 6 지상2층,,CONTAINED,PARTIAL,,,826,1
KOMSCO_DIRECT_NAVER_FALLBACK,MATCHED,5111,우정양곱창,학동역 우정양곱창,naver_local_fallback,AMBIGUOUS,True,ENRICHED:RESOLVED,True,RESOLVED,1,1,SINGLE_CANDIDATE,0,0,"우정양곱창곱창,막창,양",False,,#,1921750340,DOM_DATA_NLOG,1,PASS,"우정양곱창곱창,막창,양",서울 강남구 도산대로30길 23 1층 우정양곱창,,CONTAINED,PARTIAL,,,3663,1
KOMSCO_DIRECT_NAVER_FALLBACK,UNMATCHED,5121,다인맛집,논현동 다인맛집,dong,AMBIGUOUS,False,SKIPPED_NO_NAVER_MATCH,False,AMBIGUOUS,2,2,QWEN,"1,0",1,다인식당한식,True,LOW,https://pcmap.place.naver.com/restaurant/1062144911/home,1062144911,DOM_DATA_NLOG,,FAIL,다인식당한식,서울 강남구 테헤란로 309 삼성제일빌딩 지하1층,다인식당,DIFFERENT,DIFFERENT,TOP_K_DETAIL_VALIDATION_FAILED,TOP_K_DETAIL_VALIDATION_FAILED,5817,2
KOMSCO_DIRECT_NAVER_FALLBACK,AMBIGUOUS,5131,제이콥스플래닝앤디자인,강남구 제이콥스플래닝앤디자인,gangnam,NOT_FOUND,False,SKIPPED_NO_NAVER_MATCH,False,NOT_FOUND,1,1,SINGLE_CANDIDATE,0,0,,False,,,,,,NOT_ATTEMPTED,,,,UNKNOWN,UNKNOWN,PLACE_ID_NOT_IN_CANDIDATE_DOM,PLACE_ID_NOT_IN_CANDIDATE_DOM,5537,0
KOMSCO_DIRECT_NAVER_FALLBACK,AMBIGUOUS,5132,가츠몽 논현 아크로힐스,선정릉역 가츠몽 논현 아크로힐스,station,AMBIGUOUS,False,SKIPPED_NO_NAVER_MATCH,False,AMBIGUOUS,1,1,SINGLE_CANDIDATE,0,0,가츠몽 논현아크로힐스점돈가스,False,,https://pcmap.place.naver.com/restaurant/1682475256/home,1682475256,DOM_DATA_NLOG,,FAIL,가츠몽 논현아크로힐스점돈가스,서울 강남구 언주로 604 ACROHILLS논현,,CONTAINED,DIFFERENT,TOP_K_DETAIL_VALIDATION_FAILED,TOP_K_DETAIL_VALIDATION_FAILED,888,1
KOMSCO_DIRECT_NAVER_FALLBACK,MATCHED,5142,논골집 영동점,신논현역 논골집 영동점,station,RESOLVED,False,NOT_REQUIRED,False,RESOLVED,1,1,SINGLE_CANDIDATE,0,0,논골집 영동점소고기구이,False,,#,18557409,DOM_DATA_NLOG,1,PASS,논골집 영동점소고기구이,서울 강남구 강남대로122길 12,,CONTAINED,PARTIAL,,,865,1
KOMSCO_DIRECT_NAVER_FALLBACK,MATCHED,5155,최전방부대찌개,강남구청역 최전방부대찌개,station,AMBIGUOUS,True,NO_USABLE_CANDIDATE,False,AMBIGUOUS,1,1,SINGLE_CANDIDATE,0,0,최전방부대찌개&닭갈비 논현직영점한식,False,,https://pcmap.place.naver.com/restaurant/20643154/home,20643154,DOM_DATA_NLOG,,FAIL,최전방부대찌개&닭갈비 논현직영점한식,7수인분당강남구청역 3-1번 출구에서 794m,,CONTAINED,DIFFERENT,TOP_K_DETAIL_VALIDATION_FAILED,TOP_K_DETAIL_VALIDATION_FAILED,881,1
KOMSCO_DIRECT_NAVER_FALLBACK,UNMATCHED,5156,테이스트앤드테이스트,강남구 테이스트앤드테이스트,gangnam,NOT_FOUND,False,SKIPPED_NO_NAVER_MATCH,False,NOT_FOUND,0,0,DETERMINISTIC,,,,False,,,,,,NOT_ATTEMPTED,,,,UNKNOWN,UNKNOWN,NO_CONFIDENT_CANDIDATE,NO_CONFIDENT_CANDIDATE,5720,0
KOMSCO_DIRECT_NAVER_FALLBACK,MATCHED,5167,반포식스 선정릉역점,선정릉역 반포식스 선정릉역점,naver_local_fallback,AMBIGUOUS,True,ENRICHED:AMBIGUOUS,False,AMBIGUOUS,1,1,SINGLE_CANDIDATE,0,0,반포식스 선정릉역점,False,,https://pcmap.place.naver.com/restaurant/35781732/home,35781732,DOM_DATA_NLOG,,FAIL,반포식스 선정릉역점,"반포식스 선정릉역점은 선정릉역 1번 출구에서 도보 약 1분 거리에 위치하고 있습니다. 지하철역과 가까워 대중교통으로 방문하기 편리하며, 선릉역 과 강남구청 방향에서도 접근하기 좋은 위치입니다. 매...",,EXACT,DIFFERENT,TOP_K_DETAIL_VALIDATION_FAILED,TOP_K_DETAIL_VALIDATION_FAILED,1658,1
KOMSCO_DIRECT_NAVER_FALLBACK,MATCHED,5169,왕창칼국수,학동역 왕창칼국수,station,AMBIGUOUS,True,NO_USABLE_CANDIDATE,False,AMBIGUOUS,1,1,SINGLE_CANDIDATE,0,0,"왕창칼국수칼국수,만두",False,,https://pcmap.place.naver.com/restaurant/20912428/home,20912428,DOM_DATA_NLOG,,FAIL,"왕창칼국수칼국수,만두",서울 강남구 도산대로26길 23 1층 왕창칼국수,,CONTAINED,DIFFERENT,TOP_K_DETAIL_VALIDATION_FAILED,TOP_K_DETAIL_VALIDATION_FAILED,1012,1
KOMSCO_DIRECT_NAVER_FALLBACK,UNMATCHED,5172,칠(Chill),강남구 칠(Chill),gangnam,AMBIGUOUS,False,SKIPPED_NO_NAVER_MATCH,False,AMBIGUOUS,1,1,SINGLE_CANDIDATE,0,0,칠네일,False,,https://pcmap.place.naver.com/restaurant/1620176825/home,1620176825,DOM_DATA_NLOG,,FAIL,칠네일,서울 서초구 효령로 304 국제전자센터 b1 9호,,DIFFERENT,DIFFERENT,TOP_K_DETAIL_VALIDATION_FAILED,TOP_K_DETAIL_VALIDATION_FAILED,6319,1
KOMSCO_DIRECT_NAVER_FALLBACK,MATCHED,5180,별미식당,학동역 별미식당,naver_local_fallback,AMBIGUOUS,True,ENRICHED:AMBIGUOUS,False,AMBIGUOUS,6,5,QWEN,"0,4,1",0,"달인대보칼국수 강남논현점칼국수,만두",True,LOW,https://pcmap.place.naver.com/restaurant/2013225928/home,2013225928,DOM_DATA_NLOG,,FAIL,"달인대보칼국수 강남논현점칼국수,만두",서울 강남구 언주로 615 103동 113호,,DIFFERENT,DIFFERENT,TOP_K_DETAIL_VALIDATION_FAILED,TOP_K_DETAIL_VALIDATION_FAILED,6029,2
KOMSCO_DIRECT_NAVER_FALLBACK,MATCHED,5184,꽃뱅이,강남구청역 꽃뱅이,naver_local_fallback,AMBIGUOUS,True,ENRICHED:AMBIGUOUS,False,AMBIGUOUS,1,1,SINGLE_CANDIDATE,0,0,꽃뱅이포장마차,False,,https://pcmap.place.naver.com/restaurant/1128442820/home,1128442820,DOM_DATA_NLOG,,FAIL,꽃뱅이포장마차,7수인분당강남구청역 2번 출구에서 189m,,CONTAINED,DIFFERENT,TOP_K_DETAIL_VALIDATION_FAILED,TOP_K_DETAIL_VALIDATION_FAILED,1624,1
KOMSCO_DIRECT_NAVER_FALLBACK,MATCHED,5186,희(HEE),강남구청역 희(HEE),naver_local_fallback,AMBIGUOUS,True,ENRICHED:AMBIGUOUS,False,AMBIGUOUS,1,1,SINGLE_CANDIDATE,0,0,희(HEE)술집,False,,https://pcmap.place.naver.com/restaurant/31055061/home,31055061,DOM_DATA_NLOG,,FAIL,희(HEE)술집,7수인분당강남구청역 3-1번 출구에서 582m,,CONTAINED,DIFFERENT,TOP_K_DETAIL_VALIDATION_FAILED,TOP_K_DETAIL_VALIDATION_FAILED,2100,1
KOMSCO_DIRECT_NAVER_FALLBACK,MATCHED,5193,박성희가 요리하는 집,강남구 박성희가 요리하는 집,gangnam,NOT_FOUND,True,NO_USABLE_CANDIDATE,False,NOT_FOUND,1,1,SINGLE_CANDIDATE,0,0,,False,,,,,,NOT_ATTEMPTED,,,,UNKNOWN,UNKNOWN,PLACE_ID_NOT_IN_CANDIDATE_DOM,PLACE_ID_NOT_IN_CANDIDATE_DOM,5627,0
KOMSCO_DIRECT_NAVER_FALLBACK,UNMATCHED,5195,알로하포케 학동점,학동역 알로하포케 학동점,station,AMBIGUOUS,False,SKIPPED_NO_NAVER_MATCH,False,AMBIGUOUS,1,1,SINGLE_CANDIDATE,0,0,알로하포케 학동본점,False,,https://pcmap.place.naver.com/restaurant/38327984/home,38327984,DOM_DATA_NLOG,,FAIL,알로하포케 학동본점,서울 강남구 논현로 705 1층,,DIFFERENT,DIFFERENT,TOP_K_DETAIL_VALIDATION_FAILED,TOP_K_DETAIL_VALIDATION_FAILED,1237,1
KOMSCO_DIRECT_NAVER_FALLBACK,UNMATCHED,5199,The A(더에이),강남구청역 The A(더에이),station,AMBIGUOUS,False,SKIPPED_NO_NAVER_MATCH,False,AMBIGUOUS,2,2,QWEN,"0,1",0,더코퍼레이션소프트웨어개발,True,LOW,https://pcmap.place.naver.com/restaurant/1643674076/home,1643674076,DOM_DATA_NLOG,,FAIL,더코퍼레이션소프트웨어개발,서울 강남구 테헤란로77길 13 창조빌딩 10층,,DIFFERENT,DIFFERENT,TOP_K_DETAIL_VALIDATION_FAILED,TOP_K_DETAIL_VALIDATION_FAILED,2745,2
KOMSCO_DIRECT_NAVER_FALLBACK,MATCHED,5205,단스시,학동역 단스시,naver_local_fallback,AMBIGUOUS,True,ENRICHED:RESOLVED,True,RESOLVED,1,1,SINGLE_CANDIDATE,0,0,"단스시초밥,롤",False,,#,20601226,DOM_DATA_NLOG,1,PASS,"단스시초밥,롤",서울 강남구 언주로 652 쿠쿠빌딩,,CONTAINED,PARTIAL,,,1639,1
KOMSCO_DIRECT_NAVER_FALLBACK,MATCHED,5213,그때그집,강남구청역 그때그집,naver_local_fallback,AMBIGUOUS,True,ENRICHED:RESOLVED,True,RESOLVED,3,3,QWEN,"0,1,2",0,"그때그집족발,보쌈",True,LOW,#,18521363,DOM_DATA_NLOG,1,PASS,"그때그집족발,보쌈","서울 강남구 선릉로129길 17 1층,2층",,CONTAINED,PARTIAL,,,5426,1
KOMSCO_DIRECT_NAVER_FALLBACK,UNMATCHED,5219,화랑이노베이션,강남구 화랑이노베이션,gangnam,NOT_FOUND,False,SKIPPED_NO_NAVER_MATCH,False,NOT_FOUND,0,0,DETERMINISTIC,,,,False,,,,,,NOT_ATTEMPTED,,,,UNKNOWN,UNKNOWN,NO_CONFIDENT_CANDIDATE,NO_CONFIDENT_CANDIDATE,5451,0
KOMSCO_DIRECT_NAVER_FALLBACK,MATCHED,5220,마케집,신논현역 마케집,station,RESOLVED,False,NOT_REQUIRED,False,RESOLVED,1,1,SINGLE_CANDIDATE,0,0,마케집 논현점생선회,False,,#,1619880023,DOM_DATA_NLOG,1,PASS,마케집 논현점생선회,서울 강남구 강남대로118길 12 1층,,CONTAINED,PARTIAL,,,1105,1
KOMSCO_DIRECT_NAVER_FALLBACK,UNMATCHED,5230,창우수산활새우직판장,강남구청역 창우수산활새우직판장,station,AMBIGUOUS,False,SKIPPED_NO_NAVER_MATCH,False,AMBIGUOUS,1,1,SINGLE_CANDIDATE,0,0,365활새우 창우수산 강남본점,False,,https://pcmap.place.naver.com/restaurant/1136980373/home,1136980373,DOM_DATA_NLOG,,FAIL,365활새우 창우수산 강남본점,"서울 강남구 학동로 338 강남파라곤 로비층 107호, 108호",,DIFFERENT,DIFFERENT,TOP_K_DETAIL_VALIDATION_FAILED,TOP_K_DETAIL_VALIDATION_FAILED,829,1
KOMSCO_DIRECT_NAVER_FALLBACK,MATCHED,5235,시오,강남구청역 시오,naver_local_fallback,AMBIGUOUS,True,ENRICHED:AMBIGUOUS,False,AMBIGUOUS,5,5,QWEN,"0,1,4",0,치폴리니 강남점샌드위치,True,LOW,https://pcmap.place.naver.com/restaurant/1460654795/home,1460654795,DOM_DATA_NLOG,,FAIL,치폴리니 강남점샌드위치,서울 강남구 봉은사로29길 35 지하2층 21호,,DIFFERENT,DIFFERENT,TOP_K_DETAIL_VALIDATION_FAILED,TOP_K_DETAIL_VALIDATION_FAILED,4116,3
KOMSCO_DIRECT_NAVER_FALLBACK,UNMATCHED,5241,(주)에이원민턴,강남구 (주)에이원민턴,gangnam,AMBIGUOUS,False,SKIPPED_NO_NAVER_MATCH,False,AMBIGUOUS,3,3,QWEN,"1,2,0",1,에이원민턴 스킬트레이닝센터청담점배드민턴장,True,LOW,https://pcmap.place.naver.com/restaurant/1872835050/home,1872835050,DOM_DATA_NLOG,,FAIL,에이원민턴 스킬트레이닝센터청담점배드민턴장,서울 강남구 영동대로131길 14-3 지하층 1호,,DIFFERENT,DIFFERENT,TOP_K_DETAIL_VALIDATION_FAILED,TOP_K_DETAIL_VALIDATION_FAILED,8341,3
KOMSCO_DIRECT_NAVER_FALLBACK,MATCHED,5244,난랑,학동역 난랑,naver_local_fallback,AMBIGUOUS,True,ENRICHED:RESOLVED,True,RESOLVED,1,1,SINGLE_CANDIDATE,0,0,난랑중식당,False,,#,21027893,DOM_DATA_NLOG,1,PASS,난랑중식당,서울 강남구 논현로132길 13 1층 난랑,,CONTAINED,PARTIAL,,,1581,1
KOMSCO_DIRECT_NAVER_FALLBACK,MATCHED,5251,장어의전설,신논현역 장어의전설,station,RESOLVED,False,NOT_REQUIRED,False,RESOLVED,1,1,SINGLE_CANDIDATE,0,0,장어의전설,False,,#,13534181,DOM_DATA_NLOG,1,PASS,장어의전설,서울 강남구 강남대로114길 17 정진빌딩,,EXACT,PARTIAL,,,766,1
KOMSCO_DIRECT_NAVER_FALLBACK,MATCHED,5255,라쿵푸 강남구청점,강남구청역 라쿵푸 강남구청점,station,AMBIGUOUS,True,NO_USABLE_CANDIDATE,False,AMBIGUOUS,1,1,SINGLE_CANDIDATE,0,0,라쿵푸마라탕 강남구청점마라탕,False,,https://pcmap.place.naver.com/restaurant/1172844655/home,1172844655,DOM_DATA_NLOG,,FAIL,라쿵푸마라탕 강남구청점마라탕,서울 강남구 학동로 342 에스케이허브블루 1층 101호,,DIFFERENT,PARTIAL,TOP_K_DETAIL_VALIDATION_FAILED,TOP_K_DETAIL_VALIDATION_FAILED,942,1
KOMSCO_DIRECT_NAVER_FALLBACK,UNMATCHED,5259,양곶간,강남구 양곶간,gangnam,NOT_FOUND,False,SKIPPED_NO_NAVER_MATCH,False,NOT_FOUND,0,0,DETERMINISTIC,,,,False,,,,,,NOT_ATTEMPTED,,,,UNKNOWN,UNKNOWN,NO_CONFIDENT_CANDIDATE,NO_CONFIDENT_CANDIDATE,5722,0
KOMSCO_DIRECT_NAVER_FALLBACK,UNMATCHED,5278,리저브씨앤씨 주식회사,강남구 리저브씨앤씨 주식회사,gangnam,NOT_FOUND,False,SKIPPED_NO_NAVER_MATCH,False,NOT_FOUND,0,0,DETERMINISTIC,,,,False,,,,,,NOT_ATTEMPTED,,,,UNKNOWN,UNKNOWN,NO_CONFIDENT_CANDIDATE,NO_CONFIDENT_CANDIDATE,5537,0
KOMSCO_DIRECT_NAVER_FALLBACK,MATCHED,5282,이층고깃집 강남구청역점,강남구청역 이층고깃집 강남구청역점,naver_local_fallback,AMBIGUOUS,True,ENRICHED:AMBIGUOUS,False,AMBIGUOUS,1,1,SINGLE_CANDIDATE,0,0,이층고깃집 강남구청역점,False,,https://pcmap.place.naver.com/restaurant/38269378/home,38269378,DOM_DATA_NLOG,,FAIL,이층고깃집 강남구청역점,"강남구청역 2번출구로 나와 스타벅스와 맥도날드 사잇길로 진입하여 10미터 정도 올라와서, 왼쪽 신축 건물과 칼국수집 사이 골목으로 들어 오시면 오른쪽에 바로 강남구청역 맛집 이층고깃집 간판이 보입니다.",,EXACT,DIFFERENT,TOP_K_DETAIL_VALIDATION_FAILED,TOP_K_DETAIL_VALIDATION_FAILED,3591,1
KOMSCO_DIRECT_NAVER_FALLBACK,MATCHED,5284,논현빈대떡,학동역 논현빈대떡,naver_local_fallback,AMBIGUOUS,True,ENRICHED:RESOLVED,True,RESOLVED,4,4,QWEN,"0,1,2",0,"논현빈대떡전,빈대떡",True,LOW,#,13391171,DOM_DATA_NLOG,1,PASS,"논현빈대떡전,빈대떡",서울 강남구 학동로 224 삼환아르누보 1층 108호,,CONTAINED,PARTIAL,,,5703,1
KOMSCO_DIRECT_NAVER_FALLBACK,MATCHED,5289,술이 그린 밤,논현역 술이 그린 밤,naver_local_fallback,AMBIGUOUS,True,ENRICHED:RESOLVED,True,RESOLVED,1,1,SINGLE_CANDIDATE,0,0,술이 그린 밤,False,,#,1160452164,DOM_DATA_NLOG,1,PASS,술이 그린 밤,서울 강남구 강남대로124길 3-6 1층,,EXACT,PARTIAL,,,1780,1
KOMSCO_DIRECT_NAVER_FALLBACK,MATCHED,5297,왕소금구이,강남구청역 왕소금구이,naver_local_fallback,AMBIGUOUS,True,ENRICHED:AMBIGUOUS,False,AMBIGUOUS,2,2,QWEN,"1,0",1,"왕소금구이육류,고기요리",True,LOW,https://pcmap.place.naver.com/restaurant/11860955/home,11860955,DOM_DATA_NLOG,,FAIL,"왕소금구이육류,고기요리",7수인분당강남구청역 3-1번 출구에서 811m,,CONTAINED,DIFFERENT,TOP_K_DETAIL_VALIDATION_FAILED,TOP_K_DETAIL_VALIDATION_FAILED,5253,2
KOMSCO_DIRECT_NAVER_FALLBACK,UNMATCHED,5298,순두부와삼겹살,강남구 순두부와삼겹살,gangnam,AMBIGUOUS,False,SKIPPED_NO_NAVER_MATCH,False,AMBIGUOUS,1,1,SINGLE_CANDIDATE,0,0,순두부와 삼겹살두부요리,False,,https://pcmap.place.naver.com/restaurant/11709771/home,11709771,DOM_DATA_NLOG,,FAIL,순두부와 삼겹살두부요리,서울 강남구 영동대로86길 10-7,,CONTAINED,DIFFERENT,TOP_K_DETAIL_VALIDATION_FAILED,TOP_K_DETAIL_VALIDATION_FAILED,6063,1
KOMSCO_DIRECT_NAVER_FALLBACK,UNMATCHED,5304,돼지연구소,강남구 돼지연구소,gangnam,AMBIGUOUS,False,SKIPPED_NO_NAVER_MATCH,False,AMBIGUOUS,1,1,SINGLE_CANDIDATE,0,0,돼지연구소 양재직영점돼지고기구이,False,,https://pcmap.place.naver.com/restaurant/37236849/home,37236849,DOM_DATA_NLOG,,FAIL,돼지연구소 양재직영점돼지고기구이,서울 서초구 강남대로45길 24,,CONTAINED,DIFFERENT,TOP_K_DETAIL_VALIDATION_FAILED,TOP_K_DETAIL_VALIDATION_FAILED,5973,1
KOMSCO_DIRECT_NAVER_FALLBACK,MATCHED,5312,보전식당,학동역 보전식당,station,AMBIGUOUS,True,NO_USABLE_CANDIDATE,False,AMBIGUOUS,2,2,QWEN,"0,1",0,양양집 신논현점,True,LOW,https://pcmap.place.naver.com/restaurant/2015569256/home,2015569256,DOM_DATA_NLOG,,FAIL,양양집 신논현점,"양양집 신논현점은 서울 서초구 사평대로56길 8 1층에 위치한 신논현맛집입니다. 신논현역(9호선/신분당선) 9번 출구에서 도보 2~3분 거리로, 출구에서 직진 후 GS칼텍스 주유소 골목으로 들어오시면 ...",,DIFFERENT,DIFFERENT,TOP_K_DETAIL_VALIDATION_FAILED,TOP_K_DETAIL_VALIDATION_FAILED,2439,1
KOMSCO_DIRECT_NAVER_FALLBACK,UNMATCHED,5313,자미당 논현점,강남구 자미당 논현점,gangnam,NOT_FOUND,False,SKIPPED_NO_NAVER_MATCH,False,NOT_FOUND,0,0,DETERMINISTIC,,,,False,,,,,,NOT_ATTEMPTED,,,,UNKNOWN,UNKNOWN,NO_CONFIDENT_CANDIDATE,NO_CONFIDENT_CANDIDATE,5690,0
KOMSCO_DIRECT_NAVER_FALLBACK,MATCHED,5316,현대순대국,논현역 현대순대국,station,AMBIGUOUS,True,NO_USABLE_CANDIDATE,False,AMBIGUOUS,2,2,QWEN,"0,1",0,"현대순대국2호점순대,순댓국",True,HIGH,https://pcmap.place.naver.com/restaurant/1059748045/home,1059748045,DOM_DATA_NLOG,,FAIL,"현대순대국2호점순대,순댓국",서울 강남구 강남대로128길 6 지하1층,,CONTAINED,DIFFERENT,TOP_K_DETAIL_VALIDATION_FAILED,TOP_K_DETAIL_VALIDATION_FAILED,2894,2
KOMSCO_DIRECT_NAVER_FALLBACK,UNMATCHED,5328,어리숙회,신논현역 어리숙회,station,AMBIGUOUS,False,SKIPPED_NO_NAVER_MATCH,False,AMBIGUOUS,1,1,SINGLE_CANDIDATE,0,0,어리숙회,False,,https://pcmap.place.naver.com/restaurant/38484211/home,38484211,DOM_DATA_NLOG,,FAIL,어리숙회,서울 강남구 강남대로122길 15 상당빌딩 302호(주차불가),일식당,EXACT,DIFFERENT,TOP_K_DETAIL_VALIDATION_FAILED,TOP_K_DETAIL_VALIDATION_FAILED,1039,1
KOMSCO_DIRECT_NAVER_FALLBACK,MATCHED,5338,셀렉커피랩 강남논현점,논현역 셀렉커피랩 강남논현점,station,RESOLVED,False,NOT_REQUIRED,False,RESOLVED,1,1,SINGLE_CANDIDATE,0,0,"셀렉커피랩 강남논현점카페,디저트",False,,#,1357987742,DOM_DATA_NLOG,1,PASS,"셀렉커피랩 강남논현점카페,디저트",서울 강남구 강남대로122길 39-9 지상1층,,CONTAINED,PARTIAL,,,836,1
KOMSCO_DIRECT_NAVER_FALLBACK,UNMATCHED,5347,이아컵케익,강남구 이아컵케익,gangnam,NOT_FOUND,False,SKIPPED_NO_NAVER_MATCH,False,NOT_FOUND,0,0,DETERMINISTIC,,,,False,,,,,,NOT_ATTEMPTED,,,,UNKNOWN,UNKNOWN,NO_CONFIDENT_CANDIDATE,NO_CONFIDENT_CANDIDATE,5701,0
KOMSCO_DIRECT_NAVER_FALLBACK,UNMATCHED,5354,우삼식당,강남구 우삼식당,gangnam,NOT_FOUND,False,SKIPPED_NO_NAVER_MATCH,False,NOT_FOUND,0,0,DETERMINISTIC,,,,False,,,,,,NOT_ATTEMPTED,,,,UNKNOWN,UNKNOWN,NO_CONFIDENT_CANDIDATE,NO_CONFIDENT_CANDIDATE,5539,0
KOMSCO_DIRECT_NAVER_FALLBACK,MATCHED,5359,명동칼국수샤브샤브 학동점,학동역 명동칼국수샤브샤브 학동점,naver_local_fallback,AMBIGUOUS,True,ENRICHED:RESOLVED,True,RESOLVED,1,1,SINGLE_CANDIDATE,0,0,"명동칼국수샤브샤브 학동점칼국수,만두",False,,#,38229656,DOM_DATA_NLOG,1,PASS,"명동칼국수샤브샤브 학동점칼국수,만두",서울 강남구 논현로132길 8,,CONTAINED,PARTIAL,,,1962,1
KOMSCO_DIRECT_NAVER_FALLBACK,MATCHED,5361,정육공방,학동역 정육공방,naver_local_fallback,AMBIGUOUS,True,ENRICHED:RESOLVED,True,RESOLVED,1,1,SINGLE_CANDIDATE,0,0,정육공방소고기구이,False,,#,1240960957,DOM_DATA_NLOG,1,PASS,정육공방소고기구이,서울 강남구 도산대로30길 24,,CONTAINED,PARTIAL,,,1674,1
KOMSCO_DIRECT_NAVER_FALLBACK,MATCHED,5365,스텔라떡볶이 강남논현점,신논현역 스텔라떡볶이 강남논현점,station,AMBIGUOUS,True,NO_USABLE_CANDIDATE,False,AMBIGUOUS,1,1,SINGLE_CANDIDATE,0,0,스텔라떡볶이 서울강남논현점,False,,https://pcmap.place.naver.com/restaurant/1107688766/home,1107688766,DOM_DATA_NLOG,,FAIL,스텔라떡볶이 서울강남논현점,서울 강남구 강남대로120길 18 1층 102호,,DIFFERENT,DIFFERENT,TOP_K_DETAIL_VALIDATION_FAILED,TOP_K_DETAIL_VALIDATION_FAILED,970,1
KOMSCO_DIRECT_NAVER_FALLBACK,UNMATCHED,5371,주)입속행복,강남구 주)입속행복,gangnam,NOT_FOUND,False,SKIPPED_NO_NAVER_MATCH,False,NOT_FOUND,0,0,DETERMINISTIC,,,,False,,,,,,NOT_ATTEMPTED,,,,UNKNOWN,UNKNOWN,NO_CONFIDENT_CANDIDATE,NO_CONFIDENT_CANDIDATE,5393,0
KOMSCO_DIRECT_NAVER_FALLBACK,MATCHED,5382,은주네분식,논현역 은주네분식,naver_local_fallback,AMBIGUOUS,True,ENRICHED:RESOLVED,True,RESOLVED,1,1,SINGLE_CANDIDATE,0,0,은주네분식,False,,#,1174341971,DOM_DATA_NLOG,1,PASS,은주네분식,서울 강남구 학동로4길 32,은주네분식,EXACT,PARTIAL,,,1789,1
KOMSCO_DIRECT_NAVER_FALLBACK,MATCHED,5406,영동원삼겹살,논현역 영동원삼겹살,naver_local_fallback,AMBIGUOUS,True,ENRICHED:RESOLVED,True,RESOLVED,1,1,SINGLE_CANDIDATE,0,0,영동원삼겹살돼지고기구이,False,,#,18509106,DOM_DATA_NLOG,1,PASS,영동원삼겹살돼지고기구이,서울 강남구 강남대로 520 영동빌딩,,CONTAINED,PARTIAL,,,1553,1
KOMSCO_DIRECT_NAVER_FALLBACK,UNMATCHED,5414,늘봄식품,강남구청역 늘봄식품,station,RESOLVED,False,NOT_REQUIRED,False,RESOLVED,2,2,QWEN,"0,1",0,"늘봄식품슈퍼,마트",True,LOW,#,1396257520,DOM_DATA_NLOG,1,PASS,"늘봄식품슈퍼,마트",서울 강남구 언주로150길 24,,CONTAINED,PARTIAL,,,2347,1
KOMSCO_DIRECT_NAVER_FALLBACK,AMBIGUOUS,5420,허당맛선생,학동역 허당맛선생,station,AMBIGUOUS,False,SKIPPED_NO_NAVER_MATCH,False,AMBIGUOUS,1,1,SINGLE_CANDIDATE,0,0,허당맛선생,False,,https://pcmap.place.naver.com/restaurant/1020703144/home,1020703144,DOM_DATA_NLOG,,FAIL,허당맛선생,서울 강남구 언주로129길 20 한국관세사회관 1층상가,한식,EXACT,DIFFERENT,TOP_K_DETAIL_VALIDATION_FAILED,TOP_K_DETAIL_VALIDATION_FAILED,861,1
KOMSCO_DIRECT_NAVER_FALLBACK,AMBIGUOUS,5448,동현김밥,강남구청역 동현김밥,station,AMBIGUOUS,False,SKIPPED_NO_NAVER_MATCH,False,AMBIGUOUS,3,3,QWEN,"0,1,2",0,GS25 논현동현점편의점,True,LOW,https://pcmap.place.naver.com/restaurant/18511094/home,18511094,DOM_DATA_NLOG,,FAIL,GS25 논현동현점편의점,7수인분당강남구청역 3-1번 출구에서 621m,,DIFFERENT,DIFFERENT,TOP_K_DETAIL_VALIDATION_FAILED,TOP_K_DETAIL_VALIDATION_FAILED,3358,3
KOMSCO_DIRECT_NAVER_FALLBACK,UNMATCHED,5462,무교동낙지,논현역 무교동낙지,station,AMBIGUOUS,False,SKIPPED_NO_NAVER_MATCH,False,AMBIGUOUS,1,1,SINGLE_CANDIDATE,0,0,무교동유정낙지 압구정점낙지요리,False,,https://pcmap.place.naver.com/restaurant/20809166/home,20809166,DOM_DATA_NLOG,,FAIL,무교동유정낙지 압구정점낙지요리,서울 강남구 논현로163길 10 베드로빌딩 1층,,DIFFERENT,DIFFERENT,TOP_K_DETAIL_VALIDATION_FAILED,TOP_K_DETAIL_VALIDATION_FAILED,926,1
KOMSCO_DIRECT_NAVER_FALLBACK,MATCHED,5466,이층집닭도리탕 강남논현점,논현역 이층집닭도리탕 강남논현점,naver_local_fallback,AMBIGUOUS,True,ENRICHED:RESOLVED,True,RESOLVED,1,1,SINGLE_CANDIDATE,0,0,이층집닭도리탕 강남논현점,False,,#,1270115043,DOM_DATA_NLOG,1,PASS,이층집닭도리탕 강남논현점,서울 강남구 강남대로124길 10 2층,,EXACT,PARTIAL,,,1835,1
KOMSCO_DIRECT_NAVER_FALLBACK,MATCHED,5467,행복밥상,논현역 행복밥상,naver_local_fallback,AMBIGUOUS,True,ENRICHED:RESOLVED,True,RESOLVED,2,2,QWEN,"0,1",0,행복밥상,True,HIGH,#,1628628131,DOM_DATA_NLOG,1,PASS,행복밥상,서울 강남구 학동로2길 28,,EXACT,PARTIAL,,,4483,1
KOMSCO_DIRECT_NAVER_FALLBACK,UNMATCHED,5484,제이스쿠킹팸(JAY'S COOKING FAM),강남구 제이스쿠킹팸(JAY'S COOKING FAM),gangnam,NOT_FOUND,False,SKIPPED_NO_NAVER_MATCH,False,NOT_FOUND,0,0,DETERMINISTIC,,,,False,,,,,,NOT_ATTEMPTED,,,,UNKNOWN,UNKNOWN,NO_CONFIDENT_CANDIDATE,NO_CONFIDENT_CANDIDATE,5620,0
KOMSCO_DIRECT_NAVER_FALLBACK,UNMATCHED,5500,주식회사 크리에이티브크리에이터,강남구 주식회사 크리에이티브크리에이터,gangnam,NOT_FOUND,False,SKIPPED_NO_NAVER_MATCH,False,NOT_FOUND,0,0,DETERMINISTIC,,,,False,,,,,,NOT_ATTEMPTED,,,,UNKNOWN,UNKNOWN,NO_CONFIDENT_CANDIDATE,NO_CONFIDENT_CANDIDATE,5494,0
KOMSCO_DIRECT_NAVER_FALLBACK,UNMATCHED,5503,키친몬,강남구 키친몬,gangnam,NOT_FOUND,False,SKIPPED_NO_NAVER_MATCH,False,NOT_FOUND,0,0,DETERMINISTIC,,,,False,,,,,,NOT_ATTEMPTED,,,,UNKNOWN,UNKNOWN,NO_CONFIDENT_CANDIDATE,NO_CONFIDENT_CANDIDATE,5528,0
KOMSCO_DIRECT_NAVER_FALLBACK,MATCHED,5508,그린레시피,신논현역 그린레시피,station,AMBIGUOUS,True,NO_RESULT,False,AMBIGUOUS,1,1,SINGLE_CANDIDATE,0,0,그린레시피,False,,https://pcmap.place.naver.com/restaurant/1666479590/home,1666479590,DOM_DATA_NLOG,,FAIL,그린레시피,서울 강남구 강남대로120길 31 1층 그린레시피,,EXACT,DIFFERENT,TOP_K_DETAIL_VALIDATION_FAILED,TOP_K_DETAIL_VALIDATION_FAILED,1320,1
KOMSCO_DIRECT_NAVER_FALLBACK,MATCHED,5512,찌개마을 시골촌,학동역 찌개마을 시골촌,station,RESOLVED,False,NOT_REQUIRED,False,RESOLVED,1,1,SINGLE_CANDIDATE,0,0,찌개마을시골촌닭볶음탕,False,,#,1451543155,DOM_DATA_NLOG,1,PASS,찌개마을시골촌닭볶음탕,서울 강남구 학동로34길 17 지상1층,,CONTAINED,PARTIAL,,,884,1
KOMSCO_DIRECT_NAVER_FALLBACK,MATCHED,5513,모우리,논현역 모우리,station,AMBIGUOUS,True,NO_USABLE_CANDIDATE,False,AMBIGUOUS,1,1,SINGLE_CANDIDATE,0,0,모우리 한우,False,,https://pcmap.place.naver.com/restaurant/269479759/home,269479759,DOM_DATA_NLOG,,FAIL,모우리 한우,"[주소] 서울 강남구 학동로2길 20, 2층 모우리한우 [지하철/도보] 7호선, 신분당선 논현역 3번 출구 1. 강남자생한방병원 골목으로 50m 직진 2. NH농협은행에서 왼쪽으로 30m 이동 3. 왼편 건물 2층으...",,CONTAINED,DIFFERENT,TOP_K_DETAIL_VALIDATION_FAILED,TOP_K_DETAIL_VALIDATION_FAILED,889,1
KOMSCO_DIRECT_NAVER_FALLBACK,MATCHED,5515,송가네,언주역 송가네,naver_local_fallback,AMBIGUOUS,True,ENRICHED:RESOLVED,True,RESOLVED,2,2,QWEN,"0,1",0,송가네한식,True,LOW,#,196686446,DOM_DATA_NLOG,1,PASS,송가네한식,서울 강남구 봉은사로25길 12,,CONTAINED,PARTIAL,,,4289,1
KOMSCO_DIRECT_NAVER_FALLBACK,UNMATCHED,5522,67소호,학동역 67소호,station,AMBIGUOUS,False,SKIPPED_NO_NAVER_MATCH,False,AMBIGUOUS,1,1,SINGLE_CANDIDATE,0,0,내외소호오피스임대업,False,,https://pcmap.place.naver.com/restaurant/33252122/home,33252122,DOM_DATA_NLOG,,FAIL,내외소호오피스임대업,서울 강남구 강남대로128길 67,,DIFFERENT,DIFFERENT,TOP_K_DETAIL_VALIDATION_FAILED,TOP_K_DETAIL_VALIDATION_FAILED,1080,1
KOMSCO_DIRECT_NAVER_FALLBACK,MATCHED,5524,고기가득덮밥 강남구청역점,강남구청역 고기가득덮밥 강남구청역점,station,RESOLVED,False,NOT_REQUIRED,False,RESOLVED,1,1,SINGLE_CANDIDATE,0,0,고기가득덮밥 강남구청역점,False,,#,2033746271,DOM_DATA_NLOG,1,PASS,고기가득덮밥 강남구청역점,서울 강남구 선릉로129길 5 1층 102호,,EXACT,PARTIAL,,,868,1
KOMSCO_DIRECT_NAVER_FALLBACK,UNMATCHED,5530,피자스쿨 강남논현점,신논현역 피자스쿨 강남논현점,station,AMBIGUOUS,False,SKIPPED_NO_NAVER_MATCH,False,AMBIGUOUS,1,1,SINGLE_CANDIDATE,0,0,피자스쿨 논현점피자,False,,https://pcmap.place.naver.com/restaurant/34489494/home,34489494,DOM_DATA_NLOG,,FAIL,피자스쿨 논현점피자,서울 강남구 강남대로122길 41,,DIFFERENT,DIFFERENT,TOP_K_DETAIL_VALIDATION_FAILED,TOP_K_DETAIL_VALIDATION_FAILED,1151,1
KOMSCO_DIRECT_NAVER_FALLBACK,MATCHED,5540,파파존스 논현점,강남구청역 파파존스 논현점,naver_local_fallback,AMBIGUOUS,True,ENRICHED:AMBIGUOUS,False,AMBIGUOUS,1,1,SINGLE_CANDIDATE,0,0,파파존스 논현점,False,,https://pcmap.place.naver.com/restaurant/1806255012/home,1806255012,DOM_DATA_NLOG,,FAIL,파파존스 논현점,7수인분당강남구청역 2번 출구에서 165m,,EXACT,DIFFERENT,TOP_K_DETAIL_VALIDATION_FAILED,TOP_K_DETAIL_VALIDATION_FAILED,1856,1
KOMSCO_DIRECT_NAVER_FALLBACK,MATCHED,5544,느엘스 플라워케이크,신사역 느엘스 플라워케이크,naver_local_fallback,NOT_FOUND,True,ENRICHED:NOT_FOUND,False,NOT_FOUND,1,1,SINGLE_CANDIDATE,0,0,,False,,,,,,NOT_ATTEMPTED,,,,UNKNOWN,UNKNOWN,PLACE_ID_NOT_IN_CANDIDATE_DOM,PLACE_ID_NOT_IN_CANDIDATE_DOM,6120,0
KOMSCO_DIRECT_NAVER_FALLBACK,MATCHED,5547,22FEB,선정릉역 22FEB,station,AMBIGUOUS,True,NO_RESULT,False,AMBIGUOUS,1,1,SINGLE_CANDIDATE,0,0,"22FEB스파게티,파스타전문",False,,https://pcmap.place.naver.com/restaurant/33868790/home,33868790,DOM_DATA_NLOG,,FAIL,"22FEB스파게티,파스타전문",강남구청역 2번출구 500m 선정릉역 1번출구 500m,,CONTAINED,DIFFERENT,TOP_K_DETAIL_VALIDATION_FAILED,TOP_K_DETAIL_VALIDATION_FAILED,1013,1
KOMSCO_DIRECT_NAVER_FALLBACK,UNMATCHED,5562,본죽&비빔밥 논현점,논현역 본죽&비빔밥 논현점,station,AMBIGUOUS,False,SKIPPED_NO_NAVER_MATCH,False,AMBIGUOUS,1,1,SINGLE_CANDIDATE,0,0,본죽&비빔밥cafe 논현점,False,,https://pcmap.place.naver.com/restaurant/1140039464/home,1140039464,DOM_DATA_NLOG,,FAIL,본죽&비빔밥cafe 논현점,서울 강남구 학동로4길 15 동화히스토리상가 1층 106호,,DIFFERENT,DIFFERENT,TOP_K_DETAIL_VALIDATION_FAILED,TOP_K_DETAIL_VALIDATION_FAILED,963,1
KOMSCO_DIRECT_NAVER_FALLBACK,AMBIGUOUS,5564,삼미,논현역 삼미,station,AMBIGUOUS,False,SKIPPED_NO_NAVER_MATCH,False,AMBIGUOUS,7,5,QWEN,"2,0,1",2,영동삼미숯불갈비돼지고기구이,True,LOW,https://pcmap.place.naver.com/restaurant/20601213/home,20601213,DOM_DATA_NLOG,,FAIL,영동삼미숯불갈비돼지고기구이,서울 강남구 학동로2길 30,,CONTAINED,DIFFERENT,TOP_K_DETAIL_VALIDATION_FAILED,TOP_K_DETAIL_VALIDATION_FAILED,3129,2
KOMSCO_DIRECT_NAVER_FALLBACK,MATCHED,5567,벨라꼬모,강남구청역 벨라꼬모,station,AMBIGUOUS,True,NO_RESULT,False,AMBIGUOUS,1,1,SINGLE_CANDIDATE,0,0,벨라꼬모,False,,https://pcmap.place.naver.com/restaurant/1393206844/home,1393206844,DOM_DATA_NLOG,,FAIL,벨라꼬모,강남구청역 3번출구 나오셔서 우회전 후 CU편의점에서 좌회전후 직진 내리막길 80미터 우측 (역에서 도보 4분) 02) 6402-1614,,EXACT,DIFFERENT,TOP_K_DETAIL_VALIDATION_FAILED,TOP_K_DETAIL_VALIDATION_FAILED,1001,1
KOMSCO_DIRECT_NAVER_FALLBACK,MATCHED,5570,엘에이양분식,언주역 엘에이양분식,naver_local_fallback,NOT_FOUND,True,ENRICHED:NOT_FOUND,False,NOT_FOUND,1,1,SINGLE_CANDIDATE,0,0,,False,,,,,,NOT_ATTEMPTED,,,,UNKNOWN,UNKNOWN,PLACE_ID_NOT_IN_CANDIDATE_DOM,PLACE_ID_NOT_IN_CANDIDATE_DOM,5950,0
KOMSCO_DIRECT_NAVER_FALLBACK,UNMATCHED,5571,피자나라치킨공주 강남논현점,신논현역 피자나라치킨공주 강남논현점,station,AMBIGUOUS,False,SKIPPED_NO_NAVER_MATCH,False,AMBIGUOUS,1,1,SINGLE_CANDIDATE,0,0,피나치공 강남논현점피자,False,,https://pcmap.place.naver.com/restaurant/1654962002/home,1654962002,DOM_DATA_NLOG,,FAIL,피나치공 강남논현점피자,서울 강남구 강남대로120길 62,,DIFFERENT,PARTIAL,TOP_K_DETAIL_VALIDATION_FAILED,TOP_K_DETAIL_VALIDATION_FAILED,854,1
KOMSCO_DIRECT_NAVER_FALLBACK,MATCHED,5579,포인비에트 강남구청역본점,강남구청역 포인비에트 강남구청역본점,naver_local_fallback,AMBIGUOUS,True,ENRICHED:AMBIGUOUS,False,AMBIGUOUS,1,1,SINGLE_CANDIDATE,0,0,포인비에트 강남구청역본점,False,,https://pcmap.place.naver.com/restaurant/1936871865/home,1936871865,DOM_DATA_NLOG,,FAIL,포인비에트 강남구청역본점,"1. 7호선(분당선) 강남구청역 2번출구 150m 2. 맥도날드, 스타벅스 먹자골목 안쪽 100미터 3. 짬뽕지존 맞은편 2층 4. 주차: 1층 발렛 이용가능",,EXACT,DIFFERENT,TOP_K_DETAIL_VALIDATION_FAILED,TOP_K_DETAIL_VALIDATION_FAILED,1813,1
KOMSCO_DIRECT_NAVER_FALLBACK,UNMATCHED,5587,우수생,강남구 우수생,gangnam,NOT_FOUND,False,SKIPPED_NO_NAVER_MATCH,False,NOT_FOUND,0,0,DETERMINISTIC,,,,False,,,,,,NOT_ATTEMPTED,,,,UNKNOWN,UNKNOWN,NO_CONFIDENT_CANDIDATE,NO_CONFIDENT_CANDIDATE,5443,0
KOMSCO_DIRECT_NAVER_FALLBACK,MATCHED,5591,디히랑,학동역 디히랑,station,RESOLVED,False,NOT_REQUIRED,False,RESOLVED,1,1,SINGLE_CANDIDATE,0,0,디히랑,False,,#,981579658,DOM_DATA_NLOG,1,PASS,디히랑,서울 강남구 언주로121길 4-3 1층,한식,EXACT,PARTIAL,,,824,1
KOMSCO_DIRECT_NAVER_FALLBACK,UNMATCHED,5592,언주혼,강남구 언주혼,gangnam,NOT_FOUND,False,SKIPPED_NO_NAVER_MATCH,False,NOT_FOUND,0,0,DETERMINISTIC,,,,False,,,,,,NOT_ATTEMPTED,,,,UNKNOWN,UNKNOWN,NO_CONFIDENT_CANDIDATE,NO_CONFIDENT_CANDIDATE,5417,0
KOMSCO_DIRECT_NAVER_FALLBACK,MATCHED,5600,이모왕곱창,논현동 이모왕곱창,dong,AMBIGUOUS,True,NO_USABLE_CANDIDATE,False,AMBIGUOUS,1,1,SINGLE_CANDIDATE,0,0,"이모네왕곱창곱창,막창,양",False,,https://pcmap.place.naver.com/restaurant/1119063846/home,1119063846,DOM_DATA_NLOG,,FAIL,"이모네왕곱창곱창,막창,양",서울 강남구 강남대로122길 6 1층 이모네왕곱창,,DIFFERENT,DIFFERENT,TOP_K_DETAIL_VALIDATION_FAILED,TOP_K_DETAIL_VALIDATION_FAILED,3619,1
KOMSCO_DIRECT_NAVER_FALLBACK,MATCHED,5606,한양김밥국수,논현역 한양김밥국수,station,RESOLVED,False,NOT_REQUIRED,False,RESOLVED,1,1,SINGLE_CANDIDATE,0,0,한양김밥국수한식,False,,#,1104317160,DOM_DATA_NLOG,1,PASS,한양김밥국수한식,"서울 강남구 학동로4길 28 지상1층 101호,102호",한식,CONTAINED,PARTIAL,,,991,1
KOMSCO_DIRECT_NAVER_FALLBACK,MATCHED,5613,미야기,학동역 미야기,station,AMBIGUOUS,True,NO_USABLE_CANDIDATE,False,AMBIGUOUS,2,2,QWEN,"0,1",0,미야기일식당,True,LOW,https://pcmap.place.naver.com/restaurant/13483217/home,13483217,DOM_DATA_NLOG,,FAIL,미야기일식당,서울 강남구 학동로34길 25 1층,,CONTAINED,DIFFERENT,TOP_K_DETAIL_VALIDATION_FAILED,TOP_K_DETAIL_VALIDATION_FAILED,2703,1
KOMSCO_DIRECT_NAVER_FALLBACK,UNMATCHED,5616,801,논현역 801,station,AMBIGUOUS,False,SKIPPED_NO_NAVER_MATCH,False,AMBIGUOUS,9,5,QWEN,"0,1,2",0,KB국민은행 학동사거리은행,True,LOW,https://pcmap.place.naver.com/restaurant/11719873/home,11719873,DOM_DATA_NLOG,,FAIL,KB국민은행 학동사거리은행,서울 강남구 선릉로 801 배강빌딩 1층,,DIFFERENT,DIFFERENT,TOP_K_DETAIL_VALIDATION_FAILED,TOP_K_DETAIL_VALIDATION_FAILED,3120,2
KOMSCO_DIRECT_NAVER_FALLBACK,UNMATCHED,5619,(주)포레스트에프앤비 강남1호지점,강남구 (주)포레스트에프앤비 강남1호지점,gangnam,NOT_FOUND,False,SKIPPED_NO_NAVER_MATCH,False,NOT_FOUND,0,0,DETERMINISTIC,,,,False,,,,,,NOT_ATTEMPTED,,,,UNKNOWN,UNKNOWN,NO_CONFIDENT_CANDIDATE,NO_CONFIDENT_CANDIDATE,5545,0
KOMSCO_DIRECT_NAVER_FALLBACK,MATCHED,5620,영동소금구이논현본점,논현역 영동소금구이논현본점,station,RESOLVED,False,NOT_REQUIRED,False,RESOLVED,1,1,SINGLE_CANDIDATE,0,0,"영동소금구이 논현본점육류,고기요리",False,,#,32613811,DOM_DATA_NLOG,1,PASS,"영동소금구이 논현본점육류,고기요리",서울 강남구 강남대로124길 10 1층 영동소금구이,,CONTAINED,PARTIAL,,,777,1
KOMSCO_DIRECT_NAVER_FALLBACK,MATCHED,5622,레몬그라스타이 강남구청점,강남구청역 레몬그라스타이 강남구청점,naver_local_fallback,AMBIGUOUS,True,ENRICHED:AMBIGUOUS,False,AMBIGUOUS,1,1,SINGLE_CANDIDATE,0,0,레몬그라스타이 강남구청점,False,,https://pcmap.place.naver.com/restaurant/1204470192/home,1204470192,DOM_DATA_NLOG,,FAIL,레몬그라스타이 강남구청점,"* 강남구청역 2번 출구에서 도보 1분 거리에 위치해 있습니다. * 출구를 나와 직진하면 보이는 강남파라곤 건물의 지층(로비층, 도로와 연결되어 있는 층)에 위치해 있습니다. - SB111호 * 강남파라곤은 지...",,EXACT,DIFFERENT,TOP_K_DETAIL_VALIDATION_FAILED,TOP_K_DETAIL_VALIDATION_FAILED,1979,1
KOMSCO_DIRECT_NAVER_FALLBACK,MATCHED,5623,경몽루,강남구청역 경몽루,station,RESOLVED,False,NOT_REQUIRED,False,RESOLVED,1,1,SINGLE_CANDIDATE,0,0,경몽루 논현점,False,,#,1152825818,DOM_DATA_NLOG,1,PASS,경몽루 논현점,서울 강남구 언주로148길 14 가동 1층 102호,,CONTAINED,PARTIAL,,,1096,1
KOMSCO_DIRECT_NAVER_FALLBACK,MATCHED,5624,엄마손한식뷔페,논현역 엄마손한식뷔페,naver_local_fallback,AMBIGUOUS,True,ENRICHED:RESOLVED,True,RESOLVED,1,1,SINGLE_CANDIDATE,0,0,엄마손한식뷔페한식뷔페,False,,#,1940448413,DOM_DATA_NLOG,1,PASS,엄마손한식뷔페한식뷔페,서울 강남구 학동로4길 38,,CONTAINED,PARTIAL,,,1522,1
KOMSCO_DIRECT_NAVER_FALLBACK,MATCHED,5628,언니네집밥 1호점,선정릉역 언니네집밥 1호점,naver_local_fallback,AMBIGUOUS,True,ENRICHED:RESOLVED,True,RESOLVED,1,1,SINGLE_CANDIDATE,0,0,"언니네집밥 1호점백반,가정식",False,,#,1272446515,DOM_DATA_NLOG,1,PASS,"언니네집밥 1호점백반,가정식",서울 강남구 선릉로111길 10 1층,,CONTAINED,PARTIAL,,,1849,1
KOMSCO_DIRECT_NAVER_FALLBACK,UNMATCHED,5632,브롱스 논현점,신논현역 브롱스 논현점,station,AMBIGUOUS,False,SKIPPED_NO_NAVER_MATCH,False,AMBIGUOUS,2,2,QWEN,"0,1",0,브롱스 강남역삼점,True,LOW,https://pcmap.place.naver.com/restaurant/1839866369/home,1839866369,DOM_DATA_NLOG,,FAIL,브롱스 강남역삼점,브롱스 강남역삼점은 강남역 3번출구와 4번출구에서 도보 5분거리에 위치해있습니다 네비이용시 옛주소: 역삼동 826-30 도로명: 서울 강남구 테헤란로4길 34 지하1층 101호 역삼동술집!! '브롱스 강남...,,DIFFERENT,DIFFERENT,TOP_K_DETAIL_VALIDATION_FAILED,TOP_K_DETAIL_VALIDATION_FAILED,3366,2
KOMSCO_DIRECT_NAVER_FALLBACK,MATCHED,5638,신사뻘낙지 신사역점,신사역 신사뻘낙지 신사역점,naver_local_fallback,AMBIGUOUS,True,ENRICHED:RESOLVED,True,RESOLVED,1,1,SINGLE_CANDIDATE,0,0,신사뻘낙지 신사역점,False,,#,11856684,DOM_DATA_NLOG,1,PASS,신사뻘낙지 신사역점,서울 강남구 도산대로8길 7 1층 신사뻘낙지,,EXACT,PARTIAL,,,1787,1
KOMSCO_DIRECT_NAVER_FALLBACK,UNMATCHED,5651,제이제이 벤처스 JJ Ventures,신논현역 제이제이 벤처스 JJ Ventures,station,AMBIGUOUS,False,SKIPPED_NO_NAVER_MATCH,False,AMBIGUOUS,1,1,SINGLE_CANDIDATE,0,0,샌드위치홀릭 제이제이벤처스샌드위치,False,,https://pcmap.place.naver.com/restaurant/1645070959/home,1645070959,DOM_DATA_NLOG,,FAIL,샌드위치홀릭 제이제이벤처스샌드위치,서울 강남구 테헤란로8길 28-4 1층 101호 샌드위치홀릭,,DIFFERENT,DIFFERENT,TOP_K_DETAIL_VALIDATION_FAILED,TOP_K_DETAIL_VALIDATION_FAILED,1098,1
KOMSCO_DIRECT_NAVER_FALLBACK,UNMATCHED,5658,송탄부대찌게,신사역 송탄부대찌게,station,AMBIGUOUS,False,SKIPPED_NO_NAVER_MATCH,False,AMBIGUOUS,2,2,QWEN,"0,1",0,"송탄부대찌개 잠원점찌개,전골",True,LOW,https://pcmap.place.naver.com/restaurant/36665469/home,36665469,DOM_DATA_NLOG,,FAIL,"송탄부대찌개 잠원점찌개,전골",서울 서초구 신반포로43길 11-4,,DIFFERENT,DIFFERENT,TOP_K_DETAIL_VALIDATION_FAILED,TOP_K_DETAIL_VALIDATION_FAILED,2558,2
KOMSCO_DIRECT_NAVER_FALLBACK,MATCHED,5663,특별한 오복수산 가로수길점,신사역 특별한 오복수산 가로수길점,station,AMBIGUOUS,True,NO_USABLE_CANDIDATE,False,AMBIGUOUS,1,1,SINGLE_CANDIDATE,0,0,특별한 오복수산 가로수길점,False,,https://pcmap.place.naver.com/restaurant/1555987894/home,1555987894,DOM_DATA_NLOG,,FAIL,특별한 오복수산 가로수길점,서울 강남구 도산대로 150 3층,,EXACT,DIFFERENT,TOP_K_DETAIL_VALIDATION_FAILED,TOP_K_DETAIL_VALIDATION_FAILED,1066,1
KOMSCO_DIRECT_NAVER_FALLBACK,AMBIGUOUS,5665,도리토리본점,강남구청역 도리토리본점,station,AMBIGUOUS,False,SKIPPED_NO_NAVER_MATCH,False,AMBIGUOUS,1,1,SINGLE_CANDIDATE,0,0,도리토리 본점요리주점,False,,https://pcmap.place.naver.com/restaurant/1313653997/home,1313653997,DOM_DATA_NLOG,,FAIL,도리토리 본점요리주점,강남구청역(7호선) 2번출구 뒷쪽 스타벅스 도로로 내려오시면 드림디포 사이 골목길이 50m 에 위치하고 있습니다.,,CONTAINED,DIFFERENT,TOP_K_DETAIL_VALIDATION_FAILED,TOP_K_DETAIL_VALIDATION_FAILED,743,1
KOMSCO_DIRECT_NAVER_FALLBACK,MATCHED,5674,아낙본점,학동역 아낙본점,station,RESOLVED,False,NOT_REQUIRED,False,RESOLVED,1,1,SINGLE_CANDIDATE,0,0,아낙 본점한식,False,,#,20881962,DOM_DATA_NLOG,1,PASS,아낙 본점한식,서울 강남구 학동로20길 30,,CONTAINED,PARTIAL,,,929,1
KOMSCO_DIRECT_NAVER_FALLBACK,UNMATCHED,5675,김태준의탕탕집,강남구 김태준의탕탕집,gangnam,NOT_FOUND,False,SKIPPED_NO_NAVER_MATCH,False,NOT_FOUND,0,0,DETERMINISTIC,,,,False,,,,,,NOT_ATTEMPTED,,,,UNKNOWN,UNKNOWN,NO_CONFIDENT_CANDIDATE,NO_CONFIDENT_CANDIDATE,5546,0
KOMSCO_DIRECT_NAVER_FALLBACK,MATCHED,5681,왕고모,학동역 왕고모,naver_local_fallback,NOT_FOUND,True,ENRICHED:NOT_FOUND,False,NOT_FOUND,1,1,SINGLE_CANDIDATE,0,0,,False,,,,,,NOT_ATTEMPTED,,,,UNKNOWN,UNKNOWN,PLACE_ID_NOT_IN_CANDIDATE_DOM,PLACE_ID_NOT_IN_CANDIDATE_DOM,5809,0
KOMSCO_DIRECT_NAVER_FALLBACK,UNMATCHED,5684,한옥집 김치찜,논현동 한옥집 김치찜,dong,AMBIGUOUS,False,SKIPPED_NO_NAVER_MATCH,False,AMBIGUOUS,1,1,SINGLE_CANDIDATE,0,0,한옥집김치찜 GFC몰점,False,,https://pcmap.place.naver.com/restaurant/1155739413/home,1155739413,DOM_DATA_NLOG,,FAIL,한옥집김치찜 GFC몰점,서울 강남구 테헤란로 152 B1 한옥집김치찜,,CONTAINED,DIFFERENT,TOP_K_DETAIL_VALIDATION_FAILED,TOP_K_DETAIL_VALIDATION_FAILED,3756,1
KOMSCO_DIRECT_NAVER_FALLBACK,UNMATCHED,5687,주식회사 키푸드,강남구 주식회사 키푸드,gangnam,NOT_FOUND,False,SKIPPED_NO_NAVER_MATCH,False,NOT_FOUND,0,0,DETERMINISTIC,,,,False,,,,,,NOT_ATTEMPTED,,,,UNKNOWN,UNKNOWN,NO_CONFIDENT_CANDIDATE,NO_CONFIDENT_CANDIDATE,5439,0
KOMSCO_DIRECT_NAVER_FALLBACK,MATCHED,5703,고씨네고추장찌개 신논현점,신논현역 고씨네고추장찌개 신논현점,naver_local_fallback,AMBIGUOUS,True,ENRICHED:RESOLVED,True,RESOLVED,1,1,SINGLE_CANDIDATE,0,0,고씨네고추장찌개 신논현점포장마차,False,,#,1754058199,DOM_DATA_NLOG,1,PASS,고씨네고추장찌개 신논현점포장마차,서울 강남구 강남대로122길 16 1층,,CONTAINED,PARTIAL,,,1993,1
KOMSCO_DIRECT_NAVER_FALLBACK,MATCHED,5708,테이블105 논현8번지,학동역 테이블105 논현8번지,naver_local_fallback,AMBIGUOUS,True,ENRICHED:RESOLVED,True,RESOLVED,1,1,SINGLE_CANDIDATE,0,0,테이블105 논현8번지한식,False,,#,1079116414,DOM_DATA_NLOG,1,PASS,테이블105 논현8번지한식,서울 강남구 도산대로26길 11,,CONTAINED,PARTIAL,,,1826,1
KOMSCO_DIRECT_NAVER_FALLBACK,UNMATCHED,5711,js garden  BLACK,강남구청역 js garden  BLACK,station,AMBIGUOUS,False,SKIPPED_NO_NAVER_MATCH,False,AMBIGUOUS,2,2,QWEN,"0,1",0,js가든 청담점중식당,True,LOW,https://pcmap.place.naver.com/restaurant/21656422/home,21656422,DOM_DATA_NLOG,,FAIL,js가든 청담점중식당,7호선 강남구청역 3-1번 출구에서 도보 13분 분당선 압구정로데오역 5번 출구에서 도보 13분,,DIFFERENT,DIFFERENT,TOP_K_DETAIL_VALIDATION_FAILED,TOP_K_DETAIL_VALIDATION_FAILED,2746,2
KOMSCO_DIRECT_NAVER_FALLBACK,MATCHED,5715,삼호짱뚱이,학동역 삼호짱뚱이,station,RESOLVED,False,NOT_REQUIRED,False,RESOLVED,1,1,SINGLE_CANDIDATE,0,0,"삼호 짱뚱이해물,생선요리",False,,#,11706492,DOM_DATA_NLOG,1,PASS,"삼호 짱뚱이해물,생선요리","서울 강남구 도산대로34길 11 학동역 8번출구, 압구정역 3번출구 방향 600m",,CONTAINED,PARTIAL,,,876,1
KOMSCO_DIRECT_NAVER_FALLBACK,MATCHED,5720,비노비스,신논현역 비노비스,naver_local_fallback,AMBIGUOUS,True,ENRICHED:RESOLVED,True,RESOLVED,1,1,SINGLE_CANDIDATE,0,0,비노비스,False,,#,1064310520,DOM_DATA_NLOG,1,PASS,비노비스,서울 강남구 봉은사로1길 32 3층 비노비스,,EXACT,PARTIAL,,,1667,1
KOMSCO_DIRECT_NAVER_FALLBACK,MATCHED,5730,몬스터포,언주역 몬스터포,naver_local_fallback,AMBIGUOUS,True,ENRICHED:NOT_FOUND,False,NOT_FOUND,1,1,SINGLE_CANDIDATE,0,0,,False,,,,,,NOT_ATTEMPTED,,,,UNKNOWN,UNKNOWN,PLACE_ID_NOT_IN_CANDIDATE_DOM,PLACE_ID_NOT_IN_CANDIDATE_DOM,8254,0
KOMSCO_DIRECT_NAVER_FALLBACK,UNMATCHED,5739,이장군카레와,강남구 이장군카레와,gangnam,NOT_FOUND,False,SKIPPED_NO_NAVER_MATCH,False,NOT_FOUND,0,0,DETERMINISTIC,,,,False,,,,,,NOT_ATTEMPTED,,,,UNKNOWN,UNKNOWN,NO_CONFIDENT_CANDIDATE,NO_CONFIDENT_CANDIDATE,5664,0
KOMSCO_DIRECT_NAVER_FALLBACK,UNMATCHED,5754,알집고메,강남구 알집고메,gangnam,NOT_FOUND,False,SKIPPED_NO_NAVER_MATCH,False,NOT_FOUND,0,0,DETERMINISTIC,,,,False,,,,,,NOT_ATTEMPTED,,,,UNKNOWN,UNKNOWN,NO_CONFIDENT_CANDIDATE,NO_CONFIDENT_CANDIDATE,5410,0
KOMSCO_DIRECT_NAVER_FALLBACK,UNMATCHED,5763,케이디,강남구청역 케이디,station,AMBIGUOUS,False,SKIPPED_NO_NAVER_MATCH,False,AMBIGUOUS,9,5,QWEN,"0,1,2",0,스튜디오케이디엔터테인먼트,True,LOW,https://pcmap.place.naver.com/restaurant/1135075588/home,1135075588,DOM_DATA_NLOG,,FAIL,스튜디오케이디엔터테인먼트,서울 강남구 봉은사로33길 33 3층 325호,,CONTAINED,DIFFERENT,TOP_K_DETAIL_VALIDATION_FAILED,TOP_K_DETAIL_VALIDATION_FAILED,2682,1
KOMSCO_DIRECT_NAVER_FALLBACK,MATCHED,5765,화로상회 강남논현점,논현역 화로상회 강남논현점,naver_local_fallback,AMBIGUOUS,True,ENRICHED:RESOLVED,True,RESOLVED,1,1,SINGLE_CANDIDATE,0,0,화로상회 강남논현점,False,,#,1230269899,DOM_DATA_NLOG,1,PASS,화로상회 강남논현점,서울 강남구 학동로2길 31,,EXACT,PARTIAL,,,1820,1
KOMSCO_DIRECT_NAVER_FALLBACK,UNMATCHED,5796,달잔,논현동 달잔,dong,AMBIGUOUS,False,SKIPPED_NO_NAVER_MATCH,False,AMBIGUOUS,1,1,SINGLE_CANDIDATE,0,0,도산재,False,,https://pcmap.place.naver.com/restaurant/1613219033/home,1613219033,DOM_DATA_NLOG,,FAIL,도산재,"강남구청역(3번/3-1번출구)과 학동역(10번출구)사이 도산대로 쪽에 위치했으며, 동현아파트(1동) 정문기준으로 맞은 편 대형 상가 건물 1층입니다. 주차 : 청호 유료 주차장 (1시간 4,000원) 서울 강남구 ...",한식,DIFFERENT,DIFFERENT,TOP_K_DETAIL_VALIDATION_FAILED,TOP_K_DETAIL_VALIDATION_FAILED,3439,1
KOMSCO_DIRECT_NAVER_FALLBACK,UNMATCHED,5807,양곶간(본점2),강남구 양곶간(본점2),gangnam,NOT_FOUND,False,SKIPPED_NO_NAVER_MATCH,False,NOT_FOUND,0,0,DETERMINISTIC,,,,False,,,,,,NOT_ATTEMPTED,,,,UNKNOWN,UNKNOWN,NO_CONFIDENT_CANDIDATE,NO_CONFIDENT_CANDIDATE,5473,0
KOMSCO_DIRECT_NAVER_FALLBACK,UNMATCHED,5812,프로간장새우 1호점,강남구 프로간장새우 1호점,gangnam,NOT_FOUND,False,SKIPPED_NO_NAVER_MATCH,False,NOT_FOUND,0,0,DETERMINISTIC,,,,False,,,,,,NOT_ATTEMPTED,,,,UNKNOWN,UNKNOWN,NO_CONFIDENT_CANDIDATE,NO_CONFIDENT_CANDIDATE,5595,0
KOMSCO_DIRECT_NAVER_FALLBACK,MATCHED,5814,아오타,강남구청역 아오타,station,RESOLVED,False,NOT_REQUIRED,False,RESOLVED,1,1,SINGLE_CANDIDATE,0,0,스시아오타,False,,#,1612372634,DOM_DATA_NLOG,1,PASS,스시아오타,서울 강남구 선릉로145길 5-12 1층 101호,,CONTAINED,PARTIAL,,,803,1
KOMSCO_DIRECT_NAVER_FALLBACK,UNMATCHED,5815,주식회사 써브웨이학동역점,강남구 주식회사 써브웨이학동역점,gangnam,NOT_FOUND,False,SKIPPED_NO_NAVER_MATCH,False,NOT_FOUND,0,0,DETERMINISTIC,,,,False,,,,,,NOT_ATTEMPTED,,,,UNKNOWN,UNKNOWN,NO_CONFIDENT_CANDIDATE,NO_CONFIDENT_CANDIDATE,5730,0
KOMSCO_DIRECT_NAVER_FALLBACK,MATCHED,5832,짐승고깃간 강남구청역 본점,강남구청역 짐승고깃간 강남구청역 본점,naver_local_fallback,AMBIGUOUS,True,ENRICHED:RESOLVED,True,RESOLVED,1,1,SINGLE_CANDIDATE,0,0,짐승고깃간 강남구청역 본점,False,,#,1565757485,DOM_DATA_NLOG,1,PASS,짐승고깃간 강남구청역 본점,서울 강남구 언주로134길 29 2층 짐승고깃간,,EXACT,PARTIAL,,,1731,1
KOMSCO_DIRECT_NAVER_FALLBACK,MATCHED,5834,김록훈베이커리,신사역 김록훈베이커리,station,AMBIGUOUS,True,NO_USABLE_CANDIDATE,False,AMBIGUOUS,1,1,SINGLE_CANDIDATE,0,0,김록훈 베이커리베이커리,False,,https://pcmap.place.naver.com/restaurant/38274995/home,38274995,DOM_DATA_NLOG,,FAIL,김록훈 베이커리베이커리,서울 강남구 도산대로8길 23,,CONTAINED,DIFFERENT,TOP_K_DETAIL_VALIDATION_FAILED,TOP_K_DETAIL_VALIDATION_FAILED,940,1
KOMSCO_DIRECT_NAVER_FALLBACK,MATCHED,5838,나향반점,선정릉역 나향반점,naver_local_fallback,AMBIGUOUS,True,ENRICHED:RESOLVED,True,RESOLVED,1,1,SINGLE_CANDIDATE,0,0,나향반점중식당,False,,#,1311241822,DOM_DATA_NLOG,1,PASS,나향반점중식당,서울 강남구 선릉로111길 43 1층,,CONTAINED,PARTIAL,,,1609,1
KOMSCO_DIRECT_NAVER_FALLBACK,MATCHED,5848,퓨처스타즈(주),학동역 퓨처스타즈(주),station,AMBIGUOUS,True,NO_RESULT,False,AMBIGUOUS,2,2,QWEN,"0,1",0,셀럽앤어셈 / 퓨처스타즈예식장,True,LOW,https://pcmap.place.naver.com/restaurant/1923235344/home,1923235344,DOM_DATA_NLOG,,FAIL,셀럽앤어셈 / 퓨처스타즈예식장,서울 강남구 언주로 711 건설회관 2층,학동역 10번 출구 직진 200미터 -> 세관사거리에서 좌회전 -> 200미터 지점 버스정류장 바로앞 건설회관 2층 (논현파출소 지나 골목길 이용시 더욱 빠르게 오실 수 있습니다.),DIFFERENT,DIFFERENT,TOP_K_DETAIL_VALIDATION_FAILED,TOP_K_DETAIL_VALIDATION_FAILED,2496,1
KOMSCO_DIRECT_NAVER_FALLBACK,MATCHED,5860,금홍,신사역 금홍,naver_local_fallback,AMBIGUOUS,True,ENRICHED:RESOLVED,True,RESOLVED,1,1,SINGLE_CANDIDATE,0,0,금홍중식당,False,,#,20897287,DOM_DATA_NLOG,1,PASS,금홍중식당,서울 강남구 논현로149길 35,중식당,CONTAINED,PARTIAL,,,2051,1
KOMSCO_DIRECT_NAVER_FALLBACK,MATCHED,5867,천상애 장어가,신논현역 천상애 장어가,station,RESOLVED,False,NOT_REQUIRED,False,RESOLVED,1,1,SINGLE_CANDIDATE,0,0,천상애장어가 논현점,False,,#,36373514,DOM_DATA_NLOG,1,PASS,천상애장어가 논현점,서울 강남구 강남대로112길 17 1층,,CONTAINED,PARTIAL,,,993,1
KOMSCO_DIRECT_NAVER_FALLBACK,UNMATCHED,5870,길동우동 신사역점,강남구 길동우동 신사역점,gangnam,NOT_FOUND,False,SKIPPED_NO_NAVER_MATCH,False,NOT_FOUND,0,0,DETERMINISTIC,,,,False,,,,,,NOT_ATTEMPTED,,,,UNKNOWN,UNKNOWN,NO_CONFIDENT_CANDIDATE,NO_CONFIDENT_CANDIDATE,6328,0
KOMSCO_DIRECT_NAVER_FALLBACK,MATCHED,5884,다모아분식,학동역 다모아분식,station,RESOLVED,False,NOT_REQUIRED,False,RESOLVED,1,1,SINGLE_CANDIDATE,0,0,다모아분식,False,,#,43229792,DOM_DATA_NLOG,1,PASS,다모아분식,서울 강남구 논현로150길 41,다모아분식,EXACT,PARTIAL,,,891,1
KOMSCO_DIRECT_NAVER_FALLBACK,MATCHED,5885,신천할매떡볶이,언주역 신천할매떡볶이,station,AMBIGUOUS,True,NO_USABLE_CANDIDATE,False,AMBIGUOUS,2,2,QWEN,"0,1",0,신떡순 신천할매떡볶이 논현점분식,True,LOW,https://pcmap.place.naver.com/restaurant/1777700241/home,1777700241,DOM_DATA_NLOG,,FAIL,신떡순 신천할매떡볶이 논현점분식,서울 강남구 논현로114길 10 102호,,CONTAINED,DIFFERENT,TOP_K_DETAIL_VALIDATION_FAILED,TOP_K_DETAIL_VALIDATION_FAILED,2576,1
KOMSCO_DIRECT_NAVER_FALLBACK,UNMATCHED,5899,베이직,학동역 베이직,station,AMBIGUOUS,False,SKIPPED_NO_NAVER_MATCH,False,AMBIGUOUS,9,5,QWEN,"4,2,1",4,베이직교회개신교,True,LOW,https://pcmap.place.naver.com/restaurant/32812203/home,32812203,DOM_DATA_NLOG,,FAIL,베이직교회개신교,서울 강남구 도산대로24길 29,,CONTAINED,DIFFERENT,TOP_K_DETAIL_VALIDATION_FAILED,TOP_K_DETAIL_VALIDATION_FAILED,3268,3
KOMSCO_DIRECT_NAVER_FALLBACK,UNMATCHED,5901,호별관,강남구 호별관,gangnam,NOT_FOUND,False,SKIPPED_NO_NAVER_MATCH,False,NOT_FOUND,0,0,DETERMINISTIC,,,,False,,,,,,NOT_ATTEMPTED,,,,UNKNOWN,UNKNOWN,NO_CONFIDENT_CANDIDATE,NO_CONFIDENT_CANDIDATE,5511,0
KOMSCO_DIRECT_NAVER_FALLBACK,MATCHED,5904,땅코참숯구이 직영1호점,강남구청역 땅코참숯구이 직영1호점,naver_local_fallback,AMBIGUOUS,True,ENRICHED:AMBIGUOUS,False,AMBIGUOUS,1,1,SINGLE_CANDIDATE,0,0,땅코참숯구이 직영1호점돼지고기구이,False,,https://pcmap.place.naver.com/restaurant/1216618207/home,1216618207,DOM_DATA_NLOG,,FAIL,땅코참숯구이 직영1호점돼지고기구이,7수인분당강남구청역 3번 출구에서 414m,,CONTAINED,DIFFERENT,TOP_K_DETAIL_VALIDATION_FAILED,TOP_K_DETAIL_VALIDATION_FAILED,3343,1
KOMSCO_DIRECT_NAVER_FALLBACK,UNMATCHED,5910,제이디케이다이닝,강남구 제이디케이다이닝,gangnam,NOT_FOUND,False,SKIPPED_NO_NAVER_MATCH,False,NOT_FOUND,0,0,DETERMINISTIC,,,,False,,,,,,NOT_ATTEMPTED,,,,UNKNOWN,UNKNOWN,NO_CONFIDENT_CANDIDATE,NO_CONFIDENT_CANDIDATE,5448,0
KOMSCO_DIRECT_NAVER_FALLBACK,MATCHED,5913,아리,논현역 아리,naver_local_fallback,AMBIGUOUS,True,ENRICHED:RESOLVED,True,RESOLVED,9,5,QWEN,"0,1,2",0,아리,True,LOW,#,1216371715,DOM_DATA_NLOG,1,PASS,아리,서울 강남구 학동로20길 46 1층,,EXACT,PARTIAL,,,5992,1
KOMSCO_DIRECT_NAVER_FALLBACK,MATCHED,5917,마츄피츄,강남구청역 마츄피츄,naver_local_fallback,AMBIGUOUS,True,ENRICHED:RESOLVED,True,RESOLVED,1,1,SINGLE_CANDIDATE,0,0,마츄피츄베이커리,False,,#,651782790,DOM_DATA_NLOG,1,PASS,마츄피츄베이커리,서울 강남구 선릉로121길 15 1층 마츄피츄,,CONTAINED,PARTIAL,,,1810,1
KOMSCO_DIRECT_NAVER_FALLBACK,UNMATCHED,5920,팔당푸드,강남구 팔당푸드,gangnam,AMBIGUOUS,False,SKIPPED_NO_NAVER_MATCH,False,AMBIGUOUS,1,1,SINGLE_CANDIDATE,0,0,명품푸드냉면,False,,https://pcmap.place.naver.com/restaurant/1477339135/home,1477339135,DOM_DATA_NLOG,,FAIL,명품푸드냉면,서울 송파구 백제고분로40길 27 남영빌딩 2층,,DIFFERENT,DIFFERENT,TOP_K_DETAIL_VALIDATION_FAILED,TOP_K_DETAIL_VALIDATION_FAILED,6002,1
KOMSCO_DIRECT_NAVER_FALLBACK,MATCHED,5927,섬마을이야기,논현역 섬마을이야기,naver_local_fallback,AMBIGUOUS,True,ENRICHED:RESOLVED,True,RESOLVED,1,1,SINGLE_CANDIDATE,0,0,섬마을이야기일식당,False,,#,33109198,DOM_DATA_NLOG,1,PASS,섬마을이야기일식당,"서울 강남구 학동로2길 6 1, 2층",,CONTAINED,PARTIAL,,,1540,1
KOMSCO_DIRECT_NAVER_FALLBACK,MATCHED,5935,효도치킨 논현점,강남구청역 효도치킨 논현점,naver_local_fallback,AMBIGUOUS,True,ENRICHED:RESOLVED,True,RESOLVED,1,1,SINGLE_CANDIDATE,0,0,"효도치킨 논현점치킨,닭강정",False,,#,1883041444,DOM_DATA_NLOG,1,PASS,"효도치킨 논현점치킨,닭강정",서울 강남구 도산대로46길 21 101동 지1층 B120호,,CONTAINED,PARTIAL,,,1649,1
KOMSCO_DIRECT_NAVER_FALLBACK,MATCHED,5937,토가라시,학동역 토가라시,naver_local_fallback,AMBIGUOUS,True,ENRICHED:RESOLVED,True,RESOLVED,1,1,SINGLE_CANDIDATE,0,0,토가라시일본식라면,False,,#,292501040,DOM_DATA_NLOG,1,PASS,토가라시일본식라면,서울 강남구 학동로25길 14 1층,,CONTAINED,PARTIAL,,,1796,1
KOMSCO_DIRECT_NAVER_FALLBACK,MATCHED,5940,원조소금구이,신논현역 원조소금구이,naver_local_fallback,AMBIGUOUS,True,ENRICHED:RESOLVED,True,RESOLVED,1,1,SINGLE_CANDIDATE,0,0,"원조소금구이육류,고기요리",False,,#,11711941,DOM_DATA_NLOG,1,PASS,"원조소금구이육류,고기요리",서울 강남구 봉은사로1길 18,,CONTAINED,PARTIAL,,,1563,1
KOMSCO_DIRECT_NAVER_FALLBACK,UNMATCHED,5945,진전복삼계탕 논현점,학동역 진전복삼계탕 논현점,station,AMBIGUOUS,False,SKIPPED_NO_NAVER_MATCH,False,AMBIGUOUS,1,1,SINGLE_CANDIDATE,0,0,진전복삼계탕 신논현점,False,,https://pcmap.place.naver.com/restaurant/2034815573/home,2034815573,DOM_DATA_NLOG,,FAIL,진전복삼계탕 신논현점,"서울 강남구 학동로20길 55 지상1층 101호, 102호",,DIFFERENT,DIFFERENT,TOP_K_DETAIL_VALIDATION_FAILED,TOP_K_DETAIL_VALIDATION_FAILED,885,1
KOMSCO_DIRECT_NAVER_FALLBACK,MATCHED,5951,우담,강남구청역 우담,naver_local_fallback,AMBIGUOUS,True,ENRICHED:RESOLVED,True,RESOLVED,2,2,QWEN,"0,1",0,우담,True,LOW,#,1250471787,DOM_DATA_NLOG,1,PASS,우담,서울 강남구 언주로148길 7 우담 (1층),,EXACT,PARTIAL,,,4515,1
KOMSCO_DIRECT_NAVER_FALLBACK,MATCHED,5956,서울왕돈까스 논현동지점,학동역 서울왕돈까스 논현동지점,naver_local_fallback,AMBIGUOUS,True,ENRICHED:RESOLVED,True,RESOLVED,1,1,SINGLE_CANDIDATE,0,0,서울왕돈까스 논현동지점돈가스,False,,#,21434131,DOM_DATA_NLOG,1,PASS,서울왕돈까스 논현동지점돈가스,서울 강남구 언주로125길 5,,CONTAINED,PARTIAL,,,3989,1
KOMSCO_DIRECT_NAVER_FALLBACK,MATCHED,5962,진시황,학동역 진시황,station,RESOLVED,False,NOT_REQUIRED,False,RESOLVED,1,1,SINGLE_CANDIDATE,0,0,진시황중식당,False,,#,1345134998,DOM_DATA_NLOG,1,PASS,진시황중식당,서울 강남구 논현로150길 28,,CONTAINED,PARTIAL,,,972,1
KOMSCO_DIRECT_NAVER_FALLBACK,MATCHED,5969,남다른감자탕 학동사거리점,강남구청역 남다른감자탕 학동사거리점,station,AMBIGUOUS,True,NO_USABLE_CANDIDATE,False,AMBIGUOUS,1,1,SINGLE_CANDIDATE,0,0,남다른감자탕 학동사거리점,False,,https://pcmap.place.naver.com/restaurant/1157356260/home,1157356260,DOM_DATA_NLOG,,FAIL,남다른감자탕 학동사거리점,1. 청담CGV 길건너서 맞은편 도보 5분 이내에 위치해 있습니다. 2. 강남구청역에서 10분 정도 걸어오시면 됩니다!,,EXACT,DIFFERENT,TOP_K_DETAIL_VALIDATION_FAILED,TOP_K_DETAIL_VALIDATION_FAILED,1023,1
KOMSCO_DIRECT_NAVER_FALLBACK,MATCHED,5970,옛날농장,신논현역 옛날농장,station,AMBIGUOUS,True,NO_USABLE_CANDIDATE,False,AMBIGUOUS,2,2,QWEN,"0,1",0,옛날농장 역삼점,True,LOW,https://pcmap.place.naver.com/restaurant/38229839/home,38229839,DOM_DATA_NLOG,,FAIL,옛날농장 역삼점,서울 강남구 테헤란로33길 11 JS빌딩 1층,,CONTAINED,DIFFERENT,TOP_K_DETAIL_VALIDATION_FAILED,TOP_K_DETAIL_VALIDATION_FAILED,2597,2
KOMSCO_DIRECT_NAVER_FALLBACK,MATCHED,5973,현경이네,신논현역 현경이네,station,RESOLVED,False,NOT_REQUIRED,False,RESOLVED,1,1,SINGLE_CANDIDATE,0,0,현경이네생삼겹살돼지고기구이,False,,#,37996855,DOM_DATA_NLOG,1,PASS,현경이네생삼겹살돼지고기구이,서울 강남구 강남대로120길 42,,CONTAINED,PARTIAL,,,1076,1
KOMSCO_DIRECT_NAVER_FALLBACK,MATCHED,5979,명동칼국수,학동역 명동칼국수,naver_local_fallback,AMBIGUOUS,True,ENRICHED:AMBIGUOUS,False,AMBIGUOUS,9,5,QWEN,"2,0,1",2,"명동칼국수샤브샤브 학동점칼국수,만두",True,LOW,https://pcmap.place.naver.com/restaurant/38229656/home,38229656,DOM_DATA_NLOG,,FAIL,"명동칼국수샤브샤브 학동점칼국수,만두",서울 강남구 논현로132길 8,,CONTAINED,DIFFERENT,TOP_K_DETAIL_VALIDATION_FAILED,TOP_K_DETAIL_VALIDATION_FAILED,6189,2
KOMSCO_DIRECT_NAVER_FALLBACK,UNMATCHED,5981,(주)포레스트에프앤비 포레스트키친,강남구 (주)포레스트에프앤비 포레스트키친,gangnam,NOT_FOUND,False,SKIPPED_NO_NAVER_MATCH,False,NOT_FOUND,0,0,DETERMINISTIC,,,,False,,,,,,NOT_ATTEMPTED,,,,UNKNOWN,UNKNOWN,NO_CONFIDENT_CANDIDATE,NO_CONFIDENT_CANDIDATE,5597,0
KOMSCO_DIRECT_NAVER_FALLBACK,UNMATCHED,5985,쿠쿠도시락,강남구 쿠쿠도시락,gangnam,NOT_FOUND,False,SKIPPED_NO_NAVER_MATCH,False,NOT_FOUND,0,0,DETERMINISTIC,,,,False,,,,,,NOT_ATTEMPTED,,,,UNKNOWN,UNKNOWN,NO_CONFIDENT_CANDIDATE,NO_CONFIDENT_CANDIDATE,5484,0
KOMSCO_DIRECT_NAVER_FALLBACK,MATCHED,5989,이모네,논현역 이모네,station,RESOLVED,False,NOT_REQUIRED,False,RESOLVED,8,5,QWEN,"1,2,3",1,이모네한식,True,HIGH,#,2022784992,DOM_DATA_NLOG,1,PASS,이모네한식,서울 강남구 강남대로128길 27 1층 104호,,CONTAINED,PARTIAL,,,2606,1
KOMSCO_DIRECT_NAVER_FALLBACK,MATCHED,5999,우제홍참치,논현역 우제홍참치,station,AMBIGUOUS,True,NO_USABLE_CANDIDATE,False,AMBIGUOUS,1,1,SINGLE_CANDIDATE,0,0,우제홍참치 논현본점,False,,https://pcmap.place.naver.com/restaurant/32308138/home,32308138,DOM_DATA_NLOG,,FAIL,우제홍참치 논현본점,"[자동차로 오실 경우] 매장 맞은편에 위치한 '명성 주차장'에 주차하신 후 주차권을 받아오시면 됩니다. 주차장 주소: 강남구 학동로 2길 51 주차요금: 2시간동안 4,400원 (이후 10분당 1,100원씩 추가) ...",,CONTAINED,DIFFERENT,TOP_K_DETAIL_VALIDATION_FAILED,TOP_K_DETAIL_VALIDATION_FAILED,1077,1
KOMSCO_DIRECT_NAVER_FALLBACK,MATCHED,6000,스피드박스,언주역 스피드박스,naver_local_fallback,AMBIGUOUS,True,ENRICHED:RESOLVED,True,RESOLVED,2,2,QWEN,"0,1",0,스피드박스한식,True,LOW,#,11863986,DOM_DATA_NLOG,1,PASS,스피드박스한식,서울 강남구 논현로118길 21,,CONTAINED,PARTIAL,,,5073,1
KOMSCO_DIRECT_NAVER_FALLBACK,UNMATCHED,6001,주식회사 상해루,강남구 주식회사 상해루,gangnam,NOT_FOUND,False,SKIPPED_NO_NAVER_MATCH,False,NOT_FOUND,0,0,DETERMINISTIC,,,,False,,,,,,NOT_ATTEMPTED,,,,UNKNOWN,UNKNOWN,NO_CONFIDENT_CANDIDATE,NO_CONFIDENT_CANDIDATE,5377,0
KOMSCO_DIRECT_NAVER_FALLBACK,MATCHED,6003,와사이진,언주역 와사이진,naver_local_fallback,AMBIGUOUS,True,ENRICHED:AMBIGUOUS,False,AMBIGUOUS,1,1,SINGLE_CANDIDATE,0,0,와사이진,False,,https://pcmap.place.naver.com/restaurant/1365918313/home,1365918313,DOM_DATA_NLOG,,FAIL,와사이진,-7호선 강남구청역 3번출구 242버스 이용 -7호선 학동역 5번출구 6411버스 이용 -9호선 삼성중앙역 1번 출구 6411 버스 이용 건물 2층같이보이는 1층,일식당,EXACT,DIFFERENT,TOP_K_DETAIL_VALIDATION_FAILED,TOP_K_DETAIL_VALIDATION_FAILED,1791,1
KOMSCO_DIRECT_NAVER_FALLBACK,MATCHED,6034,씨벨커피(cbellcoffee),학동역 씨벨커피(cbellcoffee),station,AMBIGUOUS,True,NO_USABLE_CANDIDATE,False,AMBIGUOUS,1,1,SINGLE_CANDIDATE,0,0,"씨벨커피카페,디저트",False,,https://pcmap.place.naver.com/restaurant/1305456589/home,1305456589,DOM_DATA_NLOG,,FAIL,"씨벨커피카페,디저트",서울 강남구 논현로136길 26 1층 카페 cbellcoffee,,DIFFERENT,DIFFERENT,TOP_K_DETAIL_VALIDATION_FAILED,TOP_K_DETAIL_VALIDATION_FAILED,862,1
KOMSCO_DIRECT_NAVER_FALLBACK,UNMATCHED,6039,제주도 흑돼지,학동역 제주도 흑돼지,station,AMBIGUOUS,False,SKIPPED_NO_NAVER_MATCH,False,AMBIGUOUS,1,1,SINGLE_CANDIDATE,0,0,제주애돈 압구정본점돼지고기구이,False,,https://pcmap.place.naver.com/restaurant/36338927/home,36338927,DOM_DATA_NLOG,,FAIL,제주애돈 압구정본점돼지고기구이,서울 강남구 논현로157길 11 1층 제주애돈,,DIFFERENT,DIFFERENT,TOP_K_DETAIL_VALIDATION_FAILED,TOP_K_DETAIL_VALIDATION_FAILED,960,1
KOMSCO_DIRECT_NAVER_FALLBACK,MATCHED,6041,용삼계탕,논현역 용삼계탕,station,AMBIGUOUS,True,NO_USABLE_CANDIDATE,False,AMBIGUOUS,1,1,SINGLE_CANDIDATE,0,0,용삼계탕한식,False,,https://pcmap.place.naver.com/restaurant/18557397/home,18557397,DOM_DATA_NLOG,,FAIL,용삼계탕한식,서울 강남구 학동로4길 8,,CONTAINED,DIFFERENT,TOP_K_DETAIL_VALIDATION_FAILED,TOP_K_DETAIL_VALIDATION_FAILED,944,1
KOMSCO_DIRECT_NAVER_FALLBACK,MATCHED,6042,달콤한이야기,강남구 달콤한이야기,gangnam,NOT_FOUND,True,NO_RESULT,False,NOT_FOUND,1,1,SINGLE_CANDIDATE,0,0,,False,,,,,,NOT_ATTEMPTED,,,,UNKNOWN,UNKNOWN,PLACE_ID_NOT_IN_CANDIDATE_DOM,PLACE_ID_NOT_IN_CANDIDATE_DOM,5547,0
KOMSCO_DIRECT_NAVER_FALLBACK,MATCHED,6073,고향식당,학동역 고향식당,naver_local_fallback,AMBIGUOUS,True,ENRICHED:RESOLVED,True,RESOLVED,9,5,QWEN,"0,1,2",0,고향식당한식,True,LOW,#,1313024717,DOM_DATA_NLOG,1,PASS,고향식당한식,서울 강남구 논현로136길 5-3,고향식당,CONTAINED,PARTIAL,,,5581,1
KOMSCO_DIRECT_NAVER_FALLBACK,MATCHED,6080,언양불고기,논현역 언양불고기,naver_local_fallback,AMBIGUOUS,True,ENRICHED:RESOLVED,True,RESOLVED,3,3,QWEN,"1,0,2",0,"언양불고기육류,고기요리",True,LOW,#,11680040,DOM_DATA_NLOG,2,PASS,"언양불고기육류,고기요리",서울 강남구 학동로2길 15 우리빌딩,,CONTAINED,PARTIAL,,,6505,2
KOMSCO_DIRECT_NAVER_FALLBACK,UNMATCHED,6084,마쪼아,강남구 마쪼아,gangnam,NOT_FOUND,False,SKIPPED_NO_NAVER_MATCH,False,NOT_FOUND,0,0,DETERMINISTIC,,,,False,,,,,,NOT_ATTEMPTED,,,,UNKNOWN,UNKNOWN,NO_CONFIDENT_CANDIDATE,NO_CONFIDENT_CANDIDATE,5396,0
KOMSCO_DIRECT_NAVER_FALLBACK,MATCHED,6088,그림나베 학동역점,학동역 그림나베 학동역점,naver_local_fallback,AMBIGUOUS,True,ENRICHED:RESOLVED,True,RESOLVED,1,1,SINGLE_CANDIDATE,0,0,그림나베 학동역점,False,,#,1182846928,DOM_DATA_NLOG,1,PASS,그림나베 학동역점,서울 강남구 논현로132길 29 두원빌딩 1층 그림나베 학동역점,,EXACT,PARTIAL,,,1753,1
KOMSCO_DIRECT_NAVER_FALLBACK,UNMATCHED,6089,부부불이 동대문닭한마리,강남구 부부불이 동대문닭한마리,gangnam,NOT_FOUND,False,SKIPPED_NO_NAVER_MATCH,False,NOT_FOUND,0,0,DETERMINISTIC,,,,False,,,,,,NOT_ATTEMPTED,,,,UNKNOWN,UNKNOWN,NO_CONFIDENT_CANDIDATE,NO_CONFIDENT_CANDIDATE,5695,0
KOMSCO_DIRECT_NAVER_FALLBACK,UNMATCHED,6093,최강달인춘천닭갈비.막국수,강남구 최강달인춘천닭갈비.막국수,gangnam,NOT_FOUND,False,SKIPPED_NO_NAVER_MATCH,False,NOT_FOUND,0,0,DETERMINISTIC,,,,False,,,,,,NOT_ATTEMPTED,,,,UNKNOWN,UNKNOWN,NO_CONFIDENT_CANDIDATE,NO_CONFIDENT_CANDIDATE,5609,0
KOMSCO_DIRECT_NAVER_FALLBACK,MATCHED,6113,한우리외식산업(주),강남구 한우리외식산업(주),gangnam,NOT_FOUND,True,NO_USABLE_CANDIDATE,False,NOT_FOUND,1,1,SINGLE_CANDIDATE,0,0,,False,,,,,,NOT_ATTEMPTED,,,,UNKNOWN,UNKNOWN,PLACE_ID_NOT_IN_CANDIDATE_DOM,PLACE_ID_NOT_IN_CANDIDATE_DOM,5637,0
KOMSCO_DIRECT_NAVER_FALLBACK,UNMATCHED,6120,민쿡의 곱창&부대찌개,강남구 민쿡의 곱창&부대찌개,gangnam,NOT_FOUND,False,SKIPPED_NO_NAVER_MATCH,False,NOT_FOUND,0,0,DETERMINISTIC,,,,False,,,,,,NOT_ATTEMPTED,,,,UNKNOWN,UNKNOWN,NO_CONFIDENT_CANDIDATE,NO_CONFIDENT_CANDIDATE,5601,0
KOMSCO_DIRECT_NAVER_FALLBACK,MATCHED,6131,학동부대,학동역 학동부대,station,RESOLVED,False,NOT_REQUIRED,False,RESOLVED,3,3,QWEN,"0,1,2",0,학동부대한식,True,LOW,#,1648484876,DOM_DATA_NLOG,1,PASS,학동부대한식,"서울 강남구 학동로 224 B101, B102",한식,CONTAINED,PARTIAL,,,2446,1
KOMSCO_DIRECT_NAVER_FALLBACK,MATCHED,6132,논현담설렁탕,논현역 논현담설렁탕,station,AMBIGUOUS,True,NO_USABLE_CANDIDATE,False,AMBIGUOUS,1,1,SINGLE_CANDIDATE,0,0,"논현담설렁탕곰탕,설렁탕",False,,https://pcmap.place.naver.com/restaurant/1317033126/home,1317033126,DOM_DATA_NLOG,,FAIL,"논현담설렁탕곰탕,설렁탕",서울 강남구 학동로1길 14 1층,,CONTAINED,DIFFERENT,TOP_K_DETAIL_VALIDATION_FAILED,TOP_K_DETAIL_VALIDATION_FAILED,983,1
KOMSCO_DIRECT_NAVER_FALLBACK,UNMATCHED,6135,욱화몽 논현점,강남구 욱화몽 논현점,gangnam,NOT_FOUND,False,SKIPPED_NO_NAVER_MATCH,False,NOT_FOUND,0,0,DETERMINISTIC,,,,False,,,,,,NOT_ATTEMPTED,,,,UNKNOWN,UNKNOWN,NO_CONFIDENT_CANDIDATE,NO_CONFIDENT_CANDIDATE,5480,0
KOMSCO_DIRECT_NAVER_FALLBACK,MATCHED,6137,슬로우캘리 논현점,신논현역 슬로우캘리 논현점,station,AMBIGUOUS,True,NO_RESULT,False,AMBIGUOUS,1,1,SINGLE_CANDIDATE,0,0,슬로우캘리 논현점,False,,https://pcmap.place.naver.com/restaurant/1571112026/home,1571112026,DOM_DATA_NLOG,,FAIL,슬로우캘리 논현점,서울 강남구 강남대로118길 60,,EXACT,DIFFERENT,TOP_K_DETAIL_VALIDATION_FAILED,TOP_K_DETAIL_VALIDATION_FAILED,891,1
KOMSCO_DIRECT_NAVER_FALLBACK,AMBIGUOUS,6144,나리,강남구청역 나리,station,AMBIGUOUS,False,SKIPPED_NO_NAVER_MATCH,False,AMBIGUOUS,6,5,QWEN,"2,1,0",2,나리 강남구청점요리주점,True,LOW,https://pcmap.place.naver.com/restaurant/32261286/home,32261286,DOM_DATA_NLOG,,FAIL,나리 강남구청점요리주점,7수인분당강남구청역 2번 출구에서 145m,,CONTAINED,DIFFERENT,TOP_K_DETAIL_VALIDATION_FAILED,TOP_K_DETAIL_VALIDATION_FAILED,2655,2
KOMSCO_DIRECT_NAVER_FALLBACK,MATCHED,6146,502세컨즈카페,학동역 502세컨즈카페,station,RESOLVED,False,NOT_REQUIRED,False,RESOLVED,1,1,SINGLE_CANDIDATE,0,0,502세컨즈카페 강남점,False,,#,427712675,DOM_DATA_NLOG,1,PASS,502세컨즈카페 강남점,서울 강남구 학동로20길 32,,CONTAINED,PARTIAL,,,927,1
KOMSCO_DIRECT_NAVER_FALLBACK,UNMATCHED,6153,대가호,강남구 대가호,gangnam,NOT_FOUND,False,SKIPPED_NO_NAVER_MATCH,False,NOT_FOUND,0,0,DETERMINISTIC,,,,False,,,,,,NOT_ATTEMPTED,,,,UNKNOWN,UNKNOWN,NO_CONFIDENT_CANDIDATE,NO_CONFIDENT_CANDIDATE,5554,0
KOMSCO_DIRECT_NAVER_FALLBACK,MATCHED,6165,팔당닭발 강남본점,강남구청역 팔당닭발 강남본점,naver_local_fallback,AMBIGUOUS,True,ENRICHED:AMBIGUOUS,False,AMBIGUOUS,1,1,SINGLE_CANDIDATE,0,0,팔당닭발 강남본점,False,,https://pcmap.place.naver.com/restaurant/32602513/home,32602513,DOM_DATA_NLOG,,FAIL,팔당닭발 강남본점,7수인분당강남구청역 3번 출구에서 288m,"< 강남 매운 닭발&오징어 맛집 팔당닭발 오시는 길 > 강남에서 제대로 된 닭발 맛집을 찾고 계신가요? 회식이나 단체모임 장소로 오랜 시간 사랑받아온 곳, 팔당닭발 강남본점입니다. [지하철 안내] 강남구...",EXACT,DIFFERENT,TOP_K_DETAIL_VALIDATION_FAILED,TOP_K_DETAIL_VALIDATION_FAILED,2009,1
KOMSCO_DIRECT_NAVER_FALLBACK,UNMATCHED,6169,비바비보 앤 호프,강남구 비바비보 앤 호프,gangnam,NOT_FOUND,False,SKIPPED_NO_NAVER_MATCH,False,NOT_FOUND,0,0,DETERMINISTIC,,,,False,,,,,,NOT_ATTEMPTED,,,,UNKNOWN,UNKNOWN,NO_CONFIDENT_CANDIDATE,NO_CONFIDENT_CANDIDATE,5652,0
KOMSCO_DIRECT_NAVER_FALLBACK,MATCHED,6176,춘하추동밀면 논현직영점,강남구청역 춘하추동밀면 논현직영점,naver_local_fallback,AMBIGUOUS,True,ENRICHED:AMBIGUOUS,False,AMBIGUOUS,1,1,SINGLE_CANDIDATE,0,0,춘하추동밀면 논현직영점국수,False,,https://pcmap.place.naver.com/restaurant/1412593834/home,1412593834,DOM_DATA_NLOG,,FAIL,춘하추동밀면 논현직영점국수,서울시 강남구 논현동 98-12번지 1층 대중교통 버스정류장 = 제일은행.호림아트센터앞 검색후 도보5분 02-3447-2088,,CONTAINED,DIFFERENT,TOP_K_DETAIL_VALIDATION_FAILED,TOP_K_DETAIL_VALIDATION_FAILED,1574,1
KOMSCO_DIRECT_NAVER_FALLBACK,UNMATCHED,6183,하남돼지집 논현직영점,강남구 하남돼지집 논현직영점,gangnam,NOT_FOUND,False,SKIPPED_NO_NAVER_MATCH,False,NOT_FOUND,0,0,DETERMINISTIC,,,,False,,,,,,NOT_ATTEMPTED,,,,UNKNOWN,UNKNOWN,NO_CONFIDENT_CANDIDATE,NO_CONFIDENT_CANDIDATE,6348,0
KOMSCO_DIRECT_NAVER_FALLBACK,MATCHED,6198,참프루,선정릉역 참프루,naver_local_fallback,AMBIGUOUS,True,ENRICHED:RESOLVED,True,RESOLVED,1,1,SINGLE_CANDIDATE,0,0,참프루일본식라면,False,,#,37838068,DOM_DATA_NLOG,1,PASS,참프루일본식라면,서울 강남구 봉은사로49길 5 1층,,CONTAINED,PARTIAL,,,1632,1
KOMSCO_DIRECT_NAVER_FALLBACK,MATCHED,6199,파리바게트 강남영동점,논현역 파리바게트 강남영동점,station,AMBIGUOUS,True,NO_USABLE_CANDIDATE,False,AMBIGUOUS,1,1,SINGLE_CANDIDATE,0,0,파리바게뜨 강남영동점,False,,https://pcmap.place.naver.com/restaurant/18518180/home,18518180,DOM_DATA_NLOG,,FAIL,파리바게뜨 강남영동점,서울 강남구 강남대로 532 143,,DIFFERENT,DIFFERENT,TOP_K_DETAIL_VALIDATION_FAILED,TOP_K_DETAIL_VALIDATION_FAILED,909,1
KOMSCO_DIRECT_NAVER_FALLBACK,MATCHED,6209,소풍,강남구청역 소풍,station,AMBIGUOUS,True,NO_USABLE_CANDIDATE,False,AMBIGUOUS,4,4,QWEN,"0,1,2",0,현대백화점 압구정본점백화점,True,LOW,https://pcmap.place.naver.com/restaurant/31012479/home,31012479,DOM_DATA_NLOG,,FAIL,현대백화점 압구정본점백화점,서울 강남구 압구정로 165 현대백화점압구정본점,,DIFFERENT,DIFFERENT,TOP_K_DETAIL_VALIDATION_FAILED,TOP_K_DETAIL_VALIDATION_FAILED,3611,3
KOMSCO_DIRECT_NAVER_FALLBACK,MATCHED,6217,이태리부대찌개 선정릉점,선정릉역 이태리부대찌개 선정릉점,naver_local_fallback,AMBIGUOUS,True,ENRICHED:RESOLVED,True,RESOLVED,1,1,SINGLE_CANDIDATE,0,0,"이태리부대찌개 선정릉점찌개,전골",False,,#,1634282809,DOM_DATA_NLOG,1,PASS,"이태리부대찌개 선정릉점찌개,전골",서울 강남구 봉은사로49길 6,,CONTAINED,PARTIAL,,,1676,1
KOMSCO_DIRECT_NAVER_FALLBACK,UNMATCHED,6223,명인만두강남구청점,강남구청역 명인만두강남구청점,station,AMBIGUOUS,False,SKIPPED_NO_NAVER_MATCH,False,AMBIGUOUS,4,4,QWEN,"0,3,1",0,명인만두 차병원사거리점,True,LOW,https://pcmap.place.naver.com/restaurant/1157609660/home,1157609660,DOM_DATA_NLOG,,FAIL,명인만두 차병원사거리점,서울 강남구 봉은사로26길 23,,DIFFERENT,DIFFERENT,TOP_K_DETAIL_VALIDATION_FAILED,TOP_K_DETAIL_VALIDATION_FAILED,3906,3
KOMSCO_DIRECT_NAVER_FALLBACK,AMBIGUOUS,6224,동현소문난김밥,강남구청역 동현소문난김밥,station,AMBIGUOUS,False,SKIPPED_NO_NAVER_MATCH,False,AMBIGUOUS,1,1,SINGLE_CANDIDATE,0,0,원조 동현 소문난 김밥김밥,False,,https://pcmap.place.naver.com/restaurant/1430508671/home,1430508671,DOM_DATA_NLOG,,FAIL,원조 동현 소문난 김밥김밥,7수인분당강남구청역 3-1번 출구에서 638m,,CONTAINED,DIFFERENT,TOP_K_DETAIL_VALIDATION_FAILED,TOP_K_DETAIL_VALIDATION_FAILED,879,1
KOMSCO_DIRECT_NAVER_FALLBACK,MATCHED,6236,비노마노,선정릉역 비노마노,station,AMBIGUOUS,True,NO_USABLE_CANDIDATE,False,AMBIGUOUS,1,1,SINGLE_CANDIDATE,0,0,비노마노,False,,https://pcmap.place.naver.com/restaurant/1333412891/home,1333412891,DOM_DATA_NLOG,,FAIL,비노마노,7수인분당강남구청역 2번 출구에서 633m,,EXACT,DIFFERENT,TOP_K_DETAIL_VALIDATION_FAILED,TOP_K_DETAIL_VALIDATION_FAILED,1141,1
KOMSCO_DIRECT_NAVER_FALLBACK,MATCHED,6237,싸다김밥 강남구청역점,강남구청역 싸다김밥 강남구청역점,station,AMBIGUOUS,True,NO_USABLE_CANDIDATE,False,AMBIGUOUS,1,1,SINGLE_CANDIDATE,0,0,싸다김밥 강남구청역점분식,False,,https://pcmap.place.naver.com/restaurant/1608061003/home,1608061003,DOM_DATA_NLOG,,FAIL,싸다김밥 강남구청역점분식,서울 강남구 학동로 342 SK허브블루 105호 싸다김밥 강남구청역점,분식,CONTAINED,DIFFERENT,TOP_K_DETAIL_VALIDATION_FAILED,TOP_K_DETAIL_VALIDATION_FAILED,987,1
KOMSCO_DIRECT_NAVER_FALLBACK,MATCHED,6244,양양불떡볶이,논현역 양양불떡볶이,station,AMBIGUOUS,True,NO_USABLE_CANDIDATE,False,AMBIGUOUS,1,1,SINGLE_CANDIDATE,0,0,양양불떡볶이,False,,https://pcmap.place.naver.com/restaurant/782127896/home,782127896,DOM_DATA_NLOG,,FAIL,양양불떡볶이,서울 강남구 학동로4길 32,,EXACT,DIFFERENT,TOP_K_DETAIL_VALIDATION_FAILED,TOP_K_DETAIL_VALIDATION_FAILED,940,1
KOMSCO_DIRECT_NAVER_FALLBACK,MATCHED,6255,머털이네식당,논현역 머털이네식당,naver_local_fallback,NOT_FOUND,True,ENRICHED:NOT_FOUND,False,NOT_FOUND,1,1,SINGLE_CANDIDATE,0,0,,False,,,,,,NOT_ATTEMPTED,,,,UNKNOWN,UNKNOWN,PLACE_ID_NOT_IN_CANDIDATE_DOM,PLACE_ID_NOT_IN_CANDIDATE_DOM,6159,0
KOMSCO_DIRECT_NAVER_FALLBACK,UNMATCHED,6264,팔꾸이,강남구청역 팔꾸이,station,AMBIGUOUS,False,SKIPPED_NO_NAVER_MATCH,False,AMBIGUOUS,1,1,SINGLE_CANDIDATE,0,0,팔당닭발 강남본점,False,,https://pcmap.place.naver.com/restaurant/32602513/home,32602513,DOM_DATA_NLOG,,FAIL,팔당닭발 강남본점,7수인분당강남구청역 3번 출구에서 288m,"< 강남 매운 닭발&오징어 맛집 팔당닭발 오시는 길 > 강남에서 제대로 된 닭발 맛집을 찾고 계신가요? 회식이나 단체모임 장소로 오랜 시간 사랑받아온 곳, 팔당닭발 강남본점입니다. [지하철 안내] 강남구...",DIFFERENT,DIFFERENT,TOP_K_DETAIL_VALIDATION_FAILED,TOP_K_DETAIL_VALIDATION_FAILED,936,1
KOMSCO_DIRECT_NAVER_FALLBACK,MATCHED,6271,맛짱떡볶이,논현역 맛짱떡볶이,naver_local_fallback,AMBIGUOUS,True,ENRICHED:RESOLVED,True,RESOLVED,1,1,SINGLE_CANDIDATE,0,0,맛짱떡볶이종합분식,False,,#,18843544,DOM_DATA_NLOG,1,PASS,맛짱떡볶이종합분식,서울 강남구 강남대로122길 17,,CONTAINED,PARTIAL,,,1594,1
KOMSCO_DIRECT_NAVER_FALLBACK,UNMATCHED,6273,지랄닭발 논현점,논현역 지랄닭발 논현점,station,AMBIGUOUS,False,SKIPPED_NO_NAVER_MATCH,False,AMBIGUOUS,1,1,SINGLE_CANDIDATE,0,0,지랄닭발 강남점닭발,False,,https://pcmap.place.naver.com/restaurant/1650390940/home,1650390940,DOM_DATA_NLOG,,FAIL,지랄닭발 강남점닭발,서울 강남구 강남대로122길 28 1층 1호,,DIFFERENT,DIFFERENT,TOP_K_DETAIL_VALIDATION_FAILED,TOP_K_DETAIL_VALIDATION_FAILED,820,1
KOMSCO_DIRECT_NAVER_FALLBACK,UNMATCHED,6275,본죽 학동역점,학동역 본죽 학동역점,station,AMBIGUOUS,False,SKIPPED_NO_NAVER_MATCH,False,AMBIGUOUS,1,1,SINGLE_CANDIDATE,0,0,본죽&비빔밥 학동역점죽,False,,https://pcmap.place.naver.com/restaurant/1691189124/home,1691189124,DOM_DATA_NLOG,,FAIL,본죽&비빔밥 학동역점죽,서울 강남구 학동로 165 1층 본죽&비빔밥 학동역점,,DIFFERENT,DIFFERENT,TOP_K_DETAIL_VALIDATION_FAILED,TOP_K_DETAIL_VALIDATION_FAILED,948,1
KOMSCO_DIRECT_NAVER_FALLBACK,UNMATCHED,6278,브라운돈까스논현중앙점,강남구 브라운돈까스논현중앙점,gangnam,NOT_FOUND,False,SKIPPED_NO_NAVER_MATCH,False,NOT_FOUND,0,0,DETERMINISTIC,,,,False,,,,,,NOT_ATTEMPTED,,,,UNKNOWN,UNKNOWN,NO_CONFIDENT_CANDIDATE,NO_CONFIDENT_CANDIDATE,6504,0
KOMSCO_DIRECT_NAVER_FALLBACK,MATCHED,6280,파리바게뜨 강남구청역점,강남구청역 파리바게뜨 강남구청역점,naver_local_fallback,AMBIGUOUS,True,ENRICHED:AMBIGUOUS,False,AMBIGUOUS,1,1,SINGLE_CANDIDATE,0,0,파리바게뜨 강남구청역점베이커리,False,,https://pcmap.place.naver.com/restaurant/11684194/home,11684194,DOM_DATA_NLOG,,FAIL,파리바게뜨 강남구청역점베이커리,7수인분당강남구청역 3번 출구에서 35m,,CONTAINED,DIFFERENT,TOP_K_DETAIL_VALIDATION_FAILED,TOP_K_DETAIL_VALIDATION_FAILED,1651,1
KOMSCO_DIRECT_NAVER_FALLBACK,MATCHED,6283,크래버 대게나라,학동역 크래버 대게나라,station,AMBIGUOUS,True,NO_RESULT,False,AMBIGUOUS,1,1,SINGLE_CANDIDATE,0,0,크래버대게나라 강남점,False,,https://pcmap.place.naver.com/restaurant/33408380/home,33408380,DOM_DATA_NLOG,,FAIL,크래버대게나라 강남점,"[ 강남 맛집, 크래버 대게나라 강남점! ] . - 언주역 4번 출구 경복아파트사거리 좌회전 (서울 세관사거리 방향), 벤츠서비스논현센터(동양오토모티브) 건너편 (언주역 도보 10분) . - 학동역 1번 출구 서울세...",,CONTAINED,DIFFERENT,TOP_K_DETAIL_VALIDATION_FAILED,TOP_K_DETAIL_VALIDATION_FAILED,1125,1
KOMSCO_DIRECT_NAVER_FALLBACK,MATCHED,6292,한정식애덕,논현역 한정식애덕,naver_local_fallback,NOT_FOUND,True,ENRICHED:NOT_FOUND,False,NOT_FOUND,1,1,SINGLE_CANDIDATE,0,0,,False,,,,,,NOT_ATTEMPTED,,,,UNKNOWN,UNKNOWN,PLACE_ID_NOT_IN_CANDIDATE_DOM,PLACE_ID_NOT_IN_CANDIDATE_DOM,6163,0
KOMSCO_DIRECT_NAVER_FALLBACK,MATCHED,6297,블러프,강남구청역 블러프,station,RESOLVED,False,NOT_REQUIRED,False,RESOLVED,1,1,SINGLE_CANDIDATE,0,0,블러프 bluff Dine & Bar양식,False,,#,536587384,DOM_DATA_NLOG,1,PASS,블러프 bluff Dine & Bar양식,서울 강남구 도산대로54길 17 삼원빌딩 지하1층,,CONTAINED,PARTIAL,,,922,1
KOMSCO_DIRECT_NAVER_FALLBACK,UNMATCHED,6302,형수곱창,논현동 형수곱창,dong,AMBIGUOUS,False,SKIPPED_NO_NAVER_MATCH,False,AMBIGUOUS,1,1,SINGLE_CANDIDATE,0,0,형수곱창 압구정점,False,,https://pcmap.place.naver.com/restaurant/1593070198/home,1593070198,DOM_DATA_NLOG,,FAIL,형수곱창 압구정점,서울 강남구 압구정로46길 5-10 B동 103호,,CONTAINED,DIFFERENT,TOP_K_DETAIL_VALIDATION_FAILED,TOP_K_DETAIL_VALIDATION_FAILED,3373,1
KOMSCO_DIRECT_NAVER_FALLBACK,UNMATCHED,6324,경북유통,논현동 경북유통,dong,AMBIGUOUS,False,SKIPPED_NO_NAVER_MATCH,False,AMBIGUOUS,2,2,QWEN,"0,1",0,경북건재철물점,True,LOW,https://pcmap.place.naver.com/restaurant/18453332/home,18453332,DOM_DATA_NLOG,,FAIL,경북건재철물점,"선정릉역 2번 출구에서 강남구청역 방향으로 도보 3분, 드림오피스 옆 건물입니다",,DIFFERENT,DIFFERENT,TOP_K_DETAIL_VALIDATION_FAILED,TOP_K_DETAIL_VALIDATION_FAILED,4944,1
KOMSCO_DIRECT_NAVER_FALLBACK,MATCHED,6342,다이닝디자인,신논현역 다이닝디자인,naver_local_fallback,AMBIGUOUS,True,ENRICHED:NOT_FOUND,False,NOT_FOUND,1,1,SINGLE_CANDIDATE,0,0,,False,,,,,,NOT_ATTEMPTED,,,,UNKNOWN,UNKNOWN,PLACE_ID_NOT_IN_CANDIDATE_DOM,PLACE_ID_NOT_IN_CANDIDATE_DOM,8758,0
KOMSCO_DIRECT_NAVER_FALLBACK,UNMATCHED,6345,파니나로,강남구 파니나로,gangnam,NOT_FOUND,False,SKIPPED_NO_NAVER_MATCH,False,NOT_FOUND,0,0,DETERMINISTIC,,,,False,,,,,,NOT_ATTEMPTED,,,,UNKNOWN,UNKNOWN,NO_CONFIDENT_CANDIDATE,NO_CONFIDENT_CANDIDATE,5598,0
KOMSCO_DIRECT_NAVER_FALLBACK,UNMATCHED,6348,(주)청담소,강남구 (주)청담소,gangnam,NOT_FOUND,False,SKIPPED_NO_NAVER_MATCH,False,NOT_FOUND,0,0,DETERMINISTIC,,,,False,,,,,,NOT_ATTEMPTED,,,,UNKNOWN,UNKNOWN,NO_CONFIDENT_CANDIDATE,NO_CONFIDENT_CANDIDATE,5554,0
KOMSCO_DIRECT_NAVER_FALLBACK,UNMATCHED,6351,부산 아지매 국밥 신논현역점,신논현역 부산 아지매 국밥 신논현역점,station,AMBIGUOUS,False,SKIPPED_NO_NAVER_MATCH,False,AMBIGUOUS,3,3,QWEN,"0,1,2",0,부산아지매국밥 뱅뱅사거리점국밥,True,LOW,https://pcmap.place.naver.com/restaurant/37746109/home,37746109,DOM_DATA_NLOG,,FAIL,부산아지매국밥 뱅뱅사거리점국밥,"서울 강남구 강남대로66길 14 와이즈플레이스 203, 204호",,DIFFERENT,DIFFERENT,TOP_K_DETAIL_VALIDATION_FAILED,TOP_K_DETAIL_VALIDATION_FAILED,3542,3
KOMSCO_DIRECT_NAVER_FALLBACK,MATCHED,6361,두지엠아라크렘,학동역 두지엠아라크렘,station,AMBIGUOUS,True,NO_USABLE_CANDIDATE,False,AMBIGUOUS,1,1,SINGLE_CANDIDATE,0,0,두지엠아라크렘양식,False,,https://pcmap.place.naver.com/restaurant/34698516/home,34698516,DOM_DATA_NLOG,,FAIL,두지엠아라크렘양식,서울 강남구 논현로142길 13 1층 두지엠아라크렘,,CONTAINED,DIFFERENT,TOP_K_DETAIL_VALIDATION_FAILED,TOP_K_DETAIL_VALIDATION_FAILED,893,1
KOMSCO_DIRECT_NAVER_FALLBACK,MATCHED,6374,소나무,강남구청역 소나무,naver_local_fallback,AMBIGUOUS,True,ENRICHED:RESOLVED,True,RESOLVED,9,5,QWEN,"0,1,2",0,"소나무족발,보쌈",True,LOW,#,1275222532,DOM_DATA_NLOG,1,PASS,"소나무족발,보쌈","서울 강남구 언주로150길 7 1층, 2층",,CONTAINED,PARTIAL,,,5354,1
KOMSCO_DIRECT_NAVER_FALLBACK,UNMATCHED,6391,Heya,학동역 Heya,station,AMBIGUOUS,False,SKIPPED_NO_NAVER_MATCH,False,AMBIGUOUS,1,1,SINGLE_CANDIDATE,0,0,헤야일식당,False,,https://pcmap.place.naver.com/restaurant/1212049721/home,1212049721,DOM_DATA_NLOG,,FAIL,헤야일식당,서울 강남구 논현로138길 4 영주빌딩 지상1층,,DIFFERENT,DIFFERENT,TOP_K_DETAIL_VALIDATION_FAILED,TOP_K_DETAIL_VALIDATION_FAILED,809,1
KOMSCO_DIRECT_NAVER_FALLBACK,MATCHED,6393,울트라멘,신논현역 울트라멘,naver_local_fallback,AMBIGUOUS,True,ENRICHED:RESOLVED,True,RESOLVED,1,1,SINGLE_CANDIDATE,0,0,울트라멘일본식라면,False,,#,13129498,DOM_DATA_NLOG,1,PASS,울트라멘일본식라면,서울 강남구 강남대로122길 14 1층 울트라멘,,CONTAINED,PARTIAL,,,1739,1
KOMSCO_DIRECT_NAVER_FALLBACK,MATCHED,6405,알라프리마,논현역 알라프리마,station,AMBIGUOUS,True,NO_USABLE_CANDIDATE,False,AMBIGUOUS,1,1,SINGLE_CANDIDATE,0,0,알라프리마퓨전음식,False,,https://pcmap.place.naver.com/restaurant/36893601/home,36893601,DOM_DATA_NLOG,,FAIL,알라프리마퓨전음식,서울 강남구 학동로17길 13 1층 (인본빌딩),,CONTAINED,DIFFERENT,TOP_K_DETAIL_VALIDATION_FAILED,TOP_K_DETAIL_VALIDATION_FAILED,936,1
KOMSCO_DIRECT_NAVER_FALLBACK,MATCHED,6415,신사정육식당,논현역 신사정육식당,station,AMBIGUOUS,True,NO_USABLE_CANDIDATE,False,AMBIGUOUS,3,3,QWEN,"0,1,2",0,커스텀잇 그로서리한식,True,LOW,https://pcmap.place.naver.com/restaurant/1038704808/home,1038704808,DOM_DATA_NLOG,,FAIL,커스텀잇 그로서리한식,서울 강남구 압구정로 110 1층,,DIFFERENT,DIFFERENT,TOP_K_DETAIL_VALIDATION_FAILED,TOP_K_DETAIL_VALIDATION_FAILED,3059,3
KOMSCO_DIRECT_NAVER_FALLBACK,MATCHED,6428,반포등심,강남구청역 반포등심,naver_local_fallback,AMBIGUOUS,True,ENRICHED:RESOLVED,True,RESOLVED,1,1,SINGLE_CANDIDATE,0,0,반포등심소고기구이,False,,#,12050807,DOM_DATA_NLOG,1,PASS,반포등심소고기구이,서울 강남구 언주로148길 14 청호불교문화원,,CONTAINED,PARTIAL,,,1695,1
KOMSCO_DIRECT_NAVER_FALLBACK,MATCHED,6447,대삼식당,강남구청역 대삼식당,station,RESOLVED,False,NOT_REQUIRED,False,RESOLVED,2,2,QWEN,"1,0",0,대삼식당돼지고기구이,True,LOW,#,38654935,DOM_DATA_NLOG,2,PASS,대삼식당돼지고기구이,서울 강남구 학동로41길 23,대삼식당,CONTAINED,PARTIAL,,,2525,2
KOMSCO_DIRECT_NAVER_FALLBACK,MATCHED,6448,동천홍 논현점,학동역 동천홍 논현점,station,RESOLVED,False,NOT_REQUIRED,False,RESOLVED,1,1,SINGLE_CANDIDATE,0,0,동천홍 논현점중식당,False,,#,32260586,DOM_DATA_NLOG,1,PASS,동천홍 논현점중식당,서울 강남구 논현로150길 18 삼호빌딩,,CONTAINED,PARTIAL,,,726,1
KOMSCO_DIRECT_NAVER_FALLBACK,MATCHED,6455,일일향 논현2호점,언주역 일일향 논현2호점,naver_local_fallback,AMBIGUOUS,True,ENRICHED:RESOLVED,True,RESOLVED,1,1,SINGLE_CANDIDATE,0,0,일일향 논현2호점중식당,False,,#,36538591,DOM_DATA_NLOG,1,PASS,일일향 논현2호점중식당,서울 강남구 봉은사로 167,,CONTAINED,PARTIAL,,,3606,1
KOMSCO_DIRECT_NAVER_FALLBACK,UNMATCHED,6458,곤지암할매소머리국밥,강남구 곤지암할매소머리국밥,gangnam,AMBIGUOUS,False,SKIPPED_NO_NAVER_MATCH,False,AMBIGUOUS,1,1,SINGLE_CANDIDATE,0,0,곤지암할매소머리국밥 가락시장점국밥,False,,https://pcmap.place.naver.com/restaurant/1814105267/home,1814105267,DOM_DATA_NLOG,,FAIL,곤지암할매소머리국밥 가락시장점국밥,서울 송파구 양재대로 932 채소2동 2층 903-1호,,CONTAINED,DIFFERENT,TOP_K_DETAIL_VALIDATION_FAILED,TOP_K_DETAIL_VALIDATION_FAILED,6731,1
KOMSCO_DIRECT_NAVER_FALLBACK,MATCHED,6464,청계산갈비살,강남구청역 청계산갈비살,station,AMBIGUOUS,True,NO_USABLE_CANDIDATE,False,AMBIGUOUS,1,1,SINGLE_CANDIDATE,0,0,청계산갈비살,False,,https://pcmap.place.naver.com/restaurant/18509142/home,18509142,DOM_DATA_NLOG,,FAIL,청계산갈비살,강남구청역 3번출구 직진 300미터 횡단보도 나오면 우측에 강남플라자약국끼고 우회전 내려와서 100터 직진 좌측코너 청계산갈비살 간판이 보입니다.건물뒷편에 주차하시면됩니다.,,EXACT,DIFFERENT,TOP_K_DETAIL_VALIDATION_FAILED,TOP_K_DETAIL_VALIDATION_FAILED,873,1
KOMSCO_DIRECT_NAVER_FALLBACK,MATCHED,6465,사운드웨이브커피,학동역 사운드웨이브커피,station,AMBIGUOUS,True,NO_USABLE_CANDIDATE,False,AMBIGUOUS,1,1,SINGLE_CANDIDATE,0,0,"사운드웨이브커피카페,디저트",False,,https://pcmap.place.naver.com/restaurant/1604081462/home,1604081462,DOM_DATA_NLOG,,FAIL,"사운드웨이브커피카페,디저트",서울 강남구 논현로146길 13 1층 사운드웨이브커피,,CONTAINED,DIFFERENT,TOP_K_DETAIL_VALIDATION_FAILED,TOP_K_DETAIL_VALIDATION_FAILED,1086,1
KOMSCO_DIRECT_NAVER_FALLBACK,MATCHED,6497,사랑방,신논현역 사랑방,naver_local_fallback,AMBIGUOUS,True,ENRICHED:AMBIGUOUS,False,AMBIGUOUS,7,5,QWEN,"0,2,3",0,"사랑방기원바둑,기원",True,LOW,https://pcmap.place.naver.com/restaurant/1195353740/home,1195353740,DOM_DATA_NLOG,,FAIL,"사랑방기원바둑,기원",서울 강남구 논현로94길 24,,CONTAINED,DIFFERENT,TOP_K_DETAIL_VALIDATION_FAILED,TOP_K_DETAIL_VALIDATION_FAILED,5553,2
KOMSCO_DIRECT_NAVER_FALLBACK,UNMATCHED,6503,할머니상회,강남구 할머니상회,gangnam,NOT_FOUND,False,SKIPPED_NO_NAVER_MATCH,False,NOT_FOUND,0,0,DETERMINISTIC,,,,False,,,,,,NOT_ATTEMPTED,,,,UNKNOWN,UNKNOWN,NO_CONFIDENT_CANDIDATE,NO_CONFIDENT_CANDIDATE,5528,0
KOMSCO_DIRECT_NAVER_FALLBACK,MATCHED,6513,강남쪽갈비,강남구청역 강남쪽갈비,station,AMBIGUOUS,True,NO_USABLE_CANDIDATE,False,AMBIGUOUS,6,5,QWEN,"2,0,1",2,뜯고기 강남구청점,True,LOW,https://pcmap.place.naver.com/restaurant/2073851785/home,2073851785,DOM_DATA_NLOG,,FAIL,뜯고기 강남구청점,7수인분당강남구청역 3번 출구에서 433m,,DIFFERENT,DIFFERENT,TOP_K_DETAIL_VALIDATION_FAILED,TOP_K_DETAIL_VALIDATION_FAILED,3557,3
KOMSCO_DIRECT_NAVER_FALLBACK,UNMATCHED,6518,탕탕미엔,강남구 탕탕미엔,gangnam,NOT_FOUND,False,SKIPPED_NO_NAVER_MATCH,False,NOT_FOUND,0,0,DETERMINISTIC,,,,False,,,,,,NOT_ATTEMPTED,,,,UNKNOWN,UNKNOWN,NO_CONFIDENT_CANDIDATE,NO_CONFIDENT_CANDIDATE,5468,0
KOMSCO_DIRECT_NAVER_FALLBACK,UNMATCHED,6526,신전떡볶이강남논현점,논현역 신전떡볶이강남논현점,station,AMBIGUOUS,False,SKIPPED_NO_NAVER_MATCH,False,AMBIGUOUS,1,1,SINGLE_CANDIDATE,0,0,신전떡볶이 강남논현점분식,False,,https://pcmap.place.naver.com/restaurant/38729095/home,38729095,DOM_DATA_NLOG,,FAIL,신전떡볶이 강남논현점분식,서울 강남구 학동로20길 62 102호,,CONTAINED,DIFFERENT,TOP_K_DETAIL_VALIDATION_FAILED,TOP_K_DETAIL_VALIDATION_FAILED,962,1
KOMSCO_DIRECT_NAVER_FALLBACK,MATCHED,6527,청양칼국수,학동역 청양칼국수,station,AMBIGUOUS,True,NO_USABLE_CANDIDATE,False,AMBIGUOUS,1,1,SINGLE_CANDIDATE,0,0,"청양해물칼국수칼국수,만두",False,,https://pcmap.place.naver.com/restaurant/1147939546/home,1147939546,DOM_DATA_NLOG,,FAIL,"청양해물칼국수칼국수,만두",서울 강남구 언주로147길 28 1층 청양해물칼국수,,DIFFERENT,DIFFERENT,TOP_K_DETAIL_VALIDATION_FAILED,TOP_K_DETAIL_VALIDATION_FAILED,1070,1
KOMSCO_DIRECT_NAVER_FALLBACK,UNMATCHED,6528,지알(GR) 해마루,강남구 지알(GR) 해마루,gangnam,NOT_FOUND,False,SKIPPED_NO_NAVER_MATCH,False,NOT_FOUND,0,0,DETERMINISTIC,,,,False,,,,,,NOT_ATTEMPTED,,,,UNKNOWN,UNKNOWN,NO_CONFIDENT_CANDIDATE,NO_CONFIDENT_CANDIDATE,5483,0
KOMSCO_DIRECT_NAVER_FALLBACK,AMBIGUOUS,6535,저스트카츠,논현역 저스트카츠,station,AMBIGUOUS,False,SKIPPED_NO_NAVER_MATCH,False,AMBIGUOUS,1,1,SINGLE_CANDIDATE,0,0,저스트카츠 강남본점,False,,https://pcmap.place.naver.com/restaurant/1078525904/home,1078525904,DOM_DATA_NLOG,,FAIL,저스트카츠 강남본점,※ 도보 이용 시 논현역2번출구에서 도보 1분 영동시장에서 도보 3분 신논현역3번출구에서 도보 8분 ※ 자차 이용 시 신사역에서 자차 3분 강남역에서 자차 5분 CGV강남에서 자차 5분 서울고속버스터미...,,CONTAINED,DIFFERENT,TOP_K_DETAIL_VALIDATION_FAILED,TOP_K_DETAIL_VALIDATION_FAILED,921,1
KOMSCO_DIRECT_NAVER_FALLBACK,MATCHED,6538,맘스맘,학동역 맘스맘,naver_local_fallback,NOT_FOUND,True,ENRICHED:NOT_FOUND,False,NOT_FOUND,1,1,SINGLE_CANDIDATE,0,0,,False,,,,,,NOT_ATTEMPTED,,,,UNKNOWN,UNKNOWN,PLACE_ID_NOT_IN_CANDIDATE_DOM,PLACE_ID_NOT_IN_CANDIDATE_DOM,6042,0
KOMSCO_DIRECT_NAVER_FALLBACK,UNMATCHED,6545,주식회사 디오컴퍼니,강남구 주식회사 디오컴퍼니,gangnam,NOT_FOUND,False,SKIPPED_NO_NAVER_MATCH,False,NOT_FOUND,0,0,DETERMINISTIC,,,,False,,,,,,NOT_ATTEMPTED,,,,UNKNOWN,UNKNOWN,NO_CONFIDENT_CANDIDATE,NO_CONFIDENT_CANDIDATE,5487,0
KOMSCO_DIRECT_NAVER_FALLBACK,MATCHED,6556,동막촌,학동역 동막촌,naver_local_fallback,NOT_FOUND,True,ENRICHED:NOT_FOUND,False,NOT_FOUND,1,1,SINGLE_CANDIDATE,0,0,,False,,,,,,NOT_ATTEMPTED,,,,UNKNOWN,UNKNOWN,PLACE_ID_NOT_IN_CANDIDATE_DOM,PLACE_ID_NOT_IN_CANDIDATE_DOM,5813,0
KOMSCO_DIRECT_NAVER_FALLBACK,UNMATCHED,6557,우동포차,강남구청역 우동포차,station,AMBIGUOUS,False,SKIPPED_NO_NAVER_MATCH,False,AMBIGUOUS,1,1,SINGLE_CANDIDATE,0,0,미미돈가스,False,,https://pcmap.place.naver.com/restaurant/1198511014/home,1198511014,DOM_DATA_NLOG,,FAIL,미미돈가스,7수인분당강남구청역 3-1번 출구에서 794m,,DIFFERENT,DIFFERENT,TOP_K_DETAIL_VALIDATION_FAILED,TOP_K_DETAIL_VALIDATION_FAILED,764,1
KOMSCO_DIRECT_NAVER_FALLBACK,MATCHED,6565,영동죽집,논현역 영동죽집,station,RESOLVED,False,NOT_REQUIRED,False,RESOLVED,1,1,SINGLE_CANDIDATE,0,0,영동죽집죽,False,,#,12803189,DOM_DATA_NLOG,1,PASS,영동죽집죽,서울 강남구 강남대로124길 22,,CONTAINED,PARTIAL,,,1109,1
KOMSCO_DIRECT_NAVER_FALLBACK,MATCHED,6580,잼잼스크린골프,학동역 잼잼스크린골프,station,AMBIGUOUS,True,NO_RESULT,False,AMBIGUOUS,1,1,SINGLE_CANDIDATE,0,0,잼잼스크린골프스크린골프장,False,,https://pcmap.place.naver.com/restaurant/32505216/home,32505216,DOM_DATA_NLOG,,FAIL,잼잼스크린골프스크린골프장,서울 강남구 논현로 712 동호빌딩 지하1층,,CONTAINED,DIFFERENT,TOP_K_DETAIL_VALIDATION_FAILED,TOP_K_DETAIL_VALIDATION_FAILED,1035,1
KOMSCO_DIRECT_NAVER_FALLBACK,MATCHED,6595,돼지고추장불고기,신논현역 돼지고추장불고기,naver_local_fallback,AMBIGUOUS,True,ENRICHED:RESOLVED,True,RESOLVED,3,3,QWEN,"0,1,2",0,돼지고추장불고기돼지고기구이,True,LOW,#,1004824852,DOM_DATA_NLOG,1,PASS,돼지고추장불고기돼지고기구이,서울 강남구 강남대로122길 6,,CONTAINED,PARTIAL,,,6144,1
KOMSCO_DIRECT_NAVER_FALLBACK,MATCHED,6598,원갈비,학동역 원갈비,naver_local_fallback,AMBIGUOUS,True,ENRICHED:RESOLVED,True,RESOLVED,2,2,QWEN,"1,0",0,"원갈비육류,고기요리",True,LOW,#,1469300971,DOM_DATA_NLOG,2,PASS,"원갈비육류,고기요리",서울 강남구 도산대로30길 21-4 1층 원갈비,,CONTAINED,PARTIAL,,,4408,1
KOMSCO_DIRECT_NAVER_FALLBACK,MATCHED,6613,버텍스,학동역 버텍스,station,AMBIGUOUS,True,NO_USABLE_CANDIDATE,False,AMBIGUOUS,1,1,SINGLE_CANDIDATE,0,0,버텍스 논현점퓨전음식,False,,https://pcmap.place.naver.com/restaurant/1811783320/home,1811783320,DOM_DATA_NLOG,,FAIL,버텍스 논현점퓨전음식,서울 강남구 강남대로124길 74,,CONTAINED,DIFFERENT,TOP_K_DETAIL_VALIDATION_FAILED,TOP_K_DETAIL_VALIDATION_FAILED,960,1
KOMSCO_DIRECT_NAVER_FALLBACK,MATCHED,6626,파리바게뜨 강남구청센터점,강남구청역 파리바게뜨 강남구청센터점,station,AMBIGUOUS,True,NO_USABLE_CANDIDATE,False,AMBIGUOUS,1,1,SINGLE_CANDIDATE,0,0,파리바게뜨 강남구청센터점,False,,https://pcmap.place.naver.com/restaurant/31501147/home,31501147,DOM_DATA_NLOG,,FAIL,파리바게뜨 강남구청센터점,7수인분당강남구청역 2번 출구에서 223m,,EXACT,DIFFERENT,TOP_K_DETAIL_VALIDATION_FAILED,TOP_K_DETAIL_VALIDATION_FAILED,1279,1
KOMSCO_DIRECT_NAVER_FALLBACK,UNMATCHED,6635,끼니위드팜(강남논현점),강남구 끼니위드팜(강남논현점),gangnam,NOT_FOUND,False,SKIPPED_NO_NAVER_MATCH,False,NOT_FOUND,0,0,DETERMINISTIC,,,,False,,,,,,NOT_ATTEMPTED,,,,UNKNOWN,UNKNOWN,NO_CONFIDENT_CANDIDATE,NO_CONFIDENT_CANDIDATE,5557,0
KOMSCO_DIRECT_NAVER_FALLBACK,UNMATCHED,6641,양군,강남구청역 양군,station,AMBIGUOUS,False,SKIPPED_NO_NAVER_MATCH,False,AMBIGUOUS,1,1,SINGLE_CANDIDATE,0,0,양군스냅 SJ Style Photo,False,,https://pcmap.place.naver.com/restaurant/37688312/home,37688312,DOM_DATA_NLOG,,FAIL,양군스냅 SJ Style Photo,서울 강남구 도산대로 427,,CONTAINED,DIFFERENT,TOP_K_DETAIL_VALIDATION_FAILED,TOP_K_DETAIL_VALIDATION_FAILED,946,1
KOMSCO_DIRECT_NAVER_FALLBACK,MATCHED,6643,정가네손칼국수,강남구청역 정가네손칼국수,naver_local_fallback,AMBIGUOUS,True,ENRICHED:AMBIGUOUS,False,AMBIGUOUS,1,1,SINGLE_CANDIDATE,0,0,"정가네손칼국수칼국수,만두",False,,https://pcmap.place.naver.com/restaurant/20623381/home,20623381,DOM_DATA_NLOG,,FAIL,"정가네손칼국수칼국수,만두",강남구청역 2번출구로 나오셔서 30-40미터 오시면은 등촌샤브칼국수 간판보이세요 등촌샤브칼국수 방면 계단으로 끝까지 올라오시면1층에 정가네손칼국수 보입니다 감사합니다,,CONTAINED,DIFFERENT,TOP_K_DETAIL_VALIDATION_FAILED,TOP_K_DETAIL_VALIDATION_FAILED,1700,1
KOMSCO_DIRECT_NAVER_FALLBACK,MATCHED,6656,언양불고기,논현역 언양불고기,naver_local_fallback,AMBIGUOUS,True,ENRICHED:RESOLVED,True,RESOLVED,3,3,QWEN,"1,0,2",0,"언양불고기육류,고기요리",True,LOW,#,11680040,DOM_DATA_NLOG,2,PASS,"언양불고기육류,고기요리",서울 강남구 학동로2길 15 우리빌딩,,CONTAINED,PARTIAL,,,5313,2
KOMSCO_DIRECT_NAVER_FALLBACK,UNMATCHED,6657,주식회사 홈수끼푸드,강남구 주식회사 홈수끼푸드,gangnam,NOT_FOUND,False,SKIPPED_NO_NAVER_MATCH,False,NOT_FOUND,0,0,DETERMINISTIC,,,,False,,,,,,NOT_ATTEMPTED,,,,UNKNOWN,UNKNOWN,NO_CONFIDENT_CANDIDATE,NO_CONFIDENT_CANDIDATE,5429,0
KOMSCO_DIRECT_NAVER_FALLBACK,MATCHED,6664,도도짝갈비,언주역 도도짝갈비,station,RESOLVED,False,NOT_REQUIRED,False,RESOLVED,1,1,SINGLE_CANDIDATE,0,0,도도짝갈비,False,,#,1542485713,DOM_DATA_NLOG,1,PASS,도도짝갈비,서울 강남구 봉은사로25길 4 1층,,EXACT,PARTIAL,,,860,1
KOMSCO_DIRECT_NAVER_FALLBACK,MATCHED,6671,히까리 논현점,신논현역 히까리 논현점,station,AMBIGUOUS,True,NO_USABLE_CANDIDATE,False,AMBIGUOUS,1,1,SINGLE_CANDIDATE,0,0,히까리 논현점,False,,https://pcmap.place.naver.com/restaurant/34907134/home,34907134,DOM_DATA_NLOG,,FAIL,히까리 논현점,주차는 상해루 건물에 가능합니다. (주소 :서울시 강남구 논현동 164-7 서울시 강남구 강남대로 512 ),일식당,EXACT,DIFFERENT,TOP_K_DETAIL_VALIDATION_FAILED,TOP_K_DETAIL_VALIDATION_FAILED,988,1
KOMSCO_DIRECT_NAVER_FALLBACK,MATCHED,6672,돈까스의 집,언주역 돈까스의 집,station,AMBIGUOUS,True,NO_USABLE_CANDIDATE,False,AMBIGUOUS,1,1,SINGLE_CANDIDATE,0,0,가나돈까스의집돈가스,False,,https://pcmap.place.naver.com/restaurant/34178313/home,34178313,DOM_DATA_NLOG,,FAIL,가나돈까스의집돈가스,서울 강남구 언주로 608,,CONTAINED,DIFFERENT,TOP_K_DETAIL_VALIDATION_FAILED,TOP_K_DETAIL_VALIDATION_FAILED,975,1
KOMSCO_DIRECT_NAVER_FALLBACK,MATCHED,6675,주래등,강남구청역 주래등,station,RESOLVED,False,NOT_REQUIRED,False,RESOLVED,1,1,SINGLE_CANDIDATE,0,0,주래등,False,,#,18505457,DOM_DATA_NLOG,1,PASS,주래등,서울 강남구 언주로150길 24,,EXACT,PARTIAL,,,986,1
KOMSCO_DIRECT_NAVER_FALLBACK,MATCHED,6678,한사바리해장국 강남점,언주역 한사바리해장국 강남점,naver_local_fallback,AMBIGUOUS,True,ENRICHED:RESOLVED,True,RESOLVED,1,1,SINGLE_CANDIDATE,0,0,한사바리해장국 강남점한식,False,,#,1187842579,DOM_DATA_NLOG,1,PASS,한사바리해장국 강남점한식,서울 강남구 봉은사로33길 34 지하1층 4호,,CONTAINED,PARTIAL,,,1601,1
KOMSCO_DIRECT_NAVER_FALLBACK,MATCHED,6682,파리바게뜨 신논현교보타워,신논현역 파리바게뜨 신논현교보타워,station,RESOLVED,False,NOT_REQUIRED,False,RESOLVED,1,1,SINGLE_CANDIDATE,0,0,파리바게뜨 신논현교보타워점,False,,#,18520477,DOM_DATA_NLOG,1,PASS,파리바게뜨 신논현교보타워점,서울 강남구 강남대로118길 12 (논현동) 부경빌딩,,CONTAINED,PARTIAL,,,855,1
KOMSCO_DIRECT_NAVER_FALLBACK,UNMATCHED,6711,주식회사 희현코퍼레이션,강남구 주식회사 희현코퍼레이션,gangnam,NOT_FOUND,False,SKIPPED_NO_NAVER_MATCH,False,NOT_FOUND,0,0,DETERMINISTIC,,,,False,,,,,,NOT_ATTEMPTED,,,,UNKNOWN,UNKNOWN,NO_CONFIDENT_CANDIDATE,NO_CONFIDENT_CANDIDATE,5422,0
KOMSCO_DIRECT_NAVER_FALLBACK,AMBIGUOUS,6728,완도1957별관,강남구청역 완도1957별관,station,AMBIGUOUS,False,SKIPPED_NO_NAVER_MATCH,False,AMBIGUOUS,1,1,SINGLE_CANDIDATE,0,0,완도1957 강남구청역점,False,,https://pcmap.place.naver.com/restaurant/1743063426/home,1743063426,DOM_DATA_NLOG,,FAIL,완도1957 강남구청역점,-강남구청역 맛집 완도1957 찾아 오시는길- 강남파라곤 건물 뒷골목쪽으로 오시면 찾기 편하십니다.,,DIFFERENT,DIFFERENT,TOP_K_DETAIL_VALIDATION_FAILED,TOP_K_DETAIL_VALIDATION_FAILED,917,1
KOMSCO_DIRECT_NAVER_FALLBACK,MATCHED,6745,두레식당,논현역 두레식당,station,RESOLVED,False,NOT_REQUIRED,False,RESOLVED,2,2,QWEN,"0,1",0,두레식당한식,True,LOW,#,1724163250,DOM_DATA_NLOG,1,PASS,두레식당한식,서울 강남구 학동로4길 41 1층,두레식당,CONTAINED,PARTIAL,,,2175,1
KOMSCO_DIRECT_NAVER_FALLBACK,MATCHED,6746,랑데뷰 강남논현본점,신논현역 랑데뷰 강남논현본점,naver_local_fallback,AMBIGUOUS,True,ENRICHED:AMBIGUOUS,False,AMBIGUOUS,1,1,SINGLE_CANDIDATE,0,0,랑데뷰 강남논현본점,False,,https://pcmap.place.naver.com/restaurant/1291034004/home,1291034004,DOM_DATA_NLOG,,FAIL,랑데뷰 강남논현본점,"랑데뷰는 서울 중심지 중 하나인 강남구에 위치해 있어, 접근성이 뛰어난 단체모임 장소로 손꼽힙니다. 특히 지하철 9호선 신논현역과 신분당선이 만나는 환승역 근처에 자리하고 있어, 서울 전역 어디서든 ...",,EXACT,DIFFERENT,TOP_K_DETAIL_VALIDATION_FAILED,TOP_K_DETAIL_VALIDATION_FAILED,1896,1
KOMSCO_DIRECT_NAVER_FALLBACK,MATCHED,6747,오가고,강남구청역 오가고,naver_local_fallback,AMBIGUOUS,True,ENRICHED:AMBIGUOUS,False,AMBIGUOUS,1,1,SINGLE_CANDIDATE,0,0,오가고일식당,False,,https://pcmap.place.naver.com/restaurant/1160824233/home,1160824233,DOM_DATA_NLOG,,FAIL,오가고일식당,강남구청역 2번출구 나와 50m 즘 내려오다가 주영미용실 옆 통로로 쭉 들어오면 왼편에 있습니다.,일식당,CONTAINED,DIFFERENT,TOP_K_DETAIL_VALIDATION_FAILED,TOP_K_DETAIL_VALIDATION_FAILED,1714,1
KOMSCO_DIRECT_NAVER_FALLBACK,UNMATCHED,6761,흑벽돌집by숯불,강남구 흑벽돌집by숯불,gangnam,NOT_FOUND,False,SKIPPED_NO_NAVER_MATCH,False,NOT_FOUND,0,0,DETERMINISTIC,,,,False,,,,,,NOT_ATTEMPTED,,,,UNKNOWN,UNKNOWN,NO_CONFIDENT_CANDIDATE,NO_CONFIDENT_CANDIDATE,5454,0
KOMSCO_DIRECT_NAVER_FALLBACK,MATCHED,6765,두찜 강남논현점,학동역 두찜 강남논현점,station,AMBIGUOUS,True,NO_RESULT,False,AMBIGUOUS,1,1,SINGLE_CANDIDATE,0,0,두찜 강남논현점,False,,https://pcmap.place.naver.com/restaurant/1958706028/home,1958706028,DOM_DATA_NLOG,,FAIL,두찜 강남논현점,서울 강남구 언주로121길 10 2층,,EXACT,DIFFERENT,TOP_K_DETAIL_VALIDATION_FAILED,TOP_K_DETAIL_VALIDATION_FAILED,1071,1
KOMSCO_DIRECT_NAVER_FALLBACK,UNMATCHED,6769,더플레이트디저트,강남구청역 더플레이트디저트,station,AMBIGUOUS,False,SKIPPED_NO_NAVER_MATCH,False,AMBIGUOUS,1,1,SINGLE_CANDIDATE,0,0,더플레이트디저트베이커리,False,,https://pcmap.place.naver.com/restaurant/1477268158/home,1477268158,DOM_DATA_NLOG,,FAIL,더플레이트디저트베이커리,서울 강남구 논현로 854 안다즈강남 B1 B101호,,CONTAINED,DIFFERENT,TOP_K_DETAIL_VALIDATION_FAILED,TOP_K_DETAIL_VALIDATION_FAILED,823,1
KOMSCO_DIRECT_NAVER_FALLBACK,MATCHED,6779,현대순대국,논현역 현대순대국,station,RESOLVED,False,NOT_REQUIRED,False,RESOLVED,2,2,QWEN,"0,1",0,"현대순대국순대,순댓국",True,LOW,#,19882368,DOM_DATA_NLOG,1,PASS,"현대순대국순대,순댓국",서울 강남구 강남대로124길 20 남경빌딩,,CONTAINED,PARTIAL,,,2159,1
KOMSCO_DIRECT_NAVER_FALLBACK,MATCHED,6795,구구족 강남논현점,논현역 구구족 강남논현점,naver_local_fallback,AMBIGUOUS,True,ENRICHED:RESOLVED,True,RESOLVED,1,1,SINGLE_CANDIDATE,0,0,구구족 강남논현점,False,,#,1671872803,DOM_DATA_NLOG,1,PASS,구구족 강남논현점,서울 강남구 강남대로124길 68 1층 102호,,EXACT,PARTIAL,,,1914,1
KOMSCO_DIRECT_NAVER_FALLBACK,UNMATCHED,6799,영동의 밤,강남구 영동의 밤,gangnam,NOT_FOUND,False,SKIPPED_NO_NAVER_MATCH,False,NOT_FOUND,0,0,DETERMINISTIC,,,,False,,,,,,NOT_ATTEMPTED,,,,UNKNOWN,UNKNOWN,NO_CONFIDENT_CANDIDATE,NO_CONFIDENT_CANDIDATE,5567,0
KOMSCO_DIRECT_NAVER_FALLBACK,MATCHED,6800,에스트레인,신사역 에스트레인,naver_local_fallback,AMBIGUOUS,True,ENRICHED:AMBIGUOUS,False,AMBIGUOUS,2,2,QWEN,"0,1",0,S train라이브카페,True,LOW,https://pcmap.place.naver.com/restaurant/36620197/home,36620197,DOM_DATA_NLOG,,FAIL,S train라이브카페,서울 강남구 도산대로6길 5,,DIFFERENT,DIFFERENT,TOP_K_DETAIL_VALIDATION_FAILED,TOP_K_DETAIL_VALIDATION_FAILED,5211,2
KOMSCO_DIRECT_NAVER_FALLBACK,UNMATCHED,6807,주식회사 원강,강남구 주식회사 원강,gangnam,NOT_FOUND,False,SKIPPED_NO_NAVER_MATCH,False,NOT_FOUND,0,0,DETERMINISTIC,,,,False,,,,,,NOT_ATTEMPTED,,,,UNKNOWN,UNKNOWN,NO_CONFIDENT_CANDIDATE,NO_CONFIDENT_CANDIDATE,5487,0
KOMSCO_DIRECT_NAVER_FALLBACK,MATCHED,6810,현대순대국,논현역 현대순대국,naver_local_fallback,AMBIGUOUS,True,ENRICHED:RESOLVED,True,RESOLVED,2,2,QWEN,"0,1",0,"현대순대국순대,순댓국",True,LOW,#,19882368,DOM_DATA_NLOG,1,PASS,"현대순대국순대,순댓국",서울 강남구 강남대로124길 20 남경빌딩,,CONTAINED,PARTIAL,,,4546,1
KOMSCO_DIRECT_NAVER_FALLBACK,MATCHED,6817,교촌치킨 논현1호점,논현역 교촌치킨 논현1호점,station,AMBIGUOUS,True,NO_USABLE_CANDIDATE,False,AMBIGUOUS,1,1,SINGLE_CANDIDATE,0,0,교촌치킨 논현1호점,False,,https://pcmap.place.naver.com/restaurant/1984811298/home,1984811298,DOM_DATA_NLOG,,FAIL,교촌치킨 논현1호점,서울 강남구 학동로2길 55 1층,,EXACT,DIFFERENT,TOP_K_DETAIL_VALIDATION_FAILED,TOP_K_DETAIL_VALIDATION_FAILED,1242,1
KOMSCO_DIRECT_NAVER_FALLBACK,MATCHED,6824,라운지，많,논현역 라운지，많,station,AMBIGUOUS,True,NO_USABLE_CANDIDATE,False,AMBIGUOUS,1,1,SINGLE_CANDIDATE,0,0,"라운지, 많",False,,https://pcmap.place.naver.com/restaurant/499383737/home,499383737,DOM_DATA_NLOG,,FAIL,"라운지, 많",서울 강남구 학동로1길 11 2층,,EXACT,DIFFERENT,TOP_K_DETAIL_VALIDATION_FAILED,TOP_K_DETAIL_VALIDATION_FAILED,941,1
KOMSCO_DIRECT_NAVER_FALLBACK,UNMATCHED,6828,오리소오리소,강남구 오리소오리소,gangnam,NOT_FOUND,False,SKIPPED_NO_NAVER_MATCH,False,NOT_FOUND,0,0,DETERMINISTIC,,,,False,,,,,,NOT_ATTEMPTED,,,,UNKNOWN,UNKNOWN,NO_CONFIDENT_CANDIDATE,NO_CONFIDENT_CANDIDATE,5459,0
KOMSCO_DIRECT_NAVER_FALLBACK,UNMATCHED,6835,다이닝늘,강남구 다이닝늘,gangnam,NOT_FOUND,False,SKIPPED_NO_NAVER_MATCH,False,NOT_FOUND,0,0,DETERMINISTIC,,,,False,,,,,,NOT_ATTEMPTED,,,,UNKNOWN,UNKNOWN,NO_CONFIDENT_CANDIDATE,NO_CONFIDENT_CANDIDATE,5605,0
KOMSCO_DIRECT_NAVER_FALLBACK,UNMATCHED,6837,일일향 골드,강남구 일일향 골드,gangnam,NOT_FOUND,False,SKIPPED_NO_NAVER_MATCH,False,NOT_FOUND,0,0,DETERMINISTIC,,,,False,,,,,,NOT_ATTEMPTED,,,,UNKNOWN,UNKNOWN,NO_CONFIDENT_CANDIDATE,NO_CONFIDENT_CANDIDATE,5499,0
KOMSCO_DIRECT_NAVER_FALLBACK,AMBIGUOUS,6841,두어마리,강남구청역 두어마리,station,AMBIGUOUS,False,SKIPPED_NO_NAVER_MATCH,False,AMBIGUOUS,1,1,SINGLE_CANDIDATE,0,0,"두어마리 논현점장어,먹장어요리",False,,https://pcmap.place.naver.com/restaurant/35051314/home,35051314,DOM_DATA_NLOG,,FAIL,"두어마리 논현점장어,먹장어요리",발렛파킹 강남구언주로148길9 한성칼국수에 발렛가능,,CONTAINED,DIFFERENT,TOP_K_DETAIL_VALIDATION_FAILED,TOP_K_DETAIL_VALIDATION_FAILED,1192,1
KOMSCO_DIRECT_NAVER_FALLBACK,MATCHED,6842,미우가,언주역 미우가,naver_local_fallback,AMBIGUOUS,True,ENRICHED:AMBIGUOUS,False,AMBIGUOUS,2,2,QWEN,"1,0",1,미우가소고기구이,True,LOW,https://pcmap.place.naver.com/restaurant/38571747/home,38571747,DOM_DATA_NLOG,,FAIL,미우가소고기구이,강남구 논현동 230-20번지 1층 미우가,,CONTAINED,DIFFERENT,TOP_K_DETAIL_VALIDATION_FAILED,TOP_K_DETAIL_VALIDATION_FAILED,5096,2
KOMSCO_DIRECT_NAVER_FALLBACK,MATCHED,6856,아쭈,신논현역 아쭈,station,RESOLVED,False,NOT_REQUIRED,False,RESOLVED,1,1,SINGLE_CANDIDATE,0,0,아쭈,False,,#,35418496,DOM_DATA_NLOG,1,PASS,아쭈,서울 강남구 강남대로112길 15 다다무역빌딩 2층 아쭈,,EXACT,PARTIAL,,,1242,1
KOMSCO_DIRECT_NAVER_FALLBACK,MATCHED,6869,일언족발,언주역 일언족발,station,RESOLVED,False,NOT_REQUIRED,False,RESOLVED,1,1,SINGLE_CANDIDATE,0,0,"일언족발족발,보쌈",False,,#,38276825,DOM_DATA_NLOG,1,PASS,"일언족발족발,보쌈",서울 강남구 봉은사로37길 11 우정빌딩 1층,,CONTAINED,PARTIAL,,,694,1
KOMSCO_DIRECT_NAVER_FALLBACK,MATCHED,6873,광개토정육식당,신논현역 광개토정육식당,station,RESOLVED,False,NOT_REQUIRED,False,RESOLVED,1,1,SINGLE_CANDIDATE,0,0,광개토 정육식당,False,,#,812431500,DOM_DATA_NLOG,1,PASS,광개토 정육식당,서울 강남구 강남대로114길 22 1층,광개토 정육식당,EXACT,PARTIAL,,,857,1
KOMSCO_DIRECT_NAVER_FALLBACK,UNMATCHED,6879,원할머니 국수 보쌈 논현점,신논현역 원할머니 국수 보쌈 논현점,station,AMBIGUOUS,False,SKIPPED_NO_NAVER_MATCH,False,AMBIGUOUS,1,1,SINGLE_CANDIDATE,0,0,원할머니보쌈족발 논현직영점,False,,https://pcmap.place.naver.com/restaurant/38464109/home,38464109,DOM_DATA_NLOG,,FAIL,원할머니보쌈족발 논현직영점,"서울 강남구 강남대로120길 9 1층, 2층",,DIFFERENT,DIFFERENT,TOP_K_DETAIL_VALIDATION_FAILED,TOP_K_DETAIL_VALIDATION_FAILED,826,1
KOMSCO_DIRECT_NAVER_FALLBACK,UNMATCHED,6897,홀릭 홀릭（holic holic）,신논현역 홀릭 홀릭（holic holic）,station,AMBIGUOUS,False,SKIPPED_NO_NAVER_MATCH,False,AMBIGUOUS,9,5,QWEN,"4,2,1",4,브라운홀릭카페,True,LOW,https://pcmap.place.naver.com/restaurant/20561475/home,20561475,DOM_DATA_NLOG,,FAIL,브라운홀릭카페,서울 강남구 강남대로98길 25,,DIFFERENT,DIFFERENT,TOP_K_DETAIL_VALIDATION_FAILED,TOP_K_DETAIL_VALIDATION_FAILED,3710,3
KOMSCO_DIRECT_NAVER_FALLBACK,MATCHED,6898,강남주먹고기,강남구청역 강남주먹고기,station,RESOLVED,False,NOT_REQUIRED,False,RESOLVED,4,4,QWEN,"0,1,2",0,"강남주먹고기육류,고기요리",True,LOW,#,1134321157,DOM_DATA_NLOG,1,PASS,"강남주먹고기육류,고기요리",서울 강남구 도산대로50길 47 강남주먹고기,,CONTAINED,PARTIAL,,,2471,1
KOMSCO_DIRECT_NAVER_FALLBACK,MATCHED,6899,외계인방앗간,학동역 외계인방앗간,station,RESOLVED,False,NOT_REQUIRED,False,RESOLVED,1,1,SINGLE_CANDIDATE,0,0,외계인방앗간 본점베이커리,False,,#,33879353,DOM_DATA_NLOG,1,PASS,외계인방앗간 본점베이커리,서울 강남구 논현로149길 19 정암빌라,,CONTAINED,PARTIAL,,,898,1
KOMSCO_DIRECT_NAVER_FALLBACK,MATCHED,6901,새돌집,강남구청역 새돌집,station,RESOLVED,False,NOT_REQUIRED,False,RESOLVED,1,1,SINGLE_CANDIDATE,0,0,새돌집 논현본점,False,,#,1657029013,DOM_DATA_NLOG,1,PASS,새돌집 논현본점,서울 강남구 언주로148길 14 동림상가 나동 108호,,CONTAINED,PARTIAL,,,793,1
KOMSCO_DIRECT_NAVER_FALLBACK,MATCHED,6904,리나스파파,신사역 리나스파파,station,AMBIGUOUS,True,NO_RESULT,False,AMBIGUOUS,1,1,SINGLE_CANDIDATE,0,0,리나스파파,False,,https://pcmap.place.naver.com/restaurant/1757581552/home,1757581552,DOM_DATA_NLOG,,FAIL,리나스파파,서울 강남구 도산대로12길 6 2층,,EXACT,DIFFERENT,TOP_K_DETAIL_VALIDATION_FAILED,TOP_K_DETAIL_VALIDATION_FAILED,918,1
KOMSCO_DIRECT_NAVER_FALLBACK,MATCHED,6911,코지,강남구청역 코지,station,AMBIGUOUS,True,NO_USABLE_CANDIDATE,False,AMBIGUOUS,9,5,QWEN,"0,1,3",0,코지일식당,True,HIGH,https://pcmap.place.naver.com/restaurant/20643079/home,20643079,DOM_DATA_NLOG,,FAIL,코지일식당,7수인분당강남구청역 3번 출구에서 176m,,CONTAINED,DIFFERENT,TOP_K_DETAIL_VALIDATION_FAILED,TOP_K_DETAIL_VALIDATION_FAILED,2842,1
KOMSCO_DIRECT_NAVER_FALLBACK,UNMATCHED,6922,만두의전설,학동역 만두의전설,station,AMBIGUOUS,False,SKIPPED_NO_NAVER_MATCH,False,AMBIGUOUS,1,1,SINGLE_CANDIDATE,0,0,만두의전설만두,False,,https://pcmap.place.naver.com/restaurant/33077999/home,33077999,DOM_DATA_NLOG,,FAIL,만두의전설만두,서울 서초구 신반포로45길 9-4 더원빌딩 102호,,CONTAINED,DIFFERENT,TOP_K_DETAIL_VALIDATION_FAILED,TOP_K_DETAIL_VALIDATION_FAILED,872,1
KOMSCO_DIRECT_NAVER_FALLBACK,MATCHED,6923,진미식당,선정릉역 진미식당,naver_local_fallback,AMBIGUOUS,True,ENRICHED:RESOLVED,True,RESOLVED,7,5,QWEN,"0,1,3",1,진미식당한식,True,LOW,#,1309296400,DOM_DATA_NLOG,2,PASS,진미식당한식,서울 강남구 언주로114길 17,진미식당,CONTAINED,PARTIAL,,,6238,2
KOMSCO_DIRECT_NAVER_FALLBACK,MATCHED,6931,풍천장어,논현역 풍천장어,naver_local_fallback,AMBIGUOUS,True,ENRICHED:RESOLVED,True,RESOLVED,2,2,QWEN,"0,1",0,"풍천장어장어,먹장어요리",True,LOW,#,33252316,DOM_DATA_NLOG,1,PASS,"풍천장어장어,먹장어요리",서울 강남구 학동로2길 40 논현동 143ㅡ24,,CONTAINED,PARTIAL,,,4610,1
KOMSCO_DIRECT_NAVER_FALLBACK,MATCHED,6932,목포자매집,언주역 목포자매집,station,AMBIGUOUS,True,NO_USABLE_CANDIDATE,False,AMBIGUOUS,1,1,SINGLE_CANDIDATE,0,0,목포자매집한식,False,,https://pcmap.place.naver.com/restaurant/11617846/home,11617846,DOM_DATA_NLOG,,FAIL,목포자매집한식,전철 7호선 학동역 1번 출구로 나가 서울세관 4거리에서 우회전해서 곧장 걸어가면 10분 거리에 위치.,,CONTAINED,DIFFERENT,TOP_K_DETAIL_VALIDATION_FAILED,TOP_K_DETAIL_VALIDATION_FAILED,849,1
KOMSCO_DIRECT_NAVER_FALLBACK,UNMATCHED,6948,인생맛찜,강남구 인생맛찜,gangnam,NOT_FOUND,False,SKIPPED_NO_NAVER_MATCH,False,NOT_FOUND,0,0,DETERMINISTIC,,,,False,,,,,,NOT_ATTEMPTED,,,,UNKNOWN,UNKNOWN,NO_CONFIDENT_CANDIDATE,NO_CONFIDENT_CANDIDATE,5657,0
KOMSCO_DIRECT_NAVER_FALLBACK,MATCHED,6959,토라레스토랑,학동역 토라레스토랑,station,AMBIGUOUS,True,NO_USABLE_CANDIDATE,False,AMBIGUOUS,1,1,SINGLE_CANDIDATE,0,0,토라레스토랑일식당,False,,https://pcmap.place.naver.com/restaurant/1554146449/home,1554146449,DOM_DATA_NLOG,,FAIL,토라레스토랑일식당,서울 강남구 학동로38길 46,,CONTAINED,DIFFERENT,TOP_K_DETAIL_VALIDATION_FAILED,TOP_K_DETAIL_VALIDATION_FAILED,1020,1
KOMSCO_DIRECT_NAVER_FALLBACK,MATCHED,6960,루이스카페,강남구청역 루이스카페,station,AMBIGUOUS,True,NO_USABLE_CANDIDATE,False,AMBIGUOUS,3,3,QWEN,"0,1,2",0,루이데코인테리어소품,True,LOW,https://pcmap.place.naver.com/restaurant/1831000456/home,1831000456,DOM_DATA_NLOG,,FAIL,루이데코인테리어소품,서울 강남구 역삼로78길 5 지하1층(대치동),,DIFFERENT,DIFFERENT,TOP_K_DETAIL_VALIDATION_FAILED,TOP_K_DETAIL_VALIDATION_FAILED,3250,3
KOMSCO_DIRECT_NAVER_FALLBACK,UNMATCHED,6975,완스키친,강남구 완스키친,gangnam,NOT_FOUND,False,SKIPPED_NO_NAVER_MATCH,False,NOT_FOUND,0,0,DETERMINISTIC,,,,False,,,,,,NOT_ATTEMPTED,,,,UNKNOWN,UNKNOWN,NO_CONFIDENT_CANDIDATE,NO_CONFIDENT_CANDIDATE,5604,0
KOMSCO_DIRECT_NAVER_FALLBACK,MATCHED,6984,안방,강남구청역 안방,station,AMBIGUOUS,True,NO_USABLE_CANDIDATE,False,AMBIGUOUS,2,2,QWEN,"0,1",0,안방한식,True,LOW,https://pcmap.place.naver.com/restaurant/1908430592/home,1908430592,DOM_DATA_NLOG,,FAIL,안방한식,서울 강남구 학동로41길 14 2층,,CONTAINED,DIFFERENT,TOP_K_DETAIL_VALIDATION_FAILED,TOP_K_DETAIL_VALIDATION_FAILED,2274,1
KOMSCO_DIRECT_NAVER_FALLBACK,MATCHED,6989,고흥집,논현역 고흥집,naver_local_fallback,AMBIGUOUS,True,ENRICHED:RESOLVED,True,RESOLVED,1,1,SINGLE_CANDIDATE,0,0,고흥집한식,False,,#,37542300,DOM_DATA_NLOG,1,PASS,고흥집한식,서울 강남구 학동로4길 26,한식,CONTAINED,PARTIAL,,,1661,1
KOMSCO_DIRECT_NAVER_FALLBACK,MATCHED,6994,토말 본점,강남구청역 토말 본점,naver_local_fallback,AMBIGUOUS,True,ENRICHED:AMBIGUOUS,False,AMBIGUOUS,1,1,SINGLE_CANDIDATE,0,0,토말 본점한식,False,,https://pcmap.place.naver.com/restaurant/13485962/home,13485962,DOM_DATA_NLOG,,FAIL,토말 본점한식,7수인분당강남구청역 2번 출구에서 458m,,CONTAINED,DIFFERENT,TOP_K_DETAIL_VALIDATION_FAILED,TOP_K_DETAIL_VALIDATION_FAILED,3329,1
KOMSCO_DIRECT_NAVER_FALLBACK,UNMATCHED,7007,음로바타야끼,강남구 음로바타야끼,gangnam,NOT_FOUND,False,SKIPPED_NO_NAVER_MATCH,False,NOT_FOUND,0,0,DETERMINISTIC,,,,False,,,,,,NOT_ATTEMPTED,,,,UNKNOWN,UNKNOWN,NO_CONFIDENT_CANDIDATE,NO_CONFIDENT_CANDIDATE,5445,0
KOMSCO_DIRECT_NAVER_FALLBACK,AMBIGUOUS,7014,무아국수,강남구청역 무아국수,station,AMBIGUOUS,False,SKIPPED_NO_NAVER_MATCH,False,AMBIGUOUS,1,1,SINGLE_CANDIDATE,0,0,무아국수 강남구청역점,False,,https://pcmap.place.naver.com/restaurant/20080143/home,20080143,DOM_DATA_NLOG,,FAIL,무아국수 강남구청역점,"- 강남파라곤 건물 뒷쪽골목라인 지상에 있습니다.(주차장 입구 옆) 파라곤 건물 엘리베이터 1층 나오시고, 이디야 카페쪽 계단 내려오셔서 골목 조금 내려오세요 :) - 강남구청역 2번 출구, 스타벅스와 맥도...",,CONTAINED,DIFFERENT,TOP_K_DETAIL_VALIDATION_FAILED,TOP_K_DETAIL_VALIDATION_FAILED,831,1
KOMSCO_DIRECT_NAVER_FALLBACK,MATCHED,7015,봉산평양냉면,논현역 봉산평양냉면,naver_local_fallback,AMBIGUOUS,True,ENRICHED:RESOLVED,True,RESOLVED,1,1,SINGLE_CANDIDATE,0,0,봉산평양냉면냉면,False,,#,1470947555,DOM_DATA_NLOG,1,PASS,봉산평양냉면냉면,서울 강남구 학동로1길 21 영진빌딩 1층 봉산평양냉면,,CONTAINED,PARTIAL,,,1657,1
KOMSCO_DIRECT_NAVER_FALLBACK,UNMATCHED,7021,주식회사삼양만나산업,강남구 주식회사삼양만나산업,gangnam,NOT_FOUND,False,SKIPPED_NO_NAVER_MATCH,False,NOT_FOUND,0,0,DETERMINISTIC,,,,False,,,,,,NOT_ATTEMPTED,,,,UNKNOWN,UNKNOWN,NO_CONFIDENT_CANDIDATE,NO_CONFIDENT_CANDIDATE,5580,0
KOMSCO_DIRECT_NAVER_FALLBACK,MATCHED,7028,붕가포차,신논현역 붕가포차,naver_local_fallback,AMBIGUOUS,True,ENRICHED:RESOLVED,True,RESOLVED,1,1,SINGLE_CANDIDATE,0,0,붕가포차포장마차,False,,#,1258957481,DOM_DATA_NLOG,1,PASS,붕가포차포장마차,서울 강남구 강남대로122길 26 1층,,CONTAINED,PARTIAL,,,3598,1
KOMSCO_DIRECT_NAVER_FALLBACK,MATCHED,7030,메리가든,신논현역 메리가든,station,AMBIGUOUS,True,NO_USABLE_CANDIDATE,False,AMBIGUOUS,1,1,SINGLE_CANDIDATE,0,0,메리가든 강남점,False,,https://pcmap.place.naver.com/restaurant/1601317880/home,1601317880,DOM_DATA_NLOG,,FAIL,메리가든 강남점,서울 강남구 봉은사로 113 13층,양식,CONTAINED,DIFFERENT,TOP_K_DETAIL_VALIDATION_FAILED,TOP_K_DETAIL_VALIDATION_FAILED,897,1
KOMSCO_DIRECT_NAVER_FALLBACK,UNMATCHED,7036,기세기,강남구 기세기,gangnam,NOT_FOUND,False,SKIPPED_NO_NAVER_MATCH,False,NOT_FOUND,0,0,DETERMINISTIC,,,,False,,,,,,NOT_ATTEMPTED,,,,UNKNOWN,UNKNOWN,NO_CONFIDENT_CANDIDATE,NO_CONFIDENT_CANDIDATE,5518,0
KOMSCO_DIRECT_NAVER_FALLBACK,MATCHED,7045,계열사 논현점,언주역 계열사 논현점,naver_local_fallback,AMBIGUOUS,True,ENRICHED:RESOLVED,True,RESOLVED,1,1,SINGLE_CANDIDATE,0,0,"계열사 논현점치킨,닭강정",False,,#,1963253245,DOM_DATA_NLOG,1,PASS,"계열사 논현점치킨,닭강정",서울 강남구 언주로113길 16,,CONTAINED,PARTIAL,,,1606,1
KOMSCO_DIRECT_NAVER_FALLBACK,MATCHED,7047,치킨뱅이 학동역점,학동역 치킨뱅이 학동역점,naver_local_fallback,AMBIGUOUS,True,ENRICHED:RESOLVED,True,RESOLVED,1,1,SINGLE_CANDIDATE,0,0,"치킨뱅이 학동역점치킨,닭강정",False,,#,13375053,DOM_DATA_NLOG,1,PASS,"치킨뱅이 학동역점치킨,닭강정",서울 강남구 학동로23길 7,,CONTAINED,PARTIAL,,,4097,1
KOMSCO_DIRECT_NAVER_FALLBACK,UNMATCHED,7050,비플리끄그릴,논현동 비플리끄그릴,dong,AMBIGUOUS,False,SKIPPED_NO_NAVER_MATCH,False,AMBIGUOUS,1,1,SINGLE_CANDIDATE,0,0,복만당 방배중앙점,False,,https://pcmap.place.naver.com/restaurant/472172486/home,472172486,DOM_DATA_NLOG,,FAIL,복만당 방배중앙점,서울 서초구 방배로15길 28 la ville 제1층 101호,1.방배역 3번 출구에서 큰 길을 따라 내방역 방향 ㅡ> 안경점과 우리방배내과 골목으로 두 블럭 걷기 ㅡ> 오른쪽 건물 1층 복만당 2.내방역 3번 출구에서 큰 길을 따라 방배역 방향 ㅡ> 안경점과 우리방배...,DIFFERENT,DIFFERENT,TOP_K_DETAIL_VALIDATION_FAILED,TOP_K_DETAIL_VALIDATION_FAILED,3372,1
KOMSCO_DIRECT_NAVER_FALLBACK,MATCHED,7055,돼지코코,논현역 돼지코코,station,RESOLVED,False,NOT_REQUIRED,False,RESOLVED,1,1,SINGLE_CANDIDATE,0,0,돼지코코돼지고기구이,False,,#,20900953,DOM_DATA_NLOG,1,PASS,돼지코코돼지고기구이,서울 강남구 강남대로124길 48,,CONTAINED,PARTIAL,,,931,1
KOMSCO_DIRECT_NAVER_FALLBACK,UNMATCHED,7056,더 와인(The wine),언주역 더 와인(The wine),station,AMBIGUOUS,False,SKIPPED_NO_NAVER_MATCH,False,AMBIGUOUS,5,5,QWEN,"2,0,4",2,더 와인주류,True,LOW,https://pcmap.place.naver.com/restaurant/1308259767/home,1308259767,DOM_DATA_NLOG,,FAIL,더 와인주류,서울 강남구 언주로 605 107호,,DIFFERENT,DIFFERENT,TOP_K_DETAIL_VALIDATION_FAILED,TOP_K_DETAIL_VALIDATION_FAILED,2869,2
KOMSCO_DIRECT_NAVER_FALLBACK,UNMATCHED,7066,직화뚝배기,논현동 직화뚝배기,dong,AMBIGUOUS,False,SKIPPED_NO_NAVER_MATCH,False,AMBIGUOUS,1,1,SINGLE_CANDIDATE,0,0,서래골뚝배기,False,,https://pcmap.place.naver.com/restaurant/638229024/home,638229024,DOM_DATA_NLOG,,FAIL,서래골뚝배기,서울 서초구 고무래로 22 쌍동빌딩 서관,한식,DIFFERENT,DIFFERENT,TOP_K_DETAIL_VALIDATION_FAILED,TOP_K_DETAIL_VALIDATION_FAILED,3326,1
KOMSCO_DIRECT_NAVER_FALLBACK,UNMATCHED,7071,은행골신사,강남구 은행골신사,gangnam,NOT_FOUND,False,SKIPPED_NO_NAVER_MATCH,False,NOT_FOUND,0,0,DETERMINISTIC,,,,False,,,,,,NOT_ATTEMPTED,,,,UNKNOWN,UNKNOWN,NO_CONFIDENT_CANDIDATE,NO_CONFIDENT_CANDIDATE,6421,0
KOMSCO_DIRECT_NAVER_FALLBACK,UNMATCHED,7075,주식회사 일상의외식,강남구 주식회사 일상의외식,gangnam,NOT_FOUND,False,SKIPPED_NO_NAVER_MATCH,False,NOT_FOUND,0,0,DETERMINISTIC,,,,False,,,,,,NOT_ATTEMPTED,,,,UNKNOWN,UNKNOWN,NO_CONFIDENT_CANDIDATE,NO_CONFIDENT_CANDIDATE,5785,0
KOMSCO_DIRECT_NAVER_FALLBACK,MATCHED,7092,잭슨피자 청담점,강남구청역 잭슨피자 청담점,naver_local_fallback,AMBIGUOUS,True,ENRICHED:AMBIGUOUS,False,AMBIGUOUS,1,1,SINGLE_CANDIDATE,0,0,잭슨피자 청담점,False,,https://pcmap.place.naver.com/restaurant/1852739207/home,1852739207,DOM_DATA_NLOG,,FAIL,잭슨피자 청담점,강남구청역 3-1번출구에서 100m 3011 버스 정류장 바로 앞,,EXACT,DIFFERENT,TOP_K_DETAIL_VALIDATION_FAILED,TOP_K_DETAIL_VALIDATION_FAILED,1948,1
KOMSCO_DIRECT_NAVER_FALLBACK,UNMATCHED,7095,페리카나치킨,선정릉역 페리카나치킨,station,AMBIGUOUS,False,SKIPPED_NO_NAVER_MATCH,False,AMBIGUOUS,2,2,QWEN,"0,1",0,"페리카나 삼성동점치킨,닭강정",True,LOW,https://pcmap.place.naver.com/restaurant/11800257/home,11800257,DOM_DATA_NLOG,,FAIL,"페리카나 삼성동점치킨,닭강정",,,DIFFERENT,UNKNOWN,TOP_K_DETAIL_VALIDATION_FAILED,TOP_K_DETAIL_VALIDATION_FAILED,2719,2
KOMSCO_DIRECT_NAVER_FALLBACK,MATCHED,7098,신논현고기집 룸 화연,신논현역 신논현고기집 룸 화연,station,RESOLVED,False,NOT_REQUIRED,False,RESOLVED,1,1,SINGLE_CANDIDATE,0,0,신논현고기집룸화연,False,,#,2062718074,DOM_DATA_NLOG,1,PASS,신논현고기집룸화연,서울 강남구 강남대로118길 17 지상1층,,EXACT,PARTIAL,,,965,1
KOMSCO_DIRECT_NAVER_FALLBACK,MATCHED,7113,마르케,논현역 마르케,station,AMBIGUOUS,True,NO_USABLE_CANDIDATE,False,AMBIGUOUS,1,1,SINGLE_CANDIDATE,0,0,"마르케카페,디저트",False,,https://pcmap.place.naver.com/restaurant/1374995918/home,1374995918,DOM_DATA_NLOG,,FAIL,"마르케카페,디저트",서울 강남구 강남대로124길 5 1층 마르케,,CONTAINED,DIFFERENT,TOP_K_DETAIL_VALIDATION_FAILED,TOP_K_DETAIL_VALIDATION_FAILED,1035,1
KOMSCO_DIRECT_NAVER_FALLBACK,MATCHED,7119,누리초밥참치,신논현역 누리초밥참치,naver_local_fallback,AMBIGUOUS,True,ENRICHED:RESOLVED,True,RESOLVED,1,1,SINGLE_CANDIDATE,0,0,누리초밥참치일식당,False,,#,37437820,DOM_DATA_NLOG,1,PASS,누리초밥참치일식당,서울 강남구 강남대로116길 8 3층 누리초밥참치,,CONTAINED,PARTIAL,,,1778,1
KOMSCO_DIRECT_NAVER_FALLBACK,MATCHED,7126,한마리소 강남구청역점,강남구청역 한마리소 강남구청역점,naver_local_fallback,AMBIGUOUS,True,ENRICHED:AMBIGUOUS,False,AMBIGUOUS,1,1,SINGLE_CANDIDATE,0,0,한마리소 강남구청역점소고기구이,False,,https://pcmap.place.naver.com/restaurant/18509103/home,18509103,DOM_DATA_NLOG,,FAIL,한마리소 강남구청역점소고기구이,7수인분당강남구청역 2번 출구에서 141m,,CONTAINED,DIFFERENT,TOP_K_DETAIL_VALIDATION_FAILED,TOP_K_DETAIL_VALIDATION_FAILED,3393,1
KOMSCO_DIRECT_NAVER_FALLBACK,MATCHED,7140,청담머구리,강남구청역 청담머구리,naver_local_fallback,AMBIGUOUS,True,ENRICHED:RESOLVED,True,RESOLVED,1,1,SINGLE_CANDIDATE,0,0,"청담머구리해물,생선요리",False,,#,1995435214,DOM_DATA_NLOG,1,PASS,"청담머구리해물,생선요리",서울 강남구 언주로150길 45 1층 청담머구리,,CONTAINED,PARTIAL,,,1647,1
KOMSCO_DIRECT_NAVER_FALLBACK,MATCHED,7145,깐부치킨언주역점,언주역 깐부치킨언주역점,station,AMBIGUOUS,True,NO_USABLE_CANDIDATE,False,AMBIGUOUS,1,1,SINGLE_CANDIDATE,0,0,"깐부치킨 언주역점치킨,닭강정",False,,https://pcmap.place.naver.com/restaurant/1782996520/home,1782996520,DOM_DATA_NLOG,,FAIL,"깐부치킨 언주역점치킨,닭강정",서울 강남구 논현로113길 5 프라임아파트상가 1층,,CONTAINED,DIFFERENT,TOP_K_DETAIL_VALIDATION_FAILED,TOP_K_DETAIL_VALIDATION_FAILED,866,1
KOMSCO_DIRECT_NAVER_FALLBACK,UNMATCHED,7148,(주)아리양,강남구 (주)아리양,gangnam,NOT_FOUND,False,SKIPPED_NO_NAVER_MATCH,False,NOT_FOUND,0,0,DETERMINISTIC,,,,False,,,,,,NOT_ATTEMPTED,,,,UNKNOWN,UNKNOWN,NO_CONFIDENT_CANDIDATE,NO_CONFIDENT_CANDIDATE,5423,0
KOMSCO_DIRECT_NAVER_FALLBACK,MATCHED,7153,장수설렁탕,신사역 장수설렁탕,naver_local_fallback,AMBIGUOUS,True,ENRICHED:NOT_FOUND,False,NOT_FOUND,1,1,SINGLE_CANDIDATE,0,0,,False,,,,,,NOT_ATTEMPTED,,,,UNKNOWN,UNKNOWN,PLACE_ID_NOT_IN_CANDIDATE_DOM,PLACE_ID_NOT_IN_CANDIDATE_DOM,8568,0
KOMSCO_DIRECT_NAVER_FALLBACK,MATCHED,7158,담미온 학동점,학동역 담미온 학동점,naver_local_fallback,AMBIGUOUS,True,ENRICHED:RESOLVED,True,RESOLVED,1,1,SINGLE_CANDIDATE,0,0,담미온 학동점국밥,False,,#,1838154800,DOM_DATA_NLOG,1,PASS,담미온 학동점국밥,서울 강남구 논현로 712 동호빌딩 1층 담미온,,CONTAINED,PARTIAL,,,1702,1
KOMSCO_DIRECT_NAVER_FALLBACK,AMBIGUOUS,7159,돼지가엔푸드,신논현역 돼지가엔푸드,station,AMBIGUOUS,False,SKIPPED_NO_NAVER_MATCH,False,AMBIGUOUS,1,1,SINGLE_CANDIDATE,0,0,돼지가엔푸드,False,,https://pcmap.place.naver.com/restaurant/1098991712/home,1098991712,DOM_DATA_NLOG,,FAIL,돼지가엔푸드,서울 강남구 강남대로118길 61 1층/ 101호 돼지가바다에빠진날,,EXACT,DIFFERENT,TOP_K_DETAIL_VALIDATION_FAILED,TOP_K_DETAIL_VALIDATION_FAILED,1188,1
KOMSCO_DIRECT_NAVER_FALLBACK,MATCHED,7161,날날리신선육회연어,신논현역 날날리신선육회연어,naver_local_fallback,NOT_FOUND,True,ENRICHED:NOT_FOUND,False,NOT_FOUND,1,1,SINGLE_CANDIDATE,0,0,,False,,,,,,NOT_ATTEMPTED,,,,UNKNOWN,UNKNOWN,PLACE_ID_NOT_IN_CANDIDATE_DOM,PLACE_ID_NOT_IN_CANDIDATE_DOM,6358,0
KOMSCO_DIRECT_NAVER_FALLBACK,UNMATCHED,7171,지유가오카핫쵸메7호점,강남구 지유가오카핫쵸메7호점,gangnam,NOT_FOUND,False,SKIPPED_NO_NAVER_MATCH,False,NOT_FOUND,0,0,DETERMINISTIC,,,,False,,,,,,NOT_ATTEMPTED,,,,UNKNOWN,UNKNOWN,NO_CONFIDENT_CANDIDATE,NO_CONFIDENT_CANDIDATE,5483,0
KOMSCO_DIRECT_NAVER_FALLBACK,MATCHED,7172,막뚱이치킨,논현역 막뚱이치킨,station,RESOLVED,False,NOT_REQUIRED,False,RESOLVED,1,1,SINGLE_CANDIDATE,0,0,"막뚱이치킨치킨,닭강정",False,,#,1470896602,DOM_DATA_NLOG,1,PASS,"막뚱이치킨치킨,닭강정",서울 강남구 학동로4길 41 지상 1층,,CONTAINED,PARTIAL,,,781,1
KOMSCO_DIRECT_NAVER_FALLBACK,MATCHED,7184,호루몬규상 논현본점,강남구청역 호루몬규상 논현본점,naver_local_fallback,AMBIGUOUS,True,ENRICHED:AMBIGUOUS,False,AMBIGUOUS,1,1,SINGLE_CANDIDATE,0,0,호루몬규상 논현본점,False,,https://pcmap.place.naver.com/restaurant/1054314594/home,1054314594,DOM_DATA_NLOG,,FAIL,호루몬규상 논현본점,"<자차 이동시> 도산공원 사거리에서 서울세관 사거리 방면으로 200m 오시다가 좌측 동현아파트 가기전 골목 안에 있습니다. 매장 앞 주차는 불가하며, 발렛파킹 가능합니다. 논현동 98-8 (영동장어) 발...","<자차 이동시> 도산공원 사거리에서 서울세관 사거리 방면으로 200m 오시다가 좌측 동현아파트 가기전 골목 안에 있습니다. 매장 앞 주차는 불가하며, 발렛파킹 가능합니다. 논현동 98-8 (영동장어) 발...",EXACT,DIFFERENT,TOP_K_DETAIL_VALIDATION_FAILED,TOP_K_DETAIL_VALIDATION_FAILED,1806,1
KOMSCO_DIRECT_NAVER_FALLBACK,MATCHED,7198,지리산,강남구청역 지리산,naver_local_fallback,AMBIGUOUS,True,ENRICHED:AMBIGUOUS,False,AMBIGUOUS,4,4,QWEN,"0,2,3",0,"선릉가든육류,고기요리",True,LOW,https://pcmap.place.naver.com/restaurant/11857825/home,11857825,DOM_DATA_NLOG,,FAIL,"선릉가든육류,고기요리",서울 강남구 선릉로100길 34 남영빌딩 1층,,DIFFERENT,DIFFERENT,TOP_K_DETAIL_VALIDATION_FAILED,TOP_K_DETAIL_VALIDATION_FAILED,5157,2
KOMSCO_DIRECT_NAVER_FALLBACK,MATCHED,7203,묵호일식,강남구청역 묵호일식,naver_local_fallback,AMBIGUOUS,True,ENRICHED:RESOLVED,True,RESOLVED,1,1,SINGLE_CANDIDATE,0,0,묵호일식일식당,False,,#,36262714,DOM_DATA_NLOG,1,PASS,묵호일식일식당,서울 강남구 선릉로129길 3-6 삼아프라자 1층,묵호일식,CONTAINED,PARTIAL,,,1650,1
KOMSCO_DIRECT_NAVER_FALLBACK,MATCHED,7204,만석,논현역 만석,station,AMBIGUOUS,True,NO_USABLE_CANDIDATE,False,AMBIGUOUS,2,2,QWEN,"0,1",0,만석 중국집중식당,True,LOW,https://pcmap.place.naver.com/restaurant/1849084277/home,1849084277,DOM_DATA_NLOG,,FAIL,만석 중국집중식당,서울 강남구 학동로6길 10 1층,,CONTAINED,DIFFERENT,TOP_K_DETAIL_VALIDATION_FAILED,TOP_K_DETAIL_VALIDATION_FAILED,2573,1
KOMSCO_DIRECT_NAVER_FALLBACK,MATCHED,7206,페리카나 논현동점,논현역 페리카나 논현동점,naver_local_fallback,AMBIGUOUS,True,ENRICHED:RESOLVED,True,RESOLVED,1,1,SINGLE_CANDIDATE,0,0,"페리카나 논현동점치킨,닭강정",False,,#,11799996,DOM_DATA_NLOG,1,PASS,"페리카나 논현동점치킨,닭강정",서울 강남구 강남대로128길 27 새호시티라이프빌딩,,CONTAINED,PARTIAL,,,2030,1
KOMSCO_DIRECT_NAVER_FALLBACK,MATCHED,7210,현정숯불바베큐,강남구청역 현정숯불바베큐,station,AMBIGUOUS,True,NO_USABLE_CANDIDATE,False,AMBIGUOUS,1,1,SINGLE_CANDIDATE,0,0,"현정치킨바베큐 3호점치킨,닭강정",False,,https://pcmap.place.naver.com/restaurant/33647005/home,33647005,DOM_DATA_NLOG,,FAIL,"현정치킨바베큐 3호점치킨,닭강정",7수인분당강남구청역 3-1번 출구에서 804m,,DIFFERENT,DIFFERENT,TOP_K_DETAIL_VALIDATION_FAILED,TOP_K_DETAIL_VALIDATION_FAILED,893,1
KOMSCO_DIRECT_NAVER_FALLBACK,MATCHED,7218,봉추찜닭 강남구청역점,강남구청역 봉추찜닭 강남구청역점,naver_local_fallback,AMBIGUOUS,True,ENRICHED:AMBIGUOUS,False,AMBIGUOUS,1,1,SINGLE_CANDIDATE,0,0,봉추찜닭 강남구청역점,False,,https://pcmap.place.naver.com/restaurant/1274117863/home,1274117863,DOM_DATA_NLOG,,FAIL,봉추찜닭 강남구청역점,강남구청역 3번 or 3-1번 출구로 내려오시면 지하2층에 있습니다. 주차는 더 피나클 강남 빌딩(학동로 343) 지하주차장에 주차하시면 가게와 연결되어 있으며 주차등록 가능합니다.,,EXACT,DIFFERENT,TOP_K_DETAIL_VALIDATION_FAILED,TOP_K_DETAIL_VALIDATION_FAILED,1593,1
KOMSCO_DIRECT_NAVER_FALLBACK,UNMATCHED,7221,헬로 포(HELLO PHO),강남구 헬로 포(HELLO PHO),gangnam,NOT_FOUND,False,SKIPPED_NO_NAVER_MATCH,False,NOT_FOUND,0,0,DETERMINISTIC,,,,False,,,,,,NOT_ATTEMPTED,,,,UNKNOWN,UNKNOWN,NO_CONFIDENT_CANDIDATE,NO_CONFIDENT_CANDIDATE,5578,0
KOMSCO_DIRECT_NAVER_FALLBACK,MATCHED,7224,엠케이카써비스,강남구청역 엠케이카써비스,station,AMBIGUOUS,True,NO_RESULT,False,AMBIGUOUS,1,1,SINGLE_CANDIDATE,0,0,"엠케이카써비스자동차정비,수리",False,,https://pcmap.place.naver.com/restaurant/32260536/home,32260536,DOM_DATA_NLOG,,FAIL,"엠케이카써비스자동차정비,수리",서울 강남구 언주로150길 35,,CONTAINED,DIFFERENT,TOP_K_DETAIL_VALIDATION_FAILED,TOP_K_DETAIL_VALIDATION_FAILED,907,1
KOMSCO_DIRECT_NAVER_FALLBACK,MATCHED,7230,백미우,학동역 백미우,station,AMBIGUOUS,True,NO_USABLE_CANDIDATE,False,AMBIGUOUS,1,1,SINGLE_CANDIDATE,0,0,백미우,False,,https://pcmap.place.naver.com/restaurant/1170263135/home,1170263135,DOM_DATA_NLOG,,FAIL,백미우,서울 강남구 논현로150길 17 1층 백미우,,EXACT,DIFFERENT,TOP_K_DETAIL_VALIDATION_FAILED,TOP_K_DETAIL_VALIDATION_FAILED,942,1
KOMSCO_DIRECT_NAVER_FALLBACK,MATCHED,7236,이태리부대찌개 신사점,신사역 이태리부대찌개 신사점,station,AMBIGUOUS,True,NO_USABLE_CANDIDATE,False,AMBIGUOUS,1,1,SINGLE_CANDIDATE,0,0,"이태리부대찌개 신사점찌개,전골",False,,https://pcmap.place.naver.com/restaurant/618614652/home,618614652,DOM_DATA_NLOG,,FAIL,"이태리부대찌개 신사점찌개,전골",서울 강남구 논현로149길 73 1층,,CONTAINED,DIFFERENT,TOP_K_DETAIL_VALIDATION_FAILED,TOP_K_DETAIL_VALIDATION_FAILED,943,1
KOMSCO_DIRECT_NAVER_FALLBACK,MATCHED,7240,유장원보쌈,학동역 유장원보쌈,naver_local_fallback,AMBIGUOUS,True,ENRICHED:AMBIGUOUS,False,AMBIGUOUS,1,1,SINGLE_CANDIDATE,0,0,"유장원보쌈족발,보쌈",False,,https://pcmap.place.naver.com/restaurant/11726050/home,11726050,DOM_DATA_NLOG,,FAIL,"유장원보쌈족발,보쌈",서울지하철 7호선 학동역 5번 출구 홈플러스 익스프레스 뒷 건물에 위치.,,CONTAINED,DIFFERENT,TOP_K_DETAIL_VALIDATION_FAILED,TOP_K_DETAIL_VALIDATION_FAILED,1748,1
KOMSCO_DIRECT_NAVER_FALLBACK,MATCHED,7245,거복,학동역 거복,station,AMBIGUOUS,True,NO_USABLE_CANDIDATE,False,AMBIGUOUS,1,1,SINGLE_CANDIDATE,0,0,거복한우소고기구이,False,,https://pcmap.place.naver.com/restaurant/19882378/home,19882378,DOM_DATA_NLOG,,FAIL,거복한우소고기구이,서울 강남구 학동로30길 49,,CONTAINED,DIFFERENT,TOP_K_DETAIL_VALIDATION_FAILED,TOP_K_DETAIL_VALIDATION_FAILED,914,1
KOMSCO_DIRECT_NAVER_FALLBACK,MATCHED,7258,카메스시,강남구청역 카메스시,naver_local_fallback,AMBIGUOUS,True,ENRICHED:AMBIGUOUS,False,AMBIGUOUS,1,1,SINGLE_CANDIDATE,0,0,"카메스시초밥,롤",False,,https://pcmap.place.naver.com/restaurant/1271618346/home,1271618346,DOM_DATA_NLOG,,FAIL,"카메스시초밥,롤",강남구청역 2번출구에서 왼쪽으로 코너 돌아서 길따라 도보 7분 선정릉역 1번 출구에서 오른쪽으로 코너 돌아서 길따라 도보 8분 한국토지주택공사 서울지역본부(LH)의 대각선 아래쪽 방향에 위치해있습니다.,,CONTAINED,DIFFERENT,TOP_K_DETAIL_VALIDATION_FAILED,TOP_K_DETAIL_VALIDATION_FAILED,2264,1
KOMSCO_DIRECT_NAVER_FALLBACK,UNMATCHED,7261,보틀그린,신사역 보틀그린,station,AMBIGUOUS,False,SKIPPED_NO_NAVER_MATCH,False,AMBIGUOUS,1,1,SINGLE_CANDIDATE,0,0,보틀그린 와인샵주류,False,,https://pcmap.place.naver.com/restaurant/33525239/home,33525239,DOM_DATA_NLOG,,FAIL,보틀그린 와인샵주류,서울 강남구 도산대로16길 13-7,,CONTAINED,DIFFERENT,TOP_K_DETAIL_VALIDATION_FAILED,TOP_K_DETAIL_VALIDATION_FAILED,827,1
KOMSCO_DIRECT_NAVER_FALLBACK,UNMATCHED,7265,오수양푼이동태탕,강남구 오수양푼이동태탕,gangnam,NOT_FOUND,False,SKIPPED_NO_NAVER_MATCH,False,NOT_FOUND,0,0,DETERMINISTIC,,,,False,,,,,,NOT_ATTEMPTED,,,,UNKNOWN,UNKNOWN,NO_CONFIDENT_CANDIDATE,NO_CONFIDENT_CANDIDATE,5600,0
KOMSCO_DIRECT_NAVER_FALLBACK,UNMATCHED,7269,감동돼지학동역점,강남구 감동돼지학동역점,gangnam,NOT_FOUND,False,SKIPPED_NO_NAVER_MATCH,False,NOT_FOUND,0,0,DETERMINISTIC,,,,False,,,,,,NOT_ATTEMPTED,,,,UNKNOWN,UNKNOWN,NO_CONFIDENT_CANDIDATE,NO_CONFIDENT_CANDIDATE,5493,0
KOMSCO_DIRECT_NAVER_FALLBACK,UNMATCHED,7278,두릉도원 북촌순두부,강남구 두릉도원 북촌순두부,gangnam,NOT_FOUND,False,SKIPPED_NO_NAVER_MATCH,False,NOT_FOUND,0,0,DETERMINISTIC,,,,False,,,,,,NOT_ATTEMPTED,,,,UNKNOWN,UNKNOWN,NO_CONFIDENT_CANDIDATE,NO_CONFIDENT_CANDIDATE,5765,0
KOMSCO_DIRECT_NAVER_FALLBACK,UNMATCHED,7284,삼청골명가The수제비,강남구 삼청골명가The수제비,gangnam,NOT_FOUND,False,SKIPPED_NO_NAVER_MATCH,False,NOT_FOUND,0,0,DETERMINISTIC,,,,False,,,,,,NOT_ATTEMPTED,,,,UNKNOWN,UNKNOWN,NO_CONFIDENT_CANDIDATE,NO_CONFIDENT_CANDIDATE,5589,0
KOMSCO_DIRECT_NAVER_FALLBACK,MATCHED,7286,투뿔 코리안 스테이크하우스,강남구청역 투뿔 코리안 스테이크하우스,station,AMBIGUOUS,True,NO_RESULT,False,AMBIGUOUS,1,1,SINGLE_CANDIDATE,0,0,투뿔 코리안 스테이크하우스,False,,https://pcmap.place.naver.com/restaurant/21362277/home,21362277,DOM_DATA_NLOG,,FAIL,투뿔 코리안 스테이크하우스,지하철 > 강남구청역 3-1번 출구에서 도보 12분 806m 버스 > 영동고교 앞 하차 후 도보 6분 377m,지하철 > 강남구청역 3-1번 출구에서 도보 12분 806m 버스 > 영동고교 앞 하차 후 도보 6분 377m,EXACT,DIFFERENT,TOP_K_DETAIL_VALIDATION_FAILED,TOP_K_DETAIL_VALIDATION_FAILED,943,1
KOMSCO_DIRECT_NAVER_FALLBACK,MATCHED,7290,포몬스,언주역 포몬스,station,AMBIGUOUS,True,NO_USABLE_CANDIDATE,False,AMBIGUOUS,2,2,QWEN,"0,1",0,포몬스 역삼점,True,LOW,https://pcmap.place.naver.com/restaurant/13506257/home,13506257,DOM_DATA_NLOG,,FAIL,포몬스 역삼점,서울 강남구 역삼로7길 8 1층,,CONTAINED,DIFFERENT,TOP_K_DETAIL_VALIDATION_FAILED,TOP_K_DETAIL_VALIDATION_FAILED,2515,2
KOMSCO_DIRECT_NAVER_FALLBACK,MATCHED,7291,고향집,강남구청역 고향집,naver_local_fallback,AMBIGUOUS,True,ENRICHED:AMBIGUOUS,False,AMBIGUOUS,9,5,QWEN,"0,1,2",0,고향집한식,True,LOW,https://pcmap.place.naver.com/restaurant/13137927/home,13137927,DOM_DATA_NLOG,,FAIL,고향집한식,서울 강남구 선릉로96길 2 금성빌딩,,CONTAINED,DIFFERENT,TOP_K_DETAIL_VALIDATION_FAILED,TOP_K_DETAIL_VALIDATION_FAILED,6166,2
KOMSCO_DIRECT_NAVER_FALLBACK,MATCHED,7294,잭슨피자 청담점,강남구청역 잭슨피자 청담점,naver_local_fallback,AMBIGUOUS,True,ENRICHED:AMBIGUOUS,False,AMBIGUOUS,1,1,SINGLE_CANDIDATE,0,0,잭슨피자 청담점,False,,https://pcmap.place.naver.com/restaurant/1852739207/home,1852739207,DOM_DATA_NLOG,,FAIL,잭슨피자 청담점,강남구청역 3-1번출구에서 100m 3011 버스 정류장 바로 앞,,EXACT,DIFFERENT,TOP_K_DETAIL_VALIDATION_FAILED,TOP_K_DETAIL_VALIDATION_FAILED,1649,1
KOMSCO_DIRECT_NAVER_FALLBACK,MATCHED,7304,스시 나미키,강남구청역 스시 나미키,station,RESOLVED,False,NOT_REQUIRED,False,RESOLVED,1,1,SINGLE_CANDIDATE,0,0,"스시나미키초밥,롤",False,,#,741700898,DOM_DATA_NLOG,1,PASS,"스시나미키초밥,롤",서울 강남구 학동로 338 강남파라곤 s동 103호,,CONTAINED,PARTIAL,,,728,1
KOMSCO_DIRECT_NAVER_FALLBACK,MATCHED,7306,논현양꼬치,논현역 논현양꼬치,naver_local_fallback,AMBIGUOUS,True,ENRICHED:RESOLVED,True,RESOLVED,4,4,QWEN,"0,1,2",0,논현양꼬치양꼬치,True,LOW,#,18518437,DOM_DATA_NLOG,1,PASS,논현양꼬치양꼬치,서울 강남구 학동로6길 37,,CONTAINED,PARTIAL,,,5407,1
KOMSCO_DIRECT_NAVER_FALLBACK,MATCHED,7311,바다등푸른생선구이,학동역 바다등푸른생선구이,naver_local_fallback,NOT_FOUND,True,ENRICHED:NOT_FOUND,False,NOT_FOUND,1,1,SINGLE_CANDIDATE,0,0,,False,,,,,,NOT_ATTEMPTED,,,,UNKNOWN,UNKNOWN,PLACE_ID_NOT_IN_CANDIDATE_DOM,PLACE_ID_NOT_IN_CANDIDATE_DOM,5938,0
KOMSCO_DIRECT_NAVER_FALLBACK,UNMATCHED,7315,비비큐 논현중앙점,강남구청역 비비큐 논현중앙점,station,AMBIGUOUS,False,SKIPPED_NO_NAVER_MATCH,False,AMBIGUOUS,1,1,SINGLE_CANDIDATE,0,0,BBQ치킨 논현중앙점,False,,https://pcmap.place.naver.com/restaurant/11798679/home,11798679,DOM_DATA_NLOG,,FAIL,BBQ치킨 논현중앙점,서울 강남구 언주로136길 10,,DIFFERENT,PARTIAL,TOP_K_DETAIL_VALIDATION_FAILED,TOP_K_DETAIL_VALIDATION_FAILED,922,1
KOMSCO_DIRECT_NAVER_FALLBACK,MATCHED,7324,피헨(PEAHEN),학동역 피헨(PEAHEN),station,RESOLVED,False,NOT_REQUIRED,False,RESOLVED,1,1,SINGLE_CANDIDATE,0,0,피헨,False,,#,1055688781,DOM_DATA_NLOG,1,PASS,피헨,서울 강남구 도산대로30길 39,,CONTAINED,PARTIAL,,,842,1
KOMSCO_DIRECT_NAVER_FALLBACK,UNMATCHED,7329,마켓 정 정육식당,논현역 마켓 정 정육식당,station,AMBIGUOUS,False,SKIPPED_NO_NAVER_MATCH,False,AMBIGUOUS,1,1,SINGLE_CANDIDATE,0,0,마켓정 논현점,False,,https://pcmap.place.naver.com/restaurant/1636032456/home,1636032456,DOM_DATA_NLOG,,FAIL,마켓정 논현점,"서울 강남구 강남대로128길 6 2층, 3층",,DIFFERENT,DIFFERENT,TOP_K_DETAIL_VALIDATION_FAILED,TOP_K_DETAIL_VALIDATION_FAILED,1002,1
KOMSCO_DIRECT_NAVER_FALLBACK,MATCHED,7331,공리,강남구청역 공리,naver_local_fallback,AMBIGUOUS,True,ENRICHED:AMBIGUOUS,False,AMBIGUOUS,3,3,QWEN,"0,1,2",0,공리짬뽕 논현점중식당,True,LOW,https://pcmap.place.naver.com/restaurant/360881123/home,360881123,DOM_DATA_NLOG,,FAIL,공리짬뽕 논현점중식당,서울 강남구 논현로115길 10,,CONTAINED,DIFFERENT,TOP_K_DETAIL_VALIDATION_FAILED,TOP_K_DETAIL_VALIDATION_FAILED,5962,2
KOMSCO_DIRECT_NAVER_FALLBACK,MATCHED,7336,전주콩뿌리콩나물국밥 강남구청점,강남구청역 전주콩뿌리콩나물국밥 강남구청점,naver_local_fallback,AMBIGUOUS,True,ENRICHED:AMBIGUOUS,False,AMBIGUOUS,1,1,SINGLE_CANDIDATE,0,0,전주콩뿌리콩나물국밥 강남구청점국밥,False,,https://pcmap.place.naver.com/restaurant/272355116/home,272355116,DOM_DATA_NLOG,,FAIL,전주콩뿌리콩나물국밥 강남구청점국밥,강남구청역 3번 출구 > 직진 150m > 건널목 앞 우측 내리막 길 내려오시면 바로 있습니다.,강남구청역 3번 출구 > 직진 150m > 건널목 앞 우측 내리막 길 내려오시면 바로 있습니다.,CONTAINED,DIFFERENT,TOP_K_DETAIL_VALIDATION_FAILED,TOP_K_DETAIL_VALIDATION_FAILED,2076,1
KOMSCO_DIRECT_NAVER_FALLBACK,MATCHED,7338,정우 찌개 보쌈,언주역 정우 찌개 보쌈,station,RESOLVED,False,NOT_REQUIRED,False,RESOLVED,1,1,SINGLE_CANDIDATE,0,0,"정우찌개 보쌈찌개,전골",False,,#,1433667203,DOM_DATA_NLOG,1,PASS,"정우찌개 보쌈찌개,전골",서울 강남구 언주로 615 제103동 제자1층 제비113호,,CONTAINED,PARTIAL,,,991,1
KOMSCO_DIRECT_NAVER_FALLBACK,UNMATCHED,7347,쿠시라쿠,강남구 쿠시라쿠,gangnam,NOT_FOUND,False,SKIPPED_NO_NAVER_MATCH,False,NOT_FOUND,0,0,DETERMINISTIC,,,,False,,,,,,NOT_ATTEMPTED,,,,UNKNOWN,UNKNOWN,NO_CONFIDENT_CANDIDATE,NO_CONFIDENT_CANDIDATE,5678,0
KOMSCO_DIRECT_NAVER_FALLBACK,UNMATCHED,7351,주식회사 스타일비건 강남구청점,강남구 주식회사 스타일비건 강남구청점,gangnam,NOT_FOUND,False,SKIPPED_NO_NAVER_MATCH,False,NOT_FOUND,0,0,DETERMINISTIC,,,,False,,,,,,NOT_ATTEMPTED,,,,UNKNOWN,UNKNOWN,NO_CONFIDENT_CANDIDATE,NO_CONFIDENT_CANDIDATE,5781,0
KOMSCO_DIRECT_NAVER_FALLBACK,MATCHED,7356,한남동24시뼈다귀감자탕 분점,강남구청역 한남동24시뼈다귀감자탕 분점,station,AMBIGUOUS,True,NO_USABLE_CANDIDATE,False,AMBIGUOUS,1,1,SINGLE_CANDIDATE,0,0,한남동 24시뼈다귀감자탕 강남구청분점감자탕,False,,https://pcmap.place.naver.com/restaurant/1076039884/home,1076039884,DOM_DATA_NLOG,,FAIL,한남동 24시뼈다귀감자탕 강남구청분점감자탕,7수인분당강남구청역 3번 출구에서 251m,,DIFFERENT,DIFFERENT,TOP_K_DETAIL_VALIDATION_FAILED,TOP_K_DETAIL_VALIDATION_FAILED,1006,1
KOMSCO_DIRECT_NAVER_FALLBACK,MATCHED,7360,미가한우&치킨처럼,학동역 미가한우&치킨처럼,naver_local_fallback,AMBIGUOUS,True,ENRICHED:AMBIGUOUS,False,AMBIGUOUS,1,1,SINGLE_CANDIDATE,0,0,미가한우&치킨처럼소고기구이,False,,https://pcmap.place.naver.com/restaurant/19509410/home,19509410,DOM_DATA_NLOG,,FAIL,미가한우&치킨처럼소고기구이,"학동역 8번출구로 나와서 3번째 골목 강남구 논현동 81-2,1층",,CONTAINED,DIFFERENT,TOP_K_DETAIL_VALIDATION_FAILED,TOP_K_DETAIL_VALIDATION_FAILED,1956,1
KOMSCO_DIRECT_NAVER_FALLBACK,MATCHED,7362,영동옛날통닭,논현역 영동옛날통닭,station,AMBIGUOUS,True,NO_USABLE_CANDIDATE,False,AMBIGUOUS,1,1,SINGLE_CANDIDATE,0,0,"영동옛날통닭 강남점치킨,닭강정",False,,https://pcmap.place.naver.com/restaurant/37438516/home,37438516,DOM_DATA_NLOG,,FAIL,"영동옛날통닭 강남점치킨,닭강정",서울 강남구 학동로4길 32 1층,,CONTAINED,DIFFERENT,TOP_K_DETAIL_VALIDATION_FAILED,TOP_K_DETAIL_VALIDATION_FAILED,929,1
KOMSCO_DIRECT_NAVER_FALLBACK,MATCHED,7363,연탄구이,신논현역 연탄구이,station,AMBIGUOUS,True,NO_USABLE_CANDIDATE,False,AMBIGUOUS,7,5,QWEN,"0,4,1",0,연탄마을돼지고기구이,True,LOW,https://pcmap.place.naver.com/restaurant/13150009/home,13150009,DOM_DATA_NLOG,,FAIL,연탄마을돼지고기구이,서울 강남구 테헤란로19길 13,,DIFFERENT,DIFFERENT,TOP_K_DETAIL_VALIDATION_FAILED,TOP_K_DETAIL_VALIDATION_FAILED,3448,3
KOMSCO_DIRECT_NAVER_FALLBACK,MATCHED,7375,사랑채,학동역 사랑채,station,RESOLVED,False,NOT_REQUIRED,False,RESOLVED,1,1,SINGLE_CANDIDATE,0,0,사랑채한식,False,,#,1925415794,DOM_DATA_NLOG,1,PASS,사랑채한식,서울 강남구 언주로133길 31,,CONTAINED,PARTIAL,,,733,1
KOMSCO_DIRECT_NAVER_FALLBACK,MATCHED,7377,더바른정육식당 강남신논현역본점,신논현역 더바른정육식당 강남신논현역본점,naver_local_fallback,AMBIGUOUS,True,ENRICHED:RESOLVED,True,RESOLVED,1,1,SINGLE_CANDIDATE,0,0,더바른정육식당 강남신논현역본점,False,,#,37765304,DOM_DATA_NLOG,1,PASS,더바른정육식당 강남신논현역본점,서울 강남구 강남대로 482 지상1층,,EXACT,PARTIAL,,,3536,1
KOMSCO_DIRECT_NAVER_FALLBACK,MATCHED,7387,낭만식당,강남구청역 낭만식당,naver_local_fallback,AMBIGUOUS,True,ENRICHED:AMBIGUOUS,False,AMBIGUOUS,1,1,SINGLE_CANDIDATE,0,0,낭만식당돈가스,False,,https://pcmap.place.naver.com/restaurant/33373417/home,33373417,DOM_DATA_NLOG,,FAIL,낭만식당돈가스,7수인분당강남구청역 2번 출구에서 183m,낭만식당,CONTAINED,DIFFERENT,TOP_K_DETAIL_VALIDATION_FAILED,TOP_K_DETAIL_VALIDATION_FAILED,1856,1
KOMSCO_DIRECT_NAVER_FALLBACK,UNMATCHED,7388,주식회사 그집,강남구 주식회사 그집,gangnam,NOT_FOUND,False,SKIPPED_NO_NAVER_MATCH,False,NOT_FOUND,0,0,DETERMINISTIC,,,,False,,,,,,NOT_ATTEMPTED,,,,UNKNOWN,UNKNOWN,NO_CONFIDENT_CANDIDATE,NO_CONFIDENT_CANDIDATE,5508,0
KOMSCO_DIRECT_NAVER_FALLBACK,AMBIGUOUS,7389,낙원떡집,논현역 낙원떡집,station,AMBIGUOUS,False,SKIPPED_NO_NAVER_MATCH,False,AMBIGUOUS,2,2,QWEN,"0,1",0,"낙원떡방떡,한과",True,LOW,https://pcmap.place.naver.com/restaurant/1360761437/home,1360761437,DOM_DATA_NLOG,,FAIL,"낙원떡방떡,한과",서울 서초구 잠원로 24 지하1층 1호 낙원떡방,,DIFFERENT,DIFFERENT,TOP_K_DETAIL_VALIDATION_FAILED,TOP_K_DETAIL_VALIDATION_FAILED,2620,2
KOMSCO_DIRECT_NAVER_FALLBACK,UNMATCHED,7391,한우리 한정식,강남구청역 한우리 한정식,station,AMBIGUOUS,False,SKIPPED_NO_NAVER_MATCH,False,AMBIGUOUS,2,2,QWEN,"0,1",0,한우리음식 논현점한정식,True,LOW,https://pcmap.place.naver.com/restaurant/37111754/home,37111754,DOM_DATA_NLOG,,FAIL,한우리음식 논현점한정식,도산대로 사거리 한우리본점 매장 내 1층에 위치하였습니다. (구주소: 강남구 논현동 91-18),,DIFFERENT,DIFFERENT,TOP_K_DETAIL_VALIDATION_FAILED,TOP_K_DETAIL_VALIDATION_FAILED,2673,2
KOMSCO_DIRECT_NAVER_FALLBACK,MATCHED,7392,반포식스 논현점,신논현역 반포식스 논현점,station,AMBIGUOUS,True,NO_USABLE_CANDIDATE,False,AMBIGUOUS,1,1,SINGLE_CANDIDATE,0,0,반포식스 논현점베트남음식,False,,https://pcmap.place.naver.com/restaurant/37815174/home,37815174,DOM_DATA_NLOG,,FAIL,반포식스 논현점베트남음식,서울 강남구 강남대로118길 51 2층,,CONTAINED,DIFFERENT,TOP_K_DETAIL_VALIDATION_FAILED,TOP_K_DETAIL_VALIDATION_FAILED,1014,1
KOMSCO_DIRECT_NAVER_FALLBACK,MATCHED,7398,김가네,학동역 김가네,station,RESOLVED,False,NOT_REQUIRED,False,RESOLVED,5,5,QWEN,"1,4,0",0,김가네 도산로점,True,HIGH,#,20866567,DOM_DATA_NLOG,3,PASS,김가네 도산로점,서울 강남구 논현로150길 37,,CONTAINED,PARTIAL,,,3869,3
KOMSCO_DIRECT_NAVER_FALLBACK,MATCHED,7399,토담골 논현점,언주역 토담골 논현점,naver_local_fallback,AMBIGUOUS,True,ENRICHED:RESOLVED,True,RESOLVED,1,1,SINGLE_CANDIDATE,0,0,토담골 논현점,False,,#,11725455,DOM_DATA_NLOG,1,PASS,토담골 논현점,서울 강남구 봉은사로37길 5 캠프지빌딩,한식,EXACT,PARTIAL,,,3920,1
KOMSCO_DIRECT_NAVER_FALLBACK,UNMATCHED,7400,부대찌개매니아돈돌,강남구청역 부대찌개매니아돈돌,station,AMBIGUOUS,False,SKIPPED_NO_NAVER_MATCH,False,AMBIGUOUS,1,1,SINGLE_CANDIDATE,0,0,"돈돌 부대찌개 매니아 강남구청점찌개,전골",False,,https://pcmap.place.naver.com/restaurant/20889368/home,20889368,DOM_DATA_NLOG,,FAIL,"돈돌 부대찌개 매니아 강남구청점찌개,전골","강남구청역 2번출구에서 바로있는강남파라곤 건물,sk건물 뒷편2층입니다 파라곤 뒷편 2층 ,,,,",,DIFFERENT,DIFFERENT,TOP_K_DETAIL_VALIDATION_FAILED,TOP_K_DETAIL_VALIDATION_FAILED,906,1
KOMSCO_DIRECT_NAVER_FALLBACK,MATCHED,7405,하남돼지집 학동역점,학동역 하남돼지집 학동역점,station,RESOLVED,False,NOT_REQUIRED,False,RESOLVED,1,1,SINGLE_CANDIDATE,0,0,하남돼지집 학동역점,False,,#,103557699,DOM_DATA_NLOG,1,PASS,하남돼지집 학동역점,서울 강남구 언주로133길 18,,EXACT,PARTIAL,,,1056,1
KOMSCO_DIRECT_NAVER_FALLBACK,MATCHED,7410,향방,신사역 향방,naver_local_fallback,AMBIGUOUS,True,ENRICHED:RESOLVED,True,RESOLVED,1,1,SINGLE_CANDIDATE,0,0,향방중식당,False,,#,33647127,DOM_DATA_NLOG,1,PASS,향방중식당,서울 강남구 강남대로150길 10 2층,,CONTAINED,PARTIAL,,,1649,1
KOMSCO_DIRECT_NAVER_FALLBACK,MATCHED,7416,본가마순대국,논현역 본가마순대국,naver_local_fallback,AMBIGUOUS,True,ENRICHED:AMBIGUOUS,False,AMBIGUOUS,3,3,QWEN,"0,1,2",0,본가마순대국 반포점,True,LOW,https://pcmap.place.naver.com/restaurant/2028800655/home,2028800655,DOM_DATA_NLOG,,FAIL,본가마순대국 반포점,서울 서초구 강남대로83길 33 1층 101호,,CONTAINED,DIFFERENT,TOP_K_DETAIL_VALIDATION_FAILED,TOP_K_DETAIL_VALIDATION_FAILED,6251,3
KOMSCO_DIRECT_NAVER_FALLBACK,UNMATCHED,7421,닭장수和후라이드,강남구 닭장수和후라이드,gangnam,NOT_FOUND,False,SKIPPED_NO_NAVER_MATCH,False,NOT_FOUND,0,0,DETERMINISTIC,,,,False,,,,,,NOT_ATTEMPTED,,,,UNKNOWN,UNKNOWN,NO_CONFIDENT_CANDIDATE,NO_CONFIDENT_CANDIDATE,5607,0
KOMSCO_DIRECT_NAVER_FALLBACK,MATCHED,7428,보물섬,신논현역 보물섬,station,AMBIGUOUS,True,NO_USABLE_CANDIDATE,False,AMBIGUOUS,3,3,QWEN,"0,1,2",0,강남보물섬생선회,True,LOW,https://pcmap.place.naver.com/restaurant/33236530/home,33236530,DOM_DATA_NLOG,,FAIL,강남보물섬생선회,서울 강남구 테헤란로20길 11-1 강남보물섬,,CONTAINED,DIFFERENT,TOP_K_DETAIL_VALIDATION_FAILED,TOP_K_DETAIL_VALIDATION_FAILED,2822,2
KOMSCO_DIRECT_NAVER_FALLBACK,MATCHED,7431,코스모왕양꼬치 논현본점,신논현역 코스모왕양꼬치 논현본점,naver_local_fallback,AMBIGUOUS,True,ENRICHED:RESOLVED,True,RESOLVED,1,1,SINGLE_CANDIDATE,0,0,코스모왕양꼬치 논현본점양꼬치,False,,#,36721497,DOM_DATA_NLOG,1,PASS,코스모왕양꼬치 논현본점양꼬치,서울 강남구 봉은사로1길 34,,CONTAINED,PARTIAL,,,1744,1
KOMSCO_DIRECT_NAVER_FALLBACK,MATCHED,7435,우리동네 횟집,신논현역 우리동네 횟집,station,AMBIGUOUS,True,NO_USABLE_CANDIDATE,False,AMBIGUOUS,2,2,QWEN,"0,1",0,우리동네횟집생선회,True,LOW,https://pcmap.place.naver.com/restaurant/1618305137/home,1618305137,DOM_DATA_NLOG,,FAIL,우리동네횟집생선회,서울 강남구 강남대로120길 30 103호,,CONTAINED,DIFFERENT,TOP_K_DETAIL_VALIDATION_FAILED,TOP_K_DETAIL_VALIDATION_FAILED,2408,1
KOMSCO_DIRECT_NAVER_FALLBACK,MATCHED,7439,옛날돈가스,학동역 옛날돈가스,station,AMBIGUOUS,True,NO_USABLE_CANDIDATE,False,AMBIGUOUS,5,5,QWEN,"0,1,2",0,골목낙지,True,LOW,https://pcmap.place.naver.com/restaurant/2092292270/home,2092292270,DOM_DATA_NLOG,,FAIL,골목낙지,서울 강남구 봉은사로44길 81 1층(역삼동),,DIFFERENT,DIFFERENT,TOP_K_DETAIL_VALIDATION_FAILED,TOP_K_DETAIL_VALIDATION_FAILED,3309,3
KOMSCO_DIRECT_NAVER_FALLBACK,UNMATCHED,7443,주식회사뉴광명수산,강남구 주식회사뉴광명수산,gangnam,NOT_FOUND,False,SKIPPED_NO_NAVER_MATCH,False,NOT_FOUND,0,0,DETERMINISTIC,,,,False,,,,,,NOT_ATTEMPTED,,,,UNKNOWN,UNKNOWN,NO_CONFIDENT_CANDIDATE,NO_CONFIDENT_CANDIDATE,5396,0
KOMSCO_DIRECT_NAVER_FALLBACK,MATCHED,7449,논현동빨간떡볶이,신논현역 논현동빨간떡볶이,naver_local_fallback,AMBIGUOUS,True,ENRICHED:RESOLVED,True,RESOLVED,1,1,SINGLE_CANDIDATE,0,0,논현동빨간떡볶이,False,,#,1089646956,DOM_DATA_NLOG,1,PASS,논현동빨간떡볶이,서울 강남구 강남대로118길 62,,EXACT,PARTIAL,,,1626,1
KOMSCO_DIRECT_NAVER_FALLBACK,MATCHED,7456,학동나주곰탕,학동역 학동나주곰탕,naver_local_fallback,AMBIGUOUS,True,ENRICHED:AMBIGUOUS,False,AMBIGUOUS,2,2,QWEN,"0,1",0,"곰작골나주곰탕 학동점곰탕,설렁탕",True,LOW,https://pcmap.place.naver.com/restaurant/35643684/home,35643684,DOM_DATA_NLOG,,FAIL,"곰작골나주곰탕 학동점곰탕,설렁탕",서울 강남구 학동로 221 예진빌딩,,DIFFERENT,DIFFERENT,TOP_K_DETAIL_VALIDATION_FAILED,TOP_K_DETAIL_VALIDATION_FAILED,4649,1
KOMSCO_DIRECT_NAVER_FALLBACK,UNMATCHED,7459,마구로다찌,강남구 마구로다찌,gangnam,AMBIGUOUS,False,SKIPPED_NO_NAVER_MATCH,False,AMBIGUOUS,2,2,QWEN,"1,0",1,참치여행생선회,True,LOW,https://pcmap.place.naver.com/restaurant/1499566117/home,1499566117,DOM_DATA_NLOG,,FAIL,참치여행생선회,서울 강남구 테헤란로53길 22 1층 참치여행,,DIFFERENT,DIFFERENT,TOP_K_DETAIL_VALIDATION_FAILED,TOP_K_DETAIL_VALIDATION_FAILED,7881,2
KOMSCO_DIRECT_NAVER_FALLBACK,UNMATCHED,7465,소공동 뚝배기,언주역 소공동 뚝배기,station,AMBIGUOUS,False,SKIPPED_NO_NAVER_MATCH,False,AMBIGUOUS,1,1,SINGLE_CANDIDATE,0,0,소공동뚝배기집 논현YMCA점두부요리,False,,https://pcmap.place.naver.com/restaurant/1768489250/home,1768489250,DOM_DATA_NLOG,,FAIL,소공동뚝배기집 논현YMCA점두부요리,서울 강남구 봉은사로37길 28,,CONTAINED,DIFFERENT,TOP_K_DETAIL_VALIDATION_FAILED,TOP_K_DETAIL_VALIDATION_FAILED,1084,1
KOMSCO_DIRECT_NAVER_FALLBACK,UNMATCHED,7473,주식회사 쁠로 13 (BBLO 13),강남구 주식회사 쁠로 13 (BBLO 13),gangnam,NOT_FOUND,False,SKIPPED_NO_NAVER_MATCH,False,NOT_FOUND,0,0,DETERMINISTIC,,,,False,,,,,,NOT_ATTEMPTED,,,,UNKNOWN,UNKNOWN,NO_CONFIDENT_CANDIDATE,NO_CONFIDENT_CANDIDATE,5557,0
KOMSCO_DIRECT_NAVER_FALLBACK,MATCHED,7479,태권브이,논현역 태권브이,station,RESOLVED,False,NOT_REQUIRED,False,RESOLVED,2,2,QWEN,"0,1",0,"태권브이맥주,호프",True,LOW,#,1138320397,DOM_DATA_NLOG,1,PASS,"태권브이맥주,호프",서울 강남구 강남대로124길 3-6 3층,,CONTAINED,PARTIAL,,,2260,1
KOMSCO_DIRECT_NAVER_FALLBACK,UNMATCHED,7481,js garden,강남구청역 js garden,station,AMBIGUOUS,False,SKIPPED_NO_NAVER_MATCH,False,AMBIGUOUS,5,5,QWEN,"0,1,2",0,js가든 압구정점중식당,True,HIGH,https://pcmap.place.naver.com/restaurant/33499940/home,33499940,DOM_DATA_NLOG,,FAIL,js가든 압구정점중식당,서울 강남구 언주로174길 13,,DIFFERENT,DIFFERENT,TOP_K_DETAIL_VALIDATION_FAILED,TOP_K_DETAIL_VALIDATION_FAILED,3431,3
KOMSCO_DIRECT_NAVER_FALLBACK,MATCHED,7482,트리블리,학동역 트리블리,station,AMBIGUOUS,True,NO_USABLE_CANDIDATE,False,AMBIGUOUS,1,1,SINGLE_CANDIDATE,0,0,트리블리 와인,False,,https://pcmap.place.naver.com/restaurant/1549807378/home,1549807378,DOM_DATA_NLOG,,FAIL,트리블리 와인,학동역과 강남구청역에서 도보로 7분/언주역과 선정릉역에서 도보로 15분 / 임페리얼팰리스서울 호텔 바로 뒷편에 위치해 있는 케이공간 건물 1층입니다. 대나무가 심어진 골목으로 들어오셔서 주차장 좌...,,CONTAINED,DIFFERENT,TOP_K_DETAIL_VALIDATION_FAILED,TOP_K_DETAIL_VALIDATION_FAILED,855,1
KOMSCO_DIRECT_NAVER_FALLBACK,UNMATCHED,7487,이두부야 순두부찌개,강남구 이두부야 순두부찌개,gangnam,NOT_FOUND,False,SKIPPED_NO_NAVER_MATCH,False,NOT_FOUND,0,0,DETERMINISTIC,,,,False,,,,,,NOT_ATTEMPTED,,,,UNKNOWN,UNKNOWN,NO_CONFIDENT_CANDIDATE,NO_CONFIDENT_CANDIDATE,5508,0
KOMSCO_DIRECT_NAVER_FALLBACK,UNMATCHED,7490,(주)청담고수 논현점,학동역 (주)청담고수 논현점,station,AMBIGUOUS,False,SKIPPED_NO_NAVER_MATCH,False,AMBIGUOUS,2,2,QWEN,"0,1",0,청담고수 청담2호점,True,LOW,https://pcmap.place.naver.com/restaurant/1277135466/home,1277135466,DOM_DATA_NLOG,,FAIL,청담고수 청담2호점,서울 강남구 압구정로79길 18,,DIFFERENT,DIFFERENT,TOP_K_DETAIL_VALIDATION_FAILED,TOP_K_DETAIL_VALIDATION_FAILED,2875,2
KOMSCO_DIRECT_NAVER_FALLBACK,UNMATCHED,7498,창신한우 정육식당,강남구 창신한우 정육식당,gangnam,NOT_FOUND,False,SKIPPED_NO_NAVER_MATCH,False,NOT_FOUND,0,0,DETERMINISTIC,,,,False,,,,,,NOT_ATTEMPTED,,,,UNKNOWN,UNKNOWN,NO_CONFIDENT_CANDIDATE,NO_CONFIDENT_CANDIDATE,5675,0
KOMSCO_DIRECT_NAVER_FALLBACK,MATCHED,7507,논현감자탕,학동역 논현감자탕,station,AMBIGUOUS,True,NO_USABLE_CANDIDATE,False,AMBIGUOUS,9,5,QWEN,"0,2,4",0,주야왕감자탕한식,True,LOW,https://pcmap.place.naver.com/restaurant/2091265095/home,2091265095,DOM_DATA_NLOG,,FAIL,주야왕감자탕한식,서울 강남구 학동로 106 2동 1층 101호,,DIFFERENT,DIFFERENT,TOP_K_DETAIL_VALIDATION_FAILED,TOP_K_DETAIL_VALIDATION_FAILED,3430,3
KOMSCO_DIRECT_NAVER_FALLBACK,MATCHED,7525,초심한우 정육식당,강남구청역 초심한우 정육식당,station,AMBIGUOUS,True,NO_USABLE_CANDIDATE,False,AMBIGUOUS,1,1,SINGLE_CANDIDATE,0,0,초심한우정육식당,False,,https://pcmap.place.naver.com/restaurant/1776663958/home,1776663958,DOM_DATA_NLOG,,FAIL,초심한우정육식당,7수인분당강남구청역 3-1번 출구에서 750m,초심한우정육식당,EXACT,DIFFERENT,TOP_K_DETAIL_VALIDATION_FAILED,TOP_K_DETAIL_VALIDATION_FAILED,960,1
KOMSCO_DIRECT_NAVER_FALLBACK,MATCHED,7530,반피차이,논현역 반피차이,station,AMBIGUOUS,True,NO_USABLE_CANDIDATE,False,AMBIGUOUS,1,1,SINGLE_CANDIDATE,0,0,반피차이,False,,https://pcmap.place.naver.com/restaurant/33685119/home,33685119,DOM_DATA_NLOG,,FAIL,반피차이,서울 강남구 강남대로124길 23 1층,,EXACT,DIFFERENT,TOP_K_DETAIL_VALIDATION_FAILED,TOP_K_DETAIL_VALIDATION_FAILED,968,1
KOMSCO_DIRECT_NAVER_FALLBACK,MATCHED,7534,생선물은고양이,언주역 생선물은고양이,naver_local_fallback,AMBIGUOUS,True,ENRICHED:RESOLVED,True,RESOLVED,1,1,SINGLE_CANDIDATE,0,0,생선물은고양이,False,,#,1721394256,DOM_DATA_NLOG,1,PASS,생선물은고양이,서울 강남구 논현로113길 12 1층,,EXACT,PARTIAL,,,1728,1
KOMSCO_DIRECT_NAVER_FALLBACK,MATCHED,7547,보다,강남구청역 보다,naver_local_fallback,AMBIGUOUS,True,ENRICHED:RESOLVED,True,RESOLVED,9,5,QWEN,"0,1,2",1,보다중식당,True,LOW,#,34984097,DOM_DATA_NLOG,2,PASS,보다중식당,서울 강남구 도산대로 308 코오라 빌딩,,CONTAINED,PARTIAL,,,6549,2
KOMSCO_DIRECT_NAVER_FALLBACK,MATCHED,4278,오레노 카츠,한티역 오레노 카츠,station,RESOLVED,False,NOT_REQUIRED,False,RESOLVED,2,2,QWEN,"0,1",0,오레노카츠 대치점,True,LOW,#,1488199141,DOM_DATA_NLOG,1,PASS,오레노카츠 대치점,서울 강남구 도곡로63길 28,,CONTAINED,PARTIAL,,,2311,1
KOMSCO_DIRECT_NAVER_FALLBACK,MATCHED,4283,카발,선릉역 카발,naver_local_fallback,AMBIGUOUS,True,ENRICHED:RESOLVED,True,RESOLVED,1,1,SINGLE_CANDIDATE,0,0,카발,False,,#,36665270,DOM_DATA_NLOG,1,PASS,카발,서울 강남구 선릉로82길 7,,EXACT,PARTIAL,,,1661,1
KOMSCO_DIRECT_NAVER_FALLBACK,MATCHED,4285,연화산,삼성역 연화산,naver_local_fallback,AMBIGUOUS,True,ENRICHED:RESOLVED,True,RESOLVED,1,1,SINGLE_CANDIDATE,0,0,연화산중식당,False,,#,1608800144,DOM_DATA_NLOG,1,PASS,연화산중식당,서울 강남구 테헤란로92길 11,,CONTAINED,PARTIAL,,,1922,1
KOMSCO_DIRECT_NAVER_FALLBACK,MATCHED,4311,사운드온더펍 대치점,한티역 사운드온더펍 대치점,naver_local_fallback,AMBIGUOUS,True,ENRICHED:RESOLVED,True,RESOLVED,1,1,SINGLE_CANDIDATE,0,0,"사운드온더펍 대치점맥주,호프",False,,#,1068917256,DOM_DATA_NLOG,1,PASS,"사운드온더펍 대치점맥주,호프",서울 강남구 삼성로69길 11,,CONTAINED,PARTIAL,,,1707,1
KOMSCO_DIRECT_NAVER_FALLBACK,MATCHED,4317,해남세발낙지,대치역 해남세발낙지,station,RESOLVED,False,NOT_REQUIRED,False,RESOLVED,1,1,SINGLE_CANDIDATE,0,0,해남세발낙지낙지요리,False,,#,12863873,DOM_DATA_NLOG,1,PASS,해남세발낙지낙지요리,서울 강남구 삼성로57길 22,,CONTAINED,PARTIAL,,,1032,1
KOMSCO_DIRECT_NAVER_FALLBACK,MATCHED,4318,황태마을,선릉역 황태마을,station,RESOLVED,False,NOT_REQUIRED,False,RESOLVED,1,1,SINGLE_CANDIDATE,0,0,황태마을한식,False,,#,881173511,DOM_DATA_NLOG,1,PASS,황태마을한식,서울 강남구 테헤란로78길 14-6 동성빌딩,,CONTAINED,PARTIAL,,,927,1
KOMSCO_DIRECT_NAVER_FALLBACK,MATCHED,4332,또래오래 강남대치점,삼성역 또래오래 강남대치점,naver_local_fallback,AMBIGUOUS,True,ENRICHED:RESOLVED,True,RESOLVED,1,1,SINGLE_CANDIDATE,0,0,"또래오래 강남대치점치킨,닭강정",False,,#,36145606,DOM_DATA_NLOG,1,PASS,"또래오래 강남대치점치킨,닭강정",서울 강남구 삼성로70길 4,,CONTAINED,PARTIAL,,,1842,1
KOMSCO_DIRECT_NAVER_FALLBACK,AMBIGUOUS,4337,코코호도대치점,대치역 코코호도대치점,station,AMBIGUOUS,False,SKIPPED_NO_NAVER_MATCH,False,AMBIGUOUS,1,1,SINGLE_CANDIDATE,0,0,코코호도 대치점호두과자,False,,https://pcmap.place.naver.com/restaurant/12796490/home,12796490,DOM_DATA_NLOG,,FAIL,코코호도 대치점호두과자,서울 강남구 삼성로 212-2 은마상가 A-118호,,CONTAINED,DIFFERENT,TOP_K_DETAIL_VALIDATION_FAILED,TOP_K_DETAIL_VALIDATION_FAILED,912,1
KOMSCO_DIRECT_NAVER_FALLBACK,UNMATCHED,4350,에렌시아(herencia),한티역 에렌시아(herencia),station,AMBIGUOUS,False,SKIPPED_NO_NAVER_MATCH,False,AMBIGUOUS,1,1,SINGLE_CANDIDATE,0,0,에렌시아보세의류,False,,https://pcmap.place.naver.com/restaurant/1376651632/home,1376651632,DOM_DATA_NLOG,,FAIL,에렌시아보세의류,서울 강남구 선릉로72길 10 102호,,DIFFERENT,PARTIAL,TOP_K_DETAIL_VALIDATION_FAILED,TOP_K_DETAIL_VALIDATION_FAILED,935,1
KOMSCO_DIRECT_NAVER_FALLBACK,MATCHED,4355,정참치 선릉역본점,선릉역 정참치 선릉역본점,naver_local_fallback,AMBIGUOUS,True,ENRICHED:RESOLVED,True,RESOLVED,1,1,SINGLE_CANDIDATE,0,0,정참치 선릉역본점,False,,#,1775501312,DOM_DATA_NLOG,1,PASS,정참치 선릉역본점,"* 찾아오시는 길 주소: 서울 강남구 삼성로81길 22 1층 대중교통 지하철 이용: 선릉역 1번 출구에서 도보 5분 거리 버스 이용: 선릉역 인근 정류장, 포스코사거리 하차 후 도보 이동 가능 ※ 주차안내 '커피야...",,EXACT,PARTIAL,,,2519,1
KOMSCO_DIRECT_NAVER_FALLBACK,MATCHED,4356,대파 양곱창,선릉역 대파 양곱창,naver_local_fallback,AMBIGUOUS,True,ENRICHED:RESOLVED,True,RESOLVED,1,1,SINGLE_CANDIDATE,0,0,"대파 양곱창곱창,막창,양",False,,#,13465296,DOM_DATA_NLOG,1,PASS,"대파 양곱창곱창,막창,양",서울 강남구 역삼로63길 14,,CONTAINED,PARTIAL,,,1696,1
KOMSCO_DIRECT_NAVER_FALLBACK,UNMATCHED,4362,하우스터디대치독서실,대치역 하우스터디대치독서실,station,AMBIGUOUS,False,SKIPPED_NO_NAVER_MATCH,False,AMBIGUOUS,1,1,SINGLE_CANDIDATE,0,0,하우스터디독서실 대치2센터독서실,False,,https://pcmap.place.naver.com/restaurant/1073046312/home,1073046312,DOM_DATA_NLOG,,FAIL,하우스터디독서실 대치2센터독서실,서울 강남구 삼성로51길 25 2층,,DIFFERENT,DIFFERENT,TOP_K_DETAIL_VALIDATION_FAILED,TOP_K_DETAIL_VALIDATION_FAILED,874,1
KOMSCO_DIRECT_NAVER_FALLBACK,MATCHED,4370,호세야오리바베큐 선릉점,선릉역 호세야오리바베큐 선릉점,naver_local_fallback,AMBIGUOUS,True,ENRICHED:RESOLVED,True,RESOLVED,1,1,SINGLE_CANDIDATE,0,0,호세야오리바베큐 선릉점오리요리,False,,#,944968803,DOM_DATA_NLOG,1,PASS,호세야오리바베큐 선릉점오리요리,서울 강남구 삼성로 417 상가동 1층 108,,CONTAINED,PARTIAL,,,4418,1
KOMSCO_DIRECT_NAVER_FALLBACK,UNMATCHED,4379,굽네치킨 대치1-4동점,강남구 굽네치킨 대치1-4동점,gangnam,NOT_FOUND,False,SKIPPED_NO_NAVER_MATCH,False,NOT_FOUND,0,0,DETERMINISTIC,,,,False,,,,,,NOT_ATTEMPTED,,,,UNKNOWN,UNKNOWN,NO_CONFIDENT_CANDIDATE,NO_CONFIDENT_CANDIDATE,5711,0
KOMSCO_DIRECT_NAVER_FALLBACK,MATCHED,4381,키친바락,삼성역 키친바락,station,AMBIGUOUS,True,NO_USABLE_CANDIDATE,False,AMBIGUOUS,1,1,SINGLE_CANDIDATE,0,0,키친바락,False,,https://pcmap.place.naver.com/restaurant/1654443385/home,1654443385,DOM_DATA_NLOG,,FAIL,키친바락,서울 강남구 삼성로84길 23 1층,,EXACT,DIFFERENT,TOP_K_DETAIL_VALIDATION_FAILED,TOP_K_DETAIL_VALIDATION_FAILED,1060,1
KOMSCO_DIRECT_NAVER_FALLBACK,UNMATCHED,4394,비비큐 분식,강남구 비비큐 분식,gangnam,NOT_FOUND,False,SKIPPED_NO_NAVER_MATCH,False,NOT_FOUND,0,0,DETERMINISTIC,,,,False,,,,,,NOT_ATTEMPTED,,,,UNKNOWN,UNKNOWN,NO_CONFIDENT_CANDIDATE,NO_CONFIDENT_CANDIDATE,6101,0
KOMSCO_DIRECT_NAVER_FALLBACK,UNMATCHED,4396,치킨뱅이대치점,삼성역 치킨뱅이대치점,station,AMBIGUOUS,False,SKIPPED_NO_NAVER_MATCH,False,AMBIGUOUS,2,2,QWEN,"0,1",0,"치킨뱅이 삼성2호점치킨,닭강정",True,LOW,https://pcmap.place.naver.com/restaurant/18817254/home,18817254,DOM_DATA_NLOG,,FAIL,"치킨뱅이 삼성2호점치킨,닭강정",서울 강남구 봉은사로112길 16 계명빌딩,,DIFFERENT,DIFFERENT,TOP_K_DETAIL_VALIDATION_FAILED,TOP_K_DETAIL_VALIDATION_FAILED,2988,2
KOMSCO_DIRECT_NAVER_FALLBACK,MATCHED,4402,오마치슌,선릉역 오마치슌,station,AMBIGUOUS,True,NO_USABLE_CANDIDATE,False,AMBIGUOUS,1,1,SINGLE_CANDIDATE,0,0,오마치슌,False,,https://pcmap.place.naver.com/restaurant/36667318/home,36667318,DOM_DATA_NLOG,,FAIL,오마치슌,서울 강남구 역삼로65길 20 1층,,EXACT,DIFFERENT,TOP_K_DETAIL_VALIDATION_FAILED,TOP_K_DETAIL_VALIDATION_FAILED,964,1
KOMSCO_DIRECT_NAVER_FALLBACK,MATCHED,4403,예향정 선릉역점,선릉역 예향정 선릉역점,naver_local_fallback,AMBIGUOUS,True,ENRICHED:RESOLVED,True,RESOLVED,1,1,SINGLE_CANDIDATE,0,0,예향정 선릉역점,False,,#,1755264367,DOM_DATA_NLOG,1,PASS,예향정 선릉역점,서울 강남구 선릉로86길 8 2층,한식,EXACT,PARTIAL,,,1666,1
KOMSCO_DIRECT_NAVER_FALLBACK,MATCHED,4420,나능이 능이버섯백숙,선릉역 나능이 능이버섯백숙,station,AMBIGUOUS,True,NO_USABLE_CANDIDATE,False,AMBIGUOUS,1,1,SINGLE_CANDIDATE,0,0,"나능이능이버섯백숙 대치점백숙,삼계탕",False,,https://pcmap.place.naver.com/restaurant/1413028358/home,1413028358,DOM_DATA_NLOG,,FAIL,"나능이능이버섯백숙 대치점백숙,삼계탕",서울 강남구 삼성로75길 32-11 1층,,CONTAINED,DIFFERENT,TOP_K_DETAIL_VALIDATION_FAILED,TOP_K_DETAIL_VALIDATION_FAILED,954,1
KOMSCO_DIRECT_NAVER_FALLBACK,MATCHED,4428,휘초밥,삼성역 휘초밥,station,AMBIGUOUS,True,NO_USABLE_CANDIDATE,False,AMBIGUOUS,1,1,SINGLE_CANDIDATE,0,0,"휘초밥초밥,롤",False,,https://pcmap.place.naver.com/restaurant/38548303/home,38548303,DOM_DATA_NLOG,,FAIL,"휘초밥초밥,롤",서울 강남구 삼성로84길 26 1층,,CONTAINED,DIFFERENT,TOP_K_DETAIL_VALIDATION_FAILED,TOP_K_DETAIL_VALIDATION_FAILED,964,1
KOMSCO_DIRECT_NAVER_FALLBACK,UNMATCHED,4434,써니쿡 (Sunny cook),강남구 써니쿡 (Sunny cook),gangnam,NOT_FOUND,False,SKIPPED_NO_NAVER_MATCH,False,NOT_FOUND,0,0,DETERMINISTIC,,,,False,,,,,,NOT_ATTEMPTED,,,,UNKNOWN,UNKNOWN,NO_CONFIDENT_CANDIDATE,NO_CONFIDENT_CANDIDATE,6141,0
KOMSCO_DIRECT_NAVER_FALLBACK,MATCHED,4451,펠리스산초 대치점,대치역 펠리스산초 대치점,station,AMBIGUOUS,True,NO_USABLE_CANDIDATE,False,AMBIGUOUS,1,1,SINGLE_CANDIDATE,0,0,"펠리스산쵸 대치점멕시코,남미음식",False,,https://pcmap.place.naver.com/restaurant/1677375954/home,1677375954,DOM_DATA_NLOG,,FAIL,"펠리스산쵸 대치점멕시코,남미음식",서울 강남구 도곡로 532 태안빌딩 1층 103호,,DIFFERENT,DIFFERENT,TOP_K_DETAIL_VALIDATION_FAILED,TOP_K_DETAIL_VALIDATION_FAILED,1032,1
KOMSCO_DIRECT_NAVER_FALLBACK,MATCHED,4455,노리터,대치동 노리터,dong,AMBIGUOUS,True,NO_USABLE_CANDIDATE,False,AMBIGUOUS,2,2,QWEN,"0,1",0,쭈쌤다비수수학노리터공부방,True,LOW,https://pcmap.place.naver.com/restaurant/2049164357/home,2049164357,DOM_DATA_NLOG,,FAIL,쭈쌤다비수수학노리터공부방,서울 강남구 개포로 310 130동 303호,,CONTAINED,DIFFERENT,TOP_K_DETAIL_VALIDATION_FAILED,TOP_K_DETAIL_VALIDATION_FAILED,5085,1
KOMSCO_DIRECT_NAVER_FALLBACK,MATCHED,4470,오면가면칼국수,한티역 오면가면칼국수,naver_local_fallback,AMBIGUOUS,True,ENRICHED:RESOLVED,True,RESOLVED,1,1,SINGLE_CANDIDATE,0,0,"오면가면칼국수칼국수,만두",False,,#,1114753697,DOM_DATA_NLOG,1,PASS,"오면가면칼국수칼국수,만두",서울 강남구 삼성로71길 25,,CONTAINED,PARTIAL,,,2073,1
KOMSCO_DIRECT_NAVER_FALLBACK,UNMATCHED,4487,할매재첩국대치 주식회사,강남구 할매재첩국대치 주식회사,gangnam,NOT_FOUND,False,SKIPPED_NO_NAVER_MATCH,False,NOT_FOUND,0,0,DETERMINISTIC,,,,False,,,,,,NOT_ATTEMPTED,,,,UNKNOWN,UNKNOWN,NO_CONFIDENT_CANDIDATE,NO_CONFIDENT_CANDIDATE,5584,0
KOMSCO_DIRECT_NAVER_FALLBACK,UNMATCHED,4499,맛닭꼬,대치동 맛닭꼬,dong,AMBIGUOUS,False,SKIPPED_NO_NAVER_MATCH,False,AMBIGUOUS,1,1,SINGLE_CANDIDATE,0,0,맛닭꼬치킨 잠실본동점,False,,https://pcmap.place.naver.com/restaurant/35848761/home,35848761,DOM_DATA_NLOG,,FAIL,맛닭꼬치킨 잠실본동점,서울 송파구 올림픽로12길 62 1층,,CONTAINED,DIFFERENT,TOP_K_DETAIL_VALIDATION_FAILED,TOP_K_DETAIL_VALIDATION_FAILED,3768,1
KOMSCO_DIRECT_NAVER_FALLBACK,MATCHED,4504,송원,대치역 송원,naver_local_fallback,AMBIGUOUS,True,ENRICHED:RESOLVED,True,RESOLVED,2,2,QWEN,"0,1",0,송원중식당,True,LOW,#,18569776,DOM_DATA_NLOG,1,PASS,송원중식당,"서울 강남구 남부순환로 2917 청실종합상가 2층205-가,나",,CONTAINED,PARTIAL,,,4698,1
KOMSCO_DIRECT_NAVER_FALLBACK,MATCHED,4514,온정돈까스(선릉점),선릉역 온정돈까스(선릉점),station,RESOLVED,False,NOT_REQUIRED,False,RESOLVED,1,1,SINGLE_CANDIDATE,0,0,온정돈까스 선릉점,False,,#,2017236585,DOM_DATA_NLOG,1,PASS,온정돈까스 선릉점,서울 강남구 선릉로86길 46 RG빌딩 2층,,EXACT,PARTIAL,,,952,1
KOMSCO_DIRECT_NAVER_FALLBACK,MATCHED,4541,하남돼지집 한티직영점,한티역 하남돼지집 한티직영점,station,AMBIGUOUS,True,NO_RESULT,False,AMBIGUOUS,1,1,SINGLE_CANDIDATE,0,0,하남돼지집 한티점,False,,https://pcmap.place.naver.com/restaurant/36667301/home,36667301,DOM_DATA_NLOG,,FAIL,하남돼지집 한티점,서울 강남구 선릉로64길 9 대성빌딩,,DIFFERENT,DIFFERENT,TOP_K_DETAIL_VALIDATION_FAILED,TOP_K_DETAIL_VALIDATION_FAILED,982,1
KOMSCO_DIRECT_NAVER_FALLBACK,UNMATCHED,4555,샤오바오우육면선릉,선릉역 샤오바오우육면선릉,station,AMBIGUOUS,False,SKIPPED_NO_NAVER_MATCH,False,AMBIGUOUS,1,1,SINGLE_CANDIDATE,0,0,빠완 선릉본점,False,,https://pcmap.place.naver.com/restaurant/1749145839/home,1749145839,DOM_DATA_NLOG,,FAIL,빠완 선릉본점,서울 강남구 선릉로86길 34 금아빌딩 2층,[오직 이곳에서만 즐기는 흔치 않은 특별한 중식 요리] 빠완 중식당 찾아오시는 길 (상세 안내) [지하철 이용 시] 선릉역 1번 출구 > IBK기업은행 옆 골목 진입 > CU 지나 직진 > 참한고기집 2층 [도보 기준...,DIFFERENT,DIFFERENT,TOP_K_DETAIL_VALIDATION_FAILED,TOP_K_DETAIL_VALIDATION_FAILED,1064,1
KOMSCO_DIRECT_NAVER_FALLBACK,AMBIGUOUS,4564,서울은마꽈배기,대치역 서울은마꽈배기,station,AMBIGUOUS,False,SKIPPED_NO_NAVER_MATCH,False,AMBIGUOUS,2,2,QWEN,"0,1",0,경성찹쌀꽈배기 은마점베이커리,True,LOW,https://pcmap.place.naver.com/restaurant/1436230338/home,1436230338,DOM_DATA_NLOG,,FAIL,경성찹쌀꽈배기 은마점베이커리,서울 강남구 삼성로 212 B블럭 1층 101호,,DIFFERENT,DIFFERENT,TOP_K_DETAIL_VALIDATION_FAILED,TOP_K_DETAIL_VALIDATION_FAILED,2796,2
KOMSCO_DIRECT_NAVER_FALLBACK,MATCHED,4569,파파존스 대치점,선릉역 파파존스 대치점,station,RESOLVED,False,NOT_REQUIRED,False,RESOLVED,1,1,SINGLE_CANDIDATE,0,0,파파존스 대치점,False,,#,31363443,DOM_DATA_NLOG,1,PASS,파파존스 대치점,서울 강남구 삼성로 417,,EXACT,PARTIAL,,,747,1
KOMSCO_DIRECT_NAVER_FALLBACK,MATCHED,4577,자유참치,선릉역 자유참치,station,RESOLVED,False,NOT_REQUIRED,False,RESOLVED,1,1,SINGLE_CANDIDATE,0,0,자유참치,False,,#,13149976,DOM_DATA_NLOG,1,PASS,자유참치,서울 강남구 삼성로85길 11 롯데캐슬아파트 상가 B09,한식,EXACT,PARTIAL,,,1393,1
KOMSCO_DIRECT_NAVER_FALLBACK,MATCHED,4579,한성양꼬치,선릉역 한성양꼬치,station,AMBIGUOUS,True,NO_USABLE_CANDIDATE,False,AMBIGUOUS,4,4,QWEN,"3,2,1",3,한성양꼬치 선릉1호점양꼬치,True,HIGH,https://pcmap.place.naver.com/restaurant/539185018/home,539185018,DOM_DATA_NLOG,,FAIL,한성양꼬치 선릉1호점양꼬치,서울 강남구 테헤란로70길 26 1층,,CONTAINED,DIFFERENT,TOP_K_DETAIL_VALIDATION_FAILED,TOP_K_DETAIL_VALIDATION_FAILED,2992,3
KOMSCO_DIRECT_NAVER_FALLBACK,UNMATCHED,4584,아리노마마 대치점,강남구 아리노마마 대치점,gangnam,NOT_FOUND,False,SKIPPED_NO_NAVER_MATCH,False,NOT_FOUND,0,0,DETERMINISTIC,,,,False,,,,,,NOT_ATTEMPTED,,,,UNKNOWN,UNKNOWN,NO_CONFIDENT_CANDIDATE,NO_CONFIDENT_CANDIDATE,6151,0
KOMSCO_DIRECT_NAVER_FALLBACK,MATCHED,4607,아이스걸크림보이 강남대치점,선릉역 아이스걸크림보이 강남대치점,naver_local_fallback,AMBIGUOUS,True,ENRICHED:RESOLVED,True,RESOLVED,1,1,SINGLE_CANDIDATE,0,0,아이스걸크림보이 강남대치점아이스크림,False,,#,1130649189,DOM_DATA_NLOG,1,PASS,아이스걸크림보이 강남대치점아이스크림,서울 강남구 역삼로63길 15 1층 102호,,CONTAINED,PARTIAL,,,1895,1
KOMSCO_DIRECT_NAVER_FALLBACK,MATCHED,4629,삼군김치찌개 대치점,삼성역 삼군김치찌개 대치점,naver_local_fallback,AMBIGUOUS,True,ENRICHED:RESOLVED,True,RESOLVED,1,1,SINGLE_CANDIDATE,0,0,"삼군김치찌개 대치점찌개,전골",False,,#,757870494,DOM_DATA_NLOG,1,PASS,"삼군김치찌개 대치점찌개,전골",서울 강남구 영동대로86길 28,,CONTAINED,PARTIAL,,,1755,1
KOMSCO_DIRECT_NAVER_FALLBACK,MATCHED,4636,고메갈비 선릉본점,선릉역 고메갈비 선릉본점,naver_local_fallback,AMBIGUOUS,True,ENRICHED:RESOLVED,True,RESOLVED,1,1,SINGLE_CANDIDATE,0,0,"고메갈비 선릉본점육류,고기요리",False,,#,37072873,DOM_DATA_NLOG,1,PASS,"고메갈비 선릉본점육류,고기요리",서울 강남구 삼성로85길 38 대치동 우정에쉐르1,,CONTAINED,PARTIAL,,,1703,1
KOMSCO_DIRECT_NAVER_FALLBACK,MATCHED,4649,예촌 롯데백화점 강남점,한티역 예촌 롯데백화점 강남점,naver_local_fallback,AMBIGUOUS,True,ENRICHED:RESOLVED,True,RESOLVED,1,1,SINGLE_CANDIDATE,0,0,예촌 롯데백화점 강남점한정식,False,,#,36711736,DOM_DATA_NLOG,1,PASS,예촌 롯데백화점 강남점한정식,서울 강남구 도곡로 401,,CONTAINED,PARTIAL,,,3226,1
KOMSCO_DIRECT_NAVER_FALLBACK,UNMATCHED,4669,고운님삼성역점,삼성역 고운님삼성역점,station,AMBIGUOUS,False,SKIPPED_NO_NAVER_MATCH,False,AMBIGUOUS,2,2,QWEN,"1,0",1,고운님한식,True,HIGH,https://pcmap.place.naver.com/restaurant/19792920/home,19792920,DOM_DATA_NLOG,,FAIL,고운님한식,서울 강남구 삼성로81길 22 2층,,DIFFERENT,DIFFERENT,TOP_K_DETAIL_VALIDATION_FAILED,TOP_K_DETAIL_VALIDATION_FAILED,2689,2
KOMSCO_DIRECT_NAVER_FALLBACK,MATCHED,4672,청춘닭볶이,선릉역 청춘닭볶이,station,RESOLVED,False,NOT_REQUIRED,False,RESOLVED,1,1,SINGLE_CANDIDATE,0,0,청춘닭볶이,False,,#,32739228,DOM_DATA_NLOG,1,PASS,청춘닭볶이,서울 강남구 선릉로76길 23 계명빌딩,,EXACT,PARTIAL,,,893,1
KOMSCO_DIRECT_NAVER_FALLBACK,MATCHED,4679,이가네 양꼬치,선릉역 이가네 양꼬치,station,AMBIGUOUS,True,NO_USABLE_CANDIDATE,False,AMBIGUOUS,5,5,QWEN,"2,4,1",2,이가네양꼬치 선릉점,True,HIGH,https://pcmap.place.naver.com/restaurant/1519308537/home,1519308537,DOM_DATA_NLOG,,FAIL,이가네양꼬치 선릉점,서울 강남구 역삼로67길 33 101호,,CONTAINED,DIFFERENT,TOP_K_DETAIL_VALIDATION_FAILED,TOP_K_DETAIL_VALIDATION_FAILED,3280,3
KOMSCO_DIRECT_NAVER_FALLBACK,UNMATCHED,4710,라이스쉐프삼성역점,강남구 라이스쉐프삼성역점,gangnam,NOT_FOUND,False,SKIPPED_NO_NAVER_MATCH,False,NOT_FOUND,0,0,DETERMINISTIC,,,,False,,,,,,NOT_ATTEMPTED,,,,UNKNOWN,UNKNOWN,NO_CONFIDENT_CANDIDATE,NO_CONFIDENT_CANDIDATE,5802,0
KOMSCO_DIRECT_NAVER_FALLBACK,MATCHED,4718,대치동1타피자,한티역 대치동1타피자,station,AMBIGUOUS,True,NO_USABLE_CANDIDATE,False,AMBIGUOUS,1,1,SINGLE_CANDIDATE,0,0,대치동1타피자 대치본점피자,False,,https://pcmap.place.naver.com/restaurant/20315092/home,20315092,DOM_DATA_NLOG,,FAIL,대치동1타피자 대치본점피자,서울 강남구 도곡로77길 35 101호,,CONTAINED,DIFFERENT,TOP_K_DETAIL_VALIDATION_FAILED,TOP_K_DETAIL_VALIDATION_FAILED,1145,1
KOMSCO_DIRECT_NAVER_FALLBACK,UNMATCHED,4719,노가리슈퍼,강남구 노가리슈퍼,gangnam,NOT_FOUND,False,SKIPPED_NO_NAVER_MATCH,False,NOT_FOUND,0,0,DETERMINISTIC,,,,False,,,,,,NOT_ATTEMPTED,,,,UNKNOWN,UNKNOWN,NO_CONFIDENT_CANDIDATE,NO_CONFIDENT_CANDIDATE,6174,0
KOMSCO_DIRECT_NAVER_FALLBACK,MATCHED,4734,카츠젠 선릉점,선릉역 카츠젠 선릉점,naver_local_fallback,AMBIGUOUS,True,ENRICHED:RESOLVED,True,RESOLVED,1,1,SINGLE_CANDIDATE,0,0,카츠젠 선릉점돈가스,False,,#,1239333634,DOM_DATA_NLOG,1,PASS,카츠젠 선릉점돈가스,서울 강남구 선릉로86길 6 1층,,CONTAINED,PARTIAL,,,1672,1
KOMSCO_DIRECT_NAVER_FALLBACK,MATCHED,4743,88노가리 선릉점,선릉역 88노가리 선릉점,naver_local_fallback,AMBIGUOUS,True,ENRICHED:RESOLVED,True,RESOLVED,1,1,SINGLE_CANDIDATE,0,0,88노가리 선릉점,False,,#,1100044434,DOM_DATA_NLOG,1,PASS,88노가리 선릉점,서울 강남구 선릉로86길 40 2층 88노가리 선릉본점,,EXACT,PARTIAL,,,1681,1
KOMSCO_DIRECT_NAVER_FALLBACK,MATCHED,4751,이삭토스트대치점,한티역 이삭토스트대치점,station,AMBIGUOUS,True,NO_USABLE_CANDIDATE,False,AMBIGUOUS,1,1,SINGLE_CANDIDATE,0,0,이삭토스트 서울 대치점,False,,https://pcmap.place.naver.com/restaurant/38227416/home,38227416,DOM_DATA_NLOG,,FAIL,이삭토스트 서울 대치점,서울 강남구 삼성로63길 16,,DIFFERENT,PARTIAL,TOP_K_DETAIL_VALIDATION_FAILED,TOP_K_DETAIL_VALIDATION_FAILED,1014,1
KOMSCO_DIRECT_NAVER_FALLBACK,UNMATCHED,4755,전주콩나루콩나물국밥,대치동 전주콩나루콩나물국밥,dong,AMBIGUOUS,False,SKIPPED_NO_NAVER_MATCH,False,AMBIGUOUS,1,1,SINGLE_CANDIDATE,0,0,전주콩나루콩나물국밥국밥,False,,https://pcmap.place.naver.com/restaurant/1262537054/home,1262537054,DOM_DATA_NLOG,,FAIL,전주콩나루콩나물국밥국밥,서울 강남구 언주로 118,,CONTAINED,DIFFERENT,TOP_K_DETAIL_VALIDATION_FAILED,TOP_K_DETAIL_VALIDATION_FAILED,3735,1
KOMSCO_DIRECT_NAVER_FALLBACK,MATCHED,4772,장수식당,선릉역 장수식당,naver_local_fallback,AMBIGUOUS,True,ENRICHED:AMBIGUOUS,False,AMBIGUOUS,9,5,QWEN,"0,1,3",0,장수포차한식,True,LOW,https://pcmap.place.naver.com/restaurant/1323939706/home,1323939706,DOM_DATA_NLOG,,FAIL,장수포차한식,서울 강남구 언주로90길 8 13층 루프탑,,DIFFERENT,DIFFERENT,TOP_K_DETAIL_VALIDATION_FAILED,TOP_K_DETAIL_VALIDATION_FAILED,5369,1
KOMSCO_DIRECT_NAVER_FALLBACK,MATCHED,4773,김태완스시 대치본점,한티역 김태완스시 대치본점,station,AMBIGUOUS,True,NO_USABLE_CANDIDATE,False,AMBIGUOUS,1,1,SINGLE_CANDIDATE,0,0,김태완스시 대치본점,False,,https://pcmap.place.naver.com/restaurant/1930972958/home,1930972958,DOM_DATA_NLOG,,FAIL,김태완스시 대치본점,서울 강남구 선릉로64길 20 1층,,EXACT,DIFFERENT,TOP_K_DETAIL_VALIDATION_FAILED,TOP_K_DETAIL_VALIDATION_FAILED,909,1
KOMSCO_DIRECT_NAVER_FALLBACK,MATCHED,4782,봉초밥,대치역 봉초밥,naver_local_fallback,AMBIGUOUS,True,ENRICHED:RESOLVED,True,RESOLVED,1,1,SINGLE_CANDIDATE,0,0,"봉초밥초밥,롤",False,,#,1295354971,DOM_DATA_NLOG,1,PASS,"봉초밥초밥,롤",서울 강남구 삼성로58길 31 1층,,CONTAINED,PARTIAL,,,1548,1
KOMSCO_DIRECT_NAVER_FALLBACK,MATCHED,4790,동호마을,한티역 동호마을,station,RESOLVED,False,NOT_REQUIRED,False,RESOLVED,1,1,SINGLE_CANDIDATE,0,0,동호마을냉삼겹돼지고기구이,False,,#,2055757913,DOM_DATA_NLOG,1,PASS,동호마을냉삼겹돼지고기구이,"서울 강남구 선릉로62길 9 1층 103, 104, 105호",,CONTAINED,PARTIAL,,,837,1
KOMSCO_DIRECT_NAVER_FALLBACK,UNMATCHED,4793,고반식당,선릉역 고반식당,station,AMBIGUOUS,False,SKIPPED_NO_NAVER_MATCH,False,AMBIGUOUS,1,1,SINGLE_CANDIDATE,0,0,고반생활식료품,False,,https://pcmap.place.naver.com/restaurant/1598068271/home,1598068271,DOM_DATA_NLOG,,FAIL,고반생활식료품,서울 강남구 역삼로17길 51,,DIFFERENT,DIFFERENT,TOP_K_DETAIL_VALIDATION_FAILED,TOP_K_DETAIL_VALIDATION_FAILED,962,1
KOMSCO_DIRECT_NAVER_FALLBACK,UNMATCHED,4798,오케이(5K)치킨,강남구 오케이(5K)치킨,gangnam,NOT_FOUND,False,SKIPPED_NO_NAVER_MATCH,False,NOT_FOUND,0,0,DETERMINISTIC,,,,False,,,,,,NOT_ATTEMPTED,,,,UNKNOWN,UNKNOWN,NO_CONFIDENT_CANDIDATE,NO_CONFIDENT_CANDIDATE,5692,0
KOMSCO_DIRECT_NAVER_FALLBACK,UNMATCHED,4804,(주)세모푸드,강남구 (주)세모푸드,gangnam,NOT_FOUND,False,SKIPPED_NO_NAVER_MATCH,False,NOT_FOUND,1,1,SINGLE_CANDIDATE,0,0,,False,,,,,,NOT_ATTEMPTED,,,,UNKNOWN,UNKNOWN,PLACE_ID_NOT_IN_CANDIDATE_DOM,PLACE_ID_NOT_IN_CANDIDATE_DOM,5480,0
KOMSCO_DIRECT_NAVER_FALLBACK,UNMATCHED,4806,옐로드렁크,삼성역 옐로드렁크,station,AMBIGUOUS,False,SKIPPED_NO_NAVER_MATCH,False,AMBIGUOUS,1,1,SINGLE_CANDIDATE,0,0,옐로트렁크햄버거,False,,https://pcmap.place.naver.com/restaurant/1194619995/home,1194619995,DOM_DATA_NLOG,,FAIL,옐로트렁크햄버거,서울 강남구 테헤란로86길 10 명진빌딩 1층,,DIFFERENT,PARTIAL,TOP_K_DETAIL_VALIDATION_FAILED,TOP_K_DETAIL_VALIDATION_FAILED,980,1
KOMSCO_DIRECT_NAVER_FALLBACK,UNMATCHED,4825,동호치킨,강남구 동호치킨,gangnam,NOT_FOUND,False,SKIPPED_NO_NAVER_MATCH,False,NOT_FOUND,0,0,DETERMINISTIC,,,,False,,,,,,NOT_ATTEMPTED,,,,UNKNOWN,UNKNOWN,NO_CONFIDENT_CANDIDATE,NO_CONFIDENT_CANDIDATE,5652,0
KOMSCO_DIRECT_NAVER_FALLBACK,MATCHED,4833,원조마포소금구이,삼성역 원조마포소금구이,station,AMBIGUOUS,True,NO_USABLE_CANDIDATE,False,AMBIGUOUS,1,1,SINGLE_CANDIDATE,0,0,"원조마포소금구이육류,고기요리",False,,https://pcmap.place.naver.com/restaurant/12006943/home,12006943,DOM_DATA_NLOG,,FAIL,"원조마포소금구이육류,고기요리",서울 강남구 테헤란로88길 22 2층,,CONTAINED,DIFFERENT,TOP_K_DETAIL_VALIDATION_FAILED,TOP_K_DETAIL_VALIDATION_FAILED,992,1
KOMSCO_DIRECT_NAVER_FALLBACK,MATCHED,4848,김밥천국 대치역점,대치역 김밥천국 대치역점,naver_local_fallback,AMBIGUOUS,True,ENRICHED:RESOLVED,True,RESOLVED,1,1,SINGLE_CANDIDATE,0,0,김밥천국 대치역점분식,False,,#,18470386,DOM_DATA_NLOG,1,PASS,김밥천국 대치역점분식,서울 강남구 삼성로 155 대치퍼스트빌딩 123호,,CONTAINED,PARTIAL,,,2104,1
KOMSCO_DIRECT_NAVER_FALLBACK,UNMATCHED,4849,오버뷰,강남구 오버뷰,gangnam,AMBIGUOUS,False,SKIPPED_NO_NAVER_MATCH,False,AMBIGUOUS,1,1,SINGLE_CANDIDATE,0,0,오버뷰장소대여,False,,https://pcmap.place.naver.com/restaurant/1345613363/home,1345613363,DOM_DATA_NLOG,,FAIL,오버뷰장소대여,"서울 서초구 강남대로 359 (서초동, 대우도씨에빛1)",,CONTAINED,DIFFERENT,TOP_K_DETAIL_VALIDATION_FAILED,TOP_K_DETAIL_VALIDATION_FAILED,6023,1
KOMSCO_DIRECT_NAVER_FALLBACK,MATCHED,4853,명동관,도곡역 명동관,station,RESOLVED,False,NOT_REQUIRED,False,RESOLVED,1,1,SINGLE_CANDIDATE,0,0,명동관한식,False,,#,18570828,DOM_DATA_NLOG,1,PASS,명동관한식,서울 강남구 남부순환로 2912 그랑프리엔 지하1층 명동관,,CONTAINED,PARTIAL,,,940,1
KOMSCO_DIRECT_NAVER_FALLBACK,MATCHED,4855,우리집김밥,대치역 우리집김밥,naver_local_fallback,AMBIGUOUS,True,ENRICHED:RESOLVED,True,RESOLVED,1,1,SINGLE_CANDIDATE,0,0,우리집김밥김밥,False,,#,20889522,DOM_DATA_NLOG,1,PASS,우리집김밥김밥,서울 강남구 삼성로64길 41,,CONTAINED,PARTIAL,,,1980,1
KOMSCO_DIRECT_NAVER_FALLBACK,UNMATCHED,4870,무앙 (MooAng),강남구 무앙 (MooAng),gangnam,NOT_FOUND,False,SKIPPED_NO_NAVER_MATCH,False,NOT_FOUND,0,0,DETERMINISTIC,,,,False,,,,,,NOT_ATTEMPTED,,,,UNKNOWN,UNKNOWN,NO_CONFIDENT_CANDIDATE,NO_CONFIDENT_CANDIDATE,5608,0
KOMSCO_DIRECT_NAVER_FALLBACK,MATCHED,4871,명불허전원조골뱅이 선릉점,선릉역 명불허전원조골뱅이 선릉점,naver_local_fallback,AMBIGUOUS,True,ENRICHED:RESOLVED,True,RESOLVED,1,1,SINGLE_CANDIDATE,0,0,명불허전원조골뱅이 선릉점포장마차,False,,#,37332712,DOM_DATA_NLOG,1,PASS,명불허전원조골뱅이 선릉점포장마차,서울 강남구 역삼로63길 14 1층 원조골뱅이,,CONTAINED,PARTIAL,,,1877,1
KOMSCO_DIRECT_NAVER_FALLBACK,MATCHED,4872,형제곱창,삼성역 형제곱창,naver_local_fallback,AMBIGUOUS,True,ENRICHED:RESOLVED,True,RESOLVED,1,1,SINGLE_CANDIDATE,0,0,"형제곱창곱창,막창,양",False,,#,1977729090,DOM_DATA_NLOG,1,PASS,"형제곱창곱창,막창,양",서울 강남구 삼성로86길 16 1층 형제곱창,,CONTAINED,PARTIAL,,,1892,1
KOMSCO_DIRECT_NAVER_FALLBACK,UNMATCHED,4874,전가BY서초집,강남구 전가BY서초집,gangnam,NOT_FOUND,False,SKIPPED_NO_NAVER_MATCH,False,NOT_FOUND,0,0,DETERMINISTIC,,,,False,,,,,,NOT_ATTEMPTED,,,,UNKNOWN,UNKNOWN,NO_CONFIDENT_CANDIDATE,NO_CONFIDENT_CANDIDATE,5579,0
KOMSCO_DIRECT_NAVER_FALLBACK,UNMATCHED,4878,바비핏필라테스&요가,강남구 바비핏필라테스&요가,gangnam,NOT_FOUND,False,SKIPPED_NO_NAVER_MATCH,False,NOT_FOUND,0,0,DETERMINISTIC,,,,False,,,,,,NOT_ATTEMPTED,,,,UNKNOWN,UNKNOWN,NO_CONFIDENT_CANDIDATE,NO_CONFIDENT_CANDIDATE,5750,0
KOMSCO_DIRECT_NAVER_FALLBACK,UNMATCHED,4908,고운님 한우곱창,강남구 고운님 한우곱창,gangnam,NOT_FOUND,False,SKIPPED_NO_NAVER_MATCH,False,NOT_FOUND,0,0,DETERMINISTIC,,,,False,,,,,,NOT_ATTEMPTED,,,,UNKNOWN,UNKNOWN,NO_CONFIDENT_CANDIDATE,NO_CONFIDENT_CANDIDATE,5845,0
KOMSCO_DIRECT_NAVER_FALLBACK,MATCHED,4910,청년다방 선릉역점,선릉역 청년다방 선릉역점,naver_local_fallback,AMBIGUOUS,True,ENRICHED:RESOLVED,True,RESOLVED,1,1,SINGLE_CANDIDATE,0,0,청년다방 선릉역점분식,False,,#,1976229738,DOM_DATA_NLOG,1,PASS,청년다방 선릉역점분식,서울 강남구 선릉로86길 31,,CONTAINED,PARTIAL,,,1750,1
KOMSCO_DIRECT_NAVER_FALLBACK,MATCHED,4914,대왕부대찌개,한티역 대왕부대찌개,station,RESOLVED,False,NOT_REQUIRED,False,RESOLVED,1,1,SINGLE_CANDIDATE,0,0,"대왕부대찌개 대치본점찌개,전골",False,,#,13150322,DOM_DATA_NLOG,1,PASS,"대왕부대찌개 대치본점찌개,전골",서울 강남구 선릉로64길 15 지하1층 대왕부대찌개,,CONTAINED,PARTIAL,,,859,1
KOMSCO_DIRECT_NAVER_FALLBACK,MATCHED,4915,일품향,한티역 일품향,naver_local_fallback,AMBIGUOUS,True,ENRICHED:RESOLVED,True,RESOLVED,1,1,SINGLE_CANDIDATE,0,0,일품향중식당,False,,#,34462818,DOM_DATA_NLOG,1,PASS,일품향중식당,서울 강남구 선릉로64길 5 라이온스빌딩,,CONTAINED,PARTIAL,,,1923,1
KOMSCO_DIRECT_NAVER_FALLBACK,AMBIGUOUS,4916,유성 칼국수,대치역 유성 칼국수,station,AMBIGUOUS,False,SKIPPED_NO_NAVER_MATCH,False,AMBIGUOUS,1,1,SINGLE_CANDIDATE,0,0,"유성칼국수칼국수,만두",False,,https://pcmap.place.naver.com/restaurant/18466487/home,18466487,DOM_DATA_NLOG,,FAIL,"유성칼국수칼국수,만두",서울 강남구 삼성로58길 13,,CONTAINED,DIFFERENT,TOP_K_DETAIL_VALIDATION_FAILED,TOP_K_DETAIL_VALIDATION_FAILED,882,1
KOMSCO_DIRECT_NAVER_FALLBACK,MATCHED,4920,생각나는 김밥,한티역 생각나는 김밥,station,AMBIGUOUS,True,NO_USABLE_CANDIDATE,False,AMBIGUOUS,1,1,SINGLE_CANDIDATE,0,0,생각나는김밥,False,,https://pcmap.place.naver.com/restaurant/1034567213/home,1034567213,DOM_DATA_NLOG,,FAIL,생각나는김밥,서울 강남구 삼성로67길 25 102호,,EXACT,DIFFERENT,TOP_K_DETAIL_VALIDATION_FAILED,TOP_K_DETAIL_VALIDATION_FAILED,1185,1
KOMSCO_DIRECT_NAVER_FALLBACK,UNMATCHED,4928,백구분식,강남구 백구분식,gangnam,NOT_FOUND,False,SKIPPED_NO_NAVER_MATCH,False,NOT_FOUND,0,0,DETERMINISTIC,,,,False,,,,,,NOT_ATTEMPTED,,,,UNKNOWN,UNKNOWN,NO_CONFIDENT_CANDIDATE,NO_CONFIDENT_CANDIDATE,5442,0
KOMSCO_DIRECT_NAVER_FALLBACK,UNMATCHED,4944,제이브이엘(JVL) 부대찌개 포스코점,강남구 제이브이엘(JVL) 부대찌개 포스코점,gangnam,NOT_FOUND,False,SKIPPED_NO_NAVER_MATCH,False,NOT_FOUND,0,0,DETERMINISTIC,,,,False,,,,,,NOT_ATTEMPTED,,,,UNKNOWN,UNKNOWN,NO_CONFIDENT_CANDIDATE,NO_CONFIDENT_CANDIDATE,5622,0
KOMSCO_DIRECT_NAVER_FALLBACK,MATCHED,4948,노리,한티역 노리,naver_local_fallback,AMBIGUOUS,True,ENRICHED:RESOLVED,True,RESOLVED,5,5,QWEN,"0,1,2",0,노리요리주점,True,LOW,#,20348922,DOM_DATA_NLOG,1,PASS,노리요리주점,서울 강남구 선릉로64길 10-1 1층 노리,,CONTAINED,PARTIAL,,,5024,1
KOMSCO_DIRECT_NAVER_FALLBACK,MATCHED,4949,죠스떡볶이 한티역점,한티역 죠스떡볶이 한티역점,naver_local_fallback,AMBIGUOUS,True,ENRICHED:RESOLVED,True,RESOLVED,1,1,SINGLE_CANDIDATE,0,0,죠스떡볶이 한티역점분식,False,,#,13334314,DOM_DATA_NLOG,1,PASS,죠스떡볶이 한티역점분식,서울 강남구 선릉로64길 5,분식,CONTAINED,PARTIAL,,,2668,1
KOMSCO_DIRECT_NAVER_FALLBACK,MATCHED,4953,병천순대,선릉역 병천순대,naver_local_fallback,AMBIGUOUS,True,ENRICHED:RESOLVED,True,RESOLVED,4,4,QWEN,"1,0,3",1,병천순대국밥,True,HIGH,#,1257176586,DOM_DATA_NLOG,1,PASS,병천순대국밥,서울 강남구 선릉로90길 70 여신김밥 아래 지하 1층,,CONTAINED,PARTIAL,,,5807,1
KOMSCO_DIRECT_NAVER_FALLBACK,MATCHED,4959,훈,삼성역 훈,station,AMBIGUOUS,True,NO_USABLE_CANDIDATE,False,AMBIGUOUS,4,4,QWEN,"0,1,2",0,훈이자카야,True,LOW,https://pcmap.place.naver.com/restaurant/1995313589/home,1995313589,DOM_DATA_NLOG,,FAIL,훈이자카야,서울 강남구 삼성로84길 28 1층,2호선 <삼성역 4번 출구> 도보 3-4분 거리에 좌측에 있는 <올리브영>끼고 왼쪽으로 돌아 대명중학교 쪽으로 2-3분 걸어오시면 오른쪽에 <어방참치> 골목에 보입니다. 그 안쪽으로 1분 거리에 있습니다...,CONTAINED,DIFFERENT,TOP_K_DETAIL_VALIDATION_FAILED,TOP_K_DETAIL_VALIDATION_FAILED,2533,1
KOMSCO_DIRECT_NAVER_FALLBACK,UNMATCHED,4962,만래옥,강남구 만래옥,gangnam,NOT_FOUND,False,SKIPPED_NO_NAVER_MATCH,False,NOT_FOUND,0,0,DETERMINISTIC,,,,False,,,,,,NOT_ATTEMPTED,,,,UNKNOWN,UNKNOWN,NO_CONFIDENT_CANDIDATE,NO_CONFIDENT_CANDIDATE,5435,0
KOMSCO_DIRECT_NAVER_FALLBACK,MATCHED,4965,땅코참숯구이 선릉점,선릉역 땅코참숯구이 선릉점,station,RESOLVED,False,NOT_REQUIRED,False,RESOLVED,1,1,SINGLE_CANDIDATE,0,0,땅코참숯구이 선릉점돼지고기구이,False,,#,1134719233,DOM_DATA_NLOG,1,PASS,땅코참숯구이 선릉점돼지고기구이,서울 강남구 선릉로82길 28,,CONTAINED,PARTIAL,,,837,1
KOMSCO_DIRECT_NAVER_FALLBACK,UNMATCHED,4984,주원헤어,강남구 주원헤어,gangnam,NOT_FOUND,False,SKIPPED_NO_NAVER_MATCH,False,NOT_FOUND,0,0,DETERMINISTIC,,,,False,,,,,,NOT_ATTEMPTED,,,,UNKNOWN,UNKNOWN,NO_CONFIDENT_CANDIDATE,NO_CONFIDENT_CANDIDATE,5609,0
KOMSCO_DIRECT_NAVER_FALLBACK,MATCHED,4987,강정희 간장새우,선릉역 강정희 간장새우,station,RESOLVED,False,NOT_REQUIRED,False,RESOLVED,1,1,SINGLE_CANDIDATE,0,0,"강정희간장새우 선릉역점해물,생선요리",False,,#,34016419,DOM_DATA_NLOG,1,PASS,"강정희간장새우 선릉역점해물,생선요리",서울 강남구 역삼로63길 22,,CONTAINED,PARTIAL,,,1127,1
KOMSCO_DIRECT_NAVER_FALLBACK,UNMATCHED,4995,준의대포차 선릉점,강남구 준의대포차 선릉점,gangnam,NOT_FOUND,False,SKIPPED_NO_NAVER_MATCH,False,NOT_FOUND,0,0,DETERMINISTIC,,,,False,,,,,,NOT_ATTEMPTED,,,,UNKNOWN,UNKNOWN,NO_CONFIDENT_CANDIDATE,NO_CONFIDENT_CANDIDATE,5660,0
KOMSCO_DIRECT_NAVER_FALLBACK,MATCHED,5011,항방양꼬치,한티역 항방양꼬치,station,RESOLVED,False,NOT_REQUIRED,False,RESOLVED,1,1,SINGLE_CANDIDATE,0,0,항방양꼬치 한티점양꼬치,False,,#,31699515,DOM_DATA_NLOG,1,PASS,항방양꼬치 한티점양꼬치,서울 강남구 선릉로64길 15-7 항방양꼬치,,CONTAINED,PARTIAL,,,785,1
KOMSCO_DIRECT_NAVER_FALLBACK,MATCHED,5020,어방참치,삼성역 어방참치,naver_local_fallback,AMBIGUOUS,True,ENRICHED:RESOLVED,True,RESOLVED,1,1,SINGLE_CANDIDATE,0,0,어방참치생선회,False,,#,12775755,DOM_DATA_NLOG,1,PASS,어방참치생선회,서울 강남구 삼성로84길 32,,CONTAINED,PARTIAL,,,1707,1
KOMSCO_DIRECT_NAVER_FALLBACK,MATCHED,5047,청실식당,대치역 청실식당,naver_local_fallback,AMBIGUOUS,True,ENRICHED:NOT_FOUND,False,NOT_FOUND,1,1,SINGLE_CANDIDATE,0,0,,False,,,,,,NOT_ATTEMPTED,,,,UNKNOWN,UNKNOWN,PLACE_ID_NOT_IN_CANDIDATE_DOM,PLACE_ID_NOT_IN_CANDIDATE_DOM,5414,0
KOMSCO_DIRECT_NAVER_FALLBACK,MATCHED,5048,커피하우스,삼성역 커피하우스,station,AMBIGUOUS,True,NO_USABLE_CANDIDATE,False,AMBIGUOUS,6,5,QWEN,"2,3,0",2,커피하우스테이크아웃커피,True,LOW,https://pcmap.place.naver.com/restaurant/36654919/home,36654919,DOM_DATA_NLOG,,FAIL,커피하우스테이크아웃커피,서울 강남구 테헤란로88길 10 103호 커피하우스,삼성역4번출구에서 도보100m 직진 <올리버영> 을 끼고 좌측으로 들어오시면 오른쪽으로 2번째건물(신안메트로칸) 1층 103호 입니다,CONTAINED,DIFFERENT,TOP_K_DETAIL_VALIDATION_FAILED,TOP_K_DETAIL_VALIDATION_FAILED,3561,3
KOMSCO_DIRECT_NAVER_FALLBACK,UNMATCHED,5049,쿡디퍼,강남구 쿡디퍼,gangnam,NOT_FOUND,False,SKIPPED_NO_NAVER_MATCH,False,NOT_FOUND,0,0,DETERMINISTIC,,,,False,,,,,,NOT_ATTEMPTED,,,,UNKNOWN,UNKNOWN,NO_CONFIDENT_CANDIDATE,NO_CONFIDENT_CANDIDATE,5461,0
KOMSCO_DIRECT_NAVER_FALLBACK,MATCHED,5067,힐링포차,한티역 힐링포차,station,RESOLVED,False,NOT_REQUIRED,False,RESOLVED,1,1,SINGLE_CANDIDATE,0,0,힐링포차포장마차,False,,#,37800265,DOM_DATA_NLOG,1,PASS,힐링포차포장마차,서울 강남구 선릉로64길 15-16,,CONTAINED,PARTIAL,,,1044,1
KOMSCO_DIRECT_NAVER_FALLBACK,MATCHED,5076,소운빙,한티역 소운빙,station,AMBIGUOUS,True,NO_USABLE_CANDIDATE,False,AMBIGUOUS,1,1,SINGLE_CANDIDATE,0,0,소운빙 한티역점빙수,False,,https://pcmap.place.naver.com/restaurant/35125293/home,35125293,DOM_DATA_NLOG,,FAIL,소운빙 한티역점빙수,서울 강남구 선릉로68길 9 1층,,CONTAINED,DIFFERENT,TOP_K_DETAIL_VALIDATION_FAILED,TOP_K_DETAIL_VALIDATION_FAILED,1084,1
KOMSCO_DIRECT_NAVER_FALLBACK,MATCHED,5096,전주콩나물국밥,선릉역 전주콩나물국밥,naver_local_fallback,AMBIGUOUS,True,ENRICHED:AMBIGUOUS,False,AMBIGUOUS,9,5,QWEN,"4,3,2",4,전주콩나물국밥일구공국밥,True,LOW,https://pcmap.place.naver.com/restaurant/2034646803/home,2034646803,DOM_DATA_NLOG,,FAIL,전주콩나물국밥일구공국밥,서울 강남구 봉은사로21길 8 1층,,CONTAINED,DIFFERENT,TOP_K_DETAIL_VALIDATION_FAILED,TOP_K_DETAIL_VALIDATION_FAILED,6813,3
KOMSCO_DIRECT_NAVER_FALLBACK,UNMATCHED,5113,주식회사고피자한티역점,강남구 주식회사고피자한티역점,gangnam,NOT_FOUND,False,SKIPPED_NO_NAVER_MATCH,False,NOT_FOUND,0,0,DETERMINISTIC,,,,False,,,,,,NOT_ATTEMPTED,,,,UNKNOWN,UNKNOWN,NO_CONFIDENT_CANDIDATE,NO_CONFIDENT_CANDIDATE,5606,0
KOMSCO_DIRECT_NAVER_FALLBACK,UNMATCHED,5114,대치사월에보리밥,대치역 대치사월에보리밥,station,AMBIGUOUS,False,SKIPPED_NO_NAVER_MATCH,False,AMBIGUOUS,1,1,SINGLE_CANDIDATE,0,0,사월에보리밥 대치점보리밥,False,,https://pcmap.place.naver.com/restaurant/11729557/home,11729557,DOM_DATA_NLOG,,FAIL,사월에보리밥 대치점보리밥,서울 강남구 남부순환로 2913 동하빌딩 지하1층,,DIFFERENT,DIFFERENT,TOP_K_DETAIL_VALIDATION_FAILED,TOP_K_DETAIL_VALIDATION_FAILED,939,1
KOMSCO_DIRECT_NAVER_FALLBACK,MATCHED,5130,전셰프의 부페플러스,강남구 전셰프의 부페플러스,gangnam,NOT_FOUND,True,NO_USABLE_CANDIDATE,False,NOT_FOUND,1,1,SINGLE_CANDIDATE,0,0,,False,,,,,,NOT_ATTEMPTED,,,,UNKNOWN,UNKNOWN,PLACE_ID_NOT_IN_CANDIDATE_DOM,PLACE_ID_NOT_IN_CANDIDATE_DOM,5636,0
KOMSCO_DIRECT_NAVER_FALLBACK,MATCHED,5133,배가 무 닭볶음탕,선릉역 배가 무 닭볶음탕,station,RESOLVED,False,NOT_REQUIRED,False,RESOLVED,1,1,SINGLE_CANDIDATE,0,0,배가무 닭볶음탕 대치본점,False,,#,1787194642,DOM_DATA_NLOG,1,PASS,배가무 닭볶음탕 대치본점,서울 강남구 선릉로86길 30 1층 배가무 닭볶음탕 대치본점,,CONTAINED,PARTIAL,,,1017,1
KOMSCO_DIRECT_NAVER_FALLBACK,MATCHED,5148,소풍,선릉역 소풍,naver_local_fallback,AMBIGUOUS,True,ENRICHED:AMBIGUOUS,False,AMBIGUOUS,4,4,QWEN,"0,1,2",0,도토리소풍넥슨대치어린이집직장어린이집,True,LOW,https://pcmap.place.naver.com/restaurant/1631641841/home,1631641841,DOM_DATA_NLOG,,FAIL,도토리소풍넥슨대치어린이집직장어린이집,서울 강남구 역삼로90길 25,,CONTAINED,DIFFERENT,TOP_K_DETAIL_VALIDATION_FAILED,TOP_K_DETAIL_VALIDATION_FAILED,6605,3
KOMSCO_DIRECT_NAVER_FALLBACK,MATCHED,5153,이가네양꼬치 대치점,삼성역 이가네양꼬치 대치점,naver_local_fallback,AMBIGUOUS,True,ENRICHED:RESOLVED,True,RESOLVED,1,1,SINGLE_CANDIDATE,0,0,이가네양꼬치 대치점,False,,#,1630216914,DOM_DATA_NLOG,1,PASS,이가네양꼬치 대치점,서울 강남구 삼성로86길 8 그린빌딩 1층,,EXACT,PARTIAL,,,4306,1
KOMSCO_DIRECT_NAVER_FALLBACK,MATCHED,5157,다빈치호프,삼성역 다빈치호프,naver_local_fallback,AMBIGUOUS,True,ENRICHED:RESOLVED,True,RESOLVED,1,1,SINGLE_CANDIDATE,0,0,다빈치호프,False,,#,36947631,DOM_DATA_NLOG,1,PASS,다빈치호프,서울 강남구 테헤란로108길 11 삼호빌딩 지하1층,,EXACT,PARTIAL,,,4727,1
KOMSCO_DIRECT_NAVER_FALLBACK,MATCHED,5159,양곱창생삼겹살메밀밭,대치역 양곱창생삼겹살메밀밭,naver_local_fallback,AMBIGUOUS,True,ENRICHED:RESOLVED,True,RESOLVED,1,1,SINGLE_CANDIDATE,0,0,양곱창생삼겹살메밀밭막국수,False,,#,32261993,DOM_DATA_NLOG,1,PASS,양곱창생삼겹살메밀밭막국수,서울 강남구 도곡로 516 삼성상가 107호,,CONTAINED,PARTIAL,,,1667,1
KOMSCO_DIRECT_NAVER_FALLBACK,UNMATCHED,5163,주식회사 알볼로에프앤씨 (피자알볼로 대치직영점),강남구 주식회사 알볼로에프앤씨 (피자알볼로 대치직영점),gangnam,NOT_FOUND,False,SKIPPED_NO_NAVER_MATCH,False,NOT_FOUND,0,0,DETERMINISTIC,,,,False,,,,,,NOT_ATTEMPTED,,,,UNKNOWN,UNKNOWN,NO_CONFIDENT_CANDIDATE,NO_CONFIDENT_CANDIDATE,5829,0
KOMSCO_DIRECT_NAVER_FALLBACK,MATCHED,5176,용수사,삼성역 용수사,naver_local_fallback,AMBIGUOUS,True,ENRICHED:RESOLVED,True,RESOLVED,1,1,SINGLE_CANDIDATE,0,0,용수사일식당,False,,#,13451140,DOM_DATA_NLOG,1,PASS,용수사일식당,서울 강남구 삼성로86길 7 삼성B.D 2F,일식당,CONTAINED,PARTIAL,,,1828,1
KOMSCO_DIRECT_NAVER_FALLBACK,MATCHED,5181,우노,선릉역 우노,naver_local_fallback,AMBIGUOUS,True,ENRICHED:RESOLVED,True,RESOLVED,9,5,QWEN,"0,1,2",0,우노,True,LOW,#,36734951,DOM_DATA_NLOG,1,PASS,우노,서울 강남구 테헤란로70길 10 동헌빌딩,한식,EXACT,PARTIAL,,,5797,1
KOMSCO_DIRECT_NAVER_FALLBACK,MATCHED,5190,스시하루,대치역 스시하루,naver_local_fallback,AMBIGUOUS,True,ENRICHED:RESOLVED,True,RESOLVED,1,1,SINGLE_CANDIDATE,0,0,"스시하루초밥,롤",False,,#,37433298,DOM_DATA_NLOG,1,PASS,"스시하루초밥,롤",서울 강남구 남부순환로 2936 윈플러스상가 지하1층 4호,,CONTAINED,PARTIAL,,,1689,1
KOMSCO_DIRECT_NAVER_FALLBACK,UNMATCHED,5196,미스터피자대치점,삼성역 미스터피자대치점,station,AMBIGUOUS,False,SKIPPED_NO_NAVER_MATCH,False,AMBIGUOUS,1,1,SINGLE_CANDIDATE,0,0,미스터피자 대치점피자,False,,https://pcmap.place.naver.com/restaurant/11826637/home,11826637,DOM_DATA_NLOG,,FAIL,미스터피자 대치점피자,서울 강남구 역삼로 437 1층,,CONTAINED,DIFFERENT,TOP_K_DETAIL_VALIDATION_FAILED,TOP_K_DETAIL_VALIDATION_FAILED,945,1
KOMSCO_DIRECT_NAVER_FALLBACK,UNMATCHED,5201,현대옥 대치 1호점,대치역 현대옥 대치 1호점,station,AMBIGUOUS,False,SKIPPED_NO_NAVER_MATCH,False,AMBIGUOUS,1,1,SINGLE_CANDIDATE,0,0,현대옥 서울대치1호점국밥,False,,https://pcmap.place.naver.com/restaurant/32294184/home,32294184,DOM_DATA_NLOG,,FAIL,현대옥 서울대치1호점국밥,서울 강남구 삼성로64길 5 현대종합상가1층 전주현대옥,,DIFFERENT,DIFFERENT,TOP_K_DETAIL_VALIDATION_FAILED,TOP_K_DETAIL_VALIDATION_FAILED,905,1
KOMSCO_DIRECT_NAVER_FALLBACK,MATCHED,5207,봉초밥,대치역 봉초밥,naver_local_fallback,AMBIGUOUS,True,ENRICHED:RESOLVED,True,RESOLVED,1,1,SINGLE_CANDIDATE,0,0,"봉초밥초밥,롤",False,,#,1295354971,DOM_DATA_NLOG,1,PASS,"봉초밥초밥,롤",서울 강남구 삼성로58길 31 1층,,CONTAINED,PARTIAL,,,2322,1
KOMSCO_DIRECT_NAVER_FALLBACK,MATCHED,5209,명가원 설농탕,대치역 명가원 설농탕,station,AMBIGUOUS,True,NO_USABLE_CANDIDATE,False,AMBIGUOUS,1,1,SINGLE_CANDIDATE,0,0,"명가원설농탕 대치점곰탕,설렁탕",False,,https://pcmap.place.naver.com/restaurant/507653831/home,507653831,DOM_DATA_NLOG,,FAIL,"명가원설농탕 대치점곰탕,설렁탕",서울 강남구 도곡로 526 1층,,CONTAINED,DIFFERENT,TOP_K_DETAIL_VALIDATION_FAILED,TOP_K_DETAIL_VALIDATION_FAILED,974,1
KOMSCO_DIRECT_NAVER_FALLBACK,MATCHED,5212,본정돈까스,한티역 본정돈까스,naver_local_fallback,AMBIGUOUS,True,ENRICHED:RESOLVED,True,RESOLVED,1,1,SINGLE_CANDIDATE,0,0,본정돈까스,False,,#,37341263,DOM_DATA_NLOG,1,PASS,본정돈까스,서울 강남구 삼성로63길 17 1층,,EXACT,PARTIAL,,,1647,1
KOMSCO_DIRECT_NAVER_FALLBACK,MATCHED,5217,바르다김선생 도곡역점,도곡역 바르다김선생 도곡역점,station,RESOLVED,False,NOT_REQUIRED,False,RESOLVED,1,1,SINGLE_CANDIDATE,0,0,바르다김선생 도곡역점분식,False,,#,34754407,DOM_DATA_NLOG,1,PASS,바르다김선생 도곡역점분식,서울 강남구 선릉로 206 동부센트레빌스퀘어 104호,,CONTAINED,PARTIAL,,,926,1
KOMSCO_DIRECT_NAVER_FALLBACK,MATCHED,5227,김영모과자점 대치점,대치역 김영모과자점 대치점,station,AMBIGUOUS,True,NO_USABLE_CANDIDATE,False,AMBIGUOUS,1,1,SINGLE_CANDIDATE,0,0,김영모과자점 대치점베이커리,False,,https://pcmap.place.naver.com/restaurant/37871358/home,37871358,DOM_DATA_NLOG,,FAIL,김영모과자점 대치점베이커리,"서울 강남구 남부순환로 2927 대치 클래시아 108,109호",,CONTAINED,DIFFERENT,TOP_K_DETAIL_VALIDATION_FAILED,TOP_K_DETAIL_VALIDATION_FAILED,1012,1
KOMSCO_DIRECT_NAVER_FALLBACK,MATCHED,5233,강남수랏간,선릉역 강남수랏간,station,AMBIGUOUS,True,NO_USABLE_CANDIDATE,False,AMBIGUOUS,1,1,SINGLE_CANDIDATE,0,0,"강남수랏간육류,고기요리",False,,https://pcmap.place.naver.com/restaurant/38274146/home,38274146,DOM_DATA_NLOG,,FAIL,"강남수랏간육류,고기요리","서울 강남구 역삼로 410 1층, 2층",,CONTAINED,DIFFERENT,TOP_K_DETAIL_VALIDATION_FAILED,TOP_K_DETAIL_VALIDATION_FAILED,1693,1
KOMSCO_DIRECT_NAVER_FALLBACK,UNMATCHED,5236,서래향 삼성점,강남구 서래향 삼성점,gangnam,NOT_FOUND,False,SKIPPED_NO_NAVER_MATCH,False,NOT_FOUND,0,0,DETERMINISTIC,,,,False,,,,,,NOT_ATTEMPTED,,,,UNKNOWN,UNKNOWN,NO_CONFIDENT_CANDIDATE,NO_CONFIDENT_CANDIDATE,5933,0
KOMSCO_DIRECT_NAVER_FALLBACK,MATCHED,5242,한국피자헛 대치동점,대치역 한국피자헛 대치동점,station,RESOLVED,False,NOT_REQUIRED,False,RESOLVED,1,1,SINGLE_CANDIDATE,0,0,피자헛 대치동점,False,,#,1368288750,DOM_DATA_NLOG,1,PASS,피자헛 대치동점,서울 강남구 도곡로 532 1층,,CONTAINED,EXACT,,,809,1
KOMSCO_DIRECT_NAVER_FALLBACK,UNMATCHED,5243,모스,삼성역 모스,station,AMBIGUOUS,False,SKIPPED_NO_NAVER_MATCH,False,AMBIGUOUS,7,5,QWEN,"2,0,1",2,모스버거 대치역점햄버거,True,LOW,https://pcmap.place.naver.com/restaurant/733054115/home,733054115,DOM_DATA_NLOG,,FAIL,모스버거 대치역점햄버거,서울 강남구 남부순환로 2936 윈플러스상가,,CONTAINED,DIFFERENT,TOP_K_DETAIL_VALIDATION_FAILED,TOP_K_DETAIL_VALIDATION_FAILED,2981,1
KOMSCO_DIRECT_NAVER_FALLBACK,UNMATCHED,5245,셀러브리티버거스테이지,강남구 셀러브리티버거스테이지,gangnam,NOT_FOUND,False,SKIPPED_NO_NAVER_MATCH,False,NOT_FOUND,0,0,DETERMINISTIC,,,,False,,,,,,NOT_ATTEMPTED,,,,UNKNOWN,UNKNOWN,NO_CONFIDENT_CANDIDATE,NO_CONFIDENT_CANDIDATE,5637,0
KOMSCO_DIRECT_NAVER_FALLBACK,UNMATCHED,5247,동인동,삼성역 동인동,station,AMBIGUOUS,False,SKIPPED_NO_NAVER_MATCH,False,AMBIGUOUS,1,1,SINGLE_CANDIDATE,0,0,동인동 삼성,False,,https://pcmap.place.naver.com/restaurant/18466362/home,18466362,DOM_DATA_NLOG,,FAIL,동인동 삼성,서울 강남구 영동대로85길 20-7 1층 동인동,,CONTAINED,DIFFERENT,TOP_K_DETAIL_VALIDATION_FAILED,TOP_K_DETAIL_VALIDATION_FAILED,965,1
KOMSCO_DIRECT_NAVER_FALLBACK,MATCHED,5264,해담채 삼성점,삼성역 해담채 삼성점,station,RESOLVED,False,NOT_REQUIRED,False,RESOLVED,1,1,SINGLE_CANDIDATE,0,0,해담채 삼성점,False,,#,1074578232,DOM_DATA_NLOG,1,PASS,해담채 삼성점,서울 강남구 테헤란로 504 해성1빌딩 지하1층,,EXACT,PARTIAL,,,784,1
KOMSCO_DIRECT_NAVER_FALLBACK,UNMATCHED,5267,시대인재 재종,대치역 시대인재 재종,station,AMBIGUOUS,False,SKIPPED_NO_NAVER_MATCH,False,AMBIGUOUS,9,5,QWEN,"2,3,4",2,시대인재 엠3관 학원 (M3관)입시교육,True,LOW,https://pcmap.place.naver.com/restaurant/1880185008/home,1880185008,DOM_DATA_NLOG,,FAIL,시대인재 엠3관 학원 (M3관)입시교육,"서울 강남구 도곡로 527 스카이빌딩 1층, 2층",,DIFFERENT,DIFFERENT,TOP_K_DETAIL_VALIDATION_FAILED,TOP_K_DETAIL_VALIDATION_FAILED,3534,3
KOMSCO_DIRECT_NAVER_FALLBACK,UNMATCHED,5270,컵빠야 대치학원점,강남구 컵빠야 대치학원점,gangnam,NOT_FOUND,False,SKIPPED_NO_NAVER_MATCH,False,NOT_FOUND,0,0,DETERMINISTIC,,,,False,,,,,,NOT_ATTEMPTED,,,,UNKNOWN,UNKNOWN,NO_CONFIDENT_CANDIDATE,NO_CONFIDENT_CANDIDATE,5698,0
KOMSCO_DIRECT_NAVER_FALLBACK,UNMATCHED,5272,행복담은 돈가스 엔 김밥,강남구 행복담은 돈가스 엔 김밥,gangnam,NOT_FOUND,False,SKIPPED_NO_NAVER_MATCH,False,NOT_FOUND,0,0,DETERMINISTIC,,,,False,,,,,,NOT_ATTEMPTED,,,,UNKNOWN,UNKNOWN,NO_CONFIDENT_CANDIDATE,NO_CONFIDENT_CANDIDATE,5799,0
KOMSCO_DIRECT_NAVER_FALLBACK,MATCHED,5274,명동할머니국수 삼성역점,삼성역 명동할머니국수 삼성역점,naver_local_fallback,AMBIGUOUS,True,ENRICHED:RESOLVED,True,RESOLVED,1,1,SINGLE_CANDIDATE,0,0,명동할머니국수 삼성역점국수,False,,#,18573940,DOM_DATA_NLOG,1,PASS,명동할머니국수 삼성역점국수,서울 강남구 영동대로85길 6,,CONTAINED,PARTIAL,,,2039,1
KOMSCO_DIRECT_NAVER_FALLBACK,MATCHED,5276,장수서울순대가,삼성역 장수서울순대가,naver_local_fallback,AMBIGUOUS,True,ENRICHED:RESOLVED,True,RESOLVED,1,1,SINGLE_CANDIDATE,0,0,"장수서울순대가순대,순댓국",False,,#,20149056,DOM_DATA_NLOG,1,PASS,"장수서울순대가순대,순댓국",서울 강남구 테헤란로92길 11,,CONTAINED,PARTIAL,,,1798,1
KOMSCO_DIRECT_NAVER_FALLBACK,UNMATCHED,5291,더블유,선릉역 더블유,station,AMBIGUOUS,False,SKIPPED_NO_NAVER_MATCH,False,AMBIGUOUS,9,5,QWEN,"2,3,1",2,연세더블유여성의원,True,LOW,https://pcmap.place.naver.com/restaurant/1201682021/home,1201682021,DOM_DATA_NLOG,,FAIL,연세더블유여성의원,서울 강남구 선릉로86길 6 삼일빌딩 2층,,CONTAINED,DIFFERENT,TOP_K_DETAIL_VALIDATION_FAILED,TOP_K_DETAIL_VALIDATION_FAILED,3451,2
KOMSCO_DIRECT_NAVER_FALLBACK,MATCHED,5293,날마다막창,선릉역 날마다막창,station,RESOLVED,False,NOT_REQUIRED,False,RESOLVED,1,1,SINGLE_CANDIDATE,0,0,"날마다막창곱창,막창,양",False,,#,38265390,DOM_DATA_NLOG,1,PASS,"날마다막창곱창,막창,양",서울 강남구 역삼로63길 17,,CONTAINED,PARTIAL,,,873,1
KOMSCO_DIRECT_NAVER_FALLBACK,UNMATCHED,5295,세컨드임팩트,선릉역 세컨드임팩트,station,AMBIGUOUS,False,SKIPPED_NO_NAVER_MATCH,False,AMBIGUOUS,1,1,SINGLE_CANDIDATE,0,0,파이브세컨즈경영컨설팅,False,,https://pcmap.place.naver.com/restaurant/1237317211/home,1237317211,DOM_DATA_NLOG,,FAIL,파이브세컨즈경영컨설팅,"지하철 이용 1. 지하철 수인분당선 강남구청역 하차, 3-1번 출구에서 약 200m 도보 2. 지하철 7호선 강남구청역 하차, 3-1번 출구에서 약 200m 도보",,DIFFERENT,DIFFERENT,TOP_K_DETAIL_VALIDATION_FAILED,TOP_K_DETAIL_VALIDATION_FAILED,1001,1
KOMSCO_DIRECT_NAVER_FALLBACK,MATCHED,5300,이오,대치역 이오,station,AMBIGUOUS,True,NO_RESULT,False,AMBIGUOUS,2,2,QWEN,"1,0",1,"이오플라워꽃집,꽃배달",True,LOW,https://pcmap.place.naver.com/restaurant/2090361476/home,2090361476,DOM_DATA_NLOG,,FAIL,"이오플라워꽃집,꽃배달",서울 강남구 남부순환로 2917 1층 121호,,CONTAINED,DIFFERENT,TOP_K_DETAIL_VALIDATION_FAILED,TOP_K_DETAIL_VALIDATION_FAILED,2827,1
KOMSCO_DIRECT_NAVER_FALLBACK,UNMATCHED,5307,은마죽집,대치역 은마죽집,station,AMBIGUOUS,False,SKIPPED_NO_NAVER_MATCH,False,AMBIGUOUS,2,2,QWEN,"1,0",1,은마소문난죽집죽,True,LOW,https://pcmap.place.naver.com/restaurant/1917166181/home,1917166181,DOM_DATA_NLOG,,FAIL,은마소문난죽집죽,서울 강남구 삼성로 212-2 B동 15호,,DIFFERENT,DIFFERENT,TOP_K_DETAIL_VALIDATION_FAILED,TOP_K_DETAIL_VALIDATION_FAILED,2645,2
KOMSCO_DIRECT_NAVER_FALLBACK,MATCHED,5321,스시아오마츠,선릉역 스시아오마츠,station,RESOLVED,False,NOT_REQUIRED,False,RESOLVED,1,1,SINGLE_CANDIDATE,0,0,스시아오마츠,False,,#,1051920261,DOM_DATA_NLOG,1,PASS,스시아오마츠,서울 강남구 테헤란로78길 16 지하1층 12호,,EXACT,EXACT,,,976,1
KOMSCO_DIRECT_NAVER_FALLBACK,MATCHED,5324,대치동숯불갈비,한티역 대치동숯불갈비,naver_local_fallback,AMBIGUOUS,True,ENRICHED:RESOLVED,True,RESOLVED,1,1,SINGLE_CANDIDATE,0,0,대치동숯불갈비돼지고기구이,False,,#,1242160183,DOM_DATA_NLOG,1,PASS,대치동숯불갈비돼지고기구이,서울 강남구 선릉로64길 15-6 1층,한티역 2번 출구 -> 롯데백화점 주차장 방향 먹자골목,CONTAINED,PARTIAL,,,4371,1
KOMSCO_DIRECT_NAVER_FALLBACK,MATCHED,5329,소풍,선릉역 소풍,station,AMBIGUOUS,True,NO_USABLE_CANDIDATE,False,AMBIGUOUS,4,4,QWEN,"1,2,0",1,소풍벤처스경영컨설팅,True,LOW,https://pcmap.place.naver.com/restaurant/1161518476/home,1161518476,DOM_DATA_NLOG,,FAIL,소풍벤처스경영컨설팅,서울 강남구 선릉로 521 3층,,CONTAINED,DIFFERENT,TOP_K_DETAIL_VALIDATION_FAILED,TOP_K_DETAIL_VALIDATION_FAILED,3238,3
KOMSCO_DIRECT_NAVER_FALLBACK,UNMATCHED,5332,오베로,강남구 오베로,gangnam,NOT_FOUND,False,SKIPPED_NO_NAVER_MATCH,False,NOT_FOUND,1,1,SINGLE_CANDIDATE,0,0,,False,,,,,,NOT_ATTEMPTED,,,,UNKNOWN,UNKNOWN,PLACE_ID_NOT_IN_CANDIDATE_DOM,PLACE_ID_NOT_IN_CANDIDATE_DOM,5657,0
KOMSCO_DIRECT_NAVER_FALLBACK,MATCHED,5335,동막골 1998,한티역 동막골 1998,station,AMBIGUOUS,True,NO_USABLE_CANDIDATE,False,AMBIGUOUS,1,1,SINGLE_CANDIDATE,0,0,"동막골 1998전,빈대떡",False,,https://pcmap.place.naver.com/restaurant/1758481354/home,1758481354,DOM_DATA_NLOG,,FAIL,"동막골 1998전,빈대떡",서울 강남구 선릉로64길 15-3 1층,,CONTAINED,DIFFERENT,TOP_K_DETAIL_VALIDATION_FAILED,TOP_K_DETAIL_VALIDATION_FAILED,1367,1
KOMSCO_DIRECT_NAVER_FALLBACK,MATCHED,5346,필,학여울역 필,station,AMBIGUOUS,True,NO_USABLE_CANDIDATE,False,AMBIGUOUS,9,5,QWEN,"4,3,2",4,필아트미술 대치점미술교육,True,LOW,https://pcmap.place.naver.com/restaurant/1075105387/home,1075105387,DOM_DATA_NLOG,,FAIL,필아트미술 대치점미술교육,서울 강남구 삼성로72길 47 1층 102호 필아트미술,,CONTAINED,DIFFERENT,TOP_K_DETAIL_VALIDATION_FAILED,TOP_K_DETAIL_VALIDATION_FAILED,3629,2
KOMSCO_DIRECT_NAVER_FALLBACK,UNMATCHED,5348,윤회계사무소,강남구 윤회계사무소,gangnam,NOT_FOUND,False,SKIPPED_NO_NAVER_MATCH,False,NOT_FOUND,0,0,DETERMINISTIC,,,,False,,,,,,NOT_ATTEMPTED,,,,UNKNOWN,UNKNOWN,NO_CONFIDENT_CANDIDATE,NO_CONFIDENT_CANDIDATE,5624,0
KOMSCO_DIRECT_NAVER_FALLBACK,MATCHED,5349,옛맛명동칼국수,삼성역 옛맛명동칼국수,naver_local_fallback,AMBIGUOUS,True,ENRICHED:RESOLVED,True,RESOLVED,2,2,QWEN,"0,1",0,"옛맛명동칼국수칼국수,만두",True,LOW,#,1241987484,DOM_DATA_NLOG,1,PASS,"옛맛명동칼국수칼국수,만두",서울 강남구 삼성로86길 16 2층,,CONTAINED,PARTIAL,,,5245,1
KOMSCO_DIRECT_NAVER_FALLBACK,UNMATCHED,5356,연세정인안과의원,한티역 연세정인안과의원,station,AMBIGUOUS,False,SKIPPED_NO_NAVER_MATCH,False,AMBIGUOUS,2,2,QWEN,"0,1",0,대치연세안과의원,True,LOW,https://pcmap.place.naver.com/restaurant/19514470/home,19514470,DOM_DATA_NLOG,,FAIL,대치연세안과의원,"서울특별시 강남구 도곡로 408 5층 버스이용시 340 , 420, 461, 3422, 4312 버스 이용하시면 정류장에서 가깝습니다. 지하철 이용시 분당선 - 한티역 3번출구앞 ※ 평일 오후 3시 이후는 주차가 혼잡...",,DIFFERENT,DIFFERENT,TOP_K_DETAIL_VALIDATION_FAILED,TOP_K_DETAIL_VALIDATION_FAILED,3429,1
KOMSCO_DIRECT_NAVER_FALLBACK,UNMATCHED,5358,대치샘물피부과,대치역 대치샘물피부과,station,AMBIGUOUS,False,SKIPPED_NO_NAVER_MATCH,False,AMBIGUOUS,1,1,SINGLE_CANDIDATE,0,0,대치샘물피부과의원피부과,False,,https://pcmap.place.naver.com/restaurant/37690335/home,37690335,DOM_DATA_NLOG,,FAIL,대치샘물피부과의원피부과,서울 강남구 남부순환로 2927 대치 클래시아,,CONTAINED,DIFFERENT,TOP_K_DETAIL_VALIDATION_FAILED,TOP_K_DETAIL_VALIDATION_FAILED,957,1
KOMSCO_DIRECT_NAVER_FALLBACK,UNMATCHED,5360,주식회사 고피자 대치,강남구 주식회사 고피자 대치,gangnam,NOT_FOUND,False,SKIPPED_NO_NAVER_MATCH,False,NOT_FOUND,0,0,DETERMINISTIC,,,,False,,,,,,NOT_ATTEMPTED,,,,UNKNOWN,UNKNOWN,NO_CONFIDENT_CANDIDATE,NO_CONFIDENT_CANDIDATE,5670,0
KOMSCO_DIRECT_NAVER_FALLBACK,UNMATCHED,5364,이봉 대치점,강남구 이봉 대치점,gangnam,NOT_FOUND,False,SKIPPED_NO_NAVER_MATCH,False,NOT_FOUND,0,0,DETERMINISTIC,,,,False,,,,,,NOT_ATTEMPTED,,,,UNKNOWN,UNKNOWN,NO_CONFIDENT_CANDIDATE,NO_CONFIDENT_CANDIDATE,5687,0
KOMSCO_DIRECT_NAVER_FALLBACK,MATCHED,5393,추억의오뎅바,대치역 추억의오뎅바,naver_local_fallback,AMBIGUOUS,True,ENRICHED:RESOLVED,True,RESOLVED,1,1,SINGLE_CANDIDATE,0,0,"추억의오뎅바오뎅,꼬치",False,,#,1001488285,DOM_DATA_NLOG,1,PASS,"추억의오뎅바오뎅,꼬치",서울 강남구 남부순환로 2915,,CONTAINED,PARTIAL,,,1733,1
KOMSCO_DIRECT_NAVER_FALLBACK,MATCHED,5394,한국관,삼성역 한국관,station,RESOLVED,False,NOT_REQUIRED,False,RESOLVED,2,2,QWEN,"0,1",0,한국관한식,True,LOW,#,1900821465,DOM_DATA_NLOG,1,PASS,한국관한식,서울 강남구 삼성로82길 20 지층,,CONTAINED,PARTIAL,,,2330,1
KOMSCO_DIRECT_NAVER_FALLBACK,MATCHED,5403,오동도,한티역 오동도,station,AMBIGUOUS,True,NO_USABLE_CANDIDATE,False,AMBIGUOUS,1,1,SINGLE_CANDIDATE,0,0,오동도,False,,https://pcmap.place.naver.com/restaurant/13528827/home,13528827,DOM_DATA_NLOG,,FAIL,오동도,서울 강남구 삼성로71길 7 1층 오동도,,EXACT,DIFFERENT,TOP_K_DETAIL_VALIDATION_FAILED,TOP_K_DETAIL_VALIDATION_FAILED,947,1
KOMSCO_DIRECT_NAVER_FALLBACK,MATCHED,5404,버닝스톤,한티역 버닝스톤,naver_local_fallback,AMBIGUOUS,True,ENRICHED:RESOLVED,True,RESOLVED,1,1,SINGLE_CANDIDATE,0,0,버닝스톤,False,,#,1283139466,DOM_DATA_NLOG,1,PASS,버닝스톤,서울 강남구 역삼로64길 7 1층 101호 버닝스톤,,EXACT,PARTIAL,,,1683,1
KOMSCO_DIRECT_NAVER_FALLBACK,MATCHED,5407,나따오비까 대치점,한티역 나따오비까 대치점,naver_local_fallback,AMBIGUOUS,True,ENRICHED:RESOLVED,True,RESOLVED,1,1,SINGLE_CANDIDATE,0,0,나따오비까 대치점,False,,#,237156960,DOM_DATA_NLOG,1,PASS,나따오비까 대치점,서울 강남구 선릉로64길 26,,EXACT,PARTIAL,,,1892,1
KOMSCO_DIRECT_NAVER_FALLBACK,UNMATCHED,5417,매운국물떡볶이대치점,한티역 매운국물떡볶이대치점,station,AMBIGUOUS,False,SKIPPED_NO_NAVER_MATCH,False,AMBIGUOUS,1,1,SINGLE_CANDIDATE,0,0,쏘크라테스떡볶이 대치점분식,False,,https://pcmap.place.naver.com/restaurant/1497766695/home,1497766695,DOM_DATA_NLOG,,FAIL,쏘크라테스떡볶이 대치점분식,서울 강남구 역삼로84길 4 지하1층,,DIFFERENT,DIFFERENT,TOP_K_DETAIL_VALIDATION_FAILED,TOP_K_DETAIL_VALIDATION_FAILED,1030,1
KOMSCO_DIRECT_NAVER_FALLBACK,MATCHED,5435,홍운장,한티역 홍운장,naver_local_fallback,AMBIGUOUS,True,ENRICHED:RESOLVED,True,RESOLVED,1,1,SINGLE_CANDIDATE,0,0,홍운장중식당,False,,#,13371770,DOM_DATA_NLOG,1,PASS,홍운장중식당,서울 강남구 삼성로 341 인애빌딩 1층,중식당,CONTAINED,PARTIAL,,,1748,1
KOMSCO_DIRECT_NAVER_FALLBACK,MATCHED,5446,온새미로 대치점,선릉역 온새미로 대치점,naver_local_fallback,AMBIGUOUS,True,ENRICHED:RESOLVED,True,RESOLVED,1,1,SINGLE_CANDIDATE,0,0,온새미로 대치점한식,False,,#,1180450072,DOM_DATA_NLOG,1,PASS,온새미로 대치점한식,서울 강남구 삼성로85길 42 대우아이빌멤버스4차,,CONTAINED,PARTIAL,,,3587,1
KOMSCO_DIRECT_NAVER_FALLBACK,MATCHED,5449,센도수산,선릉역 센도수산,naver_local_fallback,AMBIGUOUS,True,ENRICHED:RESOLVED,True,RESOLVED,2,2,QWEN,"1,0",0,센도수산,True,LOW,#,421637529,DOM_DATA_NLOG,2,PASS,센도수산,서울 강남구 역삼로65길 15 1층,,EXACT,PARTIAL,,,5209,2
KOMSCO_DIRECT_NAVER_FALLBACK,UNMATCHED,5450,미러칼국수,대치역 미러칼국수,station,AMBIGUOUS,False,SKIPPED_NO_NAVER_MATCH,False,AMBIGUOUS,1,1,SINGLE_CANDIDATE,0,0,"미러칼국수칼국수,만두",False,,https://pcmap.place.naver.com/restaurant/33879310/home,33879310,DOM_DATA_NLOG,,FAIL,"미러칼국수칼국수,만두",서울 강남구 삼성로 212 은마아파트(12동) 12,,CONTAINED,DIFFERENT,TOP_K_DETAIL_VALIDATION_FAILED,TOP_K_DETAIL_VALIDATION_FAILED,878,1
KOMSCO_DIRECT_NAVER_FALLBACK,MATCHED,5451,피자스쿨 대치점,대치역 피자스쿨 대치점,naver_local_fallback,AMBIGUOUS,True,ENRICHED:RESOLVED,True,RESOLVED,1,1,SINGLE_CANDIDATE,0,0,피자스쿨 대치점,False,,#,34564872,DOM_DATA_NLOG,1,PASS,피자스쿨 대치점,서울 강남구 도곡로84길 6,,EXACT,PARTIAL,,,1808,1
KOMSCO_DIRECT_NAVER_FALLBACK,MATCHED,5458,지코바 대치1호점,한티역 지코바 대치1호점,naver_local_fallback,AMBIGUOUS,True,ENRICHED:RESOLVED,True,RESOLVED,1,1,SINGLE_CANDIDATE,0,0,"지코바 대치1호점치킨,닭강정",False,,#,1522718131,DOM_DATA_NLOG,1,PASS,"지코바 대치1호점치킨,닭강정",서울 강남구 선릉로66길 6,,CONTAINED,PARTIAL,,,1776,1
KOMSCO_DIRECT_NAVER_FALLBACK,UNMATCHED,5470,은마식당,대치역 은마식당,station,AMBIGUOUS,False,SKIPPED_NO_NAVER_MATCH,False,AMBIGUOUS,9,5,QWEN,"1,3,2",1,이오복순대국 대치은마점,True,LOW,https://pcmap.place.naver.com/restaurant/2022139367/home,2022139367,DOM_DATA_NLOG,,FAIL,이오복순대국 대치은마점,서울 강남구 삼성로 212 은마종합상가 지하1층 B블럭-10호,,DIFFERENT,DIFFERENT,TOP_K_DETAIL_VALIDATION_FAILED,TOP_K_DETAIL_VALIDATION_FAILED,4064,3
KOMSCO_DIRECT_NAVER_FALLBACK,MATCHED,5483,동해횟집,삼성역 동해횟집,station,RESOLVED,False,NOT_REQUIRED,False,RESOLVED,3,3,QWEN,"0,1,2",0,동해횟집일식당,True,LOW,#,36995072,DOM_DATA_NLOG,1,PASS,동해횟집일식당,서울 강남구 영동대로76길 12,,CONTAINED,PARTIAL,,,2456,1
KOMSCO_DIRECT_NAVER_FALLBACK,MATCHED,5491,반반족 강남대치점,한티역 반반족 강남대치점,station,RESOLVED,False,NOT_REQUIRED,False,RESOLVED,1,1,SINGLE_CANDIDATE,0,0,반반족 강남대치점,False,,#,1489289716,DOM_DATA_NLOG,1,PASS,반반족 강남대치점,서울 강남구 삼성로71길 14 1층,,EXACT,PARTIAL,,,908,1
KOMSCO_DIRECT_NAVER_FALLBACK,UNMATCHED,5494,에머이(한티점),강남구 에머이(한티점),gangnam,NOT_FOUND,False,SKIPPED_NO_NAVER_MATCH,False,NOT_FOUND,0,0,DETERMINISTIC,,,,False,,,,,,NOT_ATTEMPTED,,,,UNKNOWN,UNKNOWN,NO_CONFIDENT_CANDIDATE,NO_CONFIDENT_CANDIDATE,6172,0
KOMSCO_DIRECT_NAVER_FALLBACK,MATCHED,5520,파리바게뜨 한티역점,한티역 파리바게뜨 한티역점,station,RESOLVED,False,NOT_REQUIRED,False,RESOLVED,1,1,SINGLE_CANDIDATE,0,0,파리바게뜨 한티역점,False,,#,140299119,DOM_DATA_NLOG,1,PASS,파리바게뜨 한티역점,서울 강남구 선릉로64길 19 (대치동) 1층,,EXACT,PARTIAL,,,844,1
KOMSCO_DIRECT_NAVER_FALLBACK,MATCHED,5526,글라스커피,삼성역 글라스커피,naver_local_fallback,AMBIGUOUS,True,ENRICHED:RESOLVED,True,RESOLVED,1,1,SINGLE_CANDIDATE,0,0,글라스커피,False,,#,13578430,DOM_DATA_NLOG,1,PASS,글라스커피,서울 강남구 테헤란로 534 글라스타워,,EXACT,PARTIAL,,,1678,1
KOMSCO_DIRECT_NAVER_FALLBACK,UNMATCHED,5529,대치동영지,대치역 대치동영지,station,RESOLVED,False,NOT_REQUIRED,False,RESOLVED,2,2,QWEN,"0,1",0,대치동영지한식,True,LOW,#,36003998,DOM_DATA_NLOG,1,PASS,대치동영지한식,서울 강남구 삼성로 212 A동 184호,,CONTAINED,PARTIAL,,,2296,1
KOMSCO_DIRECT_NAVER_FALLBACK,UNMATCHED,5554,농업회사법인 상도 (주) 청담동마녀김밥,강남구 농업회사법인 상도 (주) 청담동마녀김밥,gangnam,NOT_FOUND,False,SKIPPED_NO_NAVER_MATCH,False,NOT_FOUND,0,0,DETERMINISTIC,,,,False,,,,,,NOT_ATTEMPTED,,,,UNKNOWN,UNKNOWN,NO_CONFIDENT_CANDIDATE,NO_CONFIDENT_CANDIDATE,5553,0
KOMSCO_DIRECT_NAVER_FALLBACK,MATCHED,5577,미소야 대치점,학여울역 미소야 대치점,naver_local_fallback,AMBIGUOUS,True,ENRICHED:RESOLVED,True,RESOLVED,1,1,SINGLE_CANDIDATE,0,0,미소야 대치점돈가스,False,,#,11761293,DOM_DATA_NLOG,1,PASS,미소야 대치점돈가스,서울 강남구 영동대로 219,,CONTAINED,PARTIAL,,,3536,1
KOMSCO_DIRECT_NAVER_FALLBACK,UNMATCHED,5581,명랑시대 쌀핫도그,한티역 명랑시대 쌀핫도그,station,AMBIGUOUS,False,SKIPPED_NO_NAVER_MATCH,False,AMBIGUOUS,1,1,SINGLE_CANDIDATE,0,0,명랑핫도그 한티역점핫도그,False,,https://pcmap.place.naver.com/restaurant/600330533/home,600330533,DOM_DATA_NLOG,,FAIL,명랑핫도그 한티역점핫도그,서울시 강남구 선릉로 313번지 삼미빌딩 대로변 위치. 분당선 한티역 8번출구나오셔서 도곡시장방면으로 200m안팍.,,DIFFERENT,DIFFERENT,TOP_K_DETAIL_VALIDATION_FAILED,TOP_K_DETAIL_VALIDATION_FAILED,893,1
KOMSCO_DIRECT_NAVER_FALLBACK,MATCHED,5588,신동궁 감자탕 뼈숯불구이 선릉직영점,선릉역 신동궁 감자탕 뼈숯불구이 선릉직영점,naver_local_fallback,AMBIGUOUS,True,ENRICHED:RESOLVED,True,RESOLVED,1,1,SINGLE_CANDIDATE,0,0,신동궁 감자탕 뼈숯불구이 선릉직영점감자탕,False,,#,18468954,DOM_DATA_NLOG,1,PASS,신동궁 감자탕 뼈숯불구이 선릉직영점감자탕,서울 강남구 선릉로86길 39 1층 신동궁감자탕 뼈숯불구이,,CONTAINED,PARTIAL,,,3494,1
KOMSCO_DIRECT_NAVER_FALLBACK,UNMATCHED,5590,시대인재,대치역 시대인재,station,AMBIGUOUS,False,SKIPPED_NO_NAVER_MATCH,False,AMBIGUOUS,9,5,QWEN,"3,4,0",3,"시대인재 신관 2,3층 학원입시교육",True,LOW,https://pcmap.place.naver.com/restaurant/1641386389/home,1641386389,DOM_DATA_NLOG,,FAIL,"시대인재 신관 2,3층 학원입시교육",서울 강남구 삼성로51길 11,,CONTAINED,DIFFERENT,TOP_K_DETAIL_VALIDATION_FAILED,TOP_K_DETAIL_VALIDATION_FAILED,3369,3
KOMSCO_DIRECT_NAVER_FALLBACK,MATCHED,5601,둘둘치킨,한티역 둘둘치킨,station,AMBIGUOUS,True,NO_USABLE_CANDIDATE,False,AMBIGUOUS,2,2,QWEN,"0,1",0,"둘둘치킨 삼성역점치킨,닭강정",True,LOW,https://pcmap.place.naver.com/restaurant/11832930/home,11832930,DOM_DATA_NLOG,,FAIL,"둘둘치킨 삼성역점치킨,닭강정",서울 강남구 영동대로85길 6,,CONTAINED,DIFFERENT,TOP_K_DETAIL_VALIDATION_FAILED,TOP_K_DETAIL_VALIDATION_FAILED,2943,2
KOMSCO_DIRECT_NAVER_FALLBACK,MATCHED,5610,두꺼비,선릉역 두꺼비,station,AMBIGUOUS,True,NO_USABLE_CANDIDATE,False,AMBIGUOUS,9,5,QWEN,"0,1,2",0,두꺼비김밥김밥,True,LOW,https://pcmap.place.naver.com/restaurant/2079667712/home,2079667712,DOM_DATA_NLOG,,FAIL,두꺼비김밥김밥,서울 강남구 테헤란로 322 지하 B101호,,CONTAINED,DIFFERENT,TOP_K_DETAIL_VALIDATION_FAILED,TOP_K_DETAIL_VALIDATION_FAILED,3314,2
KOMSCO_DIRECT_NAVER_FALLBACK,AMBIGUOUS,5618,토노야,선릉역 토노야,station,AMBIGUOUS,False,SKIPPED_NO_NAVER_MATCH,False,AMBIGUOUS,1,1,SINGLE_CANDIDATE,0,0,토노야,False,,https://pcmap.place.naver.com/restaurant/1623192562/home,1623192562,DOM_DATA_NLOG,,FAIL,토노야,서울 강남구 삼성로85길 11 편익시설동 B3 토노야 이자카야,,EXACT,DIFFERENT,TOP_K_DETAIL_VALIDATION_FAILED,TOP_K_DETAIL_VALIDATION_FAILED,768,1
KOMSCO_DIRECT_NAVER_FALLBACK,MATCHED,5633,대한민국,삼성역 대한민국,naver_local_fallback,AMBIGUOUS,True,ENRICHED:AMBIGUOUS,False,AMBIGUOUS,9,5,QWEN,"0,1,2",0,대한민국,True,LOW,https://pcmap.place.naver.com/restaurant/11731623/home,11731623,DOM_DATA_NLOG,,FAIL,대한민국,[서울특별시 강남구 대치동 950-11]에서 이전 오픈 했습니다. 1. 삼성역 3번출구에서 나오셔서 위로 올라오시다가 오른쪽에 큰 골목이 나오면 아래로 내려오세요. 2. 내려오시다 보면 왼쪽에 첫번째 골목...,,EXACT,DIFFERENT,TOP_K_DETAIL_VALIDATION_FAILED,TOP_K_DETAIL_VALIDATION_FAILED,5427,1
KOMSCO_DIRECT_NAVER_FALLBACK,UNMATCHED,5640,한솥은마점,대치역 한솥은마점,station,AMBIGUOUS,False,SKIPPED_NO_NAVER_MATCH,False,AMBIGUOUS,1,1,SINGLE_CANDIDATE,0,0,"한솥도시락 대치은마점도시락,컵밥",False,,https://pcmap.place.naver.com/restaurant/31068002/home,31068002,DOM_DATA_NLOG,,FAIL,"한솥도시락 대치은마점도시락,컵밥",서울 강남구 도곡로 510,,DIFFERENT,DIFFERENT,TOP_K_DETAIL_VALIDATION_FAILED,TOP_K_DETAIL_VALIDATION_FAILED,848,1
KOMSCO_DIRECT_NAVER_FALLBACK,UNMATCHED,5641,부엉이식당 삼성점,강남구 부엉이식당 삼성점,gangnam,NOT_FOUND,False,SKIPPED_NO_NAVER_MATCH,False,NOT_FOUND,0,0,DETERMINISTIC,,,,False,,,,,,NOT_ATTEMPTED,,,,UNKNOWN,UNKNOWN,NO_CONFIDENT_CANDIDATE,NO_CONFIDENT_CANDIDATE,5775,0
KOMSCO_DIRECT_NAVER_FALLBACK,MATCHED,5644,진고래,선릉역 진고래,naver_local_fallback,AMBIGUOUS,True,ENRICHED:RESOLVED,True,RESOLVED,1,1,SINGLE_CANDIDATE,0,0,진고래한식,False,,#,18576392,DOM_DATA_NLOG,1,PASS,진고래한식,서울 강남구 선릉로86길 18 1층 진고래,한식,CONTAINED,PARTIAL,,,1728,1
KOMSCO_DIRECT_NAVER_FALLBACK,MATCHED,5652,판동면옥,선릉역 판동면옥,naver_local_fallback,AMBIGUOUS,True,ENRICHED:RESOLVED,True,RESOLVED,1,1,SINGLE_CANDIDATE,0,0,판동면옥냉면,False,,#,1019046467,DOM_DATA_NLOG,1,PASS,판동면옥냉면,서울 강남구 역삼로77길 5,,CONTAINED,PARTIAL,,,1741,1
KOMSCO_DIRECT_NAVER_FALLBACK,MATCHED,5678,정읍그맛,선릉역 정읍그맛,naver_local_fallback,NOT_FOUND,True,ENRICHED:NOT_FOUND,False,NOT_FOUND,1,1,SINGLE_CANDIDATE,0,0,,False,,,,,,NOT_ATTEMPTED,,,,UNKNOWN,UNKNOWN,PLACE_ID_NOT_IN_CANDIDATE_DOM,PLACE_ID_NOT_IN_CANDIDATE_DOM,6058,0
KOMSCO_DIRECT_NAVER_FALLBACK,MATCHED,5706,밀숲 대치점,대치역 밀숲 대치점,naver_local_fallback,AMBIGUOUS,True,ENRICHED:RESOLVED,True,RESOLVED,1,1,SINGLE_CANDIDATE,0,0,"밀숲 대치점칼국수,만두",False,,#,18471177,DOM_DATA_NLOG,1,PASS,"밀숲 대치점칼국수,만두",서울 강남구 도곡로 516,,CONTAINED,PARTIAL,,,3728,1
KOMSCO_DIRECT_NAVER_FALLBACK,MATCHED,5724,대찬횟집,선릉역 대찬횟집,station,RESOLVED,False,NOT_REQUIRED,False,RESOLVED,1,1,SINGLE_CANDIDATE,0,0,대찬횟집 선릉직영점,False,,#,1027446540,DOM_DATA_NLOG,1,PASS,대찬횟집 선릉직영점,서울 강남구 선릉로86길 16-3 지하1층,,CONTAINED,PARTIAL,,,799,1
KOMSCO_DIRECT_NAVER_FALLBACK,UNMATCHED,5732,제이씨,대치역 제이씨,station,AMBIGUOUS,False,SKIPPED_NO_NAVER_MATCH,False,AMBIGUOUS,6,5,QWEN,"3,0,1",3,제이씨엔컴퍼니,True,LOW,https://pcmap.place.naver.com/restaurant/1220739579/home,1220739579,DOM_DATA_NLOG,,FAIL,제이씨엔컴퍼니,서울 강남구 삼성로84길 31 4-5층,,CONTAINED,DIFFERENT,TOP_K_DETAIL_VALIDATION_FAILED,TOP_K_DETAIL_VALIDATION_FAILED,2618,1
KOMSCO_DIRECT_NAVER_FALLBACK,UNMATCHED,5745,영카츠(YOUNGKASTU) 대치본점,강남구 영카츠(YOUNGKASTU) 대치본점,gangnam,NOT_FOUND,False,SKIPPED_NO_NAVER_MATCH,False,NOT_FOUND,0,0,DETERMINISTIC,,,,False,,,,,,NOT_ATTEMPTED,,,,UNKNOWN,UNKNOWN,NO_CONFIDENT_CANDIDATE,NO_CONFIDENT_CANDIDATE,5573,0
KOMSCO_DIRECT_NAVER_FALLBACK,MATCHED,5747,남경반점,학여울역 남경반점,station,AMBIGUOUS,True,NO_USABLE_CANDIDATE,False,AMBIGUOUS,1,1,SINGLE_CANDIDATE,0,0,남경반점중식당,False,,https://pcmap.place.naver.com/restaurant/18464113/home,18464113,DOM_DATA_NLOG,,FAIL,남경반점중식당,서울 강남구 영동대로 221 서림상가 1층,,CONTAINED,DIFFERENT,TOP_K_DETAIL_VALIDATION_FAILED,TOP_K_DETAIL_VALIDATION_FAILED,1006,1
KOMSCO_DIRECT_NAVER_FALLBACK,MATCHED,5761,담소 소사골순대 삼성1호,삼성역 담소 소사골순대 삼성1호,station,AMBIGUOUS,True,NO_RESULT,False,AMBIGUOUS,1,1,SINGLE_CANDIDATE,0,0,"담소소사골순대육개장 삼성1호점순대,순댓국",False,,https://pcmap.place.naver.com/restaurant/1301670037/home,1301670037,DOM_DATA_NLOG,,FAIL,"담소소사골순대육개장 삼성1호점순대,순댓국",서울 강남구 삼성로86길 26,,DIFFERENT,PARTIAL,TOP_K_DETAIL_VALIDATION_FAILED,TOP_K_DETAIL_VALIDATION_FAILED,1021,1
KOMSCO_DIRECT_NAVER_FALLBACK,MATCHED,5775,사조참치삼성점,삼성역 사조참치삼성점,station,AMBIGUOUS,True,NO_USABLE_CANDIDATE,False,AMBIGUOUS,1,1,SINGLE_CANDIDATE,0,0,사조회참치 삼성점생선회,False,,https://pcmap.place.naver.com/restaurant/13175130/home,13175130,DOM_DATA_NLOG,,FAIL,사조회참치 삼성점생선회,서울 강남구 영동대로86길 17 사조참치 삼성점,,DIFFERENT,PARTIAL,TOP_K_DETAIL_VALIDATION_FAILED,TOP_K_DETAIL_VALIDATION_FAILED,1075,1
KOMSCO_DIRECT_NAVER_FALLBACK,MATCHED,5779,속이 꽉찬 만두 99.9,선릉역 속이 꽉찬 만두 99.9,naver_local_fallback,AMBIGUOUS,True,ENRICHED:RESOLVED,True,RESOLVED,1,1,SINGLE_CANDIDATE,0,0,속이 꽉찬 만두 99.9한식,False,,#,38556377,DOM_DATA_NLOG,1,PASS,속이 꽉찬 만두 99.9한식,서울 강남구 삼성로75길 26,한식,CONTAINED,PARTIAL,,,1813,1
KOMSCO_DIRECT_NAVER_FALLBACK,MATCHED,5784,바젤,삼성역 바젤,naver_local_fallback,AMBIGUOUS,True,ENRICHED:RESOLVED,True,RESOLVED,1,1,SINGLE_CANDIDATE,0,0,"바젤맥주,호프",False,,#,20620920,DOM_DATA_NLOG,1,PASS,"바젤맥주,호프",서울 강남구 삼성로86길 18,,CONTAINED,PARTIAL,,,1638,1
KOMSCO_DIRECT_NAVER_FALLBACK,MATCHED,5787,이태리부대찌개 선릉점,선릉역 이태리부대찌개 선릉점,station,AMBIGUOUS,True,NO_USABLE_CANDIDATE,False,AMBIGUOUS,1,1,SINGLE_CANDIDATE,0,0,"이태리부대찌개 선릉점찌개,전골",False,,https://pcmap.place.naver.com/restaurant/461905553/home,461905553,DOM_DATA_NLOG,,FAIL,"이태리부대찌개 선릉점찌개,전골",서울 강남구 선릉로 424 2층,,CONTAINED,DIFFERENT,TOP_K_DETAIL_VALIDATION_FAILED,TOP_K_DETAIL_VALIDATION_FAILED,1456,1
KOMSCO_DIRECT_NAVER_FALLBACK,MATCHED,5792,마초야,한티역 마초야,naver_local_fallback,AMBIGUOUS,True,ENRICHED:NOT_FOUND,False,NOT_FOUND,0,0,DETERMINISTIC,,,,False,,,,,,NOT_ATTEMPTED,,,,UNKNOWN,UNKNOWN,NO_CONFIDENT_CANDIDATE,NO_CONFIDENT_CANDIDATE,1085,0
KOMSCO_DIRECT_NAVER_FALLBACK,UNMATCHED,5793,주식회사 뚝심(선릉역점),강남구 주식회사 뚝심(선릉역점),gangnam,NOT_FOUND,False,SKIPPED_NO_NAVER_MATCH,False,NOT_FOUND,0,0,DETERMINISTIC,,,,False,,,,,,NOT_ATTEMPTED,,,,UNKNOWN,UNKNOWN,NO_CONFIDENT_CANDIDATE,NO_CONFIDENT_CANDIDATE,5458,0
KOMSCO_DIRECT_NAVER_FALLBACK,MATCHED,5804,그란구스또,삼성역 그란구스또,station,RESOLVED,False,NOT_REQUIRED,False,RESOLVED,1,1,SINGLE_CANDIDATE,0,0,그란구스또,False,,#,11568670,DOM_DATA_NLOG,1,PASS,그란구스또,"서울 강남구 삼성로 340 앨포트빌딩 1,2층",,EXACT,PARTIAL,,,811,1
KOMSCO_DIRECT_NAVER_FALLBACK,MATCHED,5810,봉남이네,삼성역 봉남이네,station,RESOLVED,False,NOT_REQUIRED,False,RESOLVED,1,1,SINGLE_CANDIDATE,0,0,봉남이네 삼성직영점돼지고기구이,False,,#,32340157,DOM_DATA_NLOG,1,PASS,봉남이네 삼성직영점돼지고기구이,서울 강남구 영동대로85길 20-5,,CONTAINED,PARTIAL,,,1172,1
KOMSCO_DIRECT_NAVER_FALLBACK,MATCHED,5817,마왕족발,대치역 마왕족발,station,AMBIGUOUS,True,NO_RESULT,False,AMBIGUOUS,1,1,SINGLE_CANDIDATE,0,0,마왕족발 대치점,False,,https://pcmap.place.naver.com/restaurant/1263941806/home,1263941806,DOM_DATA_NLOG,,FAIL,마왕족발 대치점,서울 강남구 도곡로 516 1층 마왕족발,,CONTAINED,DIFFERENT,TOP_K_DETAIL_VALIDATION_FAILED,TOP_K_DETAIL_VALIDATION_FAILED,905,1
KOMSCO_DIRECT_NAVER_FALLBACK,MATCHED,5819,자미당대치점,한티역 자미당대치점,station,RESOLVED,False,NOT_REQUIRED,False,RESOLVED,1,1,SINGLE_CANDIDATE,0,0,자미당 대치점베이커리,False,,#,1248557406,DOM_DATA_NLOG,1,PASS,자미당 대치점베이커리,서울 강남구 선릉로68길 11 지상101호,,CONTAINED,PARTIAL,,,805,1
KOMSCO_DIRECT_NAVER_FALLBACK,MATCHED,5820,우리집만두 선릉본점,선릉역 우리집만두 선릉본점,naver_local_fallback,AMBIGUOUS,True,ENRICHED:RESOLVED,True,RESOLVED,1,1,SINGLE_CANDIDATE,0,0,우리집만두 선릉본점,False,,#,18576718,DOM_DATA_NLOG,1,PASS,우리집만두 선릉본점,서울 강남구 선릉로 424,,EXACT,PARTIAL,,,1905,1
KOMSCO_DIRECT_NAVER_FALLBACK,UNMATCHED,5822,(주)화이트리에,강남구 (주)화이트리에,gangnam,NOT_FOUND,False,SKIPPED_NO_NAVER_MATCH,False,NOT_FOUND,0,0,DETERMINISTIC,,,,False,,,,,,NOT_ATTEMPTED,,,,UNKNOWN,UNKNOWN,NO_CONFIDENT_CANDIDATE,NO_CONFIDENT_CANDIDATE,5487,0
KOMSCO_DIRECT_NAVER_FALLBACK,MATCHED,5823,더피자스탠드,선릉역 더피자스탠드,naver_local_fallback,AMBIGUOUS,True,ENRICHED:RESOLVED,True,RESOLVED,1,1,SINGLE_CANDIDATE,0,0,더피자스탠드,False,,#,1911951171,DOM_DATA_NLOG,1,PASS,더피자스탠드,서울 강남구 삼성로81길 39 1층,,EXACT,PARTIAL,,,1676,1
KOMSCO_DIRECT_NAVER_FALLBACK,MATCHED,5824,라무진 선릉역점,선릉역 라무진 선릉역점,naver_local_fallback,AMBIGUOUS,True,ENRICHED:RESOLVED,True,RESOLVED,1,1,SINGLE_CANDIDATE,0,0,라무진 선릉역점,False,,#,1448615379,DOM_DATA_NLOG,1,PASS,라무진 선릉역점,서울 강남구 역삼로63길 6,,EXACT,PARTIAL,,,1725,1
KOMSCO_DIRECT_NAVER_FALLBACK,MATCHED,5828,밤장어,선릉역 밤장어,naver_local_fallback,AMBIGUOUS,True,ENRICHED:RESOLVED,True,RESOLVED,1,1,SINGLE_CANDIDATE,0,0,"밤장어장어,먹장어요리",False,,#,1254308064,DOM_DATA_NLOG,1,PASS,"밤장어장어,먹장어요리",서울 강남구 삼성로85길 33 B01호 밤장어,,CONTAINED,PARTIAL,,,1596,1
KOMSCO_DIRECT_NAVER_FALLBACK,AMBIGUOUS,5833,유다까푸드카페,강남구 유다까푸드카페,gangnam,NOT_FOUND,False,SKIPPED_NO_NAVER_MATCH,False,NOT_FOUND,1,1,SINGLE_CANDIDATE,0,0,,False,,,,,,NOT_ATTEMPTED,,,,UNKNOWN,UNKNOWN,PLACE_ID_NOT_IN_CANDIDATE_DOM,PLACE_ID_NOT_IN_CANDIDATE_DOM,5470,0
KOMSCO_DIRECT_NAVER_FALLBACK,MATCHED,5845,수하동 본점,선릉역 수하동 본점,naver_local_fallback,AMBIGUOUS,True,ENRICHED:RESOLVED,True,RESOLVED,1,1,SINGLE_CANDIDATE,0,0,"수하동 본점곰탕,설렁탕",False,,#,1336995247,DOM_DATA_NLOG,1,PASS,"수하동 본점곰탕,설렁탕",서울 강남구 테헤란로78길 16 노벨빌딩 1층,,CONTAINED,PARTIAL,,,1730,1
KOMSCO_DIRECT_NAVER_FALLBACK,MATCHED,5858,정삼이네수제비김밥,대치역 정삼이네수제비김밥,station,RESOLVED,False,NOT_REQUIRED,False,RESOLVED,1,1,SINGLE_CANDIDATE,0,0,정삼이네수제비김밥종합분식,False,,#,1427253138,DOM_DATA_NLOG,1,PASS,정삼이네수제비김밥종합분식,서울 강남구 삼성로72길 64 정삼이네수제비김밥,,CONTAINED,PARTIAL,,,840,1
KOMSCO_DIRECT_NAVER_FALLBACK,UNMATCHED,5865,주교리3구 강남점,강남구 주교리3구 강남점,gangnam,NOT_FOUND,False,SKIPPED_NO_NAVER_MATCH,False,NOT_FOUND,0,0,DETERMINISTIC,,,,False,,,,,,NOT_ATTEMPTED,,,,UNKNOWN,UNKNOWN,NO_CONFIDENT_CANDIDATE,NO_CONFIDENT_CANDIDATE,5350,0
KOMSCO_DIRECT_NAVER_FALLBACK,MATCHED,5879,일도씨닭갈비 대치점,대치역 일도씨닭갈비 대치점,station,AMBIGUOUS,True,NO_USABLE_CANDIDATE,False,AMBIGUOUS,1,1,SINGLE_CANDIDATE,0,0,일도씨닭갈비 대치점,False,,https://pcmap.place.naver.com/restaurant/1601177269/home,1601177269,DOM_DATA_NLOG,,FAIL,일도씨닭갈비 대치점,서울 강남구 남부순환로 2947 2층,,EXACT,DIFFERENT,TOP_K_DETAIL_VALIDATION_FAILED,TOP_K_DETAIL_VALIDATION_FAILED,953,1
KOMSCO_DIRECT_NAVER_FALLBACK,MATCHED,5890,포포빈,삼성역 포포빈,naver_local_fallback,AMBIGUOUS,True,ENRICHED:RESOLVED,True,RESOLVED,1,1,SINGLE_CANDIDATE,0,0,포포빈베트남음식,False,,#,1215767360,DOM_DATA_NLOG,1,PASS,포포빈베트남음식,서울 강남구 영동대로82길 29,,CONTAINED,PARTIAL,,,2749,1
KOMSCO_DIRECT_NAVER_FALLBACK,MATCHED,5895,이자카야나무 (대치점),선릉역 이자카야나무 (대치점),station,RESOLVED,False,NOT_REQUIRED,False,RESOLVED,1,1,SINGLE_CANDIDATE,0,0,이자카야나무 대치점,False,,#,233575261,DOM_DATA_NLOG,1,PASS,이자카야나무 대치점,서울 강남구 선릉로86길 37 덕우빌딩,,EXACT,PARTIAL,,,934,1
KOMSCO_DIRECT_NAVER_FALLBACK,AMBIGUOUS,5898,작은공간,강남구 작은공간,gangnam,AMBIGUOUS,False,SKIPPED_NO_NAVER_MATCH,False,AMBIGUOUS,7,5,QWEN,"0,1,2",0,작은공간떡볶이,True,LOW,https://pcmap.place.naver.com/restaurant/20897027/home,20897027,DOM_DATA_NLOG,,FAIL,작은공간떡볶이,서울 강남구 남부순환로359길 31,,CONTAINED,DIFFERENT,TOP_K_DETAIL_VALIDATION_FAILED,TOP_K_DETAIL_VALIDATION_FAILED,7768,1
KOMSCO_DIRECT_NAVER_FALLBACK,MATCHED,5900,샤브로21 삼성역,삼성역 샤브로21 삼성역,naver_local_fallback,AMBIGUOUS,True,ENRICHED:RESOLVED,True,RESOLVED,1,1,SINGLE_CANDIDATE,0,0,샤브로21 삼성역샤브샤브,False,,#,2002101321,DOM_DATA_NLOG,1,PASS,샤브로21 삼성역샤브샤브,서울 강남구 영동대로86길 27 1층,,CONTAINED,PARTIAL,,,1891,1
KOMSCO_DIRECT_NAVER_FALLBACK,MATCHED,5922,우리소 삼성점,삼성역 우리소 삼성점,naver_local_fallback,AMBIGUOUS,True,ENRICHED:RESOLVED,True,RESOLVED,1,1,SINGLE_CANDIDATE,0,0,우리소 삼성점,False,,#,635085437,DOM_DATA_NLOG,1,PASS,우리소 삼성점,서울 강남구 테헤란로84길 25 1층 우리소,,EXACT,PARTIAL,,,2159,1
KOMSCO_DIRECT_NAVER_FALLBACK,MATCHED,5925,칠리향마라탕,대치역 칠리향마라탕,station,RESOLVED,False,NOT_REQUIRED,False,RESOLVED,2,2,QWEN,"1,0",0,칠리향마라탕 대치2호점중식당,True,HIGH,#,1787593936,DOM_DATA_NLOG,2,PASS,칠리향마라탕 대치2호점중식당,서울 강남구 삼성로 301 101호,,CONTAINED,EXACT,,,2758,2
KOMSCO_DIRECT_NAVER_FALLBACK,UNMATCHED,5928,(주)아구본가첨벙대치,강남구 (주)아구본가첨벙대치,gangnam,NOT_FOUND,False,SKIPPED_NO_NAVER_MATCH,False,NOT_FOUND,0,0,DETERMINISTIC,,,,False,,,,,,NOT_ATTEMPTED,,,,UNKNOWN,UNKNOWN,NO_CONFIDENT_CANDIDATE,NO_CONFIDENT_CANDIDATE,5513,0
KOMSCO_DIRECT_NAVER_FALLBACK,MATCHED,5960,봉구스밥버거 대치점,대치역 봉구스밥버거 대치점,naver_local_fallback,AMBIGUOUS,True,ENRICHED:RESOLVED,True,RESOLVED,1,1,SINGLE_CANDIDATE,0,0,봉구스밥버거 대치점분식,False,,#,33586155,DOM_DATA_NLOG,1,PASS,봉구스밥버거 대치점분식,서울 강남구 삼성로57길 22 1층,,CONTAINED,PARTIAL,,,2595,1
KOMSCO_DIRECT_NAVER_FALLBACK,MATCHED,5967,오징어풍경,선릉역 오징어풍경,naver_local_fallback,AMBIGUOUS,True,ENRICHED:RESOLVED,True,RESOLVED,1,1,SINGLE_CANDIDATE,0,0,오징어풍경,False,,#,38407687,DOM_DATA_NLOG,1,PASS,오징어풍경,서울 강남구 테헤란로64길 26,한식,EXACT,PARTIAL,,,1700,1
KOMSCO_DIRECT_NAVER_FALLBACK,MATCHED,5978,농민백암,선릉역 농민백암,station,RESOLVED,False,NOT_REQUIRED,False,RESOLVED,3,3,QWEN,"0,1,2",1,"농민백암순대 본점 2호점순대,순댓국",True,LOW,#,1351784094,DOM_DATA_NLOG,2,PASS,"농민백암순대 본점 2호점순대,순댓국",서울 강남구 선릉로86길 40-3,,CONTAINED,PARTIAL,,,2589,2
KOMSCO_DIRECT_NAVER_FALLBACK,AMBIGUOUS,5980,미래향,한티역 미래향,station,AMBIGUOUS,False,SKIPPED_NO_NAVER_MATCH,False,AMBIGUOUS,2,2,QWEN,"0,1",0,미래향중식당,True,LOW,https://pcmap.place.naver.com/restaurant/34344857/home,34344857,DOM_DATA_NLOG,,FAIL,미래향중식당,서울 강남구 삼성로61길 11-2,,CONTAINED,DIFFERENT,TOP_K_DETAIL_VALIDATION_FAILED,TOP_K_DETAIL_VALIDATION_FAILED,2493,1
KOMSCO_DIRECT_NAVER_FALLBACK,MATCHED,5987,얌샘김밥 대치삼성점,삼성역 얌샘김밥 대치삼성점,naver_local_fallback,AMBIGUOUS,True,ENRICHED:RESOLVED,True,RESOLVED,1,1,SINGLE_CANDIDATE,0,0,얌샘김밥 대치삼성점분식,False,,#,1411505334,DOM_DATA_NLOG,1,PASS,얌샘김밥 대치삼성점분식,서울 강남구 테헤란로104길 12,,CONTAINED,PARTIAL,,,1816,1
KOMSCO_DIRECT_NAVER_FALLBACK,MATCHED,5988,신신사동인동,강남구 신신사동인동,gangnam,NOT_FOUND,True,NO_RESULT,False,NOT_FOUND,1,1,SINGLE_CANDIDATE,0,0,,False,,,,,,NOT_ATTEMPTED,,,,UNKNOWN,UNKNOWN,PLACE_ID_NOT_IN_CANDIDATE_DOM,PLACE_ID_NOT_IN_CANDIDATE_DOM,5622,0
KOMSCO_DIRECT_NAVER_FALLBACK,MATCHED,5994,마라차이즈,선릉역 마라차이즈,station,RESOLVED,False,NOT_REQUIRED,False,RESOLVED,1,1,SINGLE_CANDIDATE,0,0,마라차이즈 선릉역점,False,,#,1764629326,DOM_DATA_NLOG,1,PASS,마라차이즈 선릉역점,서울 강남구 테헤란로64길 13 지상 1층 104호,중식당,CONTAINED,PARTIAL,,,806,1
KOMSCO_DIRECT_NAVER_FALLBACK,MATCHED,6012,록스플레이트,삼성역 록스플레이트,station,RESOLVED,False,NOT_REQUIRED,False,RESOLVED,1,1,SINGLE_CANDIDATE,0,0,록스플레이트,False,,#,19536440,DOM_DATA_NLOG,1,PASS,록스플레이트,서울 강남구 영동대로86길 10 지층 록스플레이트,일식당,EXACT,PARTIAL,,,942,1
KOMSCO_DIRECT_NAVER_FALLBACK,UNMATCHED,6013,긴자카레,선릉역 긴자카레,station,AMBIGUOUS,False,SKIPPED_NO_NAVER_MATCH,False,AMBIGUOUS,1,1,SINGLE_CANDIDATE,0,0,긴자히비키이자카야,False,,https://pcmap.place.naver.com/restaurant/1094704999/home,1094704999,DOM_DATA_NLOG,,FAIL,긴자히비키이자카야,서울 강남구 역삼로 406,,DIFFERENT,DIFFERENT,TOP_K_DETAIL_VALIDATION_FAILED,TOP_K_DETAIL_VALIDATION_FAILED,950,1
KOMSCO_DIRECT_NAVER_FALLBACK,UNMATCHED,6018,담뿍화로된장 대치점,선릉역 담뿍화로된장 대치점,station,AMBIGUOUS,False,SKIPPED_NO_NAVER_MATCH,False,AMBIGUOUS,5,5,QWEN,"0,3,4",0,담뿍화로된장찌개,True,LOW,https://pcmap.place.naver.com/restaurant/37240533/home,37240533,DOM_DATA_NLOG,,FAIL,담뿍화로된장찌개,서울 서초구 서초대로74길 51 롯데골드로즈 1층,,DIFFERENT,DIFFERENT,TOP_K_DETAIL_VALIDATION_FAILED,TOP_K_DETAIL_VALIDATION_FAILED,3557,3
KOMSCO_DIRECT_NAVER_FALLBACK,MATCHED,6022,양가식당,선릉역 양가식당,naver_local_fallback,AMBIGUOUS,True,ENRICHED:RESOLVED,True,RESOLVED,1,1,SINGLE_CANDIDATE,0,0,양가식당양갈비,False,,#,18471966,DOM_DATA_NLOG,1,PASS,양가식당양갈비,서울 강남구 역삼로65길 33 1층 양가식당,양가식당,CONTAINED,PARTIAL,,,1458,1
KOMSCO_DIRECT_NAVER_FALLBACK,UNMATCHED,6026,마이위스키테이블(MY WHISKY TABLE),삼성역 마이위스키테이블(MY WHISKY TABLE),station,AMBIGUOUS,False,SKIPPED_NO_NAVER_MATCH,False,AMBIGUOUS,3,3,QWEN,"0,1,2",0,마이위스키테이블 선릉점바(BAR),True,LOW,https://pcmap.place.naver.com/restaurant/1226339424/home,1226339424,DOM_DATA_NLOG,,FAIL,마이위스키테이블 선릉점바(BAR),서울 강남구 선릉로93길 10 1층,,DIFFERENT,DIFFERENT,TOP_K_DETAIL_VALIDATION_FAILED,TOP_K_DETAIL_VALIDATION_FAILED,3007,3
KOMSCO_DIRECT_NAVER_FALLBACK,UNMATCHED,6037,영등포여로집 강남대치점,강남구 영등포여로집 강남대치점,gangnam,NOT_FOUND,False,SKIPPED_NO_NAVER_MATCH,False,NOT_FOUND,0,0,DETERMINISTIC,,,,False,,,,,,NOT_ATTEMPTED,,,,UNKNOWN,UNKNOWN,NO_CONFIDENT_CANDIDATE,NO_CONFIDENT_CANDIDATE,5685,0
KOMSCO_DIRECT_NAVER_FALLBACK,UNMATCHED,6045,카레마치 삼성역점,강남구 카레마치 삼성역점,gangnam,NOT_FOUND,False,SKIPPED_NO_NAVER_MATCH,False,NOT_FOUND,0,0,DETERMINISTIC,,,,False,,,,,,NOT_ATTEMPTED,,,,UNKNOWN,UNKNOWN,NO_CONFIDENT_CANDIDATE,NO_CONFIDENT_CANDIDATE,5824,0
KOMSCO_DIRECT_NAVER_FALLBACK,UNMATCHED,6049,(주)오디푸드시스템 오발탄대치점,강남구 (주)오디푸드시스템 오발탄대치점,gangnam,NOT_FOUND,False,SKIPPED_NO_NAVER_MATCH,False,NOT_FOUND,0,0,DETERMINISTIC,,,,False,,,,,,NOT_ATTEMPTED,,,,UNKNOWN,UNKNOWN,NO_CONFIDENT_CANDIDATE,NO_CONFIDENT_CANDIDATE,5419,0
KOMSCO_DIRECT_NAVER_FALLBACK,AMBIGUOUS,6060,나폴레옹과자점,도곡역 나폴레옹과자점,station,AMBIGUOUS,False,SKIPPED_NO_NAVER_MATCH,False,AMBIGUOUS,2,2,QWEN,"1,0",1,나폴레옹과자점 롯데백화점 강남점,True,LOW,https://pcmap.place.naver.com/restaurant/1556829469/home,1556829469,DOM_DATA_NLOG,,FAIL,나폴레옹과자점 롯데백화점 강남점,서울 강남구 도곡로 401 지하1층,,CONTAINED,DIFFERENT,TOP_K_DETAIL_VALIDATION_FAILED,TOP_K_DETAIL_VALIDATION_FAILED,3092,2
KOMSCO_DIRECT_NAVER_FALLBACK,UNMATCHED,6070,조은식당,삼성역 조은식당,station,AMBIGUOUS,False,SKIPPED_NO_NAVER_MATCH,False,AMBIGUOUS,4,4,QWEN,"0,1,3",0,조은한식부페한식뷔페,True,LOW,https://pcmap.place.naver.com/restaurant/1606938741/home,1606938741,DOM_DATA_NLOG,,FAIL,조은한식부페한식뷔페,서울 강남구 삼성로72길 5 1층,,DIFFERENT,DIFFERENT,TOP_K_DETAIL_VALIDATION_FAILED,TOP_K_DETAIL_VALIDATION_FAILED,2526,1
KOMSCO_DIRECT_NAVER_FALLBACK,UNMATCHED,6071,별을품은곱창 대치점,강남구 별을품은곱창 대치점,gangnam,NOT_FOUND,False,SKIPPED_NO_NAVER_MATCH,False,NOT_FOUND,0,0,DETERMINISTIC,,,,False,,,,,,NOT_ATTEMPTED,,,,UNKNOWN,UNKNOWN,NO_CONFIDENT_CANDIDATE,NO_CONFIDENT_CANDIDATE,6422,0
KOMSCO_DIRECT_NAVER_FALLBACK,MATCHED,6083,월매네 주막,삼성역 월매네 주막,station,AMBIGUOUS,True,NO_USABLE_CANDIDATE,False,AMBIGUOUS,1,1,SINGLE_CANDIDATE,0,0,월매네주막 삼성점,False,,https://pcmap.place.naver.com/restaurant/18575139/home,18575139,DOM_DATA_NLOG,,FAIL,월매네주막 삼성점,서울 강남구 테헤란로 532,,CONTAINED,DIFFERENT,TOP_K_DETAIL_VALIDATION_FAILED,TOP_K_DETAIL_VALIDATION_FAILED,1065,1
KOMSCO_DIRECT_NAVER_FALLBACK,MATCHED,6091,문짬뽕,학여울역 문짬뽕,naver_local_fallback,NOT_FOUND,True,ENRICHED:NOT_FOUND,False,NOT_FOUND,1,1,SINGLE_CANDIDATE,0,0,,False,,,,,,NOT_ATTEMPTED,,,,UNKNOWN,UNKNOWN,PLACE_ID_NOT_IN_CANDIDATE_DOM,PLACE_ID_NOT_IN_CANDIDATE_DOM,6160,0
KOMSCO_DIRECT_NAVER_FALLBACK,UNMATCHED,6094,신마라명가 마라탕&마라샹궈 강남점,강남구 신마라명가 마라탕&마라샹궈 강남점,gangnam,AMBIGUOUS,False,SKIPPED_NO_NAVER_MATCH,False,AMBIGUOUS,2,2,QWEN,"0,1",0,신마라명가 마라탕&마라샹궈 교대점중식당,True,LOW,https://pcmap.place.naver.com/restaurant/1055371057/home,1055371057,DOM_DATA_NLOG,,FAIL,신마라명가 마라탕&마라샹궈 교대점중식당,서울 서초구 서초대로54길 27 2층,,DIFFERENT,DIFFERENT,TOP_K_DETAIL_VALIDATION_FAILED,TOP_K_DETAIL_VALIDATION_FAILED,8082,2
KOMSCO_DIRECT_NAVER_FALLBACK,AMBIGUOUS,6104,처갓집양념치킨（대치점）,한티역 처갓집양념치킨（대치점）,station,AMBIGUOUS,False,SKIPPED_NO_NAVER_MATCH,False,AMBIGUOUS,1,1,SINGLE_CANDIDATE,0,0,"처갓집양념치킨 대치점치킨,닭강정",False,,https://pcmap.place.naver.com/restaurant/37065452/home,37065452,DOM_DATA_NLOG,,FAIL,"처갓집양념치킨 대치점치킨,닭강정",서울 강남구 선릉로 326 지상1층 6호,,CONTAINED,DIFFERENT,TOP_K_DETAIL_VALIDATION_FAILED,TOP_K_DETAIL_VALIDATION_FAILED,932,1
KOMSCO_DIRECT_NAVER_FALLBACK,MATCHED,6123,크라이치즈버거 삼성역점,삼성역 크라이치즈버거 삼성역점,station,AMBIGUOUS,True,NO_USABLE_CANDIDATE,False,AMBIGUOUS,1,1,SINGLE_CANDIDATE,0,0,크라이치즈버거 삼성역점햄버거,False,,https://pcmap.place.naver.com/restaurant/587929920/home,587929920,DOM_DATA_NLOG,,FAIL,크라이치즈버거 삼성역점햄버거,서울 강남구 테헤란로 616 미래에셋벤처타워 B1층,,CONTAINED,DIFFERENT,TOP_K_DETAIL_VALIDATION_FAILED,TOP_K_DETAIL_VALIDATION_FAILED,948,1
KOMSCO_DIRECT_NAVER_FALLBACK,UNMATCHED,6130,할아버지돈까스,대치역 할아버지돈까스,station,AMBIGUOUS,False,SKIPPED_NO_NAVER_MATCH,False,AMBIGUOUS,1,1,SINGLE_CANDIDATE,0,0,할아버지돈까스양식,False,,https://pcmap.place.naver.com/restaurant/18468391/home,18468391,DOM_DATA_NLOG,,FAIL,할아버지돈까스양식,서울 강남구 삼성로 212 은마아파트,,CONTAINED,DIFFERENT,TOP_K_DETAIL_VALIDATION_FAILED,TOP_K_DETAIL_VALIDATION_FAILED,960,1
KOMSCO_DIRECT_NAVER_FALLBACK,MATCHED,6143,22번가,삼성역 22번가,naver_local_fallback,AMBIGUOUS,True,ENRICHED:RESOLVED,True,RESOLVED,1,1,SINGLE_CANDIDATE,0,0,22번가와인,False,,#,12800744,DOM_DATA_NLOG,1,PASS,22번가와인,서울 강남구 삼성로82길 15,,CONTAINED,PARTIAL,,,1705,1
KOMSCO_DIRECT_NAVER_FALLBACK,MATCHED,6151,엠브이샤브샤브,대치역 엠브이샤브샤브,naver_local_fallback,AMBIGUOUS,True,ENRICHED:RESOLVED,True,RESOLVED,1,1,SINGLE_CANDIDATE,0,0,엠브이샤브샤브샤브샤브,False,,#,36444227,DOM_DATA_NLOG,1,PASS,엠브이샤브샤브샤브샤브,서울 강남구 남부순환로 2936 윈플러스상가 지하1층 105호,,CONTAINED,PARTIAL,,,1752,1
KOMSCO_DIRECT_NAVER_FALLBACK,MATCHED,6157,칠리향 마라탕 대치점,한티역 칠리향 마라탕 대치점,naver_local_fallback,AMBIGUOUS,True,ENRICHED:RESOLVED,True,RESOLVED,1,1,SINGLE_CANDIDATE,0,0,칠리향 마라탕 대치점중식당,False,,#,1994293933,DOM_DATA_NLOG,1,PASS,칠리향 마라탕 대치점중식당,서울 강남구 도곡로77길 7 102호,,CONTAINED,PARTIAL,,,3930,1
KOMSCO_DIRECT_NAVER_FALLBACK,MATCHED,6158,칠랑고,선릉역 칠랑고,station,AMBIGUOUS,True,NO_USABLE_CANDIDATE,False,AMBIGUOUS,1,1,SINGLE_CANDIDATE,0,0,칠랑고 선릉본점,False,,https://pcmap.place.naver.com/restaurant/707597914/home,707597914,DOM_DATA_NLOG,,FAIL,칠랑고 선릉본점,서울 강남구 역삼로67길 19 1층,선릉역 1번 출구에서 [선릉역 맛집 칠랑고 찾아오시는길] <지하철 이용 시> -선릉역 2호선 1번 출구에서 도보 약 1분 소요되며 445m거리에 위치하고 있습니다. -한티역 수인분당선 1번출구에서 도보 약 ...,CONTAINED,DIFFERENT,TOP_K_DETAIL_VALIDATION_FAILED,TOP_K_DETAIL_VALIDATION_FAILED,1023,1
KOMSCO_DIRECT_NAVER_FALLBACK,MATCHED,6160,온복비빔국수,선릉역 온복비빔국수,station,RESOLVED,False,NOT_REQUIRED,False,RESOLVED,1,1,SINGLE_CANDIDATE,0,0,온복비빔국수국수,False,,#,1654632934,DOM_DATA_NLOG,1,PASS,온복비빔국수국수,서울 강남구 선릉로 402 지상1층 102호,,CONTAINED,PARTIAL,,,858,1
KOMSCO_DIRECT_NAVER_FALLBACK,MATCHED,6173,프랭크버거 대치점,한티역 프랭크버거 대치점,naver_local_fallback,AMBIGUOUS,True,ENRICHED:RESOLVED,True,RESOLVED,1,1,SINGLE_CANDIDATE,0,0,프랭크버거 대치점햄버거,False,,#,1965994028,DOM_DATA_NLOG,1,PASS,프랭크버거 대치점햄버거,서울 강남구 도곡로77길 3 101호,,CONTAINED,PARTIAL,,,1876,1
KOMSCO_DIRECT_NAVER_FALLBACK,UNMATCHED,6181,순천만,강남구 순천만,gangnam,AMBIGUOUS,False,SKIPPED_NO_NAVER_MATCH,False,AMBIGUOUS,3,3,QWEN,"1,0,2",1,순천만갯벌낙지낙지요리,True,HIGH,https://pcmap.place.naver.com/restaurant/1002276439/home,1002276439,DOM_DATA_NLOG,,FAIL,순천만갯벌낙지낙지요리,서울 광진구 천호대로143길 8-7,,CONTAINED,DIFFERENT,TOP_K_DETAIL_VALIDATION_FAILED,TOP_K_DETAIL_VALIDATION_FAILED,8186,3
KOMSCO_DIRECT_NAVER_FALLBACK,MATCHED,6184,밀양손만두,삼성역 밀양손만두,naver_local_fallback,AMBIGUOUS,True,ENRICHED:RESOLVED,True,RESOLVED,1,1,SINGLE_CANDIDATE,0,0,밀양손만두만두,False,,#,1347261647,DOM_DATA_NLOG,1,PASS,밀양손만두만두,서울 강남구 테헤란로 504 지하1층 2호,,CONTAINED,PARTIAL,,,1801,1
KOMSCO_DIRECT_NAVER_FALLBACK,MATCHED,6187,파스쿠찌 포스코센터,선릉역 파스쿠찌 포스코센터,station,RESOLVED,False,NOT_REQUIRED,False,RESOLVED,1,1,SINGLE_CANDIDATE,0,0,파스쿠찌 포스코센터점,False,,#,13358394,DOM_DATA_NLOG,1,PASS,파스쿠찌 포스코센터점,서울 강남구 테헤란로78길 12 MSA빌딩 1층 파스쿠찌,지하철:선릉역 1번 출구 직진 480M DB와 POSCO사이 오른쪽 길로 올라오면 우측CU지나자 마자 1층에 위치 버스: 포스코센터사거리 정류장에서 하차->도보이동(5분),CONTAINED,PARTIAL,,,901,1
KOMSCO_DIRECT_NAVER_FALLBACK,MATCHED,6189,언플러그드,대치역 언플러그드,station,AMBIGUOUS,True,NO_USABLE_CANDIDATE,False,AMBIGUOUS,1,1,SINGLE_CANDIDATE,0,0,"언플러그드맥주,호프",False,,https://pcmap.place.naver.com/restaurant/1419503815/home,1419503815,DOM_DATA_NLOG,,FAIL,"언플러그드맥주,호프",서울 강남구 도곡로84길 6,,CONTAINED,DIFFERENT,TOP_K_DETAIL_VALIDATION_FAILED,TOP_K_DETAIL_VALIDATION_FAILED,1010,1
KOMSCO_DIRECT_NAVER_FALLBACK,UNMATCHED,6193,모구모구돈부리(もぐもぐ どんぶり),강남구 모구모구돈부리(もぐもぐ どんぶり),gangnam,NOT_FOUND,False,SKIPPED_NO_NAVER_MATCH,False,NOT_FOUND,0,0,DETERMINISTIC,,,,False,,,,,,NOT_ATTEMPTED,,,,UNKNOWN,UNKNOWN,NO_CONFIDENT_CANDIDATE,NO_CONFIDENT_CANDIDATE,5571,0
KOMSCO_DIRECT_NAVER_FALLBACK,UNMATCHED,6200,본 죽&비빔밥 선릉점,선릉역 본 죽&비빔밥 선릉점,station,AMBIGUOUS,False,SKIPPED_NO_NAVER_MATCH,False,AMBIGUOUS,1,1,SINGLE_CANDIDATE,0,0,본죽&비빔밥cafe 선릉점,False,,https://pcmap.place.naver.com/restaurant/750287693/home,750287693,DOM_DATA_NLOG,,FAIL,본죽&비빔밥cafe 선릉점,서울 강남구 선릉로 424 2층,,DIFFERENT,DIFFERENT,TOP_K_DETAIL_VALIDATION_FAILED,TOP_K_DETAIL_VALIDATION_FAILED,1328,1
KOMSCO_DIRECT_NAVER_FALLBACK,AMBIGUOUS,6203,가마로강정 한티점,선릉역 가마로강정 한티점,station,AMBIGUOUS,False,SKIPPED_NO_NAVER_MATCH,False,AMBIGUOUS,1,1,SINGLE_CANDIDATE,0,0,가마로강정 한티점,False,,https://pcmap.place.naver.com/restaurant/1086399745/home,1086399745,DOM_DATA_NLOG,,FAIL,가마로강정 한티점,서울 강남구 역삼로63길 21 2층,,EXACT,DIFFERENT,TOP_K_DETAIL_VALIDATION_FAILED,TOP_K_DETAIL_VALIDATION_FAILED,967,1
KOMSCO_DIRECT_NAVER_FALLBACK,UNMATCHED,6206,제일칼국수,강남구 제일칼국수,gangnam,AMBIGUOUS,False,SKIPPED_NO_NAVER_MATCH,False,AMBIGUOUS,4,4,QWEN,"0,1,2",0,제일제면소 구의이스트폴점국수,True,LOW,https://pcmap.place.naver.com/restaurant/2094763457/home,2094763457,DOM_DATA_NLOG,,FAIL,제일제면소 구의이스트폴점국수,서울 광진구 아차산로 402 NC이스트폴 B1층 제일제면소,,DIFFERENT,DIFFERENT,TOP_K_DETAIL_VALIDATION_FAILED,TOP_K_DETAIL_VALIDATION_FAILED,8441,3
KOMSCO_DIRECT_NAVER_FALLBACK,MATCHED,6208,보리수,삼성역 보리수,station,RESOLVED,False,NOT_REQUIRED,False,RESOLVED,3,3,QWEN,"0,1,2",0,보리수한식,True,LOW,#,18466450,DOM_DATA_NLOG,1,PASS,보리수한식,서울 강남구 삼성로82길 25,,CONTAINED,PARTIAL,,,2783,1
KOMSCO_DIRECT_NAVER_FALLBACK,MATCHED,6213,미소야 대치2호점,한티역 미소야 대치2호점,naver_local_fallback,AMBIGUOUS,True,ENRICHED:RESOLVED,True,RESOLVED,1,1,SINGLE_CANDIDATE,0,0,미소야 대치2호점돈가스,False,,#,11761292,DOM_DATA_NLOG,1,PASS,미소야 대치2호점돈가스,서울 강남구 삼성로61길 22 1층 101,,CONTAINED,PARTIAL,,,1971,1
KOMSCO_DIRECT_NAVER_FALLBACK,UNMATCHED,6234,선릉 대치 삼성 맛집 댓짱돈까스,강남구 선릉 대치 삼성 맛집 댓짱돈까스,gangnam,NOT_FOUND,False,SKIPPED_NO_NAVER_MATCH,False,NOT_FOUND,0,0,DETERMINISTIC,,,,False,,,,,,NOT_ATTEMPTED,,,,UNKNOWN,UNKNOWN,NO_CONFIDENT_CANDIDATE,NO_CONFIDENT_CANDIDATE,5682,0
KOMSCO_DIRECT_NAVER_FALLBACK,AMBIGUOUS,6249,파리바게트 대치포스코점,선릉역 파리바게트 대치포스코점,station,AMBIGUOUS,False,SKIPPED_NO_NAVER_MATCH,False,AMBIGUOUS,1,1,SINGLE_CANDIDATE,0,0,파리바게뜨 대치포스코점베이커리,False,,https://pcmap.place.naver.com/restaurant/20641440/home,20641440,DOM_DATA_NLOG,,FAIL,파리바게뜨 대치포스코점베이커리,"서울 강남구 삼성로85길 11 롯데캐슬아파트 생활편의시설동 B1,B2호[포스코센터 뒤쪽]",,DIFFERENT,PARTIAL,TOP_K_DETAIL_VALIDATION_FAILED,TOP_K_DETAIL_VALIDATION_FAILED,1131,1
KOMSCO_DIRECT_NAVER_FALLBACK,UNMATCHED,6256,주식회사플라넌,강남구 주식회사플라넌,gangnam,NOT_FOUND,False,SKIPPED_NO_NAVER_MATCH,False,NOT_FOUND,0,0,DETERMINISTIC,,,,False,,,,,,NOT_ATTEMPTED,,,,UNKNOWN,UNKNOWN,NO_CONFIDENT_CANDIDATE,NO_CONFIDENT_CANDIDATE,5497,0
KOMSCO_DIRECT_NAVER_FALLBACK,UNMATCHED,6257,초량돼지,대치동 초량돼지,dong,AMBIGUOUS,False,SKIPPED_NO_NAVER_MATCH,False,AMBIGUOUS,1,1,SINGLE_CANDIDATE,0,0,본초량,False,,https://pcmap.place.naver.com/restaurant/2052069784/home,2052069784,DOM_DATA_NLOG,,FAIL,본초량,서울 송파구 백제고분로9길 31 1층,,DIFFERENT,DIFFERENT,TOP_K_DETAIL_VALIDATION_FAILED,TOP_K_DETAIL_VALIDATION_FAILED,3363,1
KOMSCO_DIRECT_NAVER_FALLBACK,MATCHED,6260,올어라운드,삼성역 올어라운드,station,RESOLVED,False,NOT_REQUIRED,False,RESOLVED,1,1,SINGLE_CANDIDATE,0,0,"올어라운드 커피카페,디저트",False,,#,38500977,DOM_DATA_NLOG,1,PASS,"올어라운드 커피카페,디저트",서울 강남구 영동대로85길 20-7 1층,,CONTAINED,PARTIAL,,,871,1
KOMSCO_DIRECT_NAVER_FALLBACK,MATCHED,6261,히라이,선릉역 히라이,naver_local_fallback,AMBIGUOUS,True,ENRICHED:RESOLVED,True,RESOLVED,1,1,SINGLE_CANDIDATE,0,0,히라이중식당,False,,#,13052928,DOM_DATA_NLOG,1,PASS,히라이중식당,서울 강남구 역삼로63길 24 2층 히라이,중식당,CONTAINED,PARTIAL,,,1844,1
KOMSCO_DIRECT_NAVER_FALLBACK,MATCHED,6265,참치공방(선릉점),선릉역 참치공방(선릉점),station,AMBIGUOUS,True,NO_USABLE_CANDIDATE,False,AMBIGUOUS,1,1,SINGLE_CANDIDATE,0,0,참치공방 선릉점생선회,False,,https://pcmap.place.naver.com/restaurant/1351749376/home,1351749376,DOM_DATA_NLOG,,FAIL,참치공방 선릉점생선회,서울 강남구 삼성로85길 39 2층,1. 자하철 이용시 선릉역 1번출구에서 나와 300m 직진(4분) -> 던킨도너츠건물(KT타워)과 LA PLACE건물(대치타워) 사이 골목 진입후 200m 직진(3분) -> 좌측 두번째 건물(가리온빌딩) 2층. 2. 버...,CONTAINED,DIFFERENT,TOP_K_DETAIL_VALIDATION_FAILED,TOP_K_DETAIL_VALIDATION_FAILED,1218,1
KOMSCO_DIRECT_NAVER_FALLBACK,MATCHED,6266,명가 막회집,삼성역 명가 막회집,station,RESOLVED,False,NOT_REQUIRED,False,RESOLVED,1,1,SINGLE_CANDIDATE,0,0,명가막회집생선회,False,,#,1011789728,DOM_DATA_NLOG,1,PASS,명가막회집생선회,서울 강남구 영동대로86길 18 지하1층,,CONTAINED,PARTIAL,,,1234,1
KOMSCO_DIRECT_NAVER_FALLBACK,MATCHED,6282,호우양꼬치,선릉역 호우양꼬치,station,RESOLVED,False,NOT_REQUIRED,False,RESOLVED,1,1,SINGLE_CANDIDATE,0,0,호우양꼬치 대치점양꼬치,False,,#,1170176187,DOM_DATA_NLOG,1,PASS,호우양꼬치 대치점양꼬치,서울 강남구 선릉로86길 34 금아빌딩2층,,CONTAINED,PARTIAL,,,697,1
KOMSCO_DIRECT_NAVER_FALLBACK,MATCHED,6287,성북동왕돈까스,강남구 성북동왕돈까스,gangnam,NOT_FOUND,True,NO_USABLE_CANDIDATE,False,NOT_FOUND,1,1,SINGLE_CANDIDATE,0,0,,False,,,,,,NOT_ATTEMPTED,,,,UNKNOWN,UNKNOWN,PLACE_ID_NOT_IN_CANDIDATE_DOM,PLACE_ID_NOT_IN_CANDIDATE_DOM,5570,0
KOMSCO_DIRECT_NAVER_FALLBACK,UNMATCHED,6290,중화주가 명정루,선릉역 중화주가 명정루,station,AMBIGUOUS,False,SKIPPED_NO_NAVER_MATCH,False,AMBIGUOUS,1,1,SINGLE_CANDIDATE,0,0,명정루 선릉본점,False,,https://pcmap.place.naver.com/restaurant/1542291051/home,1542291051,DOM_DATA_NLOG,,FAIL,명정루 선릉본점,서울 강남구 테헤란로70길 12 1층,중식당,DIFFERENT,DIFFERENT,TOP_K_DETAIL_VALIDATION_FAILED,TOP_K_DETAIL_VALIDATION_FAILED,860,1
KOMSCO_DIRECT_NAVER_FALLBACK,MATCHED,6296,강남면옥 대치점,한티역 강남면옥 대치점,naver_local_fallback,AMBIGUOUS,True,ENRICHED:RESOLVED,True,RESOLVED,1,1,SINGLE_CANDIDATE,0,0,강남면옥 대치점냉면,False,,#,19882439,DOM_DATA_NLOG,1,PASS,강남면옥 대치점냉면,서울 강남구 도곡로 428 웰리스빌딩 1층,,CONTAINED,PARTIAL,,,1665,1
KOMSCO_DIRECT_NAVER_FALLBACK,MATCHED,6309,구좌리얼크니손칼국수 강남대치직영점,대치역 구좌리얼크니손칼국수 강남대치직영점,naver_local_fallback,AMBIGUOUS,True,ENRICHED:RESOLVED,True,RESOLVED,1,1,SINGLE_CANDIDATE,0,0,"구좌리얼크니손칼국수 강남대치직영점칼국수,만두",False,,#,1282751787,DOM_DATA_NLOG,1,PASS,"구좌리얼크니손칼국수 강남대치직영점칼국수,만두",서울 강남구 남부순환로 2913 동하빌딩 B1층 구좌리얼크니손칼국수 강남대치직영점,,CONTAINED,PARTIAL,,,1716,1
KOMSCO_DIRECT_NAVER_FALLBACK,UNMATCHED,6315,(주)광양본가,학여울역 (주)광양본가,station,AMBIGUOUS,False,SKIPPED_NO_NAVER_MATCH,False,AMBIGUOUS,1,1,SINGLE_CANDIDATE,0,0,광양불고기본가,False,,https://pcmap.place.naver.com/restaurant/11718740/home,11718740,DOM_DATA_NLOG,,FAIL,광양불고기본가,서울 강남구 도곡로99길 16,,DIFFERENT,PARTIAL,TOP_K_DETAIL_VALIDATION_FAILED,TOP_K_DETAIL_VALIDATION_FAILED,887,1
KOMSCO_DIRECT_NAVER_FALLBACK,MATCHED,6319,명동칼국수,삼성역 명동칼국수,station,RESOLVED,False,NOT_REQUIRED,False,RESOLVED,8,5,QWEN,"4,0,1",1,"명동칼국수칼국수,만두",True,LOW,#,1551854356,DOM_DATA_NLOG,3,PASS,"명동칼국수칼국수,만두",서울 강남구 영동대로86길 18,,CONTAINED,PARTIAL,,,3010,2
KOMSCO_DIRECT_NAVER_FALLBACK,MATCHED,6328,하남돼지집 대치은마점,대치역 하남돼지집 대치은마점,station,AMBIGUOUS,True,NO_RESULT,False,AMBIGUOUS,1,1,SINGLE_CANDIDATE,0,0,하남돼지집 대치은마점,False,,https://pcmap.place.naver.com/restaurant/36924806/home,36924806,DOM_DATA_NLOG,,FAIL,하남돼지집 대치은마점,서울 강남구 삼성로58길 9 1층 하남돼지집,,EXACT,DIFFERENT,TOP_K_DETAIL_VALIDATION_FAILED,TOP_K_DETAIL_VALIDATION_FAILED,938,1
KOMSCO_DIRECT_NAVER_FALLBACK,MATCHED,6338,보돌미역 강남포스코점,선릉역 보돌미역 강남포스코점,station,RESOLVED,False,NOT_REQUIRED,False,RESOLVED,1,1,SINGLE_CANDIDATE,0,0,"보돌미역 강남포스코점백반,가정식",False,,#,1800110701,DOM_DATA_NLOG,1,PASS,"보돌미역 강남포스코점백반,가정식",서울 강남구 삼성로85길 11 생활편의시설동 1층,,CONTAINED,PARTIAL,,,955,1
KOMSCO_DIRECT_NAVER_FALLBACK,MATCHED,6339,길포차,선릉역 길포차,station,RESOLVED,False,NOT_REQUIRED,False,RESOLVED,1,1,SINGLE_CANDIDATE,0,0,길포차,False,,#,39948622,DOM_DATA_NLOG,1,PASS,길포차,서울 강남구 삼성로75길 26 1층 길포차,,EXACT,PARTIAL,,,824,1
KOMSCO_DIRECT_NAVER_FALLBACK,AMBIGUOUS,6347,삼성족발,삼성역 삼성족발,station,AMBIGUOUS,False,SKIPPED_NO_NAVER_MATCH,False,AMBIGUOUS,9,5,QWEN,"1,0,4",1,사또족발 삼성본점,True,HIGH,https://pcmap.place.naver.com/restaurant/37690344/home,37690344,DOM_DATA_NLOG,,FAIL,사또족발 삼성본점,서울 강남구 봉은사로 478 1층 사또족발,,DIFFERENT,DIFFERENT,TOP_K_DETAIL_VALIDATION_FAILED,TOP_K_DETAIL_VALIDATION_FAILED,3616,3
KOMSCO_DIRECT_NAVER_FALLBACK,MATCHED,6352,길농원,삼성역 길농원,station,RESOLVED,False,NOT_REQUIRED,False,RESOLVED,1,1,SINGLE_CANDIDATE,0,0,길농원 대치점오리요리,False,,#,34520779,DOM_DATA_NLOG,1,PASS,길농원 대치점오리요리,서울 강남구 테헤란로108길 28 길농원 대치점,,CONTAINED,PARTIAL,,,990,1
KOMSCO_DIRECT_NAVER_FALLBACK,UNMATCHED,6355,맛자랑,대치역 맛자랑,station,AMBIGUOUS,False,SKIPPED_NO_NAVER_MATCH,False,AMBIGUOUS,3,3,QWEN,"0,1,2",0,맛자랑한식,True,LOW,https://pcmap.place.naver.com/restaurant/1337502250/home,1337502250,DOM_DATA_NLOG,,FAIL,맛자랑한식,서울 강남구 선릉로 524 107호 맛자랑,※ 무료주차 안내(2시간) 매장 건물 내 넓은 무료주차 공간이 마련되어 있어 주차 걱정 없이 편하게 방문하실 수 있습니다. ※ 선릉역 맛집 <맛자랑> 오시는 길 안내 [지하철 이용방법] - 선릉역 8번 출구 하...,CONTAINED,DIFFERENT,TOP_K_DETAIL_VALIDATION_FAILED,TOP_K_DETAIL_VALIDATION_FAILED,2751,2
KOMSCO_DIRECT_NAVER_FALLBACK,MATCHED,6357,죠샌드위치 포스코사거리점,선릉역 죠샌드위치 포스코사거리점,naver_local_fallback,AMBIGUOUS,True,ENRICHED:RESOLVED,True,RESOLVED,1,1,SINGLE_CANDIDATE,0,0,죠샌드위치 포스코사거리점샌드위치,False,,#,33157975,DOM_DATA_NLOG,1,PASS,죠샌드위치 포스코사거리점샌드위치,서울 강남구 삼성로85길 42 대치동대우아이빌멤버스,,CONTAINED,PARTIAL,,,1904,1
KOMSCO_DIRECT_NAVER_FALLBACK,MATCHED,6364,은마골,대치역 은마골,naver_local_fallback,AMBIGUOUS,True,ENRICHED:RESOLVED,True,RESOLVED,1,1,SINGLE_CANDIDATE,0,0,은마골한식,False,,#,1678422847,DOM_DATA_NLOG,1,PASS,은마골한식,서울 강남구 도곡로 510,,CONTAINED,PARTIAL,,,1589,1
KOMSCO_DIRECT_NAVER_FALLBACK,MATCHED,6371,연타발,선릉역 연타발,station,AMBIGUOUS,True,NO_RESULT,False,AMBIGUOUS,2,2,QWEN,"1,0",1,"연타발 선릉점곱창,막창,양",True,HIGH,https://pcmap.place.naver.com/restaurant/35927543/home,35927543,DOM_DATA_NLOG,,FAIL,"연타발 선릉점곱창,막창,양",서울 강남구 테헤란로 428 대우아이빌 1F (대치동 891-6),,CONTAINED,DIFFERENT,TOP_K_DETAIL_VALIDATION_FAILED,TOP_K_DETAIL_VALIDATION_FAILED,2663,2
KOMSCO_DIRECT_NAVER_FALLBACK,MATCHED,6376,제주몬트락 한티점,한티역 제주몬트락 한티점,station,AMBIGUOUS,True,NO_RESULT,False,AMBIGUOUS,1,1,SINGLE_CANDIDATE,0,0,제주몬트락 한티점,False,,https://pcmap.place.naver.com/restaurant/956989490/home,956989490,DOM_DATA_NLOG,,FAIL,제주몬트락 한티점,서울 강남구 선릉로64길 11-4,,EXACT,DIFFERENT,TOP_K_DETAIL_VALIDATION_FAILED,TOP_K_DETAIL_VALIDATION_FAILED,801,1
KOMSCO_DIRECT_NAVER_FALLBACK,AMBIGUOUS,6378,창포,한티역 창포,station,RESOLVED,False,NOT_REQUIRED,False,RESOLVED,1,1,SINGLE_CANDIDATE,0,0,창포한식,False,,#,13323600,DOM_DATA_NLOG,1,PASS,창포한식,서울 강남구 선릉로62길 19,,CONTAINED,PARTIAL,,,811,1
KOMSCO_DIRECT_NAVER_FALLBACK,UNMATCHED,6380,명,선릉역 명,station,AMBIGUOUS,False,SKIPPED_NO_NAVER_MATCH,False,AMBIGUOUS,9,5,QWEN,"0,1,2",0,명정보기술 강남지점,True,LOW,https://pcmap.place.naver.com/restaurant/11525975/home,11525975,DOM_DATA_NLOG,,FAIL,명정보기술 강남지점,서울 강남구 테헤란로83길 32 나라키움 삼성동A빌딩 4층 401호,,CONTAINED,DIFFERENT,TOP_K_DETAIL_VALIDATION_FAILED,TOP_K_DETAIL_VALIDATION_FAILED,2860,1
KOMSCO_DIRECT_NAVER_FALLBACK,UNMATCHED,6382,진대감 차돌삼합 선릉점,선릉역 진대감 차돌삼합 선릉점,station,AMBIGUOUS,False,SKIPPED_NO_NAVER_MATCH,False,AMBIGUOUS,1,1,SINGLE_CANDIDATE,0,0,진대감 선릉점,False,,https://pcmap.place.naver.com/restaurant/34590424/home,34590424,DOM_DATA_NLOG,,FAIL,진대감 선릉점,서울 강남구 테헤란로70길 25 백합힐 1층,,DIFFERENT,DIFFERENT,TOP_K_DETAIL_VALIDATION_FAILED,TOP_K_DETAIL_VALIDATION_FAILED,804,1
KOMSCO_DIRECT_NAVER_FALLBACK,MATCHED,6390,(주)스카이푸드이과,강남구 (주)스카이푸드이과,gangnam,NOT_FOUND,True,NO_RESULT,False,NOT_FOUND,1,1,SINGLE_CANDIDATE,0,0,,False,,,,,,NOT_ATTEMPTED,,,,UNKNOWN,UNKNOWN,PLACE_ID_NOT_IN_CANDIDATE_DOM,PLACE_ID_NOT_IN_CANDIDATE_DOM,5362,0
KOMSCO_DIRECT_NAVER_FALLBACK,MATCHED,6399,백년그집,학여울역 백년그집,naver_local_fallback,AMBIGUOUS,True,ENRICHED:AMBIGUOUS,False,AMBIGUOUS,1,1,SINGLE_CANDIDATE,0,0,백년그집,False,,https://pcmap.place.naver.com/restaurant/37867544/home,37867544,DOM_DATA_NLOG,,FAIL,백년그집,1. 자동차 네비 [서울 강남구 영동대로 221 서림상가] <주차가능> 매장 주위 약 10대의 주차공간 보유 ( 식사시 1시간 30분 무료 ) 2. 지하철 학여울역(3호선) 1번 출구에서 도보 약 6분 (463m) 3. 버스 ...,1. 자동차 네비 [서울 강남구 영동대로 221 서림상가] <주차가능> 매장 주위 약 10대의 주차공간 보유 ( 식사시 1시간 30분 무료 ) 2. 지하철 학여울역(3호선) 1번 출구에서 도보 약 6분 (463m) 3. 버스 ...,EXACT,DIFFERENT,TOP_K_DETAIL_VALIDATION_FAILED,TOP_K_DETAIL_VALIDATION_FAILED,1755,1
KOMSCO_DIRECT_NAVER_FALLBACK,UNMATCHED,6402,롯데스넥바,강남구 롯데스넥바,gangnam,NOT_FOUND,False,SKIPPED_NO_NAVER_MATCH,False,NOT_FOUND,0,0,DETERMINISTIC,,,,False,,,,,,NOT_ATTEMPTED,,,,UNKNOWN,UNKNOWN,NO_CONFIDENT_CANDIDATE,NO_CONFIDENT_CANDIDATE,5681,0
KOMSCO_DIRECT_NAVER_FALLBACK,AMBIGUOUS,6404,장독대,학여울역 장독대,station,AMBIGUOUS,False,SKIPPED_NO_NAVER_MATCH,False,AMBIGUOUS,1,1,SINGLE_CANDIDATE,0,0,장독대,False,,https://pcmap.place.naver.com/restaurant/1501035825/home,1501035825,DOM_DATA_NLOG,,FAIL,장독대,서울 강남구 영동대로 221 서림상가 뒷편1층 1호,,EXACT,DIFFERENT,TOP_K_DETAIL_VALIDATION_FAILED,TOP_K_DETAIL_VALIDATION_FAILED,841,1
KOMSCO_DIRECT_NAVER_FALLBACK,MATCHED,6410,와려,삼성역 와려,naver_local_fallback,AMBIGUOUS,True,ENRICHED:RESOLVED,True,RESOLVED,1,1,SINGLE_CANDIDATE,0,0,와려,False,,#,1249521238,DOM_DATA_NLOG,1,PASS,와려,서울 강남구 테헤란로98길 28 2층 2호,,EXACT,PARTIAL,,,1642,1
KOMSCO_DIRECT_NAVER_FALLBACK,MATCHED,6411,육미식탁,선릉역 육미식탁,naver_local_fallback,AMBIGUOUS,True,ENRICHED:RESOLVED,True,RESOLVED,1,1,SINGLE_CANDIDATE,0,0,"육미식탁육류,고기요리",False,,#,1189891618,DOM_DATA_NLOG,1,PASS,"육미식탁육류,고기요리",서울 강남구 선릉로76길 22 1층 우리빌딩 육미식탁,,CONTAINED,PARTIAL,,,1603,1
KOMSCO_DIRECT_NAVER_FALLBACK,MATCHED,6413,동경규동 선릉점,선릉역 동경규동 선릉점,station,AMBIGUOUS,True,NO_USABLE_CANDIDATE,False,AMBIGUOUS,1,1,SINGLE_CANDIDATE,0,0,동경규동 선릉점덮밥,False,,https://pcmap.place.naver.com/restaurant/1366690105/home,1366690105,DOM_DATA_NLOG,,FAIL,동경규동 선릉점덮밥,서울 강남구 선릉로 420 1층 2호,,CONTAINED,DIFFERENT,TOP_K_DETAIL_VALIDATION_FAILED,TOP_K_DETAIL_VALIDATION_FAILED,1113,1
KOMSCO_DIRECT_NAVER_FALLBACK,UNMATCHED,6414,원조해장촌 뼈구이한판 감자탕 선릉역점,강남구 원조해장촌 뼈구이한판 감자탕 선릉역점,gangnam,NOT_FOUND,False,SKIPPED_NO_NAVER_MATCH,False,NOT_FOUND,0,0,DETERMINISTIC,,,,False,,,,,,NOT_ATTEMPTED,,,,UNKNOWN,UNKNOWN,NO_CONFIDENT_CANDIDATE,NO_CONFIDENT_CANDIDATE,5733,0
KOMSCO_DIRECT_NAVER_FALLBACK,UNMATCHED,6427,대치우리학원,대치역 대치우리학원,station,AMBIGUOUS,False,SKIPPED_NO_NAVER_MATCH,False,AMBIGUOUS,1,1,SINGLE_CANDIDATE,0,0,"대치우리학원교습학원,교습소",False,,https://pcmap.place.naver.com/restaurant/13160558/home,13160558,DOM_DATA_NLOG,,FAIL,"대치우리학원교습학원,교습소",서울 강남구 도곡로 526 2층,,CONTAINED,DIFFERENT,TOP_K_DETAIL_VALIDATION_FAILED,TOP_K_DETAIL_VALIDATION_FAILED,910,1
KOMSCO_DIRECT_NAVER_FALLBACK,MATCHED,6433,어원,대치역 어원,station,RESOLVED,False,NOT_REQUIRED,False,RESOLVED,2,2,QWEN,"0,1",0,"어원해물,생선요리",True,LOW,#,1129695817,DOM_DATA_NLOG,1,PASS,"어원해물,생선요리",서울 강남구 삼성로58길 13,,CONTAINED,PARTIAL,,,2210,1
KOMSCO_DIRECT_NAVER_FALLBACK,MATCHED,6442,오로라 김밥,한티역 오로라 김밥,naver_local_fallback,AMBIGUOUS,True,ENRICHED:RESOLVED,True,RESOLVED,1,1,SINGLE_CANDIDATE,0,0,오로라 김밥,False,,#,1514591801,DOM_DATA_NLOG,1,PASS,오로라 김밥,오로라 김밥은 롯데백화점 앞 한티역 2번 출구에서 약 200미터 거리에 위치해있습니다. 자차이용시:강남구 도곡로 77길 6. 1층 오로라 김밥,,EXACT,PARTIAL,,,1701,1
KOMSCO_DIRECT_NAVER_FALLBACK,UNMATCHED,6444,대치2동보장협의체,강남구 대치2동보장협의체,gangnam,NOT_FOUND,False,SKIPPED_NO_NAVER_MATCH,False,NOT_FOUND,0,0,DETERMINISTIC,,,,False,,,,,,NOT_ATTEMPTED,,,,UNKNOWN,UNKNOWN,NO_CONFIDENT_CANDIDATE,NO_CONFIDENT_CANDIDATE,5459,0
KOMSCO_DIRECT_NAVER_FALLBACK,MATCHED,6450,오하라,학여울역 오하라,station,AMBIGUOUS,True,NO_USABLE_CANDIDATE,False,AMBIGUOUS,1,1,SINGLE_CANDIDATE,0,0,오하라일식당,False,,https://pcmap.place.naver.com/restaurant/1515105779/home,1515105779,DOM_DATA_NLOG,,FAIL,오하라일식당,서울 강남구 도곡로99길 23 103호,일식당,CONTAINED,DIFFERENT,TOP_K_DETAIL_VALIDATION_FAILED,TOP_K_DETAIL_VALIDATION_FAILED,855,1
KOMSCO_DIRECT_NAVER_FALLBACK,MATCHED,6457,최가네버섯샤브매운탕칼국수 대치점,한티역 최가네버섯샤브매운탕칼국수 대치점,naver_local_fallback,AMBIGUOUS,True,ENRICHED:RESOLVED,True,RESOLVED,1,1,SINGLE_CANDIDATE,0,0,최가네버섯샤브매운탕칼국수 대치점,False,,#,18577418,DOM_DATA_NLOG,1,PASS,최가네버섯샤브매운탕칼국수 대치점,서울 강남구 선릉로64길 20 2층 최가네버섯샤브매운탕칼국수 대치점,한식,EXACT,PARTIAL,,,1759,1
KOMSCO_DIRECT_NAVER_FALLBACK,MATCHED,6461,강남누룽지,대치역 강남누룽지,station,RESOLVED,False,NOT_REQUIRED,False,RESOLVED,6,5,QWEN,"0,2,1",0,강남누룽지,True,LOW,#,1461888894,DOM_DATA_NLOG,1,PASS,강남누룽지,서울 강남구 삼성로 212 B블럭 1층 172호,,EXACT,PARTIAL,,,2564,1
KOMSCO_DIRECT_NAVER_FALLBACK,AMBIGUOUS,6466,명성황후,학여울역 명성황후,station,AMBIGUOUS,False,SKIPPED_NO_NAVER_MATCH,False,AMBIGUOUS,1,1,SINGLE_CANDIDATE,0,0,명성황후종합분식,False,,https://pcmap.place.naver.com/restaurant/38633045/home,38633045,DOM_DATA_NLOG,,FAIL,명성황후종합분식,서울 강남구 삼성로 150 한보미도맨션,,CONTAINED,DIFFERENT,TOP_K_DETAIL_VALIDATION_FAILED,TOP_K_DETAIL_VALIDATION_FAILED,1284,1
KOMSCO_DIRECT_NAVER_FALLBACK,UNMATCHED,6481,안동국시소호정,삼성역 안동국시소호정,station,AMBIGUOUS,False,SKIPPED_NO_NAVER_MATCH,False,AMBIGUOUS,1,1,SINGLE_CANDIDATE,0,0,소호정 대치점국수,False,,https://pcmap.place.naver.com/restaurant/31259558/home,31259558,DOM_DATA_NLOG,,FAIL,소호정 대치점국수,서울 강남구 역삼로81길 8,,DIFFERENT,DIFFERENT,TOP_K_DETAIL_VALIDATION_FAILED,TOP_K_DETAIL_VALIDATION_FAILED,981,1
KOMSCO_DIRECT_NAVER_FALLBACK,MATCHED,6485,아선재,삼성역 아선재,naver_local_fallback,AMBIGUOUS,True,ENRICHED:RESOLVED,True,RESOLVED,1,1,SINGLE_CANDIDATE,0,0,아선재한정식,False,,#,1857978684,DOM_DATA_NLOG,1,PASS,아선재한정식,서울 강남구 영동대로 333 지하1층,,CONTAINED,PARTIAL,,,1701,1
KOMSCO_DIRECT_NAVER_FALLBACK,MATCHED,6511,오마뎅 대치도성초교점,선릉역 오마뎅 대치도성초교점,station,AMBIGUOUS,True,NO_USABLE_CANDIDATE,False,AMBIGUOUS,1,1,SINGLE_CANDIDATE,0,0,오마뎅 대치도성초교점분식,False,,https://pcmap.place.naver.com/restaurant/1476550832/home,1476550832,DOM_DATA_NLOG,,FAIL,오마뎅 대치도성초교점분식,서울 강남구 선릉로 344 1층 4호,,CONTAINED,DIFFERENT,TOP_K_DETAIL_VALIDATION_FAILED,TOP_K_DETAIL_VALIDATION_FAILED,1421,1
KOMSCO_DIRECT_NAVER_FALLBACK,MATCHED,6515,보글지글 부대찌개&닭볶음탕,한티역 보글지글 부대찌개&닭볶음탕,naver_local_fallback,AMBIGUOUS,True,ENRICHED:RESOLVED,True,RESOLVED,1,1,SINGLE_CANDIDATE,0,0,보글지글 부대찌개&닭볶음탕,False,,#,1252597959,DOM_DATA_NLOG,1,PASS,보글지글 부대찌개&닭볶음탕,서울 강남구 선릉로66길 8 1층,한식,EXACT,PARTIAL,,,1952,1
KOMSCO_DIRECT_NAVER_FALLBACK,MATCHED,6516,오레노카츠,선릉역 오레노카츠,station,RESOLVED,False,NOT_REQUIRED,False,RESOLVED,2,2,QWEN,"1,0",0,오레노카츠 선릉점,True,HIGH,#,525494782,DOM_DATA_NLOG,2,PASS,오레노카츠 선릉점,서울 강남구 삼성로81길 37,,CONTAINED,PARTIAL,,,2961,2
KOMSCO_DIRECT_NAVER_FALLBACK,MATCHED,6519,하이보,삼성역 하이보,station,RESOLVED,False,NOT_REQUIRED,False,RESOLVED,3,3,QWEN,"0,1,2",0,하이보 삼성점,True,LOW,#,37157332,DOM_DATA_NLOG,1,PASS,하이보 삼성점,서울 강남구 영동대로85길 13 대치동송석빌딩,중식당,CONTAINED,PARTIAL,,,2561,1
KOMSCO_DIRECT_NAVER_FALLBACK,MATCHED,6522,깐부치킨 선릉역1번출구점,선릉역 깐부치킨 선릉역1번출구점,naver_local_fallback,AMBIGUOUS,True,ENRICHED:RESOLVED,True,RESOLVED,1,1,SINGLE_CANDIDATE,0,0,"깐부치킨 선릉역1번출구점치킨,닭강정",False,,#,33409304,DOM_DATA_NLOG,1,PASS,"깐부치킨 선릉역1번출구점치킨,닭강정",서울 강남구 삼성로85길 43 호성빌딩 2층,,CONTAINED,PARTIAL,,,4487,1
KOMSCO_DIRECT_NAVER_FALLBACK,MATCHED,6533,아마당 젤라또,한티역 아마당 젤라또,naver_local_fallback,AMBIGUOUS,True,ENRICHED:RESOLVED,True,RESOLVED,1,1,SINGLE_CANDIDATE,0,0,아마당 젤라또,False,,#,1972068295,DOM_DATA_NLOG,1,PASS,아마당 젤라또,서울 강남구 도곡로77길 8 102호 아마당,,EXACT,PARTIAL,,,1764,1
KOMSCO_DIRECT_NAVER_FALLBACK,MATCHED,6548,내고향소주리,선릉역 내고향소주리,naver_local_fallback,AMBIGUOUS,True,ENRICHED:RESOLVED,True,RESOLVED,1,1,SINGLE_CANDIDATE,0,0,내고향소주리한정식,False,,#,1746032171,DOM_DATA_NLOG,1,PASS,내고향소주리한정식,서울 강남구 선릉로86길 16-3,,CONTAINED,PARTIAL,,,2362,1
KOMSCO_DIRECT_NAVER_FALLBACK,UNMATCHED,6549,크리에이티브키친,강남구 크리에이티브키친,gangnam,NOT_FOUND,False,SKIPPED_NO_NAVER_MATCH,False,NOT_FOUND,0,0,DETERMINISTIC,,,,False,,,,,,NOT_ATTEMPTED,,,,UNKNOWN,UNKNOWN,NO_CONFIDENT_CANDIDATE,NO_CONFIDENT_CANDIDATE,5437,0
KOMSCO_DIRECT_NAVER_FALLBACK,MATCHED,6551,형제회관,선릉역 형제회관,naver_local_fallback,AMBIGUOUS,True,ENRICHED:RESOLVED,True,RESOLVED,1,1,SINGLE_CANDIDATE,0,0,형제회관,False,,#,18576400,DOM_DATA_NLOG,1,PASS,형제회관,서울 강남구 삼성로81길 21 형제회관,한식,EXACT,PARTIAL,,,2037,1
KOMSCO_DIRECT_NAVER_FALLBACK,AMBIGUOUS,6553,옛날손짜장,대치역 옛날손짜장,station,AMBIGUOUS,False,SKIPPED_NO_NAVER_MATCH,False,AMBIGUOUS,1,1,SINGLE_CANDIDATE,0,0,옛날손짜장중식당,False,,https://pcmap.place.naver.com/restaurant/1533833310/home,1533833310,DOM_DATA_NLOG,,FAIL,옛날손짜장중식당,서울 강남구 삼성로 212-2,,CONTAINED,DIFFERENT,TOP_K_DETAIL_VALIDATION_FAILED,TOP_K_DETAIL_VALIDATION_FAILED,841,1
KOMSCO_DIRECT_NAVER_FALLBACK,MATCHED,6571,동래,삼성역 동래,station,AMBIGUOUS,True,NO_RESULT,False,AMBIGUOUS,1,1,SINGLE_CANDIDATE,0,0,동래복국,False,,https://pcmap.place.naver.com/restaurant/31519774/home,31519774,DOM_DATA_NLOG,,FAIL,동래복국,서울 강남구 테헤란로84길 13 2층,,CONTAINED,DIFFERENT,TOP_K_DETAIL_VALIDATION_FAILED,TOP_K_DETAIL_VALIDATION_FAILED,1019,1
KOMSCO_DIRECT_NAVER_FALLBACK,UNMATCHED,6574,참치공간,선릉역 참치공간,station,AMBIGUOUS,False,SKIPPED_NO_NAVER_MATCH,False,AMBIGUOUS,1,1,SINGLE_CANDIDATE,0,0,스시센몬일식당,False,,https://pcmap.place.naver.com/restaurant/1535103337/home,1535103337,DOM_DATA_NLOG,,FAIL,스시센몬일식당,서울 강남구 선릉로82길 45 2층,,DIFFERENT,DIFFERENT,TOP_K_DETAIL_VALIDATION_FAILED,TOP_K_DETAIL_VALIDATION_FAILED,929,1
KOMSCO_DIRECT_NAVER_FALLBACK,MATCHED,6586,강릉엄지네꼬막집 삼성역점,삼성역 강릉엄지네꼬막집 삼성역점,naver_local_fallback,AMBIGUOUS,True,ENRICHED:AMBIGUOUS,False,AMBIGUOUS,1,1,SINGLE_CANDIDATE,0,0,"강릉엄지네꼬막집 삼성역점해물,생선요리",False,,https://pcmap.place.naver.com/restaurant/1497814417/home,1497814417,DOM_DATA_NLOG,,FAIL,"강릉엄지네꼬막집 삼성역점해물,생선요리","자가용 서울시 강남구 테헤란로98길 28, 2층 1호,2호 (대치동,성연빌딩) 주변 대중교통 (지하철,버스) 2호선 삼성역 3번 출구 도보 5분",,CONTAINED,DIFFERENT,TOP_K_DETAIL_VALIDATION_FAILED,TOP_K_DETAIL_VALIDATION_FAILED,1839,1
KOMSCO_DIRECT_NAVER_FALLBACK,AMBIGUOUS,6592,한울타리,대치역 한울타리,station,AMBIGUOUS,False,SKIPPED_NO_NAVER_MATCH,False,AMBIGUOUS,3,3,QWEN,"0,1,2",0,한울타리요리주점,True,LOW,https://pcmap.place.naver.com/restaurant/1844065649/home,1844065649,DOM_DATA_NLOG,,FAIL,한울타리요리주점,서울 강남구 삼성로 231 금마빌딩 103호,,CONTAINED,DIFFERENT,TOP_K_DETAIL_VALIDATION_FAILED,TOP_K_DETAIL_VALIDATION_FAILED,2556,1
KOMSCO_DIRECT_NAVER_FALLBACK,AMBIGUOUS,6593,새벽바다,선릉역 새벽바다,station,AMBIGUOUS,False,SKIPPED_NO_NAVER_MATCH,False,AMBIGUOUS,1,1,SINGLE_CANDIDATE,0,0,새벽밤바다 강남본점,False,,https://pcmap.place.naver.com/restaurant/1204581717/home,1204581717,DOM_DATA_NLOG,,FAIL,새벽밤바다 강남본점,서울 강남구 선릉로76길 27 1층 101호 새벽밤바다,,DIFFERENT,DIFFERENT,TOP_K_DETAIL_VALIDATION_FAILED,TOP_K_DETAIL_VALIDATION_FAILED,723,1
KOMSCO_DIRECT_NAVER_FALLBACK,MATCHED,6600,(주)후레쉬빌,삼성역 (주)후레쉬빌,station,AMBIGUOUS,True,NO_USABLE_CANDIDATE,False,AMBIGUOUS,1,1,SINGLE_CANDIDATE,0,0,후레쉬빌 삼성역본점,False,,https://pcmap.place.naver.com/restaurant/37397766/home,37397766,DOM_DATA_NLOG,,FAIL,후레쉬빌 삼성역본점,"조용한 한 끼, 복잡한 길 위에서 시작되지 않도록. 당신의 저녁, 삼성역 근처에서 가장 편하게 도착할 수 있는 곳 '후레쉬빌'입니다. 주소: 서울 강남구 테헤란로108길 19, 부림빌딩 1층 [ 지하철 이용 시 ] * ...",,DIFFERENT,PARTIAL,TOP_K_DETAIL_VALIDATION_FAILED,TOP_K_DETAIL_VALIDATION_FAILED,1040,1
KOMSCO_DIRECT_NAVER_FALLBACK,MATCHED,6606,파리바게뜨 삼성역점,삼성역 파리바게뜨 삼성역점,station,AMBIGUOUS,True,NO_USABLE_CANDIDATE,False,AMBIGUOUS,1,1,SINGLE_CANDIDATE,0,0,파리바게뜨 삼성역점베이커리,False,,https://pcmap.place.naver.com/restaurant/37546591/home,37546591,DOM_DATA_NLOG,,FAIL,파리바게뜨 삼성역점베이커리,서울 강남구 영동대로 424 사조빌딩 1층,,CONTAINED,DIFFERENT,TOP_K_DETAIL_VALIDATION_FAILED,TOP_K_DETAIL_VALIDATION_FAILED,1114,1
KOMSCO_DIRECT_NAVER_FALLBACK,UNMATCHED,6610,쿠사파스타,한티역 쿠사파스타,station,AMBIGUOUS,False,SKIPPED_NO_NAVER_MATCH,False,AMBIGUOUS,1,1,SINGLE_CANDIDATE,0,0,"쿠사소울푸드스파게티,파스타전문",False,,https://pcmap.place.naver.com/restaurant/1216029235/home,1216029235,DOM_DATA_NLOG,,FAIL,"쿠사소울푸드스파게티,파스타전문",서울 강남구 역삼로78길 15 1층 103호 쿠사소울푸드,,DIFFERENT,DIFFERENT,TOP_K_DETAIL_VALIDATION_FAILED,TOP_K_DETAIL_VALIDATION_FAILED,880,1
KOMSCO_DIRECT_NAVER_FALLBACK,MATCHED,6620,당산오돌 대치점,삼성역 당산오돌 대치점,naver_local_fallback,AMBIGUOUS,True,ENRICHED:RESOLVED,True,RESOLVED,1,1,SINGLE_CANDIDATE,0,0,"당산오돌 대치점육류,고기요리",False,,#,1578413242,DOM_DATA_NLOG,1,PASS,"당산오돌 대치점육류,고기요리",서울 강남구 테헤란로86길 14,,CONTAINED,PARTIAL,,,1611,1
KOMSCO_DIRECT_NAVER_FALLBACK,UNMATCHED,6642,멕시카나선릉역점(치킨도씨),강남구 멕시카나선릉역점(치킨도씨),gangnam,NOT_FOUND,False,SKIPPED_NO_NAVER_MATCH,False,NOT_FOUND,0,0,DETERMINISTIC,,,,False,,,,,,NOT_ATTEMPTED,,,,UNKNOWN,UNKNOWN,NO_CONFIDENT_CANDIDATE,NO_CONFIDENT_CANDIDATE,5616,0
KOMSCO_DIRECT_NAVER_FALLBACK,MATCHED,6669,한국관 선릉점,선릉역 한국관 선릉점,naver_local_fallback,AMBIGUOUS,True,ENRICHED:RESOLVED,True,RESOLVED,1,1,SINGLE_CANDIDATE,0,0,한국관 선릉점,False,,#,1654034373,DOM_DATA_NLOG,1,PASS,한국관 선릉점,서울 강남구 삼성로81길 37 1층,한식,EXACT,PARTIAL,,,1827,1
KOMSCO_DIRECT_NAVER_FALLBACK,MATCHED,6674,의정부부대찌개,삼성역 의정부부대찌개,station,RESOLVED,False,NOT_REQUIRED,False,RESOLVED,3,3,QWEN,"0,1,2",1,"의정부부대찌개 대치점찌개,전골",True,LOW,#,20919742,DOM_DATA_NLOG,2,PASS,"의정부부대찌개 대치점찌개,전골",서울 강남구 역삼로83길 24,,CONTAINED,PARTIAL,,,2643,1
KOMSCO_DIRECT_NAVER_FALLBACK,UNMATCHED,6684,어게인 대치,선릉역 어게인 대치,station,AMBIGUOUS,False,SKIPPED_NO_NAVER_MATCH,False,AMBIGUOUS,3,3,QWEN,"0,2,1",0,커피어게인테이크아웃커피,True,LOW,https://pcmap.place.naver.com/restaurant/37776046/home,37776046,DOM_DATA_NLOG,,FAIL,커피어게인테이크아웃커피,서울 강남구 삼성로81길 24 세원빌딩,,DIFFERENT,DIFFERENT,TOP_K_DETAIL_VALIDATION_FAILED,TOP_K_DETAIL_VALIDATION_FAILED,3557,3
KOMSCO_DIRECT_NAVER_FALLBACK,UNMATCHED,6707,아이엔어학원,대치역 아이엔어학원,station,AMBIGUOUS,False,SKIPPED_NO_NAVER_MATCH,False,AMBIGUOUS,1,1,SINGLE_CANDIDATE,0,0,아이엔어학원영어교육,False,,https://pcmap.place.naver.com/restaurant/490795046/home,490795046,DOM_DATA_NLOG,,FAIL,아이엔어학원영어교육,서울 강남구 도곡로 526 3층,,CONTAINED,DIFFERENT,TOP_K_DETAIL_VALIDATION_FAILED,TOP_K_DETAIL_VALIDATION_FAILED,974,1
KOMSCO_DIRECT_NAVER_FALLBACK,UNMATCHED,6715,경성옥(삼성점),강남구 경성옥(삼성점),gangnam,NOT_FOUND,False,SKIPPED_NO_NAVER_MATCH,False,NOT_FOUND,0,0,DETERMINISTIC,,,,False,,,,,,NOT_ATTEMPTED,,,,UNKNOWN,UNKNOWN,NO_CONFIDENT_CANDIDATE,NO_CONFIDENT_CANDIDATE,5538,0
KOMSCO_DIRECT_NAVER_FALLBACK,MATCHED,6717,사천옥,선릉역 사천옥,station,RESOLVED,False,NOT_REQUIRED,False,RESOLVED,1,1,SINGLE_CANDIDATE,0,0,사천옥한식,False,,#,18576428,DOM_DATA_NLOG,1,PASS,사천옥한식,서울 강남구 선릉로86길 16,,CONTAINED,PARTIAL,,,982,1
KOMSCO_DIRECT_NAVER_FALLBACK,MATCHED,6718,거제지심도대치점,삼성역 거제지심도대치점,naver_local_fallback,AMBIGUOUS,True,ENRICHED:RESOLVED,True,RESOLVED,1,1,SINGLE_CANDIDATE,0,0,거제지심도대치점한식,False,,#,13161108,DOM_DATA_NLOG,1,PASS,거제지심도대치점한식,서울 강남구 테헤란로108길 11,,CONTAINED,PARTIAL,,,1739,1
KOMSCO_DIRECT_NAVER_FALLBACK,UNMATCHED,6721,펀 앤드 펍 & 스파게티스토리,강남구 펀 앤드 펍 & 스파게티스토리,gangnam,NOT_FOUND,False,SKIPPED_NO_NAVER_MATCH,False,NOT_FOUND,0,0,DETERMINISTIC,,,,False,,,,,,NOT_ATTEMPTED,,,,UNKNOWN,UNKNOWN,NO_CONFIDENT_CANDIDATE,NO_CONFIDENT_CANDIDATE,5734,0
KOMSCO_DIRECT_NAVER_FALLBACK,MATCHED,6729,미쓰양꼬치,선릉역 미쓰양꼬치,station,RESOLVED,False,NOT_REQUIRED,False,RESOLVED,1,1,SINGLE_CANDIDATE,0,0,미쓰양꼬치,False,,#,34550276,DOM_DATA_NLOG,1,PASS,미쓰양꼬치,서울 강남구 테헤란로64길 26 2층,,EXACT,PARTIAL,,,947,1
KOMSCO_DIRECT_NAVER_FALLBACK,MATCHED,6731,안식 레스토랑,삼성역 안식 레스토랑,naver_local_fallback,AMBIGUOUS,True,ENRICHED:RESOLVED,True,RESOLVED,1,1,SINGLE_CANDIDATE,0,0,안식 레스토랑,False,,#,1524477737,DOM_DATA_NLOG,1,PASS,안식 레스토랑,"서울 강남구 도곡로99길 31 1층, 안식 레스토랑",양식,EXACT,PARTIAL,,,1837,1
KOMSCO_DIRECT_NAVER_FALLBACK,UNMATCHED,6733,엘에이북창동순두부,선릉역 엘에이북창동순두부,station,AMBIGUOUS,False,SKIPPED_NO_NAVER_MATCH,False,AMBIGUOUS,3,3,QWEN,"0,1,2",0,북창동순두부 강남구청점두부요리,True,LOW,https://pcmap.place.naver.com/restaurant/462619399/home,462619399,DOM_DATA_NLOG,,FAIL,북창동순두부 강남구청점두부요리,7호선 강남구청역 1번출구에서 나와서 바로 우측 골목으로 꺾어서 약200m직진하시면 우측에 재율빌딩 주차장이 보이실겁니다. 해당건물이 북창동순두부 강남구청이 위치한 건물이며 주차장에서 오른쪽...,,DIFFERENT,DIFFERENT,TOP_K_DETAIL_VALIDATION_FAILED,TOP_K_DETAIL_VALIDATION_FAILED,2943,3
KOMSCO_DIRECT_NAVER_FALLBACK,UNMATCHED,6750,김영희동태찜앤코다리냉면 대치점,강남구 김영희동태찜앤코다리냉면 대치점,gangnam,NOT_FOUND,False,SKIPPED_NO_NAVER_MATCH,False,NOT_FOUND,0,0,DETERMINISTIC,,,,False,,,,,,NOT_ATTEMPTED,,,,UNKNOWN,UNKNOWN,NO_CONFIDENT_CANDIDATE,NO_CONFIDENT_CANDIDATE,5818,0
KOMSCO_DIRECT_NAVER_FALLBACK,AMBIGUOUS,6758,오뎅&카레,선릉역 오뎅&카레,station,AMBIGUOUS,False,SKIPPED_NO_NAVER_MATCH,False,AMBIGUOUS,1,1,SINGLE_CANDIDATE,0,0,오뎅n카레퓨전음식,False,,https://pcmap.place.naver.com/restaurant/1048044283/home,1048044283,DOM_DATA_NLOG,,FAIL,오뎅n카레퓨전음식,서울 강남구 선릉로82길 45 1층 오뎅n카레,,DIFFERENT,DIFFERENT,TOP_K_DETAIL_VALIDATION_FAILED,TOP_K_DETAIL_VALIDATION_FAILED,923,1
KOMSCO_DIRECT_NAVER_FALLBACK,UNMATCHED,6762,바오미엔,한티역 바오미엔,station,AMBIGUOUS,False,SKIPPED_NO_NAVER_MATCH,False,AMBIGUOUS,1,1,SINGLE_CANDIDATE,0,0,"진티엔딤섬,중식만두",False,,https://pcmap.place.naver.com/restaurant/1152517187/home,1152517187,DOM_DATA_NLOG,,FAIL,"진티엔딤섬,중식만두",서울 강남구 선릉로72길 26,,DIFFERENT,PARTIAL,TOP_K_DETAIL_VALIDATION_FAILED,TOP_K_DETAIL_VALIDATION_FAILED,840,1
KOMSCO_DIRECT_NAVER_FALLBACK,MATCHED,6763,대치동꽈배기,대치역 대치동꽈배기,naver_local_fallback,AMBIGUOUS,True,ENRICHED:RESOLVED,True,RESOLVED,6,5,QWEN,"0,1,4",0,대치동꽈배기,True,LOW,#,1944506982,DOM_DATA_NLOG,1,PASS,대치동꽈배기,서울 강남구 도곡로 516 삼성상가 1층,,EXACT,PARTIAL,,,6254,1
KOMSCO_DIRECT_NAVER_FALLBACK,MATCHED,6776,미담시래기,한티역 미담시래기,station,AMBIGUOUS,True,NO_USABLE_CANDIDATE,False,AMBIGUOUS,1,1,SINGLE_CANDIDATE,0,0,미담시래기한식,False,,https://pcmap.place.naver.com/restaurant/1640742117/home,1640742117,DOM_DATA_NLOG,,FAIL,미담시래기한식,서울 강남구 삼성로63길 21 1층,,CONTAINED,DIFFERENT,TOP_K_DETAIL_VALIDATION_FAILED,TOP_K_DETAIL_VALIDATION_FAILED,993,1
KOMSCO_DIRECT_NAVER_FALLBACK,UNMATCHED,6781,요리정원 온,학여울역 요리정원 온,station,AMBIGUOUS,False,SKIPPED_NO_NAVER_MATCH,False,AMBIGUOUS,1,1,SINGLE_CANDIDATE,0,0,요리정원On,False,,https://pcmap.place.naver.com/restaurant/1692723661/home,1692723661,DOM_DATA_NLOG,,FAIL,요리정원On,서울 강남구 삼성로 150 한보미도상가 지하69호,,DIFFERENT,PARTIAL,TOP_K_DETAIL_VALIDATION_FAILED,TOP_K_DETAIL_VALIDATION_FAILED,952,1
KOMSCO_DIRECT_NAVER_FALLBACK,MATCHED,6783,포카이,대치역 포카이,naver_local_fallback,AMBIGUOUS,True,ENRICHED:RESOLVED,True,RESOLVED,1,1,SINGLE_CANDIDATE,0,0,포카이베트남음식,False,,#,18471996,DOM_DATA_NLOG,1,PASS,포카이베트남음식,서울 강남구 남부순환로 2942 풍림프라자,,CONTAINED,PARTIAL,,,1846,1
KOMSCO_DIRECT_NAVER_FALLBACK,AMBIGUOUS,6786,광주식당,대치동 광주식당,dong,AMBIGUOUS,False,SKIPPED_NO_NAVER_MATCH,False,AMBIGUOUS,3,3,QWEN,"0,1,2",0,광주진국밥한식,True,LOW,https://pcmap.place.naver.com/restaurant/1958931462/home,1958931462,DOM_DATA_NLOG,,FAIL,광주진국밥한식,서울 강남구 테헤란로 322 B1 113호,,DIFFERENT,DIFFERENT,TOP_K_DETAIL_VALIDATION_FAILED,TOP_K_DETAIL_VALIDATION_FAILED,5997,1
KOMSCO_DIRECT_NAVER_FALLBACK,UNMATCHED,6788,마마꼬마김밥&국물갈비김치찜,강남구 마마꼬마김밥&국물갈비김치찜,gangnam,NOT_FOUND,False,SKIPPED_NO_NAVER_MATCH,False,NOT_FOUND,0,0,DETERMINISTIC,,,,False,,,,,,NOT_ATTEMPTED,,,,UNKNOWN,UNKNOWN,NO_CONFIDENT_CANDIDATE,NO_CONFIDENT_CANDIDATE,5492,0
KOMSCO_DIRECT_NAVER_FALLBACK,MATCHED,6789,계동치킨 삼성역점,삼성역 계동치킨 삼성역점,naver_local_fallback,AMBIGUOUS,True,ENRICHED:RESOLVED,True,RESOLVED,1,1,SINGLE_CANDIDATE,0,0,"계동치킨 삼성역점치킨,닭강정",False,,#,43939507,DOM_DATA_NLOG,1,PASS,"계동치킨 삼성역점치킨,닭강정",서울 강남구 영동대로86길 11 승원산업사,,CONTAINED,PARTIAL,,,1606,1
KOMSCO_DIRECT_NAVER_FALLBACK,UNMATCHED,6790,김병훈수학과외,강남구 김병훈수학과외,gangnam,NOT_FOUND,False,SKIPPED_NO_NAVER_MATCH,False,NOT_FOUND,0,0,DETERMINISTIC,,,,False,,,,,,NOT_ATTEMPTED,,,,UNKNOWN,UNKNOWN,NO_CONFIDENT_CANDIDATE,NO_CONFIDENT_CANDIDATE,5561,0
KOMSCO_DIRECT_NAVER_FALLBACK,MATCHED,6821,포몬스,삼성역 포몬스,station,AMBIGUOUS,True,NO_USABLE_CANDIDATE,False,AMBIGUOUS,2,2,QWEN,"0,1",0,포몬스 잠실점,True,LOW,https://pcmap.place.naver.com/restaurant/34177711/home,34177711,DOM_DATA_NLOG,,FAIL,포몬스 잠실점,서울 송파구 백제고분로7길 6-15 1층 포몬스,,CONTAINED,DIFFERENT,TOP_K_DETAIL_VALIDATION_FAILED,TOP_K_DETAIL_VALIDATION_FAILED,2682,2
KOMSCO_DIRECT_NAVER_FALLBACK,MATCHED,6840,남산옥,삼성역 남산옥,naver_local_fallback,AMBIGUOUS,True,ENRICHED:RESOLVED,True,RESOLVED,1,1,SINGLE_CANDIDATE,0,0,"남산옥육류,고기요리",False,,#,20259836,DOM_DATA_NLOG,1,PASS,"남산옥육류,고기요리",서울 강남구 테헤란로108길 15,,CONTAINED,PARTIAL,,,1815,1
KOMSCO_DIRECT_NAVER_FALLBACK,AMBIGUOUS,6843,고봉민김밥(대치역점),대치역 고봉민김밥(대치역점),station,AMBIGUOUS,False,SKIPPED_NO_NAVER_MATCH,False,AMBIGUOUS,1,1,SINGLE_CANDIDATE,0,0,고봉민김밥인 서울대치역점분식,False,,https://pcmap.place.naver.com/restaurant/33938175/home,33938175,DOM_DATA_NLOG,,FAIL,고봉민김밥인 서울대치역점분식,서울 강남구 삼성로 155 대치퍼스트,,DIFFERENT,DIFFERENT,TOP_K_DETAIL_VALIDATION_FAILED,TOP_K_DETAIL_VALIDATION_FAILED,849,1
KOMSCO_DIRECT_NAVER_FALLBACK,UNMATCHED,6848,미태리파스타 연구소,강남구 미태리파스타 연구소,gangnam,NOT_FOUND,False,SKIPPED_NO_NAVER_MATCH,False,NOT_FOUND,0,0,DETERMINISTIC,,,,False,,,,,,NOT_ATTEMPTED,,,,UNKNOWN,UNKNOWN,NO_CONFIDENT_CANDIDATE,NO_CONFIDENT_CANDIDATE,6016,0
KOMSCO_DIRECT_NAVER_FALLBACK,MATCHED,6867,청자골,선릉역 청자골,station,RESOLVED,False,NOT_REQUIRED,False,RESOLVED,1,1,SINGLE_CANDIDATE,0,0,청자골,False,,#,13151370,DOM_DATA_NLOG,1,PASS,청자골,서울 강남구 역삼로77길 17 경희빌딩,,EXACT,PARTIAL,,,940,1
KOMSCO_DIRECT_NAVER_FALLBACK,MATCHED,6872,운봉,삼성역 운봉,station,AMBIGUOUS,True,NO_USABLE_CANDIDATE,False,AMBIGUOUS,2,2,QWEN,"0,1",0,운봉중식당,True,LOW,https://pcmap.place.naver.com/restaurant/19545231/home,19545231,DOM_DATA_NLOG,,FAIL,운봉중식당,서울 강남구 삼성로 348,,CONTAINED,DIFFERENT,TOP_K_DETAIL_VALIDATION_FAILED,TOP_K_DETAIL_VALIDATION_FAILED,2610,1
KOMSCO_DIRECT_NAVER_FALLBACK,MATCHED,6881,등촌샤브칼국수 선릉점,선릉역 등촌샤브칼국수 선릉점,naver_local_fallback,AMBIGUOUS,True,ENRICHED:RESOLVED,True,RESOLVED,1,1,SINGLE_CANDIDATE,0,0,"등촌샤브칼국수 선릉점칼국수,만두",False,,#,1404389524,DOM_DATA_NLOG,1,PASS,"등촌샤브칼국수 선릉점칼국수,만두",서울 강남구 역삼로63길 5,,CONTAINED,PARTIAL,,,1848,1
KOMSCO_DIRECT_NAVER_FALLBACK,MATCHED,6886,신촌설렁탕대치점,한티역 신촌설렁탕대치점,station,RESOLVED,False,NOT_REQUIRED,False,RESOLVED,1,1,SINGLE_CANDIDATE,0,0,"신촌설렁탕 대치점곰탕,설렁탕",False,,#,1342459686,DOM_DATA_NLOG,1,PASS,"신촌설렁탕 대치점곰탕,설렁탕",서울 강남구 도곡로63길 13,,CONTAINED,PARTIAL,,,727,1
KOMSCO_DIRECT_NAVER_FALLBACK,MATCHED,6894,샐러디 한티역점,한티역 샐러디 한티역점,station,AMBIGUOUS,True,NO_RESULT,False,AMBIGUOUS,1,1,SINGLE_CANDIDATE,0,0,샐러디 한티역점,False,,https://pcmap.place.naver.com/restaurant/1699360199/home,1699360199,DOM_DATA_NLOG,,FAIL,샐러디 한티역점,"서울 강남구 선릉로 320 1층 105호(대치동, 성진빌딩)",,EXACT,DIFFERENT,TOP_K_DETAIL_VALIDATION_FAILED,TOP_K_DETAIL_VALIDATION_FAILED,1192,1
KOMSCO_DIRECT_NAVER_FALLBACK,UNMATCHED,6895,하남장돼지,선릉역 하남장돼지,station,AMBIGUOUS,False,SKIPPED_NO_NAVER_MATCH,False,AMBIGUOUS,5,5,QWEN,"3,0,1",3,하남돼지집 한티점,True,HIGH,https://pcmap.place.naver.com/restaurant/36667301/home,36667301,DOM_DATA_NLOG,,FAIL,하남돼지집 한티점,서울 강남구 선릉로64길 9 대성빌딩,,DIFFERENT,DIFFERENT,TOP_K_DETAIL_VALIDATION_FAILED,TOP_K_DETAIL_VALIDATION_FAILED,3387,3
KOMSCO_DIRECT_NAVER_FALLBACK,MATCHED,6902,스시류,삼성역 스시류,naver_local_fallback,AMBIGUOUS,True,ENRICHED:RESOLVED,True,RESOLVED,1,1,SINGLE_CANDIDATE,0,0,스시류,False,,#,1136818683,DOM_DATA_NLOG,1,PASS,스시류,서울 강남구 삼성로 416 은혜빌딩 1층,일식당,EXACT,PARTIAL,,,1759,1
KOMSCO_DIRECT_NAVER_FALLBACK,UNMATCHED,6906,사이공본가 포스코사거리점,삼성역 사이공본가 포스코사거리점,station,AMBIGUOUS,False,SKIPPED_NO_NAVER_MATCH,False,AMBIGUOUS,2,2,QWEN,"1,0",1,사이공본가 포스코점베트남음식,True,LOW,https://pcmap.place.naver.com/restaurant/1069096253/home,1069096253,DOM_DATA_NLOG,,FAIL,사이공본가 포스코점베트남음식,서울 강남구 삼성로86길 6 사이공본가 포스코점,,DIFFERENT,DIFFERENT,TOP_K_DETAIL_VALIDATION_FAILED,TOP_K_DETAIL_VALIDATION_FAILED,3325,2
KOMSCO_DIRECT_NAVER_FALLBACK,MATCHED,6912,마산아구찜,대치역 마산아구찜,station,AMBIGUOUS,True,NO_USABLE_CANDIDATE,False,AMBIGUOUS,1,1,SINGLE_CANDIDATE,0,0,"마산아구찜탕아귀찜,해물찜",False,,https://pcmap.place.naver.com/restaurant/20626665/home,20626665,DOM_DATA_NLOG,,FAIL,"마산아구찜탕아귀찜,해물찜",서울 강남구 남부순환로 2915 2층,,CONTAINED,DIFFERENT,TOP_K_DETAIL_VALIDATION_FAILED,TOP_K_DETAIL_VALIDATION_FAILED,1207,1
KOMSCO_DIRECT_NAVER_FALLBACK,MATCHED,6918,정담은찬,강남구 정담은찬,gangnam,NOT_FOUND,True,NO_USABLE_CANDIDATE,False,NOT_FOUND,1,1,SINGLE_CANDIDATE,0,0,,False,,,,,,NOT_ATTEMPTED,,,,UNKNOWN,UNKNOWN,PLACE_ID_NOT_IN_CANDIDATE_DOM,PLACE_ID_NOT_IN_CANDIDATE_DOM,5534,0
KOMSCO_DIRECT_NAVER_FALLBACK,MATCHED,6921,여포집 본점,선릉역 여포집 본점,naver_local_fallback,AMBIGUOUS,True,ENRICHED:RESOLVED,True,RESOLVED,1,1,SINGLE_CANDIDATE,0,0,여포집 본점생선회,False,,#,1415918800,DOM_DATA_NLOG,1,PASS,여포집 본점생선회,서울 강남구 선릉로86길 38 1층,,CONTAINED,PARTIAL,,,1713,1
KOMSCO_DIRECT_NAVER_FALLBACK,MATCHED,6925,막썰어,한티역 막썰어,naver_local_fallback,AMBIGUOUS,True,ENRICHED:RESOLVED,True,RESOLVED,1,1,SINGLE_CANDIDATE,0,0,막썰어생선회,False,,#,34580966,DOM_DATA_NLOG,1,PASS,막썰어생선회,서울 강남구 선릉로 310,,CONTAINED,PARTIAL,,,1697,1
KOMSCO_DIRECT_NAVER_FALLBACK,MATCHED,6943,레드175,대치역 레드175,station,AMBIGUOUS,True,NO_USABLE_CANDIDATE,False,AMBIGUOUS,1,1,SINGLE_CANDIDATE,0,0,레드175 대치역점,False,,https://pcmap.place.naver.com/restaurant/1891657344/home,1891657344,DOM_DATA_NLOG,,FAIL,레드175 대치역점,서울 강남구 남부순환로 2942 3호선 대치역 7번출구와 8번 출구 사이에 위치하고 있습니다!,분식,CONTAINED,DIFFERENT,TOP_K_DETAIL_VALIDATION_FAILED,TOP_K_DETAIL_VALIDATION_FAILED,1003,1
KOMSCO_DIRECT_NAVER_FALLBACK,MATCHED,6946,더밥상,삼성역 더밥상,station,AMBIGUOUS,True,NO_USABLE_CANDIDATE,False,AMBIGUOUS,1,1,SINGLE_CANDIDATE,0,0,더밥상,False,,https://pcmap.place.naver.com/restaurant/1966676960/home,1966676960,DOM_DATA_NLOG,,FAIL,더밥상,서울 강남구 역삼로 555,,EXACT,DIFFERENT,TOP_K_DETAIL_VALIDATION_FAILED,TOP_K_DETAIL_VALIDATION_FAILED,917,1
KOMSCO_DIRECT_NAVER_FALLBACK,MATCHED,6953,참한우곱창,삼성역 참한우곱창,naver_local_fallback,NOT_FOUND,True,ENRICHED:NOT_FOUND,False,NOT_FOUND,1,1,SINGLE_CANDIDATE,0,0,,False,,,,,,NOT_ATTEMPTED,,,,UNKNOWN,UNKNOWN,PLACE_ID_NOT_IN_CANDIDATE_DOM,PLACE_ID_NOT_IN_CANDIDATE_DOM,5994,0
KOMSCO_DIRECT_NAVER_FALLBACK,MATCHED,6954,함흥면옥 롯데백화점 강남점,한티역 함흥면옥 롯데백화점 강남점,naver_local_fallback,AMBIGUOUS,True,ENRICHED:RESOLVED,True,RESOLVED,1,1,SINGLE_CANDIDATE,0,0,함흥면옥 롯데백화점 강남점냉면,False,,#,1883960814,DOM_DATA_NLOG,1,PASS,함흥면옥 롯데백화점 강남점냉면,서울 강남구 도곡로 401,,CONTAINED,PARTIAL,,,2983,1
KOMSCO_DIRECT_NAVER_FALLBACK,MATCHED,6974,보영만두(선릉점),선릉역 보영만두(선릉점),station,RESOLVED,False,NOT_REQUIRED,False,RESOLVED,1,1,SINGLE_CANDIDATE,0,0,보영만두 선릉점분식,False,,#,1900782871,DOM_DATA_NLOG,1,PASS,보영만두 선릉점분식,서울 강남구 삼성로85길 42 대우아이빌멤버스 103-B호,분식,CONTAINED,PARTIAL,,,909,1
KOMSCO_DIRECT_NAVER_FALLBACK,MATCHED,6976,한솥 대치삼성아파트입구점,대치역 한솥 대치삼성아파트입구점,naver_local_fallback,AMBIGUOUS,True,ENRICHED:RESOLVED,True,RESOLVED,1,1,SINGLE_CANDIDATE,0,0,"한솥 대치삼성아파트입구점도시락,컵밥",False,,#,13376605,DOM_DATA_NLOG,1,PASS,"한솥 대치삼성아파트입구점도시락,컵밥",서울 강남구 삼성로57길 22,,CONTAINED,PARTIAL,,,1648,1
KOMSCO_DIRECT_NAVER_FALLBACK,MATCHED,6981,파리바게뜨 대치행복점,대치역 파리바게뜨 대치행복점,naver_local_fallback,AMBIGUOUS,True,ENRICHED:RESOLVED,True,RESOLVED,1,1,SINGLE_CANDIDATE,0,0,파리바게뜨 대치행복점,False,,#,11784906,DOM_DATA_NLOG,1,PASS,파리바게뜨 대치행복점,서울 강남구 도곡로84길 6 (대치동) [은마아파트 출입구 앞],,EXACT,PARTIAL,,,1988,1
KOMSCO_DIRECT_NAVER_FALLBACK,MATCHED,6985,맘스터치 한티역점,한티역 맘스터치 한티역점,naver_local_fallback,AMBIGUOUS,True,ENRICHED:RESOLVED,True,RESOLVED,1,1,SINGLE_CANDIDATE,0,0,맘스터치 한티역점맘스터치,False,,#,1994331565,DOM_DATA_NLOG,1,PASS,맘스터치 한티역점맘스터치,"서울 강남구 선릉로64길 11-2 1층 103, 104호",,CONTAINED,PARTIAL,,,1901,1
KOMSCO_DIRECT_NAVER_FALLBACK,MATCHED,6991,베스킨라빈스대치2호점,한티역 베스킨라빈스대치2호점,station,AMBIGUOUS,True,NO_USABLE_CANDIDATE,False,AMBIGUOUS,1,1,SINGLE_CANDIDATE,0,0,배스킨라빈스 대치2호점,False,,https://pcmap.place.naver.com/restaurant/11686818/home,11686818,DOM_DATA_NLOG,,FAIL,배스킨라빈스 대치2호점,서울 강남구 선릉로64길 5,,DIFFERENT,DIFFERENT,TOP_K_DETAIL_VALIDATION_FAILED,TOP_K_DETAIL_VALIDATION_FAILED,992,1
KOMSCO_DIRECT_NAVER_FALLBACK,MATCHED,6996,풍년집 선릉점,선릉역 풍년집 선릉점,naver_local_fallback,AMBIGUOUS,True,ENRICHED:RESOLVED,True,RESOLVED,1,1,SINGLE_CANDIDATE,0,0,풍년집 선릉점한식,False,,#,30916873,DOM_DATA_NLOG,1,PASS,풍년집 선릉점한식,서울 강남구 삼성로81길 34 1층,한식,CONTAINED,PARTIAL,,,3793,1
KOMSCO_DIRECT_NAVER_FALLBACK,MATCHED,6998,해초록,삼성역 해초록,naver_local_fallback,AMBIGUOUS,True,ENRICHED:RESOLVED,True,RESOLVED,2,2,QWEN,"1,0",1,해초록한식,True,LOW,#,2034301002,DOM_DATA_NLOG,1,PASS,해초록한식,서울 강남구 영동대로 336 해초록,,CONTAINED,PARTIAL,,,5264,1
KOMSCO_DIRECT_NAVER_FALLBACK,MATCHED,7005,뒤끝,삼성역 뒤끝,naver_local_fallback,AMBIGUOUS,True,ENRICHED:RESOLVED,True,RESOLVED,1,1,SINGLE_CANDIDATE,0,0,뒤끝한식,False,,#,1313733696,DOM_DATA_NLOG,1,PASS,뒤끝한식,서울 강남구 테헤란로104길 8 1층,한식,CONTAINED,PARTIAL,,,1657,1
KOMSCO_DIRECT_NAVER_FALLBACK,UNMATCHED,7018,은마전,대치역 은마전,station,AMBIGUOUS,False,SKIPPED_NO_NAVER_MATCH,False,AMBIGUOUS,1,1,SINGLE_CANDIDATE,0,0,은마전,False,,https://pcmap.place.naver.com/restaurant/13187257/home,13187257,DOM_DATA_NLOG,,FAIL,은마전,서울 강남구 삼성로 212 은마상가 지하A 56-3,,EXACT,DIFFERENT,TOP_K_DETAIL_VALIDATION_FAILED,TOP_K_DETAIL_VALIDATION_FAILED,1207,1
KOMSCO_DIRECT_NAVER_FALLBACK,MATCHED,7027,박해동스시,삼성역 박해동스시,station,AMBIGUOUS,True,NO_USABLE_CANDIDATE,False,AMBIGUOUS,1,1,SINGLE_CANDIDATE,0,0,"박해동스시초밥,롤",False,,https://pcmap.place.naver.com/restaurant/1230853082/home,1230853082,DOM_DATA_NLOG,,FAIL,"박해동스시초밥,롤",서울 강남구 삼성로82길 19 2F,,CONTAINED,DIFFERENT,TOP_K_DETAIL_VALIDATION_FAILED,TOP_K_DETAIL_VALIDATION_FAILED,963,1
KOMSCO_DIRECT_NAVER_FALLBACK,MATCHED,7029,알로이타이,선릉역 알로이타이,naver_local_fallback,AMBIGUOUS,True,ENRICHED:RESOLVED,True,RESOLVED,1,1,SINGLE_CANDIDATE,0,0,알로이타이태국음식,False,,#,36648833,DOM_DATA_NLOG,1,PASS,알로이타이태국음식,서울 강남구 선릉로86길 15 현대선릉 GOLD TOWER,,CONTAINED,PARTIAL,,,1852,1
KOMSCO_DIRECT_NAVER_FALLBACK,UNMATCHED,7031,취홍,선릉역 취홍,station,AMBIGUOUS,False,SKIPPED_NO_NAVER_MATCH,False,AMBIGUOUS,1,1,SINGLE_CANDIDATE,0,0,취홍반점중식당,False,,https://pcmap.place.naver.com/restaurant/38571520/home,38571520,DOM_DATA_NLOG,,FAIL,취홍반점중식당,서울 강남구 논현로 522,,CONTAINED,DIFFERENT,TOP_K_DETAIL_VALIDATION_FAILED,TOP_K_DETAIL_VALIDATION_FAILED,979,1
KOMSCO_DIRECT_NAVER_FALLBACK,MATCHED,7034,옥이네,선릉역 옥이네,naver_local_fallback,AMBIGUOUS,True,ENRICHED:RESOLVED,True,RESOLVED,1,1,SINGLE_CANDIDATE,0,0,옥이네아시아음식,False,,#,38314521,DOM_DATA_NLOG,1,PASS,옥이네아시아음식,서울 강남구 삼성로81길 22 한정빌딩,,CONTAINED,PARTIAL,,,1945,1
KOMSCO_DIRECT_NAVER_FALLBACK,MATCHED,7035,쌍룡갈비,선릉역 쌍룡갈비,station,RESOLVED,False,NOT_REQUIRED,False,RESOLVED,1,1,SINGLE_CANDIDATE,0,0,쌍룡갈비,False,,#,1026392942,DOM_DATA_NLOG,1,PASS,쌍룡갈비,서울 강남구 선릉로86길 16-5 지상1층,,EXACT,PARTIAL,,,917,1
KOMSCO_DIRECT_NAVER_FALLBACK,MATCHED,7044,제주은희네해장국(대치점),삼성역 제주은희네해장국(대치점),station,RESOLVED,False,NOT_REQUIRED,False,RESOLVED,1,1,SINGLE_CANDIDATE,0,0,제주은희네해장국 대치점해장국,False,,#,1861663097,DOM_DATA_NLOG,1,PASS,제주은희네해장국 대치점해장국,서울 강남구 삼성로84길 15,,CONTAINED,PARTIAL,,,959,1
KOMSCO_DIRECT_NAVER_FALLBACK,MATCHED,7052,가츠오(대치점),한티역 가츠오(대치점),station,RESOLVED,False,NOT_REQUIRED,False,RESOLVED,1,1,SINGLE_CANDIDATE,0,0,가츠오 대치점돈가스,False,,#,1736425432,DOM_DATA_NLOG,1,PASS,가츠오 대치점돈가스,서울 강남구 도곡로63길 31 1층,,CONTAINED,PARTIAL,,,1094,1
KOMSCO_DIRECT_NAVER_FALLBACK,UNMATCHED,7054,튀김아저씨,대치역 튀김아저씨,station,AMBIGUOUS,False,SKIPPED_NO_NAVER_MATCH,False,AMBIGUOUS,2,2,QWEN,"0,1",0,후토시 대치본점,True,LOW,https://pcmap.place.naver.com/restaurant/1587497383/home,1587497383,DOM_DATA_NLOG,,FAIL,후토시 대치본점,서울 강남구 삼성로 212 은마종합상가 A블럭 지하40호,,DIFFERENT,DIFFERENT,TOP_K_DETAIL_VALIDATION_FAILED,TOP_K_DETAIL_VALIDATION_FAILED,2726,2
KOMSCO_DIRECT_NAVER_FALLBACK,MATCHED,7060,명동칼국수 포스코점,선릉역 명동칼국수 포스코점,naver_local_fallback,AMBIGUOUS,True,ENRICHED:RESOLVED,True,RESOLVED,1,1,SINGLE_CANDIDATE,0,0,"명동칼국수 포스코점칼국수,만두",False,,#,1690370337,DOM_DATA_NLOG,1,PASS,"명동칼국수 포스코점칼국수,만두",서울 강남구 테헤란로 440 지하1층 C존 11호,,CONTAINED,PARTIAL,,,4380,1
KOMSCO_DIRECT_NAVER_FALLBACK,MATCHED,7068,본도시락 대치은마점,대치역 본도시락 대치은마점,naver_local_fallback,AMBIGUOUS,True,ENRICHED:RESOLVED,True,RESOLVED,1,1,SINGLE_CANDIDATE,0,0,"본도시락 대치은마점도시락,컵밥",False,,#,31498593,DOM_DATA_NLOG,1,PASS,"본도시락 대치은마점도시락,컵밥",서울 강남구 도곡로 521 프라자II,,CONTAINED,PARTIAL,,,1909,1
KOMSCO_DIRECT_NAVER_FALLBACK,MATCHED,7089,히카리,한티역 히카리,station,AMBIGUOUS,True,NO_USABLE_CANDIDATE,False,AMBIGUOUS,1,1,SINGLE_CANDIDATE,0,0,히카리,False,,https://pcmap.place.naver.com/restaurant/623912102/home,623912102,DOM_DATA_NLOG,,FAIL,히카리,"서울 강남구 선릉로 310 110호, 111호",,EXACT,DIFFERENT,TOP_K_DETAIL_VALIDATION_FAILED,TOP_K_DETAIL_VALIDATION_FAILED,919,1
KOMSCO_DIRECT_NAVER_FALLBACK,UNMATCHED,7108,봄카츠 대치점,강남구 봄카츠 대치점,gangnam,NOT_FOUND,False,SKIPPED_NO_NAVER_MATCH,False,NOT_FOUND,0,0,DETERMINISTIC,,,,False,,,,,,NOT_ATTEMPTED,,,,UNKNOWN,UNKNOWN,NO_CONFIDENT_CANDIDATE,NO_CONFIDENT_CANDIDATE,5655,0
KOMSCO_DIRECT_NAVER_FALLBACK,UNMATCHED,7116,소소한식당 대치본점,강남구 소소한식당 대치본점,gangnam,NOT_FOUND,False,SKIPPED_NO_NAVER_MATCH,False,NOT_FOUND,0,0,DETERMINISTIC,,,,False,,,,,,NOT_ATTEMPTED,,,,UNKNOWN,UNKNOWN,NO_CONFIDENT_CANDIDATE,NO_CONFIDENT_CANDIDATE,6448,0
KOMSCO_DIRECT_NAVER_FALLBACK,MATCHED,7122,홍수계찜닭 포스코센터점,선릉역 홍수계찜닭 포스코센터점,station,RESOLVED,False,NOT_REQUIRED,False,RESOLVED,1,1,SINGLE_CANDIDATE,0,0,홍수계찜닭 포스코센터점찜닭,False,,#,1866443796,DOM_DATA_NLOG,1,PASS,홍수계찜닭 포스코센터점찜닭,서울 강남구 테헤란로 440 지하1층 C존 10호,,CONTAINED,PARTIAL,,,1036,1
KOMSCO_DIRECT_NAVER_FALLBACK,MATCHED,7127,민스김밥분식,학여울역 민스김밥분식,station,AMBIGUOUS,True,NO_USABLE_CANDIDATE,False,AMBIGUOUS,1,1,SINGLE_CANDIDATE,0,0,민스김밥분식종합분식,False,,https://pcmap.place.naver.com/restaurant/1828018550/home,1828018550,DOM_DATA_NLOG,,FAIL,민스김밥분식종합분식,서울 강남구 도곡로99길 23,민스김밥분식,CONTAINED,DIFFERENT,TOP_K_DETAIL_VALIDATION_FAILED,TOP_K_DETAIL_VALIDATION_FAILED,1323,1
KOMSCO_DIRECT_NAVER_FALLBACK,MATCHED,7151,구이마마 대치점,선릉역 구이마마 대치점,naver_local_fallback,AMBIGUOUS,True,ENRICHED:RESOLVED,True,RESOLVED,1,1,SINGLE_CANDIDATE,0,0,구이마마 대치점돼지고기구이,False,,#,11487063,DOM_DATA_NLOG,1,PASS,구이마마 대치점돼지고기구이,서울 강남구 삼성로81길 43 지하1층,,CONTAINED,PARTIAL,,,4210,1
KOMSCO_DIRECT_NAVER_FALLBACK,UNMATCHED,7152,은마흑염소,대치역 은마흑염소,station,RESOLVED,False,NOT_REQUIRED,False,RESOLVED,1,1,SINGLE_CANDIDATE,0,0,은마흑염소건강기능보조식품,False,,#,1199158085,DOM_DATA_NLOG,1,PASS,은마흑염소건강기능보조식품,서울 강남구 삼성로 212 은마종합상가 지하B블럭 48-2호,,CONTAINED,PARTIAL,,,907,1
KOMSCO_DIRECT_NAVER_FALLBACK,MATCHED,7164,오마뎅 대치점,대치역 오마뎅 대치점,naver_local_fallback,AMBIGUOUS,True,ENRICHED:RESOLVED,True,RESOLVED,1,1,SINGLE_CANDIDATE,0,0,오마뎅 대치점,False,,#,649171345,DOM_DATA_NLOG,1,PASS,오마뎅 대치점,서울 강남구 삼성로 237 102호 오마뎅 대치점,분식,EXACT,PARTIAL,,,4790,1
KOMSCO_DIRECT_NAVER_FALLBACK,UNMATCHED,7170,이화수공란전통육개장공란삼성역점,강남구 이화수공란전통육개장공란삼성역점,gangnam,NOT_FOUND,False,SKIPPED_NO_NAVER_MATCH,False,NOT_FOUND,0,0,DETERMINISTIC,,,,False,,,,,,NOT_ATTEMPTED,,,,UNKNOWN,UNKNOWN,NO_CONFIDENT_CANDIDATE,NO_CONFIDENT_CANDIDATE,5753,0
KOMSCO_DIRECT_NAVER_FALLBACK,UNMATCHED,7173,하우스터디 대치2센터 독서실,대치역 하우스터디 대치2센터 독서실,station,AMBIGUOUS,False,SKIPPED_NO_NAVER_MATCH,False,AMBIGUOUS,1,1,SINGLE_CANDIDATE,0,0,하우스터디독서실 대치2센터독서실,False,,https://pcmap.place.naver.com/restaurant/1073046312/home,1073046312,DOM_DATA_NLOG,,FAIL,하우스터디독서실 대치2센터독서실,서울 강남구 삼성로51길 25 2층,,DIFFERENT,DIFFERENT,TOP_K_DETAIL_VALIDATION_FAILED,TOP_K_DETAIL_VALIDATION_FAILED,1834,1
KOMSCO_DIRECT_NAVER_FALLBACK,UNMATCHED,7174,교촌치킨대치1호점,한티역 교촌치킨대치1호점,station,AMBIGUOUS,False,SKIPPED_NO_NAVER_MATCH,False,AMBIGUOUS,1,1,SINGLE_CANDIDATE,0,0,교촌치킨 선릉점,False,,https://pcmap.place.naver.com/restaurant/11801946/home,11801946,DOM_DATA_NLOG,,FAIL,교촌치킨 선릉점,"서울 강남구 삼성로81길 35 1,2층",,DIFFERENT,DIFFERENT,TOP_K_DETAIL_VALIDATION_FAILED,TOP_K_DETAIL_VALIDATION_FAILED,1057,1
KOMSCO_DIRECT_NAVER_FALLBACK,MATCHED,7176,봉구스밥버거 선릉역점,선릉역 봉구스밥버거 선릉역점,station,AMBIGUOUS,True,NO_USABLE_CANDIDATE,False,AMBIGUOUS,1,1,SINGLE_CANDIDATE,0,0,봉구스밥버거 선릉역점분식,False,,https://pcmap.place.naver.com/restaurant/1267563479/home,1267563479,DOM_DATA_NLOG,,FAIL,봉구스밥버거 선릉역점분식,서울 강남구 선릉로 420,,CONTAINED,DIFFERENT,TOP_K_DETAIL_VALIDATION_FAILED,TOP_K_DETAIL_VALIDATION_FAILED,941,1
KOMSCO_DIRECT_NAVER_FALLBACK,MATCHED,7187,밥짓는집,한티역 밥짓는집,station,AMBIGUOUS,True,NO_USABLE_CANDIDATE,False,AMBIGUOUS,1,1,SINGLE_CANDIDATE,0,0,밥짓는집한식,False,,https://pcmap.place.naver.com/restaurant/37994815/home,37994815,DOM_DATA_NLOG,,FAIL,밥짓는집한식,서울 강남구 도곡로77길 19,,CONTAINED,DIFFERENT,TOP_K_DETAIL_VALIDATION_FAILED,TOP_K_DETAIL_VALIDATION_FAILED,968,1
KOMSCO_DIRECT_NAVER_FALLBACK,MATCHED,7200,둘둘치킨 삼성역점,삼성역 둘둘치킨 삼성역점,naver_local_fallback,AMBIGUOUS,True,ENRICHED:RESOLVED,True,RESOLVED,1,1,SINGLE_CANDIDATE,0,0,"둘둘치킨 삼성역점치킨,닭강정",False,,#,11832930,DOM_DATA_NLOG,1,PASS,"둘둘치킨 삼성역점치킨,닭강정",서울 강남구 영동대로85길 6,,CONTAINED,PARTIAL,,,3576,1
KOMSCO_DIRECT_NAVER_FALLBACK,MATCHED,7211,풍년집,삼성역 풍년집,station,RESOLVED,False,NOT_REQUIRED,False,RESOLVED,2,2,QWEN,"0,1",0,풍년집 대치점소고기구이,True,LOW,#,13574747,DOM_DATA_NLOG,1,PASS,풍년집 대치점소고기구이,서울 강남구 삼성로84길 22,,CONTAINED,PARTIAL,,,2398,1
KOMSCO_DIRECT_NAVER_FALLBACK,MATCHED,7226,웨인스베이글스 대치점,대치역 웨인스베이글스 대치점,station,AMBIGUOUS,True,NO_USABLE_CANDIDATE,False,AMBIGUOUS,1,1,SINGLE_CANDIDATE,0,0,웨인스베이글스 대치점,False,,https://pcmap.place.naver.com/restaurant/1580327020/home,1580327020,DOM_DATA_NLOG,,FAIL,웨인스베이글스 대치점,"<<찾아오시는 길>> 서울특별시 강남구 도곡로 510 102호(시대인재 건물 1층) - 주차 공간이 별도로 준비 되어있지 않습니다. 가급적 대중교통, 도보 이용을 권장 드립니다.","<<찾아오시는 길>> 서울특별시 강남구 도곡로 510 102호(시대인재 건물 1층) - 주차 공간이 별도로 준비 되어있지 않습니다. 가급적 대중교통, 도보 이용을 권장 드립니다.",EXACT,DIFFERENT,TOP_K_DETAIL_VALIDATION_FAILED,TOP_K_DETAIL_VALIDATION_FAILED,1325,1
KOMSCO_DIRECT_NAVER_FALLBACK,MATCHED,7234,한촌설렁탕 선릉역점,선릉역 한촌설렁탕 선릉역점,station,RESOLVED,False,NOT_REQUIRED,False,RESOLVED,1,1,SINGLE_CANDIDATE,0,0,"한촌설렁탕 선릉역점곰탕,설렁탕",False,,#,31076466,DOM_DATA_NLOG,1,PASS,"한촌설렁탕 선릉역점곰탕,설렁탕",서울 강남구 선릉로86길 24 남양빌딩,,CONTAINED,PARTIAL,,,908,1
KOMSCO_DIRECT_NAVER_FALLBACK,UNMATCHED,7253,주식회사  한티옥,강남구 주식회사  한티옥,gangnam,NOT_FOUND,False,SKIPPED_NO_NAVER_MATCH,False,NOT_FOUND,0,0,DETERMINISTIC,,,,False,,,,,,NOT_ATTEMPTED,,,,UNKNOWN,UNKNOWN,NO_CONFIDENT_CANDIDATE,NO_CONFIDENT_CANDIDATE,5535,0
KOMSCO_DIRECT_NAVER_FALLBACK,MATCHED,7257,뚜레쥬르 삼성역점,삼성역 뚜레쥬르 삼성역점,naver_local_fallback,AMBIGUOUS,True,ENRICHED:RESOLVED,True,RESOLVED,1,1,SINGLE_CANDIDATE,0,0,뚜레쥬르 삼성역점베이커리,False,,#,34308481,DOM_DATA_NLOG,1,PASS,뚜레쥬르 삼성역점베이커리,서울 강남구 영동대로85길 17 우정에쉐르,,CONTAINED,PARTIAL,,,1639,1
KOMSCO_DIRECT_NAVER_FALLBACK,MATCHED,7263,카토멘,선릉역 카토멘,station,AMBIGUOUS,True,NO_USABLE_CANDIDATE,False,AMBIGUOUS,1,1,SINGLE_CANDIDATE,0,0,카토멘일본식라면,False,,https://pcmap.place.naver.com/restaurant/31986060/home,31986060,DOM_DATA_NLOG,,FAIL,카토멘일본식라면,서울 강남구 삼성로85길 39 가리온빌딩 1층 카토멘,,CONTAINED,DIFFERENT,TOP_K_DETAIL_VALIDATION_FAILED,TOP_K_DETAIL_VALIDATION_FAILED,880,1
KOMSCO_DIRECT_NAVER_FALLBACK,UNMATCHED,7272,이기는면역찬,도곡역 이기는면역찬,station,AMBIGUOUS,False,SKIPPED_NO_NAVER_MATCH,False,AMBIGUOUS,1,1,SINGLE_CANDIDATE,0,0,이기는 면역찬반찬가게,False,,https://pcmap.place.naver.com/restaurant/1908125395/home,1908125395,DOM_DATA_NLOG,,FAIL,이기는 면역찬반찬가게,서울 강남구 선릉로 206 동부센트레빌스퀘어 상가 지하 도곡역2번출구 이기는면역찬,,CONTAINED,DIFFERENT,TOP_K_DETAIL_VALIDATION_FAILED,TOP_K_DETAIL_VALIDATION_FAILED,905,1
KOMSCO_DIRECT_NAVER_FALLBACK,MATCHED,7276,노다지삼겹살,대치역 노다지삼겹살,station,AMBIGUOUS,True,NO_USABLE_CANDIDATE,False,AMBIGUOUS,1,1,SINGLE_CANDIDATE,0,0,노다지돌삼겹살돼지고기구이,False,,https://pcmap.place.naver.com/restaurant/1969759479/home,1969759479,DOM_DATA_NLOG,,FAIL,노다지돌삼겹살돼지고기구이,서울 강남구 삼성로64길 49,,DIFFERENT,PARTIAL,TOP_K_DETAIL_VALIDATION_FAILED,TOP_K_DETAIL_VALIDATION_FAILED,920,1
KOMSCO_DIRECT_NAVER_FALLBACK,MATCHED,7282,고운님,선릉역 고운님,station,AMBIGUOUS,True,NO_USABLE_CANDIDATE,False,AMBIGUOUS,2,2,QWEN,"0,1",0,고운님 삼성점한식,True,HIGH,https://pcmap.place.naver.com/restaurant/35444331/home,35444331,DOM_DATA_NLOG,,FAIL,고운님 삼성점한식,서울 강남구 영동대로86길 11 승원산업사 2층,,CONTAINED,DIFFERENT,TOP_K_DETAIL_VALIDATION_FAILED,TOP_K_DETAIL_VALIDATION_FAILED,2686,2
KOMSCO_DIRECT_NAVER_FALLBACK,MATCHED,7283,카페르뷰,삼성역 카페르뷰,station,AMBIGUOUS,True,NO_USABLE_CANDIDATE,False,AMBIGUOUS,1,1,SINGLE_CANDIDATE,0,0,카페르뷰카페,False,,https://pcmap.place.naver.com/restaurant/1351796844/home,1351796844,DOM_DATA_NLOG,,FAIL,카페르뷰카페,서울 강남구 역삼로 555,,CONTAINED,DIFFERENT,TOP_K_DETAIL_VALIDATION_FAILED,TOP_K_DETAIL_VALIDATION_FAILED,957,1
KOMSCO_DIRECT_NAVER_FALLBACK,UNMATCHED,7287,굿푸드앤카페,강남구 굿푸드앤카페,gangnam,NOT_FOUND,False,SKIPPED_NO_NAVER_MATCH,False,NOT_FOUND,0,0,DETERMINISTIC,,,,False,,,,,,NOT_ATTEMPTED,,,,UNKNOWN,UNKNOWN,NO_CONFIDENT_CANDIDATE,NO_CONFIDENT_CANDIDATE,5444,0
KOMSCO_DIRECT_NAVER_FALLBACK,MATCHED,7296,스위트 에삐,한티역 스위트 에삐,station,RESOLVED,False,NOT_REQUIRED,False,RESOLVED,1,1,SINGLE_CANDIDATE,0,0,스위트에삐,False,,#,11065249,DOM_DATA_NLOG,1,PASS,스위트에삐,서울 강남구 선릉로64길 23,,EXACT,PARTIAL,,,829,1
KOMSCO_DIRECT_NAVER_FALLBACK,UNMATCHED,7297,한스 선릉점,한티역 한스 선릉점,station,AMBIGUOUS,False,SKIPPED_NO_NAVER_MATCH,False,AMBIGUOUS,4,4,QWEN,"0,1,3",0,한스 압구정점,True,LOW,https://pcmap.place.naver.com/restaurant/19882512/home,19882512,DOM_DATA_NLOG,,FAIL,한스 압구정점,서울 강남구 논현로167길 21,,DIFFERENT,DIFFERENT,TOP_K_DETAIL_VALIDATION_FAILED,TOP_K_DETAIL_VALIDATION_FAILED,3564,3
KOMSCO_DIRECT_NAVER_FALLBACK,UNMATCHED,7302,철따라,대치역 철따라,station,AMBIGUOUS,False,SKIPPED_NO_NAVER_MATCH,False,AMBIGUOUS,1,1,SINGLE_CANDIDATE,0,0,"철따라자연산해물,생선요리",False,,https://pcmap.place.naver.com/restaurant/1354431463/home,1354431463,DOM_DATA_NLOG,,FAIL,"철따라자연산해물,생선요리",서울 강남구 남부순환로 2933,,CONTAINED,DIFFERENT,TOP_K_DETAIL_VALIDATION_FAILED,TOP_K_DETAIL_VALIDATION_FAILED,850,1
KOMSCO_DIRECT_NAVER_FALLBACK,UNMATCHED,7320,명랑회관,강남구 명랑회관,gangnam,AMBIGUOUS,False,SKIPPED_NO_NAVER_MATCH,False,AMBIGUOUS,1,1,SINGLE_CANDIDATE,0,0,냉삼이 맛있는 명랑회관 교대점,False,,https://pcmap.place.naver.com/restaurant/534661227/home,534661227,DOM_DATA_NLOG,,FAIL,냉삼이 맛있는 명랑회관 교대점,서울 서초구 서초대로50길 40 자연빌딩 1층,,CONTAINED,DIFFERENT,TOP_K_DETAIL_VALIDATION_FAILED,TOP_K_DETAIL_VALIDATION_FAILED,6084,1
KOMSCO_DIRECT_NAVER_FALLBACK,MATCHED,7323,강릉집,한티역 강릉집,station,RESOLVED,False,NOT_REQUIRED,False,RESOLVED,3,3,QWEN,"2,0,1",0,"강릉집해물,생선요리",True,LOW,#,19732414,DOM_DATA_NLOG,2,PASS,"강릉집해물,생선요리",서울 강남구 도곡로63길 23 성진회관,,CONTAINED,PARTIAL,,,2735,2
KOMSCO_DIRECT_NAVER_FALLBACK,UNMATCHED,7327,지미스타코(Jimmy's taco),강남구 지미스타코(Jimmy's taco),gangnam,NOT_FOUND,False,SKIPPED_NO_NAVER_MATCH,False,NOT_FOUND,0,0,DETERMINISTIC,,,,False,,,,,,NOT_ATTEMPTED,,,,UNKNOWN,UNKNOWN,NO_CONFIDENT_CANDIDATE,NO_CONFIDENT_CANDIDATE,5685,0
KOMSCO_DIRECT_NAVER_FALLBACK,MATCHED,7355,청국장서갈비,선릉역 청국장서갈비,naver_local_fallback,AMBIGUOUS,True,ENRICHED:RESOLVED,True,RESOLVED,1,1,SINGLE_CANDIDATE,0,0,"청국장서갈비찌개,전골",False,,#,31887308,DOM_DATA_NLOG,1,PASS,"청국장서갈비찌개,전골",서울 강남구 선릉로 420,,CONTAINED,PARTIAL,,,1930,1
KOMSCO_DIRECT_NAVER_FALLBACK,MATCHED,7358,하남돼지집 한티점,한티역 하남돼지집 한티점,station,AMBIGUOUS,True,NO_RESULT,False,AMBIGUOUS,1,1,SINGLE_CANDIDATE,0,0,하남돼지집 한티점,False,,https://pcmap.place.naver.com/restaurant/36667301/home,36667301,DOM_DATA_NLOG,,FAIL,하남돼지집 한티점,서울 강남구 선릉로64길 9 대성빌딩,,EXACT,DIFFERENT,TOP_K_DETAIL_VALIDATION_FAILED,TOP_K_DETAIL_VALIDATION_FAILED,1112,1
KOMSCO_DIRECT_NAVER_FALLBACK,MATCHED,7382,장독대김치찌개선릉점,선릉역 장독대김치찌개선릉점,station,RESOLVED,False,NOT_REQUIRED,False,RESOLVED,1,1,SINGLE_CANDIDATE,0,0,"장독대김치찌개 선릉점찌개,전골",False,,#,37406363,DOM_DATA_NLOG,1,PASS,"장독대김치찌개 선릉점찌개,전골",서울 강남구 테헤란로64길 24,,CONTAINED,PARTIAL,,,740,1
KOMSCO_DIRECT_NAVER_FALLBACK,MATCHED,7403,한방정통삼계탕,선릉역 한방정통삼계탕,naver_local_fallback,AMBIGUOUS,True,ENRICHED:AMBIGUOUS,False,AMBIGUOUS,2,2,QWEN,"0,1",0,"한방정통삼계탕백숙,삼계탕",True,LOW,https://pcmap.place.naver.com/restaurant/33875645/home,33875645,DOM_DATA_NLOG,,FAIL,"한방정통삼계탕백숙,삼계탕",서울 강남구 테헤란로81길 35,,CONTAINED,DIFFERENT,TOP_K_DETAIL_VALIDATION_FAILED,TOP_K_DETAIL_VALIDATION_FAILED,5435,2
KOMSCO_DIRECT_NAVER_FALLBACK,MATCHED,7407,르브런쉭,삼성역 르브런쉭,station,AMBIGUOUS,True,NO_USABLE_CANDIDATE,False,AMBIGUOUS,1,1,SINGLE_CANDIDATE,0,0,르브런쉭,False,,https://pcmap.place.naver.com/restaurant/1243805691/home,1243805691,DOM_DATA_NLOG,,FAIL,르브런쉭,서울 강남구 삼성로 350 서울빌딩,,EXACT,DIFFERENT,TOP_K_DETAIL_VALIDATION_FAILED,TOP_K_DETAIL_VALIDATION_FAILED,900,1
KOMSCO_DIRECT_NAVER_FALLBACK,UNMATCHED,7409,모도우 선릉,선릉역 모도우 선릉,station,AMBIGUOUS,False,SKIPPED_NO_NAVER_MATCH,False,AMBIGUOUS,1,1,SINGLE_CANDIDATE,0,0,모도우 The ROOM 대치점,False,,https://pcmap.place.naver.com/restaurant/1090319859/home,1090319859,DOM_DATA_NLOG,,FAIL,모도우 The ROOM 대치점,서울 강남구 테헤란로78길 16 B1층,,DIFFERENT,DIFFERENT,TOP_K_DETAIL_VALIDATION_FAILED,TOP_K_DETAIL_VALIDATION_FAILED,872,1
KOMSCO_DIRECT_NAVER_FALLBACK,UNMATCHED,7427,화원일식,대치동 화원일식,dong,AMBIGUOUS,False,SKIPPED_NO_NAVER_MATCH,False,AMBIGUOUS,1,1,SINGLE_CANDIDATE,0,0,우희담 대치일식당,False,,https://pcmap.place.naver.com/restaurant/18572279/home,18572279,DOM_DATA_NLOG,,FAIL,우희담 대치일식당,서울 강남구 도곡로 510 1층,,DIFFERENT,DIFFERENT,TOP_K_DETAIL_VALIDATION_FAILED,TOP_K_DETAIL_VALIDATION_FAILED,3425,1
KOMSCO_DIRECT_NAVER_FALLBACK,MATCHED,7429,교촌치킨 대치2호점,대치역 교촌치킨 대치2호점,naver_local_fallback,AMBIGUOUS,True,ENRICHED:RESOLVED,True,RESOLVED,1,1,SINGLE_CANDIDATE,0,0,교촌치킨 대치2호점,False,,#,11801947,DOM_DATA_NLOG,1,PASS,교촌치킨 대치2호점,서울 강남구 삼성로58길 7 1층,,EXACT,PARTIAL,,,1957,1
KOMSCO_DIRECT_NAVER_FALLBACK,AMBIGUOUS,7446,도원,선릉역 도원,station,AMBIGUOUS,False,SKIPPED_NO_NAVER_MATCH,False,AMBIGUOUS,9,5,QWEN,"4,0,1",4,도원아이디인테리어디자인,True,LOW,https://pcmap.place.naver.com/restaurant/37896332/home,37896332,DOM_DATA_NLOG,,FAIL,도원아이디인테리어디자인,서울 강남구 테헤란로 309 삼성제일빌딩 1층 1호,,CONTAINED,DIFFERENT,TOP_K_DETAIL_VALIDATION_FAILED,TOP_K_DETAIL_VALIDATION_FAILED,3386,3
KOMSCO_DIRECT_NAVER_FALLBACK,UNMATCHED,7457,초가마을,한티역 초가마을,station,AMBIGUOUS,False,SKIPPED_NO_NAVER_MATCH,False,AMBIGUOUS,1,1,SINGLE_CANDIDATE,0,0,초가마을 역삼점,False,,https://pcmap.place.naver.com/restaurant/1292769071/home,1292769071,DOM_DATA_NLOG,,FAIL,초가마을 역삼점,서울 강남구 역삼로 213 1층,,CONTAINED,DIFFERENT,TOP_K_DETAIL_VALIDATION_FAILED,TOP_K_DETAIL_VALIDATION_FAILED,903,1
KOMSCO_DIRECT_NAVER_FALLBACK,MATCHED,7469,백반감자탕,삼성역 백반감자탕,naver_local_fallback,AMBIGUOUS,True,ENRICHED:RESOLVED,True,RESOLVED,1,1,SINGLE_CANDIDATE,0,0,백반감자탕한식,False,,#,1401022750,DOM_DATA_NLOG,1,PASS,백반감자탕한식,서울 강남구 테헤란로88길 10 B106호,,CONTAINED,PARTIAL,,,1903,1
KOMSCO_DIRECT_NAVER_FALLBACK,UNMATCHED,7485,여수동촌,선릉역 여수동촌,station,AMBIGUOUS,False,SKIPPED_NO_NAVER_MATCH,False,AMBIGUOUS,1,1,SINGLE_CANDIDATE,0,0,동촌 대치점조개요리,False,,https://pcmap.place.naver.com/restaurant/11887408/home,11887408,DOM_DATA_NLOG,,FAIL,동촌 대치점조개요리,서울 강남구 삼성로75길 9,,DIFFERENT,DIFFERENT,TOP_K_DETAIL_VALIDATION_FAILED,TOP_K_DETAIL_VALIDATION_FAILED,774,1
KOMSCO_DIRECT_NAVER_FALLBACK,MATCHED,7488,노크노크,대치역 노크노크,naver_local_fallback,AMBIGUOUS,True,ENRICHED:RESOLVED,True,RESOLVED,5,5,QWEN,"0,1,2",0,노크노크브런치,True,LOW,#,37927487,DOM_DATA_NLOG,1,PASS,노크노크브런치,서울 강남구 도곡로 521,,CONTAINED,PARTIAL,,,5752,1
KOMSCO_DIRECT_NAVER_FALLBACK,UNMATCHED,7491,진지방 순대국 대치점,강남구 진지방 순대국 대치점,gangnam,NOT_FOUND,False,SKIPPED_NO_NAVER_MATCH,False,NOT_FOUND,0,0,DETERMINISTIC,,,,False,,,,,,NOT_ATTEMPTED,,,,UNKNOWN,UNKNOWN,NO_CONFIDENT_CANDIDATE,NO_CONFIDENT_CANDIDATE,5445,0
KOMSCO_DIRECT_NAVER_FALLBACK,MATCHED,7496,선릉불고기,선릉역 선릉불고기,station,RESOLVED,False,NOT_REQUIRED,False,RESOLVED,6,5,QWEN,"0,1,4",0,선릉불고기한식,True,LOW,#,1504685995,DOM_DATA_NLOG,1,PASS,선릉불고기한식,서울 강남구 선릉로82길 43,,CONTAINED,PARTIAL,,,2842,1
KOMSCO_DIRECT_NAVER_FALLBACK,UNMATCHED,7497,（주）삼성에프앤비,강남구 （주）삼성에프앤비,gangnam,NOT_FOUND,False,SKIPPED_NO_NAVER_MATCH,False,NOT_FOUND,0,0,DETERMINISTIC,,,,False,,,,,,NOT_ATTEMPTED,,,,UNKNOWN,UNKNOWN,NO_CONFIDENT_CANDIDATE,NO_CONFIDENT_CANDIDATE,5418,0
KOMSCO_DIRECT_NAVER_FALLBACK,UNMATCHED,7502,한와담 포스코센터점,강남구 한와담 포스코센터점,gangnam,AMBIGUOUS,False,SKIPPED_NO_NAVER_MATCH,False,AMBIGUOUS,2,2,QWEN,"0,1",0,한와담소반 롯데백화점 잠실점 캐슬플라자소고기구이,True,LOW,https://pcmap.place.naver.com/restaurant/1274636337/home,1274636337,DOM_DATA_NLOG,,FAIL,한와담소반 롯데백화점 잠실점 캐슬플라자소고기구이,서울 송파구 올림픽로 269 캐슬플라자 지하1층,,DIFFERENT,DIFFERENT,TOP_K_DETAIL_VALIDATION_FAILED,TOP_K_DETAIL_VALIDATION_FAILED,9479,2
