restaurant_id	match_status	address_score	total_score	name_score	category_score	distance_score	match_distance_meters	external_name	address	road_address
4276	MATCHED	30.00	100.00	40.00	10.00	20.00	1.05	??	????? ??? ??? 22-20	????? ??? ????56? 17
4277	UNMATCHED	0.00	0.00	0.00	0.00	0.00	NULL	NULL	NULL	NULL
4278	MATCHED	30.00	95.00	35.00	10.00	20.00	7.65	????? ???	????? ??? ??? 924-4	????? ??? ???63? 28
4279	MATCHED	30.00	100.00	40.00	10.00	20.00	3.36	???? ???	????? ??? ??? 420-2 1?	????? ??? ???30? 42 1?
4280	MATCHED	30.00	100.00	40.00	10.00	20.00	5.66	???	????? ??? ??? 576-3 1?	????? ??? ????28? 22-9 1?
4281	UNMATCHED	0.00	0.00	0.00	0.00	0.00	NULL	NULL	NULL	NULL
4282	MATCHED	30.00	95.00	35.00	10.00	20.00	6.62	???? ?02	????? ??? ??? 1257-6 1?	????? ??? ???25? 5 1?
4283	MATCHED	30.00	100.00	40.00	10.00	20.00	5.67	??	????? ??? ??? 897-10	????? ??? ???82? 7
4284	MATCHED	15.00	85.00	40.00	10.00	20.00	2.70	?????	????? ??? ??? 646-4 1?	????? ??? ????53? 7 1?
4285	MATCHED	30.00	100.00	40.00	10.00	20.00	2.74	???	????? ??? ??? 945-28	????? ??? ????92? 11
4286	MATCHED	15.00	85.00	40.00	10.00	20.00	3.91	????	????? ??? ??? 652-8 K ??	????? ??? ????49? 10-8 ??? K ??
4287	AMBIGUOUS	0.00	56.00	40.00	10.00	6.00	137.46	?????	????? ??? ??? 79-2 609, ?????? ??1? 42?	????? ??? ??? 610 609, ?????? ??1? 42?
4288	MATCHED	30.00	95.00	35.00	10.00	20.00	5.52	??? ???	????? ??? ??? 411-5	????? ??? ????? 2712
4289	MATCHED	30.00	100.00	40.00	10.00	20.00	3.71	?????	????? ??? ??? 77-25	????? ??? ????97? 4
4290	AMBIGUOUS	8.00	72.00	40.00	10.00	14.00	63.36	????	????? ??? ??? 792-25 101?	????? ??? ???71? 37 101?
4291	UNMATCHED	0.00	0.00	0.00	0.00	0.00	NULL	NULL	NULL	NULL
4292	UNMATCHED	0.00	0.00	0.00	0.00	0.00	NULL	NULL	NULL	NULL
4293	UNMATCHED	0.00	0.00	0.00	0.00	0.00	NULL	NULL	NULL	NULL
4294	MATCHED	30.00	100.00	40.00	10.00	20.00	1.65	???? ?	????? ??? ??? 152-11 1?	????? ??? ????81? 60-5 1?
4295	MATCHED	25.00	95.00	40.00	10.00	20.00	18.10	????? ???	????? ??? ??? 837-26 ????? 1?	????? ??? ???1? 14 ????? 1?
4388	UNMATCHED	0.00	0.00	0.00	0.00	0.00	NULL	NULL	NULL	NULL
4296	MATCHED	8.00	73.00	35.00	10.00	20.00	25.25	???????? ???	????? ??? ??? 587 ??????? 1? 101?	????? ??? ???569? 9 ??????? 1? 101?
4361	MATCHED	8.00	78.00	40.00	10.00	20.00	24.08	?????????	????? ??? ??? 672 ???????A? 104? ?????????	????? ??? ???? 231 ???????A? 104? ?????????
4333	MATCHED	30.00	100.00	40.00	10.00	20.00	0.00	?	????? ??? ??? 194-7	????? ??? ????23? 10-5
4299	MATCHED	25.00	81.00	40.00	10.00	6.00	242.40	??? ??????????	????? ??? ??? 1282 ? ??1? 1? 103-1?	????? ??? ??? 264 ? ??1? 1? 103-1?
4298	MATCHED	30.00	95.00	35.00	10.00	20.00	2.86	?????? ???	????? ??? ??? 140-8	????? ??? ???6? 30
4823	AMBIGUOUS	15.00	71.00	40.00	10.00	6.00	167.73	???	????? ??? ???? 369-1 ???? 2? 104?, 105? ???	????? ??? ????29? 71 ???? 2? 104?, 105? ???
4587	UNMATCHED	0.00	0.00	0.00	0.00	0.00	NULL	NULL	NULL	NULL
4410	MATCHED	8.00	78.00	40.00	10.00	20.00	6.31	???? ?????	????? ??? ??? 651 1? 111-1? ???? ?????	????? ??? ??? 180 1? 111-1? ???? ?????
4414	UNMATCHED	0.00	0.00	0.00	0.00	0.00	NULL	NULL	NULL	NULL
4338	UNMATCHED	0.00	0.00	0.00	0.00	0.00	NULL	NULL	NULL	NULL
4383	AMBIGUOUS	30.00	85.00	35.00	0.00	20.00	0.01	?????????? ???	????? ??? ??? 741	????? ??? ??? 185
4297	UNMATCHED	0.00	0.00	0.00	0.00	0.00	NULL	NULL	NULL	NULL
4301	MATCHED	15.00	85.00	40.00	10.00	20.00	6.41	????? ????	????? ??? ??? 1201 101?	????? ??? ???22? 47 101?
4300	UNMATCHED	0.00	0.00	0.00	0.00	0.00	NULL	NULL	NULL	NULL
4319	UNMATCHED	0.00	0.00	0.00	0.00	0.00	NULL	NULL	NULL	NULL
4880	AMBIGUOUS	8.00	64.00	40.00	10.00	6.00	201.84	????	????? ??? ???? 369-1 ?????	????? ??? ????29? 71 ?????
4616	MATCHED	15.00	80.00	35.00	10.00	20.00	5.73	?? ????	????? ??? ??? 164-10 ??????	????? ??? ????36? 6 ??????
4525	MATCHED	25.00	95.00	40.00	10.00	20.00	21.15	???? ?????	????? ??? ??? 638 1? 112?	????? ??? ??? 120 1? 112?
5053	UNMATCHED	0.00	0.00	0.00	0.00	0.00	NULL	NULL	NULL	NULL
4363	MATCHED	30.00	92.00	32.00	10.00	20.00	5.06	???? ???	????? ??? ??? 683-1	????? ??? ???3? 4
4419	MATCHED	8.00	78.00	40.00	10.00	20.00	31.85	????? ????	????? ??? ??? 724 ???????? ??1? 105?	????? ??? ??? 280 (???) ???????? ??1? 105?
4306	UNMATCHED	0.00	0.00	0.00	0.00	0.00	NULL	NULL	NULL	NULL
4304	UNMATCHED	0.00	0.00	0.00	0.00	0.00	NULL	NULL	NULL	NULL
4302	MATCHED	30.00	100.00	40.00	10.00	20.00	5.16	???? ??1???	????? ??? ??? 158-2	????? ??? ???6? 8
4303	MATCHED	25.00	95.00	40.00	10.00	20.00	0.30	?????	????? ??? ??? 152-25 ?? 2?	????? ??? ????81? 58-4 ?? 2?
4311	MATCHED	30.00	100.00	40.00	10.00	20.00	5.05	?????? ???	????? ??? ??? 913-25	????? ??? ???69? 11
4305	MATCHED	15.00	80.00	35.00	10.00	20.00	0.00	????? ????	????? ??? ??? 558-1 1?	????? ??? ???153? 27 1?
4321	MATCHED	30.00	95.00	35.00	10.00	20.00	5.21	??? ????	????? ??? ??? 184-21 1?	????? ??? ????114? 15 1?
5123	AMBIGUOUS	8.00	64.00	32.00	10.00	14.00	93.40	????? ??????	????? ??? ???? 369-1 ????? 21? ?(SC ???? ???)	????? ??? ????29? 71 (????, ?????) 21? ?(SC ???? ???)
4665	MATCHED	25.00	95.00	40.00	10.00	20.00	20.07	?????? ???	????? ??? ??? 616 1? 112? ?????? ???	????? ??? ???569? 21-30 1? 112? ?????? ???
4720	MATCHED	15.00	85.00	40.00	10.00	20.00	46.31	????? ???	????? ??? ??? 651 ?????? 103-2 ????? ?????	????? ??? ??? 180 ?????? 103-2 ????? ?????
5418	MATCHED	30.00	100.00	40.00	10.00	20.00	0.00	????	????? ??? ??? 196-34	????? ??? ????23? 20
4464	UNMATCHED	0.00	0.00	0.00	0.00	0.00	NULL	NULL	NULL	NULL
4498	MATCHED	30.00	86.00	40.00	10.00	6.00	112.59	???	????? ??? ??? 738 ????? ?????? 1?	????? ??? ???39? 3 (???, ?????) ?????? 1?
4324	UNMATCHED	0.00	0.00	0.00	0.00	0.00	NULL	NULL	NULL	NULL
4307	MATCHED	30.00	100.00	40.00	10.00	20.00	4.71	????? ????	????? ??? ??? 696-5	????? ??? ???93? 12
4325	UNMATCHED	0.00	0.00	0.00	0.00	0.00	NULL	NULL	NULL	NULL
4308	MATCHED	30.00	100.00	40.00	10.00	20.00	3.60	??????	????? ??? ??? 38-19	????? ??? ???132? 15
4313	AMBIGUOUS	15.00	80.00	35.00	10.00	20.00	4.33	?? ??	????? ??? ??? 101-9 2?, 3?	????? ??? ????112? 61 2?, 3?
4317	MATCHED	30.00	100.00	40.00	10.00	20.00	8.44	??????	????? ??? ??? 1021-14	????? ??? ???57? 22
4309	UNMATCHED	0.00	0.00	0.00	0.00	0.00	NULL	NULL	NULL	NULL
4327	MATCHED	30.00	100.00	40.00	10.00	20.00	7.57	??????	????? ??? ??? 184-31	????? ??? ????1? 16
5477	UNMATCHED	0.00	0.00	0.00	0.00	0.00	NULL	NULL	NULL	NULL
4770	MATCHED	15.00	85.00	40.00	10.00	20.00	18.05	???? ???	????? ??? ??? 581 ??1? 102?, 103?	????? ??? ??? 569 ??1? 102?, 103?
4725	MATCHED	30.00	95.00	35.00	10.00	20.00	4.38	???????? ???	????? ??? ??? 302-6	????? ??? ????14? 13
5447	UNMATCHED	0.00	0.00	0.00	0.00	0.00	NULL	NULL	NULL	NULL
4477	UNMATCHED	0.00	0.00	0.00	0.00	0.00	NULL	NULL	NULL	NULL
4510	MATCHED	8.00	78.00	40.00	10.00	20.00	36.51	??????	????? ??? ??? 724 ????????	????? ??? ??? 280 ????????
4329	MATCHED	30.00	86.00	40.00	10.00	6.00	114.24	??????	????? ??? ??? 963	????? ??? ??? 213
4312	UNMATCHED	0.00	0.00	0.00	0.00	0.00	NULL	NULL	NULL	NULL
4348	MATCHED	15.00	80.00	35.00	10.00	20.00	4.76	??? ?????	????? ??? ??? 1237-16 1? ???	????? ??? ???18? 15 1? ???
4315	MATCHED	30.00	100.00	40.00	10.00	20.00	5.22	???	????? ??? ??? 46-20	????? ??? ??? 431
4322	MATCHED	30.00	100.00	40.00	10.00	20.00	0.00	?????	????? ??? ??? 166-6	????? ??? ????114? 42
4318	MATCHED	25.00	95.00	40.00	10.00	20.00	2.24	????	????? ??? ??? 891-61 ????	????? ??? ????78? 14-6 ????
4310	UNMATCHED	0.00	0.00	0.00	0.00	0.00	NULL	NULL	NULL	NULL
4331	MATCHED	25.00	90.00	35.00	10.00	20.00	6.27	?? ????	????? ??? ??? 113-20 1? ??	????? ??? ???134? 35 1? ??
5672	UNMATCHED	0.00	0.00	0.00	0.00	0.00	NULL	NULL	NULL	NULL
4814	MATCHED	30.00	100.00	40.00	10.00	20.00	32.86	???	????? ??? ??? 124-2	????? ??? ????34? 4
4968	MATCHED	30.00	100.00	40.00	10.00	20.00	30.77	?????? ???	????? ??? ??? 658 107-1?	????? ??? ??? 202 107-1?
5668	UNMATCHED	0.00	0.00	0.00	0.00	0.00	NULL	NULL	NULL	NULL
4484	UNMATCHED	0.00	0.00	0.00	0.00	0.00	NULL	NULL	NULL	NULL
4554	UNMATCHED	0.00	0.00	0.00	0.00	0.00	NULL	NULL	NULL	NULL
4351	MATCHED	15.00	85.00	40.00	10.00	20.00	3.04	?????	????? ??? ??? 959-21 ?????	????? ??? ?????361? 7 ?????
4316	MATCHED	15.00	80.00	35.00	10.00	20.00	3.52	???? ??????	????? ??? ??? 651-15 STAR?? 1?	????? ??? ???107? 40 STAR?? 1?
4358	MATCHED	30.00	100.00	40.00	10.00	20.00	0.00	????	????? ??? ??? 13-3	????? ??? ??? 623
4326	AMBIGUOUS	8.00	72.00	40.00	10.00	14.00	76.34	?????	????? ??? ??? 52-6 ?? ???? 2?	????? ??? ???? 540 ?? ???? 2?
4352	UNMATCHED	0.00	0.00	0.00	0.00	0.00	NULL	NULL	NULL	NULL
4332	MATCHED	30.00	95.00	35.00	10.00	20.00	0.00	???? ?????	????? ??? ??? 962-12	????? ??? ???70? 4
4314	MATCHED	15.00	85.00	40.00	10.00	20.00	4.48	???	????? ??? ??? 657-32 103?	????? ??? ????51? 40 103?
4335	UNMATCHED	0.00	0.00	0.00	0.00	0.00	NULL	NULL	NULL	NULL
5699	UNMATCHED	0.00	0.00	0.00	0.00	0.00	NULL	NULL	NULL	NULL
4816	MATCHED	25.00	95.00	40.00	10.00	20.00	15.82	??????	????? ??? ??? 124-2 ???? 3?? ??5?	????? ??? ????34? 4 ???? 3?? ??5?
5174	MATCHED	30.00	95.00	35.00	10.00	20.00	5.08	??? ????	????? ??? ??? 287	????? ??? ????14? 13-48
5698	MATCHED	15.00	85.00	40.00	10.00	20.00	0.00	?????	????? ??? ??? 108-9 A? ??116?	????? ??? ???745? 25 A? ??116?
4486	UNMATCHED	0.00	0.00	0.00	0.00	0.00	NULL	NULL	NULL	NULL
4566	MATCHED	30.00	100.00	40.00	10.00	20.00	17.21	????? ???	????? ??? ??? 713 ??1?	????? ??? ????1? 10 ??1?
4378	MATCHED	25.00	95.00	40.00	10.00	20.00	4.63	????	????? ??? ??? 411 ??? 2?	????? ??? ??? 176 ??? 2?
4328	MATCHED	25.00	95.00	40.00	10.00	20.00	11.54	?????	????? ??? ??? 706-13 ???? 1?	????? ??? ??? 430 ???? 1?
4360	MATCHED	15.00	80.00	35.00	10.00	20.00	4.25	???? ?????	????? ??? ??? 166-4 102?	????? ??? ???8? 5 102?
4336	MATCHED	30.00	100.00	40.00	10.00	20.00	5.53	???	????? ??? ??? 687 1?	????? ??? ???108? 8 1?
4342	MATCHED	30.00	100.00	40.00	10.00	20.00	3.63	???? ??1??	????? ??? ??? 619-26 2?	????? ??? ????1? 40 2?
4343	MATCHED	15.00	80.00	35.00	10.00	20.00	5.75	??? ?? ? ??? ????	????? ??? ??? 682-7 102?	????? ??? ???? 328 102?
4345	MATCHED	30.00	100.00	40.00	10.00	20.00	3.43	??????	????? ??? ??? 836-68	????? ??? ???7? 7
4349	MATCHED	30.00	95.00	35.00	10.00	20.00	6.57	??? ???????	????? ??? ??? 720-24	????? ??? ???87? 9
4359	UNMATCHED	0.00	0.00	0.00	0.00	0.00	NULL	NULL	NULL	NULL
4366	MATCHED	15.00	80.00	35.00	10.00	20.00	3.51	??? ??? ???????	????? ??? ??? 699-15 102?	????? ??? ???98? 17 102?
4368	UNMATCHED	0.00	0.00	0.00	0.00	0.00	NULL	NULL	NULL	NULL
4369	AMBIGUOUS	8.00	49.00	35.00	0.00	6.00	243.97	?? ???	????? ??? ??? 830-69	????? ??? ??? 123
4371	MATCHED	8.00	73.00	35.00	10.00	20.00	19.68	??? ?? ???	????? ??? ??? 823 ??1? B110-1?(, ????)	????? ??? ???? 124 ??1? B110-1?(, ????)
4372	MATCHED	30.00	100.00	40.00	10.00	20.00	2.45	?????	????? ??? ??? 699-2 2?	????? ??? ???98? 7 2?
4385	MATCHED	25.00	95.00	40.00	10.00	20.00	0.00	???? ???	????? ??? ??? 644-4 ???? 2?	????? ??? ????94? 87 ???? 2?
4386	UNMATCHED	0.00	0.00	0.00	0.00	0.00	NULL	NULL	NULL	NULL
4391	UNMATCHED	0.00	0.00	0.00	0.00	0.00	NULL	NULL	NULL	NULL
4395	UNMATCHED	0.00	0.00	0.00	0.00	0.00	NULL	NULL	NULL	NULL
4397	UNMATCHED	0.00	0.00	0.00	0.00	0.00	NULL	NULL	NULL	NULL
4400	MATCHED	30.00	95.00	35.00	10.00	20.00	8.83	?? ????	????? ??? ??? 733-27	????? ??? ??? 213
4413	MATCHED	25.00	95.00	40.00	10.00	20.00	5.86	??	????? ??? ??? 643-3 ????1? ??	????? ??? ???95? 15 ????1? ??
4422	MATCHED	30.00	95.00	35.00	10.00	20.00	13.10	???? ??	????? ??? ??? 784-4 1?	????? ??? ??? 311 1?
4424	UNMATCHED	0.00	0.00	0.00	0.00	0.00	NULL	NULL	NULL	NULL
4429	MATCHED	30.00	100.00	40.00	10.00	20.00	5.89	??????? ??2??	????? ??? ??? 831-5	????? ??? ???1? 19
4431	UNMATCHED	0.00	0.00	0.00	0.00	0.00	NULL	NULL	NULL	NULL
4433	MATCHED	30.00	100.00	40.00	10.00	20.00	8.01	??	????? ??? ??? 614-20	????? ??? ???105? 53
4435	MATCHED	15.00	80.00	35.00	10.00	20.00	0.00	???? ???? ??? ??	????? ??? ??? 702-13 ?????1 ???? ??1? 107?	????? ??? ???? 313 ?????1 ???? ??1? 107?
4437	MATCHED	25.00	95.00	40.00	10.00	20.00	10.94	????	????? ??? ??? 738-1 ???? ??1?	????? ??? ???17? 64 ???? ??1?
4438	MATCHED	30.00	90.00	40.00	0.00	20.00	5.29	???????	????? ??? ??? 796-3	????? ??? ???67? 11
4442	MATCHED	30.00	95.00	35.00	10.00	20.00	29.14	??????? ???	????? ??? ??? 707-24 ??1? B150?	????? ??? ???? 322 ??1? B150?
4447	AMBIGUOUS	15.00	65.00	40.00	10.00	0.00	NULL	????? ????	????? ??? ??? 858	????? ??? ???? 396
4448	UNMATCHED	0.00	0.00	0.00	0.00	0.00	NULL	NULL	NULL	NULL
4450	UNMATCHED	0.00	0.00	0.00	0.00	0.00	NULL	NULL	NULL	NULL
4452	UNMATCHED	0.00	0.00	0.00	0.00	0.00	NULL	NULL	NULL	NULL
4454	MATCHED	30.00	100.00	40.00	10.00	20.00	4.76	???	????? ??? ??? 840-2 1?	????? ??? ???63? 69 1?
4458	UNMATCHED	0.00	0.00	0.00	0.00	0.00	NULL	NULL	NULL	NULL
4459	MATCHED	30.00	100.00	40.00	10.00	20.00	2.23	??	????? ??? ??? 706-18	????? ??? ???90? 12
4460	MATCHED	15.00	85.00	40.00	10.00	20.00	3.77	?????	????? ??? ??? 681-39 ????	????? ??? ???107? 26 ????
4461	MATCHED	15.00	85.00	40.00	10.00	20.00	5.40	?????	????? ??? ??? 664-36 ??1?	????? ??? ???97? 12 ??1?
4467	MATCHED	15.00	85.00	40.00	10.00	20.00	7.09	????? ???	????? ??? ??? 736-1 ?????? 1?, ?????	????? ??? ???? 142 ?????? 1?, ?????
4471	MATCHED	30.00	82.00	22.00	10.00	20.00	0.00	??? ? ??GFC??	????? ??? ??? 737 ??1?	????? ??? ???? 152 ??1?
4473	MATCHED	25.00	90.00	35.00	10.00	20.00	19.07	????? ?????	????? ??? ??? 831-42 ???? 1? 101?	????? ??? ??? 113 ???? 1? 101?
4474	MATCHED	15.00	85.00	40.00	10.00	20.00	0.00	???	????? ??? ??? 823-26 ??????? B1? ???	????? ??? ????14? 8 ??????? B1? ???
4482	MATCHED	15.00	80.00	35.00	10.00	20.00	5.97	???? ??????	????? ??? ??? 741-12 1?	????? ??? ???85? 43 1?
4483	MATCHED	30.00	95.00	35.00	10.00	20.00	7.04	1992 ??&??? ????	????? ??? ??? 826-3 1? 1992??&???	????? ??? ????84? 6 1? 1992??&???
4488	UNMATCHED	0.00	0.00	0.00	0.00	0.00	NULL	NULL	NULL	NULL
4496	MATCHED	15.00	85.00	40.00	10.00	20.00	0.00	??????????	????? ??? ??? 754-2 ????? 116?	????? ??? ???52? 14 ????? 116?
4502	UNMATCHED	0.00	0.00	0.00	0.00	0.00	NULL	NULL	NULL	NULL
4505	MATCHED	25.00	95.00	40.00	10.00	20.00	6.87	??? ?????	????? ??? ??? 775-2 . 1? 101?	????? ??? ???72? 16 . 1? 101?
4511	MATCHED	30.00	100.00	40.00	10.00	20.00	4.77	???	????? ??? ??? 651-12	????? ??? ????30? 7
4513	UNMATCHED	0.00	0.00	0.00	0.00	0.00	NULL	NULL	NULL	NULL
4515	MATCHED	30.00	100.00	40.00	10.00	20.00	5.76	????	????? ??? ??? 674-16	????? ??? ???93? 16
4518	MATCHED	25.00	90.00	35.00	10.00	20.00	2.17	?? ????	????? ??? ??? 705 ????? 2?	????? ??? ????51? 10 ????? 2?
4519	UNMATCHED	0.00	0.00	0.00	0.00	0.00	NULL	NULL	NULL	NULL
4526	MATCHED	25.00	87.00	32.00	10.00	20.00	2.38	?????? ? ??	????? ??? ??? 756-11 SLI?? ??1?	????? ??? ???69? 7 SLI?? ??1?
4527	MATCHED	25.00	85.00	40.00	0.00	20.00	3.39	??? ???????	????? ??? ??? 824-11 ????? 1406?	????? ??? ????84? 23 ????? 1406?
4530	MATCHED	30.00	100.00	40.00	10.00	20.00	0.00	??	????? ??? ??? 823-30 ??1? B101?	????? ??? ????14? 16 ??1? B101?
4532	MATCHED	30.00	95.00	35.00	10.00	20.00	4.91	??? ???	????? ??? ??? 670-21 1? ???	????? ??? ???94? 19 1? ???
4536	MATCHED	15.00	85.00	40.00	10.00	20.00	7.14	??? ??????	????? ??? ??? 775-2 ???? 1?	????? ??? ???72? 16 ???? 1?
4538	MATCHED	25.00	95.00	40.00	10.00	20.00	0.00	??	????? ??? ??? 677-7 1?	????? ??? ????37? 13-6 1?
4539	MATCHED	30.00	100.00	40.00	10.00	20.00	2.61	????	????? ??? ??? 700-22	????? ??? ???94? 9-3
4540	UNMATCHED	0.00	0.00	0.00	0.00	0.00	NULL	NULL	NULL	NULL
4544	MATCHED	15.00	85.00	40.00	10.00	20.00	12.06	???	????? ??? ??? 619-28 ????? 1?	????? ??? ????98? 11 ????? 1?
4549	MATCHED	15.00	80.00	35.00	10.00	20.00	4.85	?? ??	????? ??? ??? 770 ????	????? ??? ??? 214 ????
4552	MATCHED	30.00	95.00	35.00	10.00	20.00	5.73	????	????? ??? ??? 700-29	????? ??? ???98? 20
4553	AMBIGUOUS	8.00	64.00	40.00	10.00	6.00	130.31	???????	????? ??? ??? 786-17	????? ??? ??? 239
4556	UNMATCHED	0.00	0.00	0.00	0.00	0.00	NULL	NULL	NULL	NULL
4561	MATCHED	30.00	95.00	35.00	10.00	20.00	18.86	?????? ???	????? ??? ??? 797-3	????? ??? ??? 333
4563	MATCHED	30.00	95.00	35.00	10.00	20.00	5.17	??? ??? ??? ????	????? ??? ??? 674-15 1? ??? ??? ??? ????	????? ??? ????37? 22 1? ??? ??? ??? ????
4572	MATCHED	30.00	100.00	40.00	10.00	20.00	7.81	????????	????? ??? ??? 831-34	????? ??? ???3? 17-5
4580	AMBIGUOUS	15.00	60.00	35.00	10.00	0.00	NULL	????? ??????? ?	????? ??? ??? 858 ??? ??1?	????? ??? ???? 396 ??? ??1?
4583	UNMATCHED	0.00	0.00	0.00	0.00	0.00	NULL	NULL	NULL	NULL
4586	MATCHED	30.00	100.00	40.00	10.00	20.00	6.23	????? ???	????? ??? ??? 719-8	????? ??? ????34? 5
4589	MATCHED	15.00	85.00	40.00	10.00	20.00	7.84	???? ?????	????? ??? ??? 723-6 B	????? ??? ???85? 25 B
4590	MATCHED	30.00	100.00	40.00	10.00	20.00	7.90	???	????? ??? ??? 817-37	????? ??? ????98? 22
4591	MATCHED	15.00	80.00	35.00	10.00	20.00	13.20	??????? ???	????? ??? ??? 761-18 1? 108?	????? ??? ??? 314 1? 108?
4596	MATCHED	8.00	78.00	40.00	10.00	20.00	3.74	??? ' s ???	????? ??? ??? 738-11 2?	????? ??? ???85? 5-5 2?
4601	MATCHED	30.00	82.00	22.00	10.00	20.00	3.77	?????? ?? ????	????? ??? ??? 664-31 1?	????? ??? ???99? 9 1?
4605	UNMATCHED	0.00	0.00	0.00	0.00	0.00	NULL	NULL	NULL	NULL
4618	UNMATCHED	0.00	0.00	0.00	0.00	0.00	NULL	NULL	NULL	NULL
4623	UNMATCHED	0.00	0.00	0.00	0.00	0.00	NULL	NULL	NULL	NULL
4626	MATCHED	30.00	100.00	40.00	10.00	20.00	7.75	???? ????	????? ??? ??? 831-27 1?	????? ??? ????78? 18 1?
4628	MATCHED	8.00	78.00	40.00	10.00	20.00	3.85	???????	????? ??? ??? 704-55	????? ??? ???93? 34
4637	MATCHED	15.00	85.00	40.00	10.00	20.00	8.56	??????	????? ??? ??? 704-44 1?	????? ??? ????47? 17 1?
4645	MATCHED	30.00	100.00	40.00	10.00	20.00	5.72	???	????? ??? ??? 670-15 ??1?	????? ??? ????27? 26 ??1?
4647	UNMATCHED	0.00	0.00	0.00	0.00	0.00	NULL	NULL	NULL	NULL
4650	MATCHED	30.00	100.00	40.00	10.00	20.00	2.29	?	????? ??? ??? 736-21 ???? 2?	????? ??? ????20? 13 ???? 2?
4653	UNMATCHED	0.00	0.00	0.00	0.00	0.00	NULL	NULL	NULL	NULL
4654	MATCHED	30.00	100.00	40.00	10.00	20.00	8.55	??? ?????	????? ??? ??? 823-12	????? ??? ????8? 17
4659	MATCHED	30.00	100.00	40.00	10.00	20.00	14.77	???? ???	????? ??? ??? 702-2 ??1? 6?	????? ??? ???? 309 ??1? 6?
4664	UNMATCHED	0.00	0.00	0.00	0.00	0.00	NULL	NULL	NULL	NULL
4667	MATCHED	30.00	95.00	35.00	10.00	20.00	0.33	???	????? ??? ??? 824-13	????? ??? ????4? 13
4668	MATCHED	30.00	100.00	40.00	10.00	20.00	4.10	??????	????? ??? ??? 734-5	????? ??? ???76? 8
4671	MATCHED	15.00	85.00	40.00	10.00	20.00	0.00	????	????? ??? ??? 824-25 ??115?	????? ??? ????84? 33 ??115?
4681	MATCHED	30.00	100.00	40.00	10.00	20.00	1.55	????	????? ??? ??? 645-12	????? ??? ????19? 18
4686	UNMATCHED	0.00	0.00	0.00	0.00	0.00	NULL	NULL	NULL	NULL
4695	UNMATCHED	0.00	0.00	0.00	0.00	0.00	NULL	NULL	NULL	NULL
4708	UNMATCHED	0.00	0.00	0.00	0.00	0.00	NULL	NULL	NULL	NULL
4711	MATCHED	15.00	85.00	40.00	10.00	20.00	9.22	???	????? ??? ??? 834-20 1?	????? ??? ???12? 18-4 1?
4714	MATCHED	15.00	85.00	40.00	10.00	20.00	8.30	?? ??	????? ??? ??? 830-32 B1?	????? ??? ???3? 14 B1?
4716	MATCHED	30.00	100.00	40.00	10.00	20.00	6.01	?? ????	????? ??? ??? 651-13 1?	????? ??? ????34? 10 1?
4721	MATCHED	30.00	100.00	40.00	10.00	20.00	3.75	??????703	????? ??? ??? 673-39 ??1? ??????	????? ??? ???93? 20 ??1? ??????
4724	MATCHED	30.00	95.00	35.00	10.00	20.00	9.53	???? ???	????? ??? ??? 705-14 1?	????? ??? ???93? 11 1?
4730	UNMATCHED	0.00	0.00	0.00	0.00	0.00	NULL	NULL	NULL	NULL
4731	MATCHED	15.00	80.00	35.00	10.00	20.00	6.93	??? ???&?? ???	????? ??? ??? 790 1? 105, 106?	????? ??? ??? 166 1? 105, 106?
4738	MATCHED	15.00	85.00	40.00	10.00	20.00	11.54	??????	????? ??? ??? 831-32 1?	????? ??? ???1? 18 1?
4739	MATCHED	15.00	85.00	40.00	10.00	20.00	18.67	???	????? ??? ??? 722 ???????1? 110? ???	????? ??? ???85? 13 ???????1? 110? ???
4752	UNMATCHED	0.00	0.00	0.00	0.00	0.00	NULL	NULL	NULL	NULL
4757	UNMATCHED	0.00	0.00	0.00	0.00	0.00	NULL	NULL	NULL	NULL
4760	MATCHED	30.00	100.00	40.00	10.00	20.00	3.24	???????	????? ??? ??? 700-23	????? ??? ???98? 18
4763	MATCHED	30.00	95.00	35.00	10.00	20.00	3.84	? ???	????? ??? ??? 718-17 1?	????? ??? ???87? 44 1?
4778	MATCHED	15.00	85.00	40.00	10.00	20.00	1.07	???? ??	????? ??? ??? 620-17 1?	????? ??? ????98? 27 1?
4779	UNMATCHED	0.00	0.00	0.00	0.00	0.00	NULL	NULL	NULL	NULL
4781	UNMATCHED	0.00	0.00	0.00	0.00	0.00	NULL	NULL	NULL	NULL
4784	UNMATCHED	0.00	0.00	0.00	0.00	0.00	NULL	NULL	NULL	NULL
4785	MATCHED	25.00	95.00	40.00	10.00	20.00	3.90	???	????? ??? ??? 775-2 1? 102?	????? ??? ???72? 16 1? 102?
4786	MATCHED	30.00	100.00	40.00	10.00	20.00	4.59	????? ??1??	????? ??? ??? 677-2 1? ????? ??1??	????? ??? ???93? 29 1? ????? ??1??
4796	UNMATCHED	0.00	0.00	0.00	0.00	0.00	NULL	NULL	NULL	NULL
4802	MATCHED	30.00	100.00	40.00	10.00	20.00	3.56	????	????? ??? ??? 672-30	????? ??? ???93? 32-3
4805	MATCHED	15.00	80.00	35.00	10.00	20.00	1.83	???? ????	????? ??? ??? 677-5 ????	????? ??? ???93? 21 ????
4810	MATCHED	30.00	95.00	35.00	10.00	20.00	6.81	?? ????	????? ??? ??? 718-30	????? ??? ????34? 14
4811	MATCHED	30.00	100.00	40.00	10.00	20.00	4.79	??	????? ??? ??? 747-14 1?	????? ??? ???75? 7 1?
4817	MATCHED	15.00	85.00	40.00	10.00	20.00	6.53	????	????? ??? ??? 825 ????? ??1?	????? ??? ???? 390 ????? ??1?
4818	MATCHED	30.00	92.00	32.00	10.00	20.00	12.63	??? ?? ??? ??????	????? ??? ??? 730-5	????? ??? ??? 405
4835	MATCHED	8.00	73.00	35.00	10.00	20.00	1.87	?? ??	????? ??? ??? 785-13 ???? ??1? ??	????? ??? ??? 301 ???? ??1? ??
4839	AMBIGUOUS	15.00	74.00	35.00	10.00	14.00	76.96	?????? ????? ?????	????? ??? ??? 823-35 1? ???????????	????? ??? ????10? 21 1? ???????????
4840	MATCHED	30.00	100.00	40.00	10.00	20.00	5.89	???	????? ??? ??? 700-33	????? ??? ????43? 17
4843	MATCHED	30.00	95.00	35.00	10.00	20.00	6.21	?????? ???	????? ??? ??? 702-16	????? ??? ????47? 8
4845	MATCHED	30.00	100.00	40.00	10.00	20.00	3.67	????? ???	????? ??? ??? 669-16 1? ?????	????? ??? ???94? 11 1? ?????
4847	MATCHED	15.00	85.00	40.00	10.00	20.00	3.56	??????? ????	????? ??? ??? 826-36 ????? 2?	????? ??? ????4? 40 ????? 2?
4850	MATCHED	30.00	100.00	40.00	10.00	20.00	29.63	??? ???	????? ??? ??? 823-35 ?????	????? ??? ????10? 21 ?????
4854	UNMATCHED	0.00	0.00	0.00	0.00	0.00	NULL	NULL	NULL	NULL
4856	MATCHED	30.00	100.00	40.00	10.00	20.00	7.01	???? ???	????? ??? ??? 771-7	????? ??? ??? 246
4857	MATCHED	30.00	100.00	40.00	10.00	20.00	0.00	????	????? ??? ??? 761-18	????? ??? ??? 314
4869	MATCHED	30.00	100.00	40.00	10.00	20.00	5.20	??????	????? ??? ??? 773-1	????? ??? ???71? 7
4873	MATCHED	8.00	78.00	40.00	10.00	20.00	37.00	?????	????? ??? ??? 826-37 ???????? B135	????? ??? ????4? 46 ???????? B135
4876	UNMATCHED	0.00	0.00	0.00	0.00	0.00	NULL	NULL	NULL	NULL
4879	UNMATCHED	0.00	0.00	0.00	0.00	0.00	NULL	NULL	NULL	NULL
4883	MATCHED	15.00	85.00	40.00	10.00	20.00	4.54	???	????? ??? ??? 677-15 1, 2? ???	????? ??? ????37? 13-7 1, 2? ???
4885	MATCHED	15.00	85.00	40.00	10.00	20.00	29.14	???????	????? ??? ??? 707-24 ??????24?? ??1? B121?	????? ??? ???? 322 ??????24?? ??1? B121?
4887	UNMATCHED	0.00	0.00	0.00	0.00	0.00	NULL	NULL	NULL	NULL
4890	MATCHED	15.00	85.00	40.00	10.00	20.00	6.40	???	????? ??? ??? 669-14 1? ???	????? ??? ????27? 25 1? ???
4891	UNMATCHED	0.00	0.00	0.00	0.00	0.00	NULL	NULL	NULL	NULL
4893	MATCHED	30.00	100.00	40.00	10.00	20.00	5.62	????	????? ??? ??? 637-29 1?	????? ??? ????19? 21 1?
4903	MATCHED	30.00	100.00	40.00	10.00	20.00	16.42	????	????? ??? ??? 642-1 ??1?	????? ??? ????25? 20 ??1?
4905	UNMATCHED	0.00	0.00	0.00	0.00	0.00	NULL	NULL	NULL	NULL
4909	MATCHED	30.00	100.00	40.00	10.00	20.00	3.45	???	????? ??? ??? 789-14	????? ??? ???20? 6
4911	MATCHED	8.00	78.00	40.00	10.00	20.00	23.97	?????	????? ??? ??? 836 ????????	????? ??? ???3? 26 ????????
4918	MATCHED	30.00	95.00	35.00	10.00	20.00	4.12	????????? ???	????? ??? ??? 718-25 ????1?	????? ??? ???87? 49 ????1?
4925	MATCHED	30.00	100.00	40.00	10.00	20.00	7.85	???	????? ??? ??? 738-48 ??1?	????? ??? ???85? 5-10 ??1?
4926	UNMATCHED	0.00	0.00	0.00	0.00	0.00	NULL	NULL	NULL	NULL
4929	MATCHED	30.00	92.00	32.00	10.00	20.00	5.00	?????? ??	????? ??? ??? 699-28	????? ??? ????43? 27
4932	UNMATCHED	0.00	0.00	0.00	0.00	0.00	NULL	NULL	NULL	NULL
4935	UNMATCHED	0.00	0.00	0.00	0.00	0.00	NULL	NULL	NULL	NULL
4937	UNMATCHED	0.00	0.00	0.00	0.00	0.00	NULL	NULL	NULL	NULL
4940	AMBIGUOUS	8.00	59.00	35.00	10.00	6.00	257.78	??? ???	????? ??? ??? 701	????? ??? ??? 508
4942	MATCHED	15.00	85.00	40.00	10.00	20.00	1.88	???	????? ??? ??? 702-13 ?????1 ??1? ???	????? ??? ???? 313 ?????1 ??1? ???
4947	UNMATCHED	0.00	0.00	0.00	0.00	0.00	NULL	NULL	NULL	NULL
4964	MATCHED	25.00	90.00	35.00	10.00	20.00	3.91	??????? ????	????? ??? ??? 607-1 ??? 1?	????? ??? ???105? 5 ??? 1?
4967	UNMATCHED	0.00	0.00	0.00	0.00	0.00	NULL	NULL	NULL	NULL
4972	UNMATCHED	0.00	0.00	0.00	0.00	0.00	NULL	NULL	NULL	NULL
4973	AMBIGUOUS	15.00	67.00	22.00	10.00	20.00	6.56	?? ???	????? ??? ??? 697-54 ????1?	????? ??? ????51? 18 ????1?
4974	UNMATCHED	0.00	0.00	0.00	0.00	0.00	NULL	NULL	NULL	NULL
4975	MATCHED	30.00	100.00	40.00	10.00	20.00	8.17	??? ???	????? ??? ??? 718-29	????? ??? ????34? 10
4976	UNMATCHED	0.00	0.00	0.00	0.00	0.00	NULL	NULL	NULL	NULL
4980	MATCHED	30.00	100.00	40.00	10.00	20.00	0.00	?????	????? ??? ??? 697-14	????? ??? ????53? 15-5
4982	MATCHED	30.00	95.00	35.00	10.00	20.00	5.18	?????? ????	????? ??? ??? 699-14 1? ??????	????? ??? ???98? 15 1? ??????
4992	UNMATCHED	0.00	0.00	0.00	0.00	0.00	NULL	NULL	NULL	NULL
4994	MATCHED	30.00	95.00	35.00	10.00	20.00	10.27	????? ??????	????? ??? ??? 797-3	????? ??? ??? 333
4997	MATCHED	15.00	85.00	40.00	10.00	20.00	2.84	???? ???	????? ??? ??? 720-25 ?????	????? ??? ??? 427 ?????
5000	MATCHED	8.00	78.00	40.00	10.00	20.00	35.30	??	????? ??? ??? 837-26 ????? 1?111? ????	????? ??? ???1? 14 ????? 1?111? ????
5003	MATCHED	8.00	78.00	40.00	10.00	20.00	0.00	???????	????? ??? ??? 823 ???? ??1? 133?	????? ??? ???? 124 ???? ??1? 133?
5004	AMBIGUOUS	15.00	67.00	22.00	10.00	20.00	5.25	BBQ ?? ?????	????? ??? ??? 746-23 ????	????? ??? ??? 411 ????
5005	UNMATCHED	0.00	0.00	0.00	0.00	0.00	NULL	NULL	NULL	NULL
5006	AMBIGUOUS	15.00	67.00	22.00	10.00	20.00	2.59	?? ?? ???	????? ??? ??? 647-13 ??1?	????? ??? ????19? 5 ??1?
5008	UNMATCHED	0.00	0.00	0.00	0.00	0.00	NULL	NULL	NULL	NULL
5009	UNMATCHED	0.00	0.00	0.00	0.00	0.00	NULL	NULL	NULL	NULL
5010	MATCHED	30.00	100.00	40.00	10.00	20.00	3.61	??	????? ??? ??? 699-1 1?	????? ??? ???98? 5-4 1?
5012	UNMATCHED	0.00	0.00	0.00	0.00	0.00	NULL	NULL	NULL	NULL
5013	MATCHED	30.00	95.00	35.00	10.00	20.00	6.45	??? ???	????? ??? ??? 839-7	????? ??? ????62? 38
5014	UNMATCHED	0.00	0.00	0.00	0.00	0.00	NULL	NULL	NULL	NULL
5019	UNMATCHED	0.00	0.00	0.00	0.00	0.00	NULL	NULL	NULL	NULL
5023	MATCHED	30.00	95.00	35.00	10.00	20.00	3.30	??????? ??	????? ??? ??? 674-13	????? ??? ????37? 28
5025	MATCHED	30.00	100.00	40.00	10.00	20.00	8.87	??????? ???	????? ??? ??? 827-1 ??1?	????? ??? ????4? 25 ??1?
5026	MATCHED	30.00	100.00	40.00	10.00	20.00	7.08	????	????? ??? ??? 791-11 1?	????? ??? ???20? 13 1?
5045	UNMATCHED	0.00	0.00	0.00	0.00	0.00	NULL	NULL	NULL	NULL
5050	MATCHED	25.00	95.00	40.00	10.00	20.00	0.00	??????	????? ??? ??? 823 ???? ??1?	????? ??? ???? 124 ???? ??1?
5057	AMBIGUOUS	8.00	72.00	40.00	10.00	14.00	91.43	????	????? ??? ??? 858 B32?, B33?	????? ??? ???? 396 B32?, B33?
5073	UNMATCHED	0.00	0.00	0.00	0.00	0.00	NULL	NULL	NULL	NULL
5075	MATCHED	30.00	95.00	35.00	10.00	20.00	3.73	???????? ???	????? ??? ??? 696-6	????? ??? ????55? 15
5077	UNMATCHED	0.00	0.00	0.00	0.00	0.00	NULL	NULL	NULL	NULL
5078	UNMATCHED	0.00	0.00	0.00	0.00	0.00	NULL	NULL	NULL	NULL
5079	MATCHED	15.00	80.00	35.00	10.00	20.00	0.79	??? ????? ???	????? ??? ??? 739-7 2?	????? ??? ???85? 25 2?
5081	UNMATCHED	0.00	0.00	0.00	0.00	0.00	NULL	NULL	NULL	NULL
5082	MATCHED	30.00	100.00	40.00	10.00	20.00	5.41	????	????? ??? ??? 734-2	????? ??? ???74? 5
5091	UNMATCHED	0.00	0.00	0.00	0.00	0.00	NULL	NULL	NULL	NULL
5094	MATCHED	30.00	95.00	35.00	10.00	20.00	1.28	?? ?	????? ??? ??? 810-2 2?	????? ??? ????2? 15 2?
5102	MATCHED	30.00	95.00	35.00	10.00	20.00	15.51	?????????? ???	????? ??? ??? 837-19 1?	????? ??? ???3? 13 1?
5103	MATCHED	30.00	100.00	40.00	10.00	20.00	2.89	?????	????? ??? ??? 827-45	????? ??? ????84? 32
5104	UNMATCHED	0.00	0.00	0.00	0.00	0.00	NULL	NULL	NULL	NULL
5106	MATCHED	30.00	82.00	22.00	10.00	20.00	11.55	??? ??? ????	????? ??? ??? 814-6 214?	????? ??? ???? 438 214?
5108	MATCHED	15.00	85.00	40.00	10.00	20.00	5.16	???	????? ??? ??? 699-21 2?	????? ??? ???98? 21 2?
5110	MATCHED	25.00	95.00	40.00	10.00	20.00	4.15	???	????? ??? ??? 798-25 ???? 1?	????? ??? ???63? 15 ???? 1?
5112	MATCHED	30.00	100.00	40.00	10.00	20.00	1.35	??	????? ??? ??? 636-13	????? ??? ????13? 21
5117	UNMATCHED	0.00	0.00	0.00	0.00	0.00	NULL	NULL	NULL	NULL
5122	AMBIGUOUS	15.00	67.00	22.00	10.00	20.00	5.04	????? ?? ???	????? ??? ??? 617-3 ????	????? ??? ????102? 29 ????
5126	MATCHED	15.00	85.00	40.00	10.00	20.00	6.15	???? ?? ???	????? ??? ??? 696-43 ????	????? ??? ??? 517 ????
5127	MATCHED	30.00	100.00	40.00	10.00	20.00	0.00	????	????? ??? ??? 678-5	????? ??? ???94? 32
5128	MATCHED	30.00	95.00	35.00	10.00	20.00	5.89	??????? ????	????? ??? ??? 831-29 1?	????? ??? ???3? 17-4 1?
5129	MATCHED	15.00	80.00	35.00	10.00	20.00	7.65	??? ??? ???	????? ??? ??? 726-15 ????	????? ??? ??? 428 ????
5149	MATCHED	15.00	80.00	35.00	10.00	20.00	41.37	????? ??	????? ??? ??? 826-37 ???????? B123?, B124?	????? ??? ????4? 46 ???????? B123?, B124?
5150	MATCHED	8.00	73.00	35.00	10.00	20.00	1.92	?? ??????	????? ??? ??? 675	????? ??? ???97? 7
5154	UNMATCHED	0.00	0.00	0.00	0.00	0.00	NULL	NULL	NULL	NULL
5160	MATCHED	25.00	95.00	40.00	10.00	20.00	16.40	??????? ??????	????? ??? ??? 837-13 ??????? 203, 204?	????? ??? ????66? 14 ??????? 203, 204?
5164	MATCHED	15.00	80.00	35.00	10.00	20.00	8.10	??? ????	????? ??? ??? 723 ????	????? ??? ????34? 17 ????
5166	MATCHED	30.00	90.00	40.00	0.00	20.00	0.00	????	????? ??? ??1? 672-35	????? ??? ???93? 32
5168	UNMATCHED	0.00	0.00	0.00	0.00	0.00	NULL	NULL	NULL	NULL
5171	AMBIGUOUS	8.00	54.00	40.00	0.00	6.00	224.86	?????	????? ??? ??? 827-49	????? ??? ????8? 28
5175	UNMATCHED	0.00	0.00	0.00	0.00	0.00	NULL	NULL	NULL	NULL
5178	UNMATCHED	0.00	0.00	0.00	0.00	0.00	NULL	NULL	NULL	NULL
5185	MATCHED	15.00	85.00	40.00	10.00	20.00	5.34	????	????? ??? ??? 708-28 1?	????? ??? ???87? 8 1?
5189	UNMATCHED	0.00	0.00	0.00	0.00	0.00	NULL	NULL	NULL	NULL
5202	MATCHED	30.00	100.00	40.00	10.00	20.00	3.75	??	????? ??? ??? 837-22 2?	????? ??? ????62? 13 2?
5203	UNMATCHED	0.00	0.00	0.00	0.00	0.00	NULL	NULL	NULL	NULL
5206	UNMATCHED	0.00	0.00	0.00	0.00	0.00	NULL	NULL	NULL	NULL
5211	MATCHED	15.00	75.00	40.00	0.00	20.00	11.44	???????	????? ??? ??? 837-11 ????? B2?	????? ??? ???? 310 ????? B2?
5214	MATCHED	30.00	100.00	40.00	10.00	20.00	9.61	???? ????	????? ??? ??? 756-18 ????	????? ??? ??? 313 ????
5215	UNMATCHED	0.00	0.00	0.00	0.00	0.00	NULL	NULL	NULL	NULL
5218	AMBIGUOUS	8.00	72.00	40.00	10.00	14.00	64.24	????? ????	????? ??? ??? 826-37 ???????? B138?	????? ??? ????4? 46 ???????? B138?
5223	MATCHED	25.00	90.00	35.00	10.00	20.00	6.91	??? ????	????? ??? ??? 637-9 1? ???	????? ??? ????19? 29 1? ???
5238	UNMATCHED	0.00	0.00	0.00	0.00	0.00	NULL	NULL	NULL	NULL
5253	UNMATCHED	0.00	0.00	0.00	0.00	0.00	NULL	NULL	NULL	NULL
5254	UNMATCHED	0.00	0.00	0.00	0.00	0.00	NULL	NULL	NULL	NULL
5257	MATCHED	30.00	95.00	35.00	10.00	20.00	6.85	????? ???? ?	????? ??? ??? 696-43 1?	????? ??? ??? 517 (???) 1?
5260	MATCHED	15.00	85.00	40.00	10.00	20.00	0.00	????? ???	????? ??? ??? 648-9 ?????? B1	????? ??? ???? 129 ?????? B1
5261	MATCHED	30.00	100.00	40.00	10.00	20.00	3.45	???	????? ??? ??? 789-14	????? ??? ???20? 6
5263	MATCHED	30.00	100.00	40.00	10.00	20.00	4.82	????	????? ??? ??? 644-18	????? ??? ????25? 9
5265	MATCHED	30.00	100.00	40.00	10.00	20.00	5.83	???? ??1??	????? ??? ??? 792-6 1?	????? ??? ???67? 48 1?
5268	UNMATCHED	0.00	0.00	0.00	0.00	0.00	NULL	NULL	NULL	NULL
5271	MATCHED	30.00	100.00	40.00	10.00	20.00	4.37	????	????? ??? ??? 700-19	????? ??? ???98? 14
5275	MATCHED	15.00	80.00	35.00	10.00	20.00	0.00	????? ??	????? ??? ??? 823 ???? ??1? ??	????? ??? ???? 124 ???? ??1? ??
5277	UNMATCHED	0.00	0.00	0.00	0.00	0.00	NULL	NULL	NULL	NULL
5281	MATCHED	30.00	100.00	40.00	10.00	20.00	4.61	????	????? ??? ??? 700-30 1?	????? ??? ???98? 22 1?
5283	MATCHED	30.00	92.00	32.00	10.00	20.00	5.19	???2 ? ??	????? ??? ??? 817-1 3?	????? ??? ????98? 10 3?
5294	MATCHED	30.00	95.00	35.00	10.00	20.00	1.79	?????? ???	????? ??? ??? 817-33 1? ??????	????? ??? ????98? 12-3 1? ??????
5299	MATCHED	30.00	100.00	40.00	10.00	20.00	3.98	???????	????? ??? ??? 778-33	????? ??? ???69? 9
5301	MATCHED	15.00	80.00	35.00	10.00	20.00	6.11	?? ??	????? ??? ??? 837-8 ??1? ????	????? ??? ???1? 7 ??1? ????
5310	MATCHED	30.00	82.00	22.00	10.00	20.00	7.41	???? ?? ???	????? ??? ??? 741-11	????? ??? ???85? 47
5314	MATCHED	30.00	100.00	40.00	10.00	20.00	1.84	???? ?? (Aiglenne Cuisine)	????? ??? ??? 719-19	????? ??? ???89? 23
5318	UNMATCHED	0.00	0.00	0.00	0.00	0.00	NULL	NULL	NULL	NULL
5319	MATCHED	15.00	85.00	40.00	10.00	20.00	27.87	????	????? ??? ??? 796-29 ????? 115?	????? ??? ???63? 16 ????? 115?
5325	UNMATCHED	0.00	0.00	0.00	0.00	0.00	NULL	NULL	NULL	NULL
5326	UNMATCHED	0.00	0.00	0.00	0.00	0.00	NULL	NULL	NULL	NULL
5327	MATCHED	30.00	100.00	40.00	10.00	20.00	4.55	???	????? ??? ??? 669-2	????? ??? ???98? 12
5330	MATCHED	30.00	95.00	35.00	10.00	20.00	9.22	??? ???? ????	????? ??? ??? 674-19 1? ????	????? ??? ???93? 12 1? ????
5334	UNMATCHED	0.00	0.00	0.00	0.00	0.00	NULL	NULL	NULL	NULL
5340	UNMATCHED	0.00	0.00	0.00	0.00	0.00	NULL	NULL	NULL	NULL
5341	MATCHED	30.00	100.00	40.00	10.00	20.00	7.07	???	????? ??? ??2? 706-18	????? ??? ???90? 12
5342	MATCHED	25.00	90.00	35.00	10.00	20.00	26.50	????????? ??????	????? ??? ??? 720-25 ????? 1? 112?	????? ??? ??? 427 ????? 1? 112?
5344	MATCHED	30.00	100.00	40.00	10.00	20.00	5.52	???	????? ??? ??? 704-44	????? ??? ????47? 17
5351	UNMATCHED	0.00	0.00	0.00	0.00	0.00	NULL	NULL	NULL	NULL
5353	MATCHED	30.00	100.00	40.00	10.00	20.00	4.53	??????? ???	????? ??? ??? 798-12	????? ??? ??? 307
5357	UNMATCHED	0.00	0.00	0.00	0.00	0.00	NULL	NULL	NULL	NULL
5363	MATCHED	30.00	100.00	40.00	10.00	20.00	9.01	????	????? ??? ??? 646-11 2?	????? ??? ????21? 8 2?
5366	MATCHED	15.00	75.00	40.00	0.00	20.00	3.39	??????????	????? ??? ??? 824-11 ?????705?	????? ??? ????84? 23 ?????705?
5372	UNMATCHED	0.00	0.00	0.00	0.00	0.00	NULL	NULL	NULL	NULL
5374	MATCHED	30.00	95.00	35.00	10.00	20.00	10.51	????? ???	????? ??? ??? 642-10	????? ??? ??? 509
5375	MATCHED	30.00	95.00	35.00	10.00	20.00	5.94	?? ??	????? ??? ??? 727-15 1???	????? ??? ???76? 7 1???
5380	MATCHED	25.00	90.00	35.00	10.00	20.00	6.11	??? ???	????? ??? ??? 702-25 ?? 1?	????? ??? ???93? 29 ?? 1?
5387	MATCHED	15.00	85.00	40.00	10.00	20.00	2.30	??	????? ??? ??? 818-6 1?	????? ??? ????96? 22 1?
5391	MATCHED	8.00	73.00	35.00	10.00	20.00	23.25	????? ?	????? ??? ??? 736-24 ??????	????? ??? ????20? 19 ??????
5395	MATCHED	30.00	100.00	40.00	10.00	20.00	3.45	???	????? ??? ??? 789-14	????? ??? ???20? 6
5396	UNMATCHED	0.00	0.00	0.00	0.00	0.00	NULL	NULL	NULL	NULL
5408	MATCHED	30.00	100.00	40.00	10.00	20.00	4.92	?????	????? ??? ??? 641-15 3? ?????	????? ??? ????25? 26 3? ?????
5409	MATCHED	25.00	95.00	40.00	10.00	20.00	10.07	?????	????? ??? ??? 697-11 ????? 1?	????? ??? ???93? 18 ????? 1?
5412	UNMATCHED	0.00	0.00	0.00	0.00	0.00	NULL	NULL	NULL	NULL
5415	MATCHED	15.00	85.00	40.00	10.00	20.00	1.57	?????	????? ??? ??? 669 2?	????? ??? ????30? 59 2?
5427	AMBIGUOUS	15.00	67.00	22.00	10.00	20.00	0.00	??&???cafe ??????	????? ??? ??? 823-26 b107?	????? ??? ????14? 8 b107?
5430	MATCHED	30.00	95.00	35.00	10.00	20.00	10.62	???? ?? ??	????? ??? ??? 739-5	????? ??? ???85? 23
5432	UNMATCHED	0.00	0.00	0.00	0.00	0.00	NULL	NULL	NULL	NULL
5436	MATCHED	30.00	100.00	40.00	10.00	20.00	2.19	???????	????? ??? ??? 839 2?	????? ??? ????62? 22 2?
5439	UNMATCHED	0.00	0.00	0.00	0.00	0.00	NULL	NULL	NULL	NULL
5441	MATCHED	8.00	78.00	40.00	10.00	20.00	0.00	??????	????? ??? ??? 735-3 ????? ?? 1?	????? ??? ???? 134 ????? ?? 1?
5444	MATCHED	15.00	85.00	40.00	10.00	20.00	21.67	???????	????? ??? ??? 825-24 1? ???	????? ??? ????84? 15 1? ???
5452	MATCHED	30.00	100.00	40.00	10.00	20.00	5.40	??	????? ??? ??? 699-11	????? ??? ????44? 70
5454	UNMATCHED	0.00	0.00	0.00	0.00	0.00	NULL	NULL	NULL	NULL
5456	MATCHED	30.00	95.00	35.00	10.00	20.00	12.14	?? ????	????? ??? ??? 828-21	????? ??? ????10? 25
5457	UNMATCHED	0.00	0.00	0.00	0.00	0.00	NULL	NULL	NULL	NULL
5461	MATCHED	30.00	100.00	40.00	10.00	20.00	2.44	???????	????? ??? ??? 637-33	????? ??? ????19? 13
5465	AMBIGUOUS	8.00	60.00	22.00	10.00	20.00	30.58	????	????? ??? ??? 707-24 ??????24?? ??1? B124?	????? ??? ???? 322 ??????24?? ??1? B124?
5471	UNMATCHED	0.00	0.00	0.00	0.00	0.00	NULL	NULL	NULL	NULL
5472	UNMATCHED	0.00	0.00	0.00	0.00	0.00	NULL	NULL	NULL	NULL
5473	UNMATCHED	0.00	0.00	0.00	0.00	0.00	NULL	NULL	NULL	NULL
5481	MATCHED	15.00	85.00	40.00	10.00	20.00	41.14	??? ???	????? ??? ??? 829-8 1?	????? ??? ???7? 8 1?
5485	UNMATCHED	0.00	0.00	0.00	0.00	0.00	NULL	NULL	NULL	NULL
5488	MATCHED	8.00	73.00	35.00	10.00	20.00	4.04	?????? ??	????? ??? ??? 644-19 ???? 1? ??? ????????	????? ??? ????94? 95 ???? 1? ??? ??? ????????
5489	MATCHED	30.00	100.00	40.00	10.00	20.00	20.39	??	????? ??? ??? 827-1	????? ??? ????4? 25
5490	UNMATCHED	0.00	0.00	0.00	0.00	0.00	NULL	NULL	NULL	NULL
5495	MATCHED	30.00	85.00	35.00	0.00	20.00	4.51	??????? ????	????? ??? ??? 752-53	????? ??? ??? 129
5496	MATCHED	30.00	100.00	40.00	10.00	20.00	2.33	?????	????? ??? ??? 812-3 1?	????? ??? ????6? 30 1?
5501	MATCHED	15.00	80.00	35.00	10.00	20.00	6.35	??? ???	????? ??? ??? 836-24 ???? 1? ???	????? ??? ????62? 23 ???? 1? ???
5502	MATCHED	15.00	80.00	35.00	10.00	20.00	8.70	???? ????	????? ??? ??? 700-33 2?	????? ??? ????43? 17 2?
5504	MATCHED	15.00	85.00	40.00	10.00	20.00	6.08	???	????? ??? ??? 837-8 ????2?	????? ??? ???1? 7 ????2?
5511	MATCHED	30.00	100.00	40.00	10.00	20.00	0.38	???	????? ??? ??2? 771-21	????? ??? ???34? 7
5514	MATCHED	30.00	100.00	40.00	10.00	20.00	3.71	??????&???	????? ??? ??? 672-25 1?	????? ??? ????33? 26 1?
5516	MATCHED	25.00	95.00	40.00	10.00	20.00	4.77	????	????? ??? ??? 839 1? 102?	????? ??? ????62? 22 1? 102?
5531	UNMATCHED	0.00	0.00	0.00	0.00	0.00	NULL	NULL	NULL	NULL
5533	UNMATCHED	0.00	0.00	0.00	0.00	0.00	NULL	NULL	NULL	NULL
5534	UNMATCHED	0.00	0.00	0.00	0.00	0.00	NULL	NULL	NULL	NULL
5536	UNMATCHED	0.00	0.00	0.00	0.00	0.00	NULL	NULL	NULL	NULL
5538	AMBIGUOUS	8.00	46.00	22.00	10.00	6.00	147.82	?? ?? ???	????? ??? ??? 635-2 ??????? ???	????? ??? ????7? 22 ??????? ???
5543	MATCHED	30.00	100.00	40.00	10.00	20.00	5.34	???? ???	????? ??? ??? 751-18 1?	????? ??? ??? 135 1?
5549	MATCHED	30.00	100.00	40.00	10.00	20.00	4.28	???? ???	????? ??? ??? 789-17	????? ??? ???71? 26
5555	MATCHED	8.00	73.00	35.00	10.00	20.00	10.22	????? ???	????? ??? ??? 799-21 1? ????? ???	????? ??? ??? 175 1? ????? ???
5556	UNMATCHED	0.00	0.00	0.00	0.00	0.00	NULL	NULL	NULL	NULL
5558	MATCHED	30.00	100.00	40.00	10.00	20.00	4.67	????	????? ??? ??? 644-19	????? ??? ????94? 95
5560	MATCHED	15.00	85.00	40.00	10.00	20.00	11.35	???? ?????	????? ??? ??? 823-14 ??1?	????? ??? ????8? 21 ??1?
5565	UNMATCHED	0.00	0.00	0.00	0.00	0.00	NULL	NULL	NULL	NULL
5566	UNMATCHED	0.00	0.00	0.00	0.00	0.00	NULL	NULL	NULL	NULL
5573	MATCHED	15.00	85.00	40.00	10.00	20.00	5.61	???	????? ??? ??? 637-36 ???? ?? 1?	????? ??? ????94? 75 ???? ?? 1?
5575	UNMATCHED	0.00	0.00	0.00	0.00	0.00	NULL	NULL	NULL	NULL
5585	UNMATCHED	0.00	0.00	0.00	0.00	0.00	NULL	NULL	NULL	NULL
5586	UNMATCHED	0.00	0.00	0.00	0.00	0.00	NULL	NULL	NULL	NULL
5589	MATCHED	15.00	80.00	35.00	10.00	20.00	6.87	?? ??	????? ??? ??? 637-10 1?	????? ??? ????19? 27 1?
5595	UNMATCHED	0.00	0.00	0.00	0.00	0.00	NULL	NULL	NULL	NULL
5596	MATCHED	25.00	95.00	40.00	10.00	20.00	17.21	????	????? ??? ??? 702-2 ?????? ??1?	????? ??? ???? 309 ?????? ??1?
5604	UNMATCHED	0.00	0.00	0.00	0.00	0.00	NULL	NULL	NULL	NULL
5611	UNMATCHED	0.00	0.00	0.00	0.00	0.00	NULL	NULL	NULL	NULL
5621	MATCHED	15.00	85.00	40.00	10.00	20.00	10.01	???? ???	????? ??? ??? 826-26 ???????? 1? 102?	????? ??? ????2? 27 ???????? 1? 102?
5625	AMBIGUOUS	0.00	56.00	40.00	10.00	6.00	231.84	?????	????? ??? ??? 889-5 A?118?. ?????	????? ??? ???? 406 A?118?. ?????
5629	MATCHED	8.00	78.00	40.00	10.00	20.00	36.52	?????	????? ??? ??? 826-37 ???????? 104? 111?	????? ??? ????4? 46 ???????? 104? 111?
5630	MATCHED	15.00	85.00	40.00	10.00	20.00	6.33	?????? ??????	????? ??? ??? 827-14 2?	????? ??? ????4? 35 2?
5631	MATCHED	8.00	78.00	40.00	10.00	20.00	3.79	????	????? ??? ??? 675-2	????? ??? ????39? 38
5643	UNMATCHED	0.00	0.00	0.00	0.00	0.00	NULL	NULL	NULL	NULL
5645	UNMATCHED	0.00	0.00	0.00	0.00	0.00	NULL	NULL	NULL	NULL
5648	UNMATCHED	0.00	0.00	0.00	0.00	0.00	NULL	NULL	NULL	NULL
5649	UNMATCHED	0.00	0.00	0.00	0.00	0.00	NULL	NULL	NULL	NULL
5650	MATCHED	30.00	100.00	40.00	10.00	20.00	1.90	???? ????	????? ??? ??? 619-15 2?	????? ??? ????100? 10 2?
5653	MATCHED	30.00	100.00	40.00	10.00	20.00	12.25	????	????? ??? ??? 832-31 1?	????? ??? ????66? 11 1?
5654	UNMATCHED	0.00	0.00	0.00	0.00	0.00	NULL	NULL	NULL	NULL
5655	UNMATCHED	0.00	0.00	0.00	0.00	0.00	NULL	NULL	NULL	NULL
5659	MATCHED	8.00	73.00	35.00	10.00	20.00	5.22	????? ?????	????? ??? ??? 810	????? ??? ????110? 12
5660	UNMATCHED	0.00	0.00	0.00	0.00	0.00	NULL	NULL	NULL	NULL
5669	MATCHED	30.00	100.00	40.00	10.00	20.00	1.99	?????	????? ??? ??? 622-2 ??1?	????? ??? ????110? 62 ??1?
5676	MATCHED	30.00	95.00	35.00	10.00	20.00	8.04	??? ??	????? ??? ??? 831-32 1?	????? ??? ???1? 18 1?
5683	MATCHED	15.00	80.00	35.00	10.00	20.00	26.67	?? ???? ???	????? ??? ??? 747-5 ??????????	????? ??? ??? 171 ??????????
5686	MATCHED	25.00	95.00	40.00	10.00	20.00	2.42	??? ?????	????? ??? ??? 700-29 1? 101?	????? ??? ???98? 20 1? 101?
5696	MATCHED	15.00	85.00	40.00	10.00	20.00	15.50	???	????? ??? ??? 826-37 ???????? B134	????? ??? ????4? 46 ???????? B134
5702	MATCHED	25.00	95.00	40.00	10.00	20.00	4.53	???	????? ??? ??? 678-24 ????	????? ??? ????27? 8-4 ????
5704	MATCHED	15.00	85.00	40.00	10.00	20.00	3.77	??????	????? ??? ??? 649 B2?	????? ??? ????94? 28 B2?
5709	MATCHED	30.00	100.00	40.00	10.00	20.00	4.62	??? ?????	????? ??? ??? 741-8	????? ??? ????14? 33
5710	MATCHED	30.00	100.00	40.00	10.00	20.00	3.83	???? ??1??	????? ??? ??? 837-15 1?	????? ??? ????66? 16 1?
5716	AMBIGUOUS	30.00	85.00	35.00	0.00	20.00	8.28	??? ??????	????? ??? ???	????? ???
5718	MATCHED	30.00	100.00	40.00	10.00	20.00	8.76	???? ????	????? ??? ??? 646-4	????? ??? ????94? 86
5723	UNMATCHED	0.00	0.00	0.00	0.00	0.00	NULL	NULL	NULL	NULL
5728	MATCHED	15.00	85.00	40.00	10.00	20.00	0.01	???? ?????	????? ??? ??? 826-37 ???????? ?? B119?	????? ??? ????4? 46 ???????? ?? B119?
5729	AMBIGUOUS	15.00	67.00	22.00	10.00	20.00	17.45	????? ?? ?	????? ??? ??? 737 ????????	????? ??? ???? 152 ????????
5731	UNMATCHED	0.00	0.00	0.00	0.00	0.00	NULL	NULL	NULL	NULL
5734	UNMATCHED	0.00	0.00	0.00	0.00	0.00	NULL	NULL	NULL	NULL
5736	MATCHED	15.00	85.00	40.00	10.00	20.00	2.96	????	????? ??? ??? 704-4 2?	????? ??? ????43? 28 2?
5737	MATCHED	30.00	100.00	40.00	10.00	20.00	29.15	??	????? ??? ??? 707-34	????? ??? ???? 322
5741	MATCHED	15.00	80.00	35.00	10.00	20.00	0.02	????? ?	????? ??? ??? 642-16 B1 ??????	????? ??? ???? 147 B1 ??????
5743	AMBIGUOUS	8.00	59.00	35.00	10.00	6.00	223.79	?? ??	????? ??? ??? 674	????? ??? ????37? 42
5746	MATCHED	30.00	100.00	40.00	10.00	20.00	6.85	??????	????? ??? ??? 775-4	????? ??? ???72? 20
5752	MATCHED	30.00	100.00	40.00	10.00	20.00	5.87	???	????? ??? ??? 813-11	????? ??? ????4? 40
5762	MATCHED	15.00	85.00	40.00	10.00	20.00	4.11	??? ????	????? ??? ??? 647-1 ??1? ???	????? ??? ????94? 66 ??1? ???
5764	UNMATCHED	0.00	0.00	0.00	0.00	0.00	NULL	NULL	NULL	NULL
5766	MATCHED	8.00	78.00	40.00	10.00	20.00	4.45	?????	????? ??? ??? 628-7	????? ??? ????25? 42
5774	UNMATCHED	0.00	0.00	0.00	0.00	0.00	NULL	NULL	NULL	NULL
5776	UNMATCHED	0.00	0.00	0.00	0.00	0.00	NULL	NULL	NULL	NULL
5778	UNMATCHED	0.00	0.00	0.00	0.00	0.00	NULL	NULL	NULL	NULL
5781	MATCHED	30.00	100.00	40.00	10.00	20.00	6.60	????	????? ??? ??? 609-10	????? ??? ????26? 22
5788	UNMATCHED	0.00	0.00	0.00	0.00	0.00	NULL	NULL	NULL	NULL
5800	UNMATCHED	0.00	0.00	0.00	0.00	0.00	NULL	NULL	NULL	NULL
5802	UNMATCHED	0.00	0.00	0.00	0.00	0.00	NULL	NULL	NULL	NULL
5805	MATCHED	30.00	95.00	35.00	10.00	20.00	6.70	??????? ???	????? ??? ??? 730-4	????? ??? ??? 407
5806	UNMATCHED	0.00	0.00	0.00	0.00	0.00	NULL	NULL	NULL	NULL
5811	MATCHED	25.00	90.00	35.00	10.00	20.00	9.51	????? ?? ??	????? ??? ??? 683-26 ???? 1?	????? ??? ??? 555 ???? 1?
5818	MATCHED	30.00	100.00	40.00	10.00	20.00	0.53	????? ????	????? ??? ??? 831-25 2?	????? ??? ????78? 14 2?
5826	UNMATCHED	0.00	0.00	0.00	0.00	0.00	NULL	NULL	NULL	NULL
5830	AMBIGUOUS	15.00	67.00	22.00	10.00	20.00	0.00	??? ???	????? ??? ??? 648-9 ??N?? 1?	????? ??? ???? 129 ??N?? 1?
5836	UNMATCHED	0.00	0.00	0.00	0.00	0.00	NULL	NULL	NULL	NULL
5839	MATCHED	30.00	100.00	40.00	10.00	20.00	5.02	??? ??1??	????? ??? ??? 770-12	????? ??? ???34? 8
5840	MATCHED	30.00	100.00	40.00	10.00	20.00	3.53	???	????? ??? ??? 644-16	????? ??? ????25? 9-10
5842	UNMATCHED	0.00	0.00	0.00	0.00	0.00	NULL	NULL	NULL	NULL
5846	MATCHED	15.00	85.00	40.00	10.00	20.00	0.00	??????? ???	????? ??? ??? 737 ??1?, ???????	????? ??? ???? 152 ??1?, ???????
5847	UNMATCHED	0.00	0.00	0.00	0.00	0.00	NULL	NULL	NULL	NULL
5853	AMBIGUOUS	15.00	67.00	22.00	10.00	20.00	29.56	???? ?? ???? ?	????? ??? ??? 814-5 ?????? ??1?	????? ??? ???? 442 ?????? ??1?
5859	MATCHED	30.00	100.00	40.00	10.00	20.00	4.32	???? ???	????? ??? ??? 813-8 2?	????? ??? ????2? 35 2?
5861	UNMATCHED	0.00	0.00	0.00	0.00	0.00	NULL	NULL	NULL	NULL
5863	UNMATCHED	0.00	0.00	0.00	0.00	0.00	NULL	NULL	NULL	NULL
5873	MATCHED	30.00	100.00	40.00	10.00	20.00	5.80	?????	????? ??? ??? 827-45	????? ??? ????84? 32
5880	MATCHED	8.00	78.00	40.00	10.00	20.00	3.77	?????	????? ??? ??? 681-39 ????	????? ??? ???107? 26 ????
5881	MATCHED	15.00	85.00	40.00	10.00	20.00	16.59	????? ???	????? ??? ??? 828-21 ?????? 1?	????? ??? ????10? 25 ?????? 1?
5886	MATCHED	15.00	85.00	40.00	10.00	20.00	0.40	???	????? ??? ??? 817-27 ???? ??1?	????? ??? ????5? 31 ???? ??1?
5892	MATCHED	30.00	95.00	35.00	10.00	20.00	10.14	?????	????? ??? ??? 787-12 ????	????? ??? ??? 221 ????
5894	MATCHED	30.00	100.00	40.00	10.00	20.00	6.06	???	????? ??? ??? 687-1 1?	????? ??? ???106? 7 1?
5905	MATCHED	30.00	95.00	35.00	10.00	20.00	0.00	??? ???	????? ??? ??? 632-8 1?	????? ??? ????110? 86 1?
5906	MATCHED	30.00	100.00	40.00	10.00	20.00	4.18	???????	????? ??? ??? 650-18 1? 102?	????? ??? ??? 564 1? 102?
5907	UNMATCHED	0.00	0.00	0.00	0.00	0.00	NULL	NULL	NULL	NULL
5912	MATCHED	30.00	100.00	40.00	10.00	20.00	6.58	?? ?????	????? ??? ??? 773-8	????? ??? ??? 323
5914	UNMATCHED	0.00	0.00	0.00	0.00	0.00	NULL	NULL	NULL	NULL
5916	MATCHED	30.00	100.00	40.00	10.00	20.00	1.85	???	????? ??? ??? 677-1 ??1?	????? ??? ???93? 31 ??1?
5942	UNMATCHED	0.00	0.00	0.00	0.00	0.00	NULL	NULL	NULL	NULL
5944	UNMATCHED	0.00	0.00	0.00	0.00	0.00	NULL	NULL	NULL	NULL
5947	MATCHED	30.00	100.00	40.00	10.00	20.00	5.56	???? ???????	????? ??? ??? 607-4	????? ??? ????26? 23
5948	MATCHED	30.00	100.00	40.00	10.00	20.00	9.05	????? ??????	????? ??? ??? 769	????? ??? ??? 340
5949	MATCHED	15.00	85.00	40.00	10.00	20.00	4.85	????	????? ??? ??? 670-3 ??1?	????? ??? ????27? 36 ??1?
5950	UNMATCHED	0.00	0.00	0.00	0.00	0.00	NULL	NULL	NULL	NULL
5961	MATCHED	30.00	100.00	40.00	10.00	20.00	5.90	?	????? ??? ??? 736-46 ??1?	????? ??? ???85? 22 ??1?
5965	MATCHED	15.00	85.00	40.00	10.00	20.00	3.28	??? ???	????? ??? ??? 818-8 ??1?	????? ??? ????94? 21 ??1?
5968	UNMATCHED	0.00	0.00	0.00	0.00	0.00	NULL	NULL	NULL	NULL
5982	MATCHED	30.00	100.00	40.00	10.00	20.00	4.67	??????? GS???	????? ??? ??? 670-15	????? ??? ????27? 26
5984	MATCHED	15.00	80.00	35.00	10.00	20.00	5.92	???? ?????	????? ??? ??? 645-12 1? ????	????? ??? ????19? 18 1? ????
5991	UNMATCHED	0.00	0.00	0.00	0.00	0.00	NULL	NULL	NULL	NULL
5992	UNMATCHED	0.00	0.00	0.00	0.00	0.00	NULL	NULL	NULL	NULL
5996	MATCHED	25.00	75.00	40.00	10.00	0.00	NULL	??? ????	????? ??? ??? 858 ?? 1? 28?	????? ??? ???? 396 ?? 1? 28?
5998	MATCHED	30.00	100.00	40.00	10.00	20.00	3.56	????? ????	????? ??? ??? 813-11 1?	????? ??? ????4? 40 1?
6002	MATCHED	30.00	100.00	40.00	10.00	20.00	3.22	????	????? ??? ??? 644-9 ??1?	????? ??? ????25? 15 ??1?
6004	MATCHED	30.00	100.00	40.00	10.00	20.00	8.20	????	????? ??? ??? 697-11 1? ????	????? ??? ???93? 18 1? ????
6005	MATCHED	8.00	78.00	40.00	10.00	20.00	0.00	?? ????	????? ??? ??? 711-6 ?????? b21 ??????	????? ??? ??? 408 ?????? b21 ??????
6007	MATCHED	15.00	80.00	35.00	10.00	20.00	16.21	?? ??	????? ??? ??? 726 ????? ?? 1?	????? ??? ??? 430 ????? ?? 1?
6010	UNMATCHED	0.00	0.00	0.00	0.00	0.00	NULL	NULL	NULL	NULL
6014	UNMATCHED	0.00	0.00	0.00	0.00	0.00	NULL	NULL	NULL	NULL
6020	MATCHED	15.00	85.00	40.00	10.00	20.00	9.37	????? ???	????? ??? ??? 697-11 101?	????? ??? ???93? 18 101?
6027	UNMATCHED	0.00	0.00	0.00	0.00	0.00	NULL	NULL	NULL	NULL
6028	MATCHED	30.00	95.00	35.00	10.00	20.00	10.02	????? ????	????? ??? ??? 635-10 1? ?????	????? ??? ????5? 24 1? ?????
6030	UNMATCHED	0.00	0.00	0.00	0.00	0.00	NULL	NULL	NULL	NULL
6044	MATCHED	15.00	80.00	35.00	10.00	20.00	5.85	????	????? ??? ??? 770-20 1?	????? ??? ???72? 19 1?
6050	MATCHED	30.00	100.00	40.00	10.00	20.00	4.14	???	????? ??? ??? 694-18	????? ??? ???103? 5
6051	MATCHED	15.00	85.00	40.00	10.00	20.00	8.05	????	????? ??? ??? 771 ?????	????? ??? ??? 234 ?????
6052	UNMATCHED	0.00	0.00	0.00	0.00	0.00	NULL	NULL	NULL	NULL
6053	MATCHED	15.00	85.00	40.00	10.00	20.00	6.06	??	????? ??? ??? 678-2 1?	????? ??? ???94? 24 1?
6056	UNMATCHED	0.00	0.00	0.00	0.00	0.00	NULL	NULL	NULL	NULL
6059	MATCHED	30.00	100.00	40.00	10.00	20.00	5.91	?????	????? ??? ??? 733-16 103?	????? ??? ???76? 34 103?
6062	MATCHED	25.00	95.00	40.00	10.00	20.00	2.50	?????	????? ??? ??? 834-6 101?	????? ??? ??? 130 101?
6069	MATCHED	15.00	85.00	40.00	10.00	20.00	7.07	???	????? ??? ??? 823-24 ???? 1?	????? ??? ????14? 6 ???? 1?
6075	MATCHED	30.00	100.00	40.00	10.00	20.00	6.04	????????	????? ??? ??? 656-33 1?	????? ??? ????39? 73 1?
6076	MATCHED	15.00	85.00	40.00	10.00	20.00	0.68	????	????? ??? ??? 823-26 ?????????? ??1?	????? ??? ????14? 8 ?????????? ??1?
6077	MATCHED	25.00	95.00	40.00	10.00	20.00	3.26	?36?? ???	????? ??? ??? 751-15 YB?? 2? ?36??	????? ??? ??? 141 YB?? 2? ?36??
6082	MATCHED	15.00	85.00	40.00	10.00	20.00	0.00	????812	????? ??? ??? 812 B1?	????? ??? ????4? 29 B1?
6097	MATCHED	30.00	100.00	40.00	10.00	20.00	4.59	???	????? ??? ??? 700-30	????? ??? ???98? 22
6098	UNMATCHED	0.00	0.00	0.00	0.00	0.00	NULL	NULL	NULL	NULL
6099	MATCHED	30.00	100.00	40.00	10.00	20.00	2.38	????	????? ??? ??? 637-33	????? ??? ????19? 13
6101	MATCHED	25.00	95.00	40.00	10.00	20.00	4.12	??	????? ??? ??? 707-1 ????? ??1?	????? ??? ???? 310 ????? ??1?
6102	UNMATCHED	0.00	0.00	0.00	0.00	0.00	NULL	NULL	NULL	NULL
6108	MATCHED	8.00	78.00	40.00	10.00	20.00	7.95	???? ????	????? ??? ??? 825-24 ??1?	????? ??? ????84? 15 ??1?
6117	UNMATCHED	0.00	0.00	0.00	0.00	0.00	NULL	NULL	NULL	NULL
6119	MATCHED	30.00	100.00	40.00	10.00	20.00	0.00	????????? ????	????? ??? ??? 825-20 ????????? B227?, B228?	????? ??? ????4? 6 ????????? B227?, B228?
6124	MATCHED	30.00	100.00	40.00	10.00	20.00	9.08	??????? ???	????? ??? ??? 825-18 ??1?	????? ??? ???? 110 ??1?
6125	MATCHED	25.00	95.00	40.00	10.00	20.00	14.58	????	????? ??? ??? 707-24 B1 115?	????? ??? ???? 322 B1 115?
6129	UNMATCHED	0.00	0.00	0.00	0.00	0.00	NULL	NULL	NULL	NULL
6134	UNMATCHED	0.00	0.00	0.00	0.00	0.00	NULL	NULL	NULL	NULL
6136	MATCHED	30.00	100.00	40.00	10.00	20.00	8.58	????? ????	????? ??? ??? 818-8 1? 104?	????? ??? ????94? 21 1? 104?
6139	MATCHED	30.00	95.00	35.00	10.00	20.00	4.18	??? ??	????? ??? ??? 657-24	????? ??? ???106? 26
6141	MATCHED	30.00	89.00	35.00	10.00	14.00	53.05	???? ???	????? ??? ??? 722 ??? 108?	????? ??? ???85? 13 ??? 108?
6148	MATCHED	15.00	85.00	40.00	10.00	20.00	6.04	????	????? ??? ??? 705 2?	????? ??? ????51? 10 2?
6155	UNMATCHED	0.00	0.00	0.00	0.00	0.00	NULL	NULL	NULL	NULL
6156	MATCHED	30.00	100.00	40.00	10.00	20.00	5.15	??????	????? ??? ??? 640-17	????? ??? ????25? 35
6161	AMBIGUOUS	15.00	67.00	22.00	10.00	20.00	7.08	???? ?? ?	????? ??? ??? 818-10 1?	????? ??? ????94? 19 1?
6162	UNMATCHED	0.00	0.00	0.00	0.00	0.00	NULL	NULL	NULL	NULL
6166	MATCHED	30.00	95.00	35.00	10.00	20.00	5.65	?????? ???	????? ??? ??? 696-47 1?	????? ??? ????55? 20 1?
6167	MATCHED	30.00	100.00	40.00	10.00	20.00	7.93	??	????? ??? ??? 604-2	????? ??? ????18? 4
6168	MATCHED	30.00	100.00	40.00	10.00	20.00	4.13	????	????? ??? ??? 699-3 1? ????	????? ??? ???98? 9 1? ????
6172	UNMATCHED	0.00	0.00	0.00	0.00	0.00	NULL	NULL	NULL	NULL
6174	MATCHED	30.00	100.00	40.00	10.00	20.00	8.44	?????	????? ??? ??? 607-2	????? ??? ????26? 21
6175	MATCHED	30.00	100.00	40.00	10.00	20.00	0.00	???	????? ??? ??? 823-22 ??1?	????? ??? ???? 128 ??1?
6180	MATCHED	15.00	85.00	40.00	10.00	20.00	4.78	?????????? ???	????? ??? ??? 738-11 1?	????? ??? ???85? 5-5 1?
6182	MATCHED	30.00	95.00	35.00	10.00	20.00	10.62	???? ?? ??	????? ??? ??? 739-5	????? ??? ???85? 23
6191	MATCHED	25.00	90.00	35.00	10.00	20.00	6.48	???? ???	????? ??? ??? 678-17 JS?? 1?	????? ??? ????33? 11 JS?? 1?
6194	MATCHED	8.00	78.00	40.00	10.00	20.00	29.14	????	????? ??? ??? 707-34 ??????24?? ??1? B116?	????? ??? ???? 322 ??????24?? ??1? B116?
6197	AMBIGUOUS	15.00	67.00	22.00	10.00	20.00	21.98	?? ??GS???	????? ??? ??? 679 ??GS?? ??1?	????? ??? ??? 508-2 ??GS?? ??1?
6202	UNMATCHED	0.00	0.00	0.00	0.00	0.00	NULL	NULL	NULL	NULL
6204	MATCHED	30.00	95.00	35.00	10.00	20.00	3.38	???? ??GS???	????? ??? ??? 669-18	????? ??? ???94? 15
6205	MATCHED	30.00	95.00	35.00	10.00	20.00	4.79	???? ?????	????? ??? ??? 827-26 1?	????? ??? ????6? 42 1?
6207	MATCHED	30.00	100.00	40.00	10.00	20.00	5.36	???? ?????	????? ??? ??? 811-2 1? ???? ?????	????? ??? ????4? 19 1? ???? ?????
6219	UNMATCHED	0.00	0.00	0.00	0.00	0.00	NULL	NULL	NULL	NULL
6226	MATCHED	30.00	95.00	35.00	10.00	20.00	5.40	????? ???	????? ??? ??? 601-14 1? 102?	????? ??? ????110? 15 1? 102?
6228	MATCHED	30.00	82.00	22.00	10.00	20.00	9.31	????? ???	????? ??? ??? 797-3 1?	????? ??? ??? 333 1?
6233	UNMATCHED	0.00	0.00	0.00	0.00	0.00	NULL	NULL	NULL	NULL
6235	MATCHED	25.00	85.00	40.00	0.00	20.00	3.08	??????????	????? ??? ??? 824-11 ????? 301?	????? ??? ????84? 23 ????? 301?
6245	MATCHED	15.00	85.00	40.00	10.00	20.00	3.40	???	????? ??? ??? 745-5 ??	????? ??? ???19? 31 ??
6246	MATCHED	30.00	100.00	40.00	10.00	20.00	4.35	?????????	????? ??? ??? 649-9	????? ??? ????92? 29
6259	UNMATCHED	0.00	0.00	0.00	0.00	0.00	NULL	NULL	NULL	NULL
6268	UNMATCHED	0.00	0.00	0.00	0.00	0.00	NULL	NULL	NULL	NULL
6288	UNMATCHED	0.00	0.00	0.00	0.00	0.00	NULL	NULL	NULL	NULL
6293	MATCHED	30.00	95.00	35.00	10.00	20.00	5.72	?????? ???	????? ??? ??? 719-24	????? ??? ???85? 32
6294	MATCHED	25.00	90.00	35.00	10.00	20.00	8.29	??????? ??2??	????? ??? ??? 736-54 LS?? 1?	????? ??? ???87? 15 LS?? 1?
6301	MATCHED	30.00	95.00	35.00	10.00	20.00	3.72	??? ??? ??	????? ??? ??? 832-31	????? ??? ????66? 11
6303	MATCHED	30.00	95.00	35.00	10.00	20.00	10.69	?????? ???	????? ??? ??? 726-15	????? ??? ??? 428
6304	MATCHED	30.00	100.00	40.00	10.00	20.00	6.32	???????? ????	????? ??? ??? 823-4 1?	????? ??? ????8? 11 1?
6305	MATCHED	15.00	80.00	35.00	10.00	20.00	6.31	???? ??????	????? ??? ??? 820-2 101?	????? ??? ????1? 17 101?
6321	MATCHED	15.00	80.00	35.00	10.00	20.00	8.40	?? ??	????? ??? ??? 640-11 1? ??	????? ??? ???95? 14 1? ??
6325	MATCHED	25.00	90.00	35.00	10.00	20.00	5.44	?? ???	????? ??? ??? 695-30 ???? 1?	????? ??? ???99? 12 ???? 1?
6326	UNMATCHED	0.00	0.00	0.00	0.00	0.00	NULL	NULL	NULL	NULL
6329	UNMATCHED	0.00	0.00	0.00	0.00	0.00	NULL	NULL	NULL	NULL
6333	MATCHED	25.00	95.00	40.00	10.00	20.00	10.34	????? ???????	????? ??? ??? 831-55 ???? 1?	????? ??? ???1? 8 ???? 1?
6334	MATCHED	30.00	100.00	40.00	10.00	20.00	21.94	????????? ???	????? ??? ??? 796-29	????? ??? ???63? 16
6335	UNMATCHED	0.00	0.00	0.00	0.00	0.00	NULL	NULL	NULL	NULL
6337	MATCHED	8.00	78.00	40.00	10.00	20.00	6.95	????? ?????????	????? ??? ??? 737 ???????? ??1?	????? ??? ???? 152 ???????? ??1?
6340	MATCHED	25.00	95.00	40.00	10.00	20.00	13.01	????	????? ??? ??? 765-1 1? ??1?	????? ??? ???63? 13 1? ??1?
6344	UNMATCHED	0.00	0.00	0.00	0.00	0.00	NULL	NULL	NULL	NULL
6356	UNMATCHED	0.00	0.00	0.00	0.00	0.00	NULL	NULL	NULL	NULL
6360	MATCHED	8.00	78.00	40.00	10.00	20.00	0.11	???????	????? ??? ??? 823 ???? ??1? 29?	????? ??? ???? 124 ???? ??1? 29?
6363	MATCHED	30.00	100.00	40.00	10.00	20.00	7.65	???	????? ??? ??? 669-9 1?	????? ??? ????30? 73 1?
6368	UNMATCHED	0.00	0.00	0.00	0.00	0.00	NULL	NULL	NULL	NULL
6369	UNMATCHED	0.00	0.00	0.00	0.00	0.00	NULL	NULL	NULL	NULL
6375	UNMATCHED	0.00	0.00	0.00	0.00	0.00	NULL	NULL	NULL	NULL
6381	MATCHED	30.00	100.00	40.00	10.00	20.00	4.84	???	????? ??? ??? 681-38	????? ??? ???107? 30
6384	MATCHED	15.00	80.00	35.00	10.00	20.00	6.21	???? ?????	????? ??? ??? 701 ??1?	????? ??? ??? 508 ??1?
6387	UNMATCHED	0.00	0.00	0.00	0.00	0.00	NULL	NULL	NULL	NULL
6389	UNMATCHED	0.00	0.00	0.00	0.00	0.00	NULL	NULL	NULL	NULL
6397	MATCHED	15.00	85.00	40.00	10.00	20.00	32.01	?? ???	????? ??? ??? 601-29 1?	????? ??? ????110? 19-1 1?
6419	MATCHED	15.00	85.00	40.00	10.00	20.00	1.95	????	????? ??? ??? 648-1 IBC???? 1?	????? ??? ????7? 8 IBC???? 1?
6420	MATCHED	30.00	100.00	40.00	10.00	20.00	3.26	????	????? ??? ??? 830-7 ??1? ????	????? ??? ???3? 22 ??1? ????
6421	UNMATCHED	0.00	0.00	0.00	0.00	0.00	NULL	NULL	NULL	NULL
6423	MATCHED	15.00	85.00	40.00	10.00	20.00	6.81	??????	????? ??? ??? 647-11	????? ??? ????13? 8-10
6424	MATCHED	15.00	85.00	40.00	10.00	20.00	2.90	???????? ???	????? ??? ??? 837-26 ????????? 105~106?	????? ??? ???1? 14 ????????? 105~106?
6425	MATCHED	25.00	95.00	40.00	10.00	20.00	6.06	??	????? ??? ??? 678-2 1?	????? ??? ???94? 24 1?
6426	UNMATCHED	0.00	0.00	0.00	0.00	0.00	NULL	NULL	NULL	NULL
6430	MATCHED	15.00	85.00	40.00	10.00	20.00	0.00	????	????? ??? ??? 754-2 107?	????? ??? ???52? 14 107?
6434	UNMATCHED	0.00	0.00	0.00	0.00	0.00	NULL	NULL	NULL	NULL
6436	MATCHED	25.00	90.00	35.00	10.00	20.00	28.92	???? ???	????? ??? ??? 722 104?	????? ??? ???85? 13 104?
6438	UNMATCHED	0.00	0.00	0.00	0.00	0.00	NULL	NULL	NULL	NULL
6439	MATCHED	30.00	100.00	40.00	10.00	20.00	7.33	????	????? ??? ??? 669-7 1? 1? ??	????? ??? ????30? 69 1? 1? ??
6452	MATCHED	15.00	85.00	40.00	10.00	20.00	8.35	?????	????? ??? ??? 831-3 2?	????? ??? ????78? 8 2?
6459	MATCHED	30.00	94.00	40.00	10.00	14.00	91.38	???	????? ??? ??? 645-29	????? ??? ???95? 29-16
6460	UNMATCHED	0.00	0.00	0.00	0.00	0.00	NULL	NULL	NULL	NULL
6463	UNMATCHED	0.00	0.00	0.00	0.00	0.00	NULL	NULL	NULL	NULL
6469	MATCHED	30.00	95.00	35.00	10.00	20.00	2.50	?? ?????	????? ??? ??? 670-18 ???? ??1?	????? ??? ????27? 22 ???? ??1?
6470	MATCHED	15.00	80.00	35.00	10.00	20.00	12.92	???? ???	????? ??? ??? 642-1 ????? 212?	????? ??? ????25? 20 ????? 212?
6473	MATCHED	15.00	85.00	40.00	10.00	20.00	14.66	?????	????? ??? ??? 642-1 ???????	????? ??? ????25? 20 ???????
6478	MATCHED	30.00	100.00	40.00	10.00	20.00	3.59	??? ?????	????? ??? ??? 810-2 1?	????? ??? ????2? 15 1?
6479	UNMATCHED	0.00	0.00	0.00	0.00	0.00	NULL	NULL	NULL	NULL
6495	UNMATCHED	0.00	0.00	0.00	0.00	0.00	NULL	NULL	NULL	NULL
6496	MATCHED	15.00	85.00	40.00	10.00	20.00	1.55	???	????? ??? ??? 645-11 1?1? (????19? 20 )	????? ??? ????19? 20 1?1? (????19? 20 )
6498	UNMATCHED	0.00	0.00	0.00	0.00	0.00	NULL	NULL	NULL	NULL
6505	MATCHED	30.00	95.00	35.00	10.00	20.00	6.46	??? ??? ?????	????? ??? ??? 700-30	????? ??? ???98? 22
6509	MATCHED	30.00	95.00	35.00	10.00	20.00	3.34	????? ???????	????? ??? ??? 785-14 2?	????? ??? ??? 255 2?
6510	MATCHED	8.00	78.00	40.00	10.00	20.00	5.63	????	????? ??? ??? 830-54	????? ??? ???5? 6
6531	MATCHED	15.00	75.00	40.00	0.00	20.00	6.27	????	????? ??? ??? 771-19 ???? 1?	????? ??? ???34? 5-1 ???? 1?
6539	MATCHED	30.00	95.00	35.00	10.00	20.00	3.31	??? ???????????	????? ??? ??? 839-3	????? ??? ????62? 28
6544	UNMATCHED	0.00	0.00	0.00	0.00	0.00	NULL	NULL	NULL	NULL
6554	AMBIGUOUS	8.00	64.00	40.00	10.00	6.00	106.42	??????????	????? ??? ??? 761-18 ????? 107?	????? ??? ??? 314 ????? 107?
6561	UNMATCHED	0.00	0.00	0.00	0.00	0.00	NULL	NULL	NULL	NULL
6563	UNMATCHED	0.00	0.00	0.00	0.00	0.00	NULL	NULL	NULL	NULL
6573	MATCHED	30.00	95.00	35.00	10.00	20.00	5.17	????? ???	????? ??? ??? 719-9 2?	????? ??? ????34? 7 2?
6575	MATCHED	25.00	84.00	35.00	10.00	14.00	53.07	????? ??????	????? ??? ??? 813-16 3? ?????	????? ??? ????2? 37 3? ?????
6577	UNMATCHED	0.00	0.00	0.00	0.00	0.00	NULL	NULL	NULL	NULL
6578	MATCHED	15.00	85.00	40.00	10.00	20.00	0.00	???	????? ??? ??? 641-20 ??1?	????? ??? ??? 511 ??1?
6584	UNMATCHED	0.00	0.00	0.00	0.00	0.00	NULL	NULL	NULL	NULL
6585	MATCHED	15.00	85.00	40.00	10.00	20.00	10.71	???? ????	????? ??? ??? 736-17 ??1? 101?	????? ??? ????20? 9 ??1? 101?
6588	MATCHED	25.00	95.00	40.00	10.00	20.00	6.09	???? ???	????? ??? ??? 699-20 1?	????? ??? ???98? 19 1?
6602	UNMATCHED	0.00	0.00	0.00	0.00	0.00	NULL	NULL	NULL	NULL
6615	UNMATCHED	0.00	0.00	0.00	0.00	0.00	NULL	NULL	NULL	NULL
6616	AMBIGUOUS	15.00	74.00	35.00	10.00	14.00	69.88	????? 2??	????? ??? ??? 722 ?????	????? ??? ???85? 13 ?????
6619	AMBIGUOUS	8.00	58.00	40.00	10.00	0.00	NULL	??????	????? ??? ??? 821 ??? ?????? c-16 8???	????? ??? ???? 101 ??? ?????? c-16 8???
6622	UNMATCHED	0.00	0.00	0.00	0.00	0.00	NULL	NULL	NULL	NULL
6625	MATCHED	8.00	78.00	40.00	10.00	20.00	5.38	????? ???	????? ??? ??? 636-15 ???? ??1?	????? ??? ????94? 59 ???? ??1?
6628	MATCHED	30.00	100.00	40.00	10.00	20.00	0.00	??? ???	????? ??? ??? 825-20 219?	????? ??? ????4? 6 219?
6632	UNMATCHED	0.00	0.00	0.00	0.00	0.00	NULL	NULL	NULL	NULL
6633	UNMATCHED	0.00	0.00	0.00	0.00	0.00	NULL	NULL	NULL	NULL
6636	MATCHED	8.00	78.00	40.00	10.00	20.00	5.97	?????	????? ??? ??? 810	????? ??? ????110? 12
6638	UNMATCHED	0.00	0.00	0.00	0.00	0.00	NULL	NULL	NULL	NULL
6639	UNMATCHED	0.00	0.00	0.00	0.00	0.00	NULL	NULL	NULL	NULL
6647	UNMATCHED	0.00	0.00	0.00	0.00	0.00	NULL	NULL	NULL	NULL
6648	UNMATCHED	0.00	0.00	0.00	0.00	0.00	NULL	NULL	NULL	NULL
6651	UNMATCHED	0.00	0.00	0.00	0.00	0.00	NULL	NULL	NULL	NULL
6652	MATCHED	30.00	95.00	35.00	10.00	20.00	6.35	????????? ???	????? ??? ??? 645-20	????? ??? ????94? 83
6654	UNMATCHED	0.00	0.00	0.00	0.00	0.00	NULL	NULL	NULL	NULL
6658	MATCHED	30.00	95.00	35.00	10.00	20.00	7.06	?? ?? ????? ???	????? ??? ??? 834-45 1? ????????	????? ??? ??? 138 1? ????????
6660	UNMATCHED	0.00	0.00	0.00	0.00	0.00	NULL	NULL	NULL	NULL
6662	MATCHED	30.00	100.00	40.00	10.00	20.00	6.80	??? ??? & ????	????? ??? ??? 784-1 1?	????? ??? ???65? 7 1?
6663	MATCHED	30.00	95.00	35.00	10.00	20.00	2.08	????? ???	????? ??? ??? 797-2	????? ??? ???71? 3
6665	UNMATCHED	0.00	0.00	0.00	0.00	0.00	NULL	NULL	NULL	NULL
6668	MATCHED	30.00	85.00	35.00	0.00	20.00	7.21	??????? ??????????	????? ??? ??? 773-8	????? ??? ??? 323
6670	MATCHED	15.00	85.00	40.00	10.00	20.00	2.82	??????????	????? ??? ??? 640-17 ?? 1?	????? ??? ????25? 35 ?? 1?
6676	MATCHED	15.00	80.00	35.00	10.00	20.00	6.46	????	????? ??? ??? 619-14 ?????	????? ??? ????18? 76 ?????
6679	MATCHED	25.00	90.00	35.00	10.00	20.00	7.23	??????? ????	????? ??? ??? 830-38 2?	????? ??? ???5? 22 2?
6680	MATCHED	25.00	95.00	40.00	10.00	20.00	7.55	??	????? ??? ??? 735-11 ????? 1?	????? ??? ???87? 41 ????? 1?
6685	UNMATCHED	0.00	0.00	0.00	0.00	0.00	NULL	NULL	NULL	NULL
6686	UNMATCHED	0.00	0.00	0.00	0.00	0.00	NULL	NULL	NULL	NULL
6687	MATCHED	15.00	85.00	40.00	10.00	20.00	5.88	?????	????? ??? ??? 741-7 1? ????? ?????	????? ??? ????14? 31 1? ????? ?????
6690	UNMATCHED	0.00	0.00	0.00	0.00	0.00	NULL	NULL	NULL	NULL
6691	UNMATCHED	0.00	0.00	0.00	0.00	0.00	NULL	NULL	NULL	NULL
6692	UNMATCHED	0.00	0.00	0.00	0.00	0.00	NULL	NULL	NULL	NULL
6694	MATCHED	30.00	100.00	40.00	10.00	20.00	5.41	???? ?????	????? ??? ??? 682-7 ???? ?????	????? ??? ???? 328 ???? ?????
6698	MATCHED	30.00	100.00	40.00	10.00	20.00	3.30	??? ???	????? ??? ??? 699 1?,2?	????? ??? ????44? 64 1?,2?
6699	MATCHED	30.00	100.00	40.00	10.00	20.00	3.35	?????	????? ??? ??? 699-26 1? 101?	????? ??? ???98? 23 1? 101?
6704	MATCHED	25.00	95.00	40.00	10.00	20.00	5.71	???? ???	????? ??? ??? 792-59 1?	????? ??? ???20? 22 1?
6705	MATCHED	15.00	85.00	40.00	10.00	20.00	2.19	??	????? ??? ??? 642-16 ??1? 8?	????? ??? ???? 147 ??1? 8?
6708	UNMATCHED	0.00	0.00	0.00	0.00	0.00	NULL	NULL	NULL	NULL
6709	MATCHED	30.00	100.00	40.00	10.00	20.00	4.74	???	????? ??? ??? 782-41 1?	????? ??? ???64? 17 1?
6712	MATCHED	25.00	95.00	40.00	10.00	20.00	5.24	??????	????? ??? ??? 817-18 1?	????? ??? ????96? 15 1?
6713	UNMATCHED	0.00	0.00	0.00	0.00	0.00	NULL	NULL	NULL	NULL
6725	AMBIGUOUS	25.00	67.00	22.00	0.00	20.00	8.15	????? ? ???	????? ??? ??1? 824-11 ????? 1504?	????? ??? ????84? 23 ????? 1504?
6730	MATCHED	30.00	100.00	40.00	10.00	20.00	2.06	??????	????? ??? ??? 741-11 2?	????? ??? ???85? 47 2?
6735	MATCHED	15.00	80.00	35.00	10.00	20.00	5.54	????? GFC ?	????? ??? ??? 737 ???????? ??2?	????? ??? ???? 152 ???????? ??2?
6736	UNMATCHED	0.00	0.00	0.00	0.00	0.00	NULL	NULL	NULL	NULL
6737	AMBIGUOUS	15.00	67.00	22.00	10.00	20.00	4.91	??? ???	????? ??? ??? 812-18 ?? 1?	????? ??? ????4? 37 ?? 1?
6740	MATCHED	25.00	90.00	35.00	10.00	20.00	4.19	???? ????	????? ??? ??? 826-39 1?	????? ??? ????4? 38-5 1?
6742	UNMATCHED	0.00	0.00	0.00	0.00	0.00	NULL	NULL	NULL	NULL
6743	UNMATCHED	0.00	0.00	0.00	0.00	0.00	NULL	NULL	NULL	NULL
6744	MATCHED	30.00	100.00	40.00	10.00	20.00	5.78	??	????? ??? ??? 672-32 1?	????? ??? ???93? 32-8 1?
6757	UNMATCHED	0.00	0.00	0.00	0.00	0.00	NULL	NULL	NULL	NULL
6768	UNMATCHED	0.00	0.00	0.00	0.00	0.00	NULL	NULL	NULL	NULL
6773	UNMATCHED	0.00	0.00	0.00	0.00	0.00	NULL	NULL	NULL	NULL
6774	MATCHED	30.00	92.00	32.00	10.00	20.00	3.88	????? & ?? ???	????? ??? ??? 674-33 1?	????? ??? ????39? 37 1?
6775	UNMATCHED	0.00	0.00	0.00	0.00	0.00	NULL	NULL	NULL	NULL
6782	UNMATCHED	0.00	0.00	0.00	0.00	0.00	NULL	NULL	NULL	NULL
6784	MATCHED	30.00	95.00	35.00	10.00	20.00	0.00	?????? ???	????? ??? ??? 619-5 3?, 4?	????? ??? ????100? 13 3?, 4?
6787	UNMATCHED	0.00	0.00	0.00	0.00	0.00	NULL	NULL	NULL	NULL
6796	UNMATCHED	0.00	0.00	0.00	0.00	0.00	NULL	NULL	NULL	NULL
6809	UNMATCHED	0.00	0.00	0.00	0.00	0.00	NULL	NULL	NULL	NULL
6818	UNMATCHED	0.00	0.00	0.00	0.00	0.00	NULL	NULL	NULL	NULL
6820	MATCHED	15.00	85.00	40.00	10.00	20.00	29.14	????	????? ??? ??? 707-24 ??????24?? ??1? B122?	????? ??? ???? 322 ??????24?? ??1? B122?
6826	UNMATCHED	0.00	0.00	0.00	0.00	0.00	NULL	NULL	NULL	NULL
6829	MATCHED	30.00	100.00	40.00	10.00	20.00	8.86	????	????? ??? ??? 752-41 1?	????? ??? ??? 133 1?
6853	MATCHED	30.00	100.00	40.00	10.00	20.00	5.12	??	????? ??? ??? 722-6 1? ??	????? ??? ???81? 19 1? ??
6857	UNMATCHED	0.00	0.00	0.00	0.00	0.00	NULL	NULL	NULL	NULL
6859	AMBIGUOUS	8.00	72.00	40.00	10.00	14.00	91.55	??? ???	????? ??? ??? 705-1 ?????? 1?	????? ??? ???? 327 ?????? 1?
6868	MATCHED	30.00	100.00	40.00	10.00	20.00	2.65	????	????? ??? ??? 730-9	????? ??? ???37? 14
6871	UNMATCHED	0.00	0.00	0.00	0.00	0.00	NULL	NULL	NULL	NULL
6876	MATCHED	8.00	78.00	40.00	10.00	20.00	0.00	??? GFC?	????? ??? ??? 737 ?? 2? ????????	????? ??? ???? 152 ?? 2? ????????
6882	UNMATCHED	0.00	0.00	0.00	0.00	0.00	NULL	NULL	NULL	NULL
6891	AMBIGUOUS	15.00	67.00	22.00	10.00	20.00	10.71	?? ??? ????? ????	????? ??? ??? 831-45 ???????	????? ??? ??? 109 ???????
6893	MATCHED	15.00	85.00	40.00	10.00	20.00	16.32	???????	????? ??? ??? 837-18 ?????? 1?	????? ??? ???3? 19 ?????? 1?
6900	MATCHED	15.00	85.00	40.00	10.00	20.00	0.00	????	????? ??? ??? 658-1 ??1?	????? ??? ???107? 43 ??1?
6903	MATCHED	15.00	80.00	35.00	10.00	20.00	6.03	??? ????	????? ??? ??? 635-13 ??? ????	????? ??? ????94? 27 ??? ????
6913	UNMATCHED	0.00	0.00	0.00	0.00	0.00	NULL	NULL	NULL	NULL
6914	MATCHED	30.00	100.00	40.00	10.00	20.00	3.71	??????	????? ??? ??? 836-11 108? ()	????? ??? ???3? 20-10 108? (???)
6928	UNMATCHED	0.00	0.00	0.00	0.00	0.00	NULL	NULL	NULL	NULL
6929	UNMATCHED	0.00	0.00	0.00	0.00	0.00	NULL	NULL	NULL	NULL
6933	MATCHED	15.00	85.00	40.00	10.00	20.00	0.00	???? ??	????? ??? ??? 787-1 ???? ??	????? ??? ???64? 22 ???? ??
6936	MATCHED	25.00	95.00	40.00	10.00	20.00	9.45	????&????	????? ??? ??? 652-13 ???? 1?	????? ??? ???107? 30 ???? 1?
6938	UNMATCHED	0.00	0.00	0.00	0.00	0.00	NULL	NULL	NULL	NULL
6940	MATCHED	30.00	100.00	40.00	10.00	20.00	7.42	??????	????? ??? ??? 832-31	????? ??? ????66? 11
6951	UNMATCHED	0.00	0.00	0.00	0.00	0.00	NULL	NULL	NULL	NULL
6955	MATCHED	25.00	95.00	40.00	10.00	20.00	6.11	????	????? ??? ??? 696 1? ????	????? ??? ????53? 22 1? ????
6961	UNMATCHED	0.00	0.00	0.00	0.00	0.00	NULL	NULL	NULL	NULL
6963	MATCHED	30.00	100.00	40.00	10.00	20.00	2.63	????	????? ??? ??? 615-30	????? ??? ????16? 22
6965	MATCHED	30.00	100.00	40.00	10.00	20.00	6.48	???? ???	????? ??? ??? 834 1? ????	????? ??? ??? 128 1? ????
6971	MATCHED	25.00	90.00	35.00	10.00	20.00	23.43	????? ??????????	????? ??? ??? 720-25 ????? 1? 113?	????? ??? ??? 427 ????? 1? 113?
6973	MATCHED	30.00	100.00	40.00	10.00	20.00	0.00	??? ???? ???	????? ??? ??? 702-13	????? ??? ???? 313
6980	MATCHED	30.00	82.00	22.00	10.00	20.00	6.06	??????? ??? ??4??	????? ??? ??? 747-24 ????	????? ??? ??? 405 ????
6986	MATCHED	30.00	95.00	35.00	10.00	20.00	4.80	??????? ?? ??	????? ??? ??? 669-18 B1?	????? ??? ???94? 15 B1?
6987	UNMATCHED	0.00	0.00	0.00	0.00	0.00	NULL	NULL	NULL	NULL
6988	MATCHED	15.00	85.00	40.00	10.00	20.00	8.48	????	????? ??? ??? 642-16 ?????-11	????? ??? ???? 147 ?????-11
6995	MATCHED	15.00	80.00	35.00	10.00	20.00	27.47	???? ????	????? ??? ??? 751-17 1? ????	????? ??? ??? 137 1? ????
7002	MATCHED	30.00	100.00	40.00	10.00	20.00	4.11	??	????? ??? ??? 636-14 1? ??	????? ??? ????13? 17 1? ??
7006	UNMATCHED	0.00	0.00	0.00	0.00	0.00	NULL	NULL	NULL	NULL
7016	MATCHED	30.00	100.00	40.00	10.00	20.00	9.47	??	????? ??? ??? 645-19 1?	????? ??? ????19? 12 1?
7017	UNMATCHED	0.00	0.00	0.00	0.00	0.00	NULL	NULL	NULL	NULL
7025	UNMATCHED	0.00	0.00	0.00	0.00	0.00	NULL	NULL	NULL	NULL
7026	UNMATCHED	0.00	0.00	0.00	0.00	0.00	NULL	NULL	NULL	NULL
7037	UNMATCHED	0.00	0.00	0.00	0.00	0.00	NULL	NULL	NULL	NULL
7038	UNMATCHED	0.00	0.00	0.00	0.00	0.00	NULL	NULL	NULL	NULL
7039	MATCHED	25.00	80.00	35.00	0.00	20.00	0.00	???? 8??	????? ??? ??? 813-16 ???? 5? ???? 8??	????? ??? ????2? 37 ???? 5? ???? 8??
7041	UNMATCHED	0.00	0.00	0.00	0.00	0.00	NULL	NULL	NULL	NULL
7043	MATCHED	30.00	95.00	35.00	10.00	20.00	3.86	?? ??& ????	????? ??? ??? 774-26 1?	????? ??? ???71? 19 1?
7046	MATCHED	25.00	95.00	40.00	10.00	20.00	0.11	?????	????? ??? ??? 823 ???? ??1? B102?	????? ??? ???? 124 ???? ??1? B102?
7053	UNMATCHED	0.00	0.00	0.00	0.00	0.00	NULL	NULL	NULL	NULL
7070	UNMATCHED	0.00	0.00	0.00	0.00	0.00	NULL	NULL	NULL	NULL
7072	UNMATCHED	0.00	0.00	0.00	0.00	0.00	NULL	NULL	NULL	NULL
7074	UNMATCHED	0.00	0.00	0.00	0.00	0.00	NULL	NULL	NULL	NULL
7076	MATCHED	30.00	95.00	35.00	10.00	20.00	16.90	??? 1??	????? ??? ??? 642-1 ??????? B102?	????? ??? ????25? 20 ??????? B102?
7077	UNMATCHED	0.00	0.00	0.00	0.00	0.00	NULL	NULL	NULL	NULL
7078	MATCHED	30.00	100.00	40.00	10.00	20.00	1.52	?????	????? ??? ??? 644-9	????? ??? ????25? 15
7079	UNMATCHED	0.00	0.00	0.00	0.00	0.00	NULL	NULL	NULL	NULL
7091	MATCHED	15.00	85.00	40.00	10.00	20.00	35.33	??????	????? ??? ??? 835-68 ???? ??	????? ??? ???13? 19 ??? ???? ??
7093	MATCHED	30.00	100.00	40.00	10.00	20.00	6.41	?????	????? ??? ??? 817-12	????? ??? ????96? 11
7099	UNMATCHED	0.00	0.00	0.00	0.00	0.00	NULL	NULL	NULL	NULL
7100	MATCHED	30.00	100.00	40.00	10.00	20.00	5.92	??? ??1??	????? ??? ??? 793-43	????? ??? ???13? 8
7101	MATCHED	30.00	95.00	35.00	10.00	20.00	4.66	???? 1??	????? ??? ??? 827-23	????? ??? ????78? 27
7102	MATCHED	15.00	85.00	40.00	10.00	20.00	13.95	??	????? ??? ??? 823 ???? ??1?	????? ??? ???? 124 ???? ??1?
7104	MATCHED	30.00	95.00	35.00	10.00	20.00	3.97	?? ??? ??????	????? ??? ??? 751-14	????? ??? ??? 143
7106	MATCHED	30.00	100.00	40.00	10.00	20.00	4.75	???? ???????	????? ??? ??? 652-17	????? ??? ????34? 9
7107	UNMATCHED	0.00	0.00	0.00	0.00	0.00	NULL	NULL	NULL	NULL
7110	UNMATCHED	0.00	0.00	0.00	0.00	0.00	NULL	NULL	NULL	NULL
7111	MATCHED	30.00	100.00	40.00	10.00	20.00	3.04	??????? ???	????? ??? ??? 736-37	????? ??? ???87? 23
7114	UNMATCHED	0.00	0.00	0.00	0.00	0.00	NULL	NULL	NULL	NULL
7124	MATCHED	15.00	85.00	40.00	10.00	20.00	8.89	????	????? ??? ??? 825-20 ??2? b207?	????? ??? ????4? 6 ??2? b207?
7129	MATCHED	25.00	90.00	35.00	10.00	20.00	7.71	???? ???? ????	????? ??? ??? 678-32 1? ???? ????	????? ??? ????29? 5 1? ???? ????
7130	MATCHED	30.00	100.00	40.00	10.00	20.00	5.76	????	????? ??? ??? 619-26	????? ??? ????1? 40
7131	MATCHED	30.00	95.00	35.00	10.00	20.00	5.79	????? ??? ?	????? ??? ??? 817-11 2? ?????	????? ??? ????96? 9 2? ?????
7134	MATCHED	15.00	75.00	40.00	0.00	20.00	11.37	??????	????? ??? ??? 614-7 1?	????? ??? ????16? 31 1?
7138	MATCHED	30.00	100.00	40.00	10.00	20.00	1.18	????? ????? ??	????? ??? ??? 642-1 ??1? 101?	????? ??? ????25? 20 ??1? 101?
7139	UNMATCHED	0.00	0.00	0.00	0.00	0.00	NULL	NULL	NULL	NULL
7142	MATCHED	15.00	80.00	35.00	10.00	20.00	0.00	??????? ??&??	????? ??? ??? 813-16 ??2? ()	????? ??? ????2? 37 ??2? (???)
7143	UNMATCHED	0.00	0.00	0.00	0.00	0.00	NULL	NULL	NULL	NULL
7146	MATCHED	8.00	78.00	40.00	10.00	20.00	4.91	????	????? ??? ??? 697-44 B1,2 ????	????? ??? ????51? 16 B1,2 ????
7150	UNMATCHED	0.00	0.00	0.00	0.00	0.00	NULL	NULL	NULL	NULL
7163	MATCHED	30.00	95.00	35.00	10.00	20.00	33.47	??? ??	????? ??? ??? 722	????? ??? ???85? 13
7165	MATCHED	30.00	95.00	35.00	10.00	20.00	2.60	??	????? ??? ??? 788-27	????? ??? ???27? 5
7166	MATCHED	15.00	85.00	40.00	10.00	20.00	1.77	?????	????? ??? ??? 707-24 B1 113?	????? ??? ???? 322 B1 113?
7168	MATCHED	30.00	100.00	40.00	10.00	20.00	8.38	????	????? ??? ??? 741-11	????? ??? ???85? 47
7169	UNMATCHED	0.00	0.00	0.00	0.00	0.00	NULL	NULL	NULL	NULL
7179	MATCHED	15.00	85.00	40.00	10.00	20.00	0.00	????	????? ??? ??? 702-13 ?????1???? ??1?	????? ??? ???? 313 ?????1???? ??1?
7180	MATCHED	30.00	95.00	35.00	10.00	20.00	3.26	????? ?????	????? ??? ??? 818	????? ??? ????1? 20
7181	MATCHED	15.00	80.00	35.00	10.00	20.00	2.99	??????? ??? ??	????? ??? ??? 819-5 KG Tower ??1? ???????	????? ??? ????5? 7 KG Tower ??1? ???????
7182	MATCHED	15.00	85.00	40.00	10.00	20.00	0.00	????	????? ??? ??? 825-20 B126?	????? ??? ????4? 6 B126?
7183	UNMATCHED	0.00	0.00	0.00	0.00	0.00	NULL	NULL	NULL	NULL
7186	MATCHED	15.00	85.00	40.00	10.00	20.00	5.36	??? ???	????? ??? ??? 725 1,2?	????? ??? ???86? 12 1,2?
7188	AMBIGUOUS	8.00	58.00	40.00	10.00	0.00	NULL	???? ???	????? ??? ??? 821	????? ??? ???? 101
7189	MATCHED	30.00	100.00	40.00	10.00	20.00	6.04	???? ???	????? ??? ??? 752-41	????? ??? ??? 133
7193	UNMATCHED	0.00	0.00	0.00	0.00	0.00	NULL	NULL	NULL	NULL
7196	MATCHED	15.00	80.00	35.00	10.00	20.00	12.96	???? ????	????? ??? ??? 736-24 LG ???? 1?	????? ??? ????20? 19 LG ???? 1?
7208	UNMATCHED	0.00	0.00	0.00	0.00	0.00	NULL	NULL	NULL	NULL
7212	MATCHED	15.00	85.00	40.00	10.00	20.00	12.31	????	????? ??? ??? 651 ????	????? ??? ???? 210 ????
7214	UNMATCHED	0.00	0.00	0.00	0.00	0.00	NULL	NULL	NULL	NULL
7215	UNMATCHED	0.00	0.00	0.00	0.00	0.00	NULL	NULL	NULL	NULL
7220	MATCHED	15.00	85.00	40.00	10.00	20.00	4.44	??	????? ??? ??? 699-26 1?	????? ??? ???98? 23 1?
7223	AMBIGUOUS	8.00	67.00	35.00	10.00	14.00	65.02	??? ???? ???	????? ??? ??? 653-4 ???? 1? 401? 145? ?? ????	????? ??? ??? 563 ???? 1? 401? 145? ?? ????
7229	MATCHED	8.00	78.00	40.00	10.00	20.00	13.83	???	????? ??? ??? 683-1 ????1? ???	????? ??? ???107? 5 ????1? ???
7231	UNMATCHED	0.00	0.00	0.00	0.00	0.00	NULL	NULL	NULL	NULL
7237	UNMATCHED	0.00	0.00	0.00	0.00	0.00	NULL	NULL	NULL	NULL
7243	UNMATCHED	0.00	0.00	0.00	0.00	0.00	NULL	NULL	NULL	NULL
7244	MATCHED	30.00	100.00	40.00	10.00	20.00	2.09	?????	????? ??? ??? 736-21	????? ??? ????20? 13
7254	UNMATCHED	0.00	0.00	0.00	0.00	0.00	NULL	NULL	NULL	NULL
7255	MATCHED	30.00	100.00	40.00	10.00	20.00	7.10	????	????? ??? ??? 834-58 1?	????? ??? ???14? 14 1?
7256	MATCHED	30.00	95.00	35.00	10.00	20.00	7.66	??? ????? ????	????? ??? ??? 733-8 1? ????? ????	????? ??? ??? 215 1? ????? ????
7260	MATCHED	30.00	100.00	40.00	10.00	20.00	3.28	????	????? ??? ??? 817-10 2? ????	????? ??? ????1? 26 2? ????
7266	UNMATCHED	0.00	0.00	0.00	0.00	0.00	NULL	NULL	NULL	NULL
7270	AMBIGUOUS	8.00	46.00	22.00	10.00	6.00	287.05	???? ???	????? ??? ??? 736-32 ???? 1?	????? ??? ????22? 12 ???? 1?
7271	MATCHED	25.00	95.00	40.00	10.00	20.00	0.00	????	????? ??? ??? 832-33 1? 103?	????? ??? ???4? 16 1? 103?
7280	UNMATCHED	0.00	0.00	0.00	0.00	0.00	NULL	NULL	NULL	NULL
7285	MATCHED	30.00	100.00	40.00	10.00	20.00	8.87	???	????? ??? ??? 774-46 1?	????? ??? ???71? 11 1?
7293	MATCHED	30.00	100.00	40.00	10.00	20.00	17.95	????	????? ??? ??? 797-3	????? ??? ??? 333
7295	UNMATCHED	0.00	0.00	0.00	0.00	0.00	NULL	NULL	NULL	NULL
7298	UNMATCHED	0.00	0.00	0.00	0.00	0.00	NULL	NULL	NULL	NULL
7299	MATCHED	15.00	85.00	40.00	10.00	20.00	2.60	???????	????? ??? ??? 644-5 ???????	????? ??? ????94? 89 ???????
7305	MATCHED	30.00	95.00	35.00	10.00	20.00	8.90	???? ????	????? ??? ??? 708-16 1? ????	????? ??? ???89? 16 1? ????
7308	MATCHED	15.00	85.00	40.00	10.00	20.00	8.63	???? ?????	????? ??? ??? 839-7 1? 101?	????? ??? ????62? 38 1? 101?
7309	AMBIGUOUS	8.00	72.00	40.00	10.00	14.00	97.52	?????	????? ??? ??? 644-17 2?	????? ??? ????94? 91 2?
7326	MATCHED	30.00	100.00	40.00	10.00	20.00	5.13	????	????? ??? ??? 730-5	????? ??? ??? 405
7328	MATCHED	30.00	95.00	35.00	10.00	20.00	2.92	??? ???	????? ??? ??? 669-16 2?	????? ??? ???94? 11 2?
7333	MATCHED	30.00	95.00	35.00	10.00	20.00	5.04	?? ??? ??	????? ??? ??? 836-11	????? ??? ???3? 20-10
7340	MATCHED	15.00	85.00	40.00	10.00	20.00	5.41	???? ??1??	????? ??? ??? 752-53 LK	????? ??? ??? 129 LK
7341	AMBIGUOUS	15.00	80.00	35.00	10.00	20.00	6.33	???? ???	????? ??? ??? 738-1 1? 2?	????? ??? ???17? 64 1? 2?
7343	MATCHED	30.00	100.00	40.00	10.00	20.00	6.25	?????	????? ??? ??? 819-4	????? ??? ????5? 11
7348	UNMATCHED	0.00	0.00	0.00	0.00	0.00	NULL	NULL	NULL	NULL
7349	UNMATCHED	0.00	0.00	0.00	0.00	0.00	NULL	NULL	NULL	NULL
7350	UNMATCHED	0.00	0.00	0.00	0.00	0.00	NULL	NULL	NULL	NULL
7352	MATCHED	30.00	100.00	40.00	10.00	20.00	1.05	?????	????? ??? ??? 736-19 ?????	????? ??? ????20? 11-1 ?????
7359	MATCHED	25.00	95.00	40.00	10.00	20.00	0.01	?????	????? ??? ??? 826-37 B1 144?	????? ??? ????4? 46 B1 144?
7365	MATCHED	8.00	78.00	40.00	10.00	20.00	37.64	????	????? ??? ??? 738-17 2?	????? ??? ???85? 5-13 2?
7371	MATCHED	30.00	100.00	40.00	10.00	20.00	0.00	??	????? ??? ??? 696-42 2?	????? ??? ???93? 6 2?
7378	MATCHED	25.00	95.00	40.00	10.00	20.00	3.76	?????	????? ??? ??? 673-29 ???? 1?	????? ??? ???93? 22-5 ???? 1?
7379	UNMATCHED	0.00	0.00	0.00	0.00	0.00	NULL	NULL	NULL	NULL
7394	MATCHED	30.00	100.00	40.00	10.00	20.00	8.31	?? ??? ?	????? ??? ??? 746-22	????? ??? ???75? 4
7401	UNMATCHED	0.00	0.00	0.00	0.00	0.00	NULL	NULL	NULL	NULL
7402	MATCHED	30.00	95.00	35.00	10.00	20.00	10.63	???? ???	????? ??? ??? 738-34 ??1?	????? ??? ???81? 3 ??1?
7406	UNMATCHED	0.00	0.00	0.00	0.00	0.00	NULL	NULL	NULL	NULL
7408	MATCHED	15.00	85.00	40.00	10.00	20.00	5.98	??????	????? ??? ??? 700-3 ????? 2F	????? ??? ??? 514 ????? 2F
7413	MATCHED	8.00	73.00	35.00	10.00	20.00	48.42	???? ??? ?????	????? ??? ??? 858 b29?	????? ??? ???? 396 b29?
7414	MATCHED	30.00	95.00	35.00	10.00	20.00	2.62	??? ????	????? ??? ??? 678-3 2? ???	????? ??? ???94? 28 2? ???
7418	UNMATCHED	0.00	0.00	0.00	0.00	0.00	NULL	NULL	NULL	NULL
7432	MATCHED	15.00	85.00	40.00	10.00	20.00	5.16	???	????? ??? ??? 699-21 2?	????? ??? ???98? 21 2?
7436	UNMATCHED	0.00	0.00	0.00	0.00	0.00	NULL	NULL	NULL	NULL
7440	MATCHED	30.00	95.00	35.00	10.00	20.00	9.86	??	????? ??? ??? 730-5 ??1? 108?	????? ??? ??? 405 ??1? 108?
7441	UNMATCHED	0.00	0.00	0.00	0.00	0.00	NULL	NULL	NULL	NULL
7447	UNMATCHED	0.00	0.00	0.00	0.00	0.00	NULL	NULL	NULL	NULL
7450	MATCHED	30.00	95.00	35.00	10.00	20.00	2.81	???? ??? ??	????? ??? ??? 746-25	????? ??? ???75? 16
7452	UNMATCHED	0.00	0.00	0.00	0.00	0.00	NULL	NULL	NULL	NULL
7467	MATCHED	30.00	100.00	40.00	10.00	20.00	7.74	???	????? ??? ??? 830-22 ???? 1?	????? ??? ???5? 5 ???? 1?
7468	UNMATCHED	0.00	0.00	0.00	0.00	0.00	NULL	NULL	NULL	NULL
7471	MATCHED	15.00	85.00	40.00	10.00	20.00	0.00	?????	????? ??? ??? 823 ???? ??1?	????? ??? ???? 124 ???? ??1?
7476	UNMATCHED	0.00	0.00	0.00	0.00	0.00	NULL	NULL	NULL	NULL
7478	MATCHED	25.00	95.00	40.00	10.00	20.00	11.18	???? ???	????? ??? ??? 739-5 ???? 1?	????? ??? ???85? 23 ???? 1?
7484	MATCHED	30.00	95.00	35.00	10.00	20.00	8.24	????? ??2??	????? ??? ??? 830-32	????? ??? ???3? 14
7489	UNMATCHED	0.00	0.00	0.00	0.00	0.00	NULL	NULL	NULL	NULL
7494	MATCHED	30.00	95.00	35.00	10.00	20.00	5.87	?? ???	????? ??? ??? 792-5 1?	????? ??? ???67? 50 1?
7506	MATCHED	30.00	100.00	40.00	10.00	20.00	3.62	???	????? ??? ??? 671-27 2?	????? ??? ????33? 19 2?
7510	MATCHED	25.00	95.00	40.00	10.00	20.00	3.66	??? ???	????? ??? ??? 696-15 1?	????? ??? ????55? 18 1?
7517	MATCHED	30.00	100.00	40.00	10.00	20.00	0.00	??????	????? ??? ??? 770-12	????? ??? ???34? 8
7522	MATCHED	15.00	80.00	35.00	10.00	20.00	3.13	??? 1987 ?????	????? ??? ??? 735-17 ???????? ??1?B109?()	????? ??? ???85? 52 ???????? ??1?B109?(???)
7524	MATCHED	25.00	95.00	40.00	10.00	20.00	7.93	????	????? ??? ??? 725-24 ???? 1? ????	????? ??? ???86? 32 ???? 1? ????
7528	UNMATCHED	0.00	0.00	0.00	0.00	0.00	NULL	NULL	NULL	NULL
7535	MATCHED	30.00	95.00	35.00	10.00	20.00	3.40	??? ????	????? ??? ??? 628-7 2? ???	????? ??? ????25? 42 2? ???
7544	AMBIGUOUS	0.00	56.00	40.00	10.00	6.00	131.24	?? ??????	????? ??? ??? 1377 ??? ???? F-3	NULL
4367	MATCHED	30.00	100.00	40.00	10.00	20.00	0.01	??	????? ??? ??? 12-4	????? ??? ??? 615
4374	MATCHED	30.00	95.00	35.00	10.00	20.00	8.78	???? ??????? ???	????? ??? ??? 186-11	????? ??? ???82? 5-8
4432	UNMATCHED	0.00	0.00	0.00	0.00	0.00	NULL	NULL	NULL	NULL
4466	MATCHED	30.00	86.00	40.00	10.00	6.00	210.44	???	????? ??? ??? 649 ??1?7,8?(, ??2? ??)	????? ??? ??? 110 ??1?7,8?(???, ??2? ??)
4494	MATCHED	15.00	85.00	40.00	10.00	20.00	11.68	???? ???	????? ??? ??? 1197-2 ???????????	????? ??? ???10? 29 ???????????
4507	MATCHED	30.00	100.00	40.00	10.00	20.00	7.16	coffee the juda	????? ??? ??? 1213-4	????? ??? ???30? 13
4521	UNMATCHED	0.00	0.00	0.00	0.00	0.00	NULL	NULL	NULL	NULL
4546	MATCHED	30.00	100.00	40.00	10.00	20.00	11.13	??	????? ??? ??? 1214-1	????? ??? ???28? 9
4570	MATCHED	25.00	90.00	35.00	10.00	20.00	9.13	???????? ?????	????? ??? ??? 186-14 ???? 103?	????? ??? ??? 506 ???? 103?
4581	MATCHED	8.00	78.00	40.00	10.00	20.00	21.69	???? ??	????? ??? ??? 1197-2 2? (??? ????)	????? ??? ???10? 29 2? (??? ????)
4593	UNMATCHED	0.00	0.00	0.00	0.00	0.00	NULL	NULL	NULL	NULL
4599	MATCHED	25.00	90.00	35.00	10.00	20.00	15.10	???? ???	????? ??? ??? 186-17 ?????? 115?	????? ??? ??? 512 ?????? 115?
4622	MATCHED	25.00	95.00	40.00	10.00	20.00	4.87	???? ??2??	????? ??? ??? 158-4 ???? ??2??	????? ??? ???6? 12 ???? ??2??
4627	MATCHED	8.00	78.00	40.00	10.00	20.00	10.58	????	????? ??? ??? 1260-14	????? ??? ???25? 6
4658	MATCHED	30.00	100.00	40.00	10.00	20.00	4.85	???	????? ??? ??? 1237-18	????? ??? ???18? 11
4678	UNMATCHED	0.00	0.00	0.00	0.00	0.00	NULL	NULL	NULL	NULL
4682	MATCHED	8.00	78.00	40.00	10.00	20.00	32.33	???	????? ??? ??? 186-12 ???? 204?	????? ??? ???82? 7 ???? 204?
4704	MATCHED	30.00	100.00	40.00	10.00	20.00	1.53	???	????? ??? ??? 186-1	????? ??? ??? 38
4744	UNMATCHED	0.00	0.00	0.00	0.00	0.00	NULL	NULL	NULL	NULL
4769	MATCHED	25.00	95.00	40.00	10.00	20.00	0.00	??? ???	????? ??? ??? 186-15 2? 204?	????? ??? ??? 508 2? 204?
4783	MATCHED	30.00	100.00	40.00	10.00	20.00	20.56	???????	????? ??? ??? 186-17	????? ??? ??? 512
4834	MATCHED	30.00	100.00	40.00	10.00	20.00	2.86	??	????? ??? ??? 12-4	????? ??? ??? 615
4864	MATCHED	30.00	100.00	40.00	10.00	20.00	3.43	????	????? ??? ??? 159-7 1?	????? ??? ???6? 13 1?
4897	MATCHED	30.00	95.00	35.00	10.00	20.00	3.54	???? ??	????? ??? ??? 1231-10 1?	????? ??? ???22? 22 1?
4955	MATCHED	30.00	95.00	35.00	10.00	20.00	4.75	????? ???	????? ??? ??? 1258-2	????? ??? ??? 225
4991	MATCHED	30.00	100.00	40.00	10.00	20.00	6.18	??? ???	????? ??? ??? 186-12	????? ??? ???82? 7
5029	MATCHED	15.00	85.00	40.00	10.00	20.00	0.01	??	????? ??? ??? 13-3 ???? ??1?108~109?	????? ??? ??? 623 ???? ??1?108~109?
5089	UNMATCHED	0.00	0.00	0.00	0.00	0.00	NULL	NULL	NULL	NULL
5090	UNMATCHED	0.00	0.00	0.00	0.00	0.00	NULL	NULL	NULL	NULL
5097	MATCHED	30.00	72.00	22.00	0.00	20.00	3.96	?? ??	????? ??? ??? 1168-4 1? ????	????? ??? ???4? 20 1? ????
5120	MATCHED	8.00	78.00	40.00	10.00	20.00	6.08	???????????	????? ??? ??? 1257-5	????? ??? ???25? 7
5179	UNMATCHED	0.00	0.00	0.00	0.00	0.00	NULL	NULL	NULL	NULL
5194	UNMATCHED	0.00	0.00	0.00	0.00	0.00	NULL	NULL	NULL	NULL
5210	MATCHED	30.00	100.00	40.00	10.00	20.00	0.00	??	????? ??? ??? 171 1?	????? ??? ???16? 6 1?
5248	AMBIGUOUS	8.00	59.00	35.00	10.00	6.00	215.53	?? ??????	????? ??? ??? 1217-2	????? ??? ??? 232
5249	UNMATCHED	0.00	0.00	0.00	0.00	0.00	NULL	NULL	NULL	NULL
5250	MATCHED	30.00	100.00	40.00	10.00	20.00	3.15	????	????? ??? ??? 1231-22	????? ??? ???20? 7
5287	MATCHED	30.00	95.00	35.00	10.00	20.00	4.83	???? ????	????? ??? ??? 1194-3 ????	????? ??? ??? 44 ????
5290	MATCHED	30.00	100.00	40.00	10.00	20.00	1.85	???? ???	????? ??? ??? 1229-12	????? ??? ??? 68
5336	UNMATCHED	0.00	0.00	0.00	0.00	0.00	NULL	NULL	NULL	NULL
5367	UNMATCHED	0.00	0.00	0.00	0.00	0.00	NULL	NULL	NULL	NULL
5385	UNMATCHED	0.00	0.00	0.00	0.00	0.00	NULL	NULL	NULL	NULL
5425	MATCHED	30.00	100.00	40.00	10.00	20.00	16.27	?????	????? ??? ??? 186-1	????? ??? ??? 38
5476	MATCHED	30.00	90.00	40.00	0.00	20.00	3.59	???????	????? ??? ??? 186-17	????? ??? ??? 512
5517	UNMATCHED	0.00	0.00	0.00	0.00	0.00	NULL	NULL	NULL	NULL
5537	MATCHED	30.00	95.00	35.00	10.00	20.00	2.11	??????? ????	????? ??? ??? 1222-11 1? 101,102?	????? ??? ???16? 14-3 1? 101,102?
5550	MATCHED	30.00	100.00	40.00	10.00	20.00	4.64	???? ??????	????? ??? ??? 1229-6	????? ??? ??? 78
5608	MATCHED	30.00	100.00	40.00	10.00	20.00	6.76	????? ????	????? ??? ??? 14-1	????? ??? ???109? 34
5615	AMBIGUOUS	15.00	71.00	40.00	10.00	6.00	133.58	??	????? ??? ??? 12 ??2???? ?? 101?	????? ??? ???109? 9 ??2???? ?? 101?
5691	UNMATCHED	0.00	0.00	0.00	0.00	0.00	NULL	NULL	NULL	NULL
5701	MATCHED	25.00	81.00	40.00	10.00	6.00	255.27	???? ???	????? ??? ??? 1282 ????????? ??1? 101?	????? ??? ??? 264 ????????? ??1? 101?
5742	MATCHED	30.00	92.00	32.00	10.00	20.00	0.00	????? ???	????? ??? ??? 186-4 ????	????? ??? ???82? 13-9 ????
5769	UNMATCHED	0.00	0.00	0.00	0.00	0.00	NULL	NULL	NULL	NULL
5821	MATCHED	8.00	78.00	40.00	10.00	20.00	1.42	????????	????? ??? ??? 12-4 ????? B1 108?	????? ??? ??? 615 ????? B1 108?
5829	MATCHED	30.00	95.00	35.00	10.00	20.00	5.39	??? ???	????? ??? ??? 186-12	????? ??? ???82? 7
5837	MATCHED	15.00	85.00	40.00	10.00	20.00	4.43	BBQ?? ???	????? ??? ??? 1212-3 1?	????? ??? ??? 250 1?
5869	MATCHED	25.00	85.00	40.00	0.00	20.00	2.95	????	????? ??? ??? 1234-8 ???? 1?	????? ??? ???20? 24-10 ???? 1?
5946	MATCHED	30.00	100.00	40.00	10.00	20.00	5.79	???????	????? ??? ??? 1244	????? ??? ???15? 14
5975	MATCHED	30.00	100.00	40.00	10.00	20.00	5.29	????????	????? ??? ??? 1231-17	????? ??? ???20? 17
6031	MATCHED	30.00	100.00	40.00	10.00	20.00	1.07	????	????? ??? ??? 167-2	????? ??? ???10? 4-6
6032	MATCHED	15.00	80.00	35.00	10.00	20.00	5.94	?????????? ???	????? ??? ??? 1217-6 ????	????? ??? ??? 240 ????
6054	MATCHED	30.00	100.00	40.00	10.00	20.00	4.21	?????	????? ??? ??? 1214 1?	????? ??? ???30? 6 1?
6055	AMBIGUOUS	8.00	64.00	40.00	10.00	6.00	178.09	??	????? ??? ??? 13-3 ??1? 131, 132?	????? ??? ??? 623 ??1? 131, 132?
6063	MATCHED	30.00	100.00	40.00	10.00	20.00	4.20	???	????? ??? ??? 1203	????? ??? ???22? 41
6074	MATCHED	15.00	85.00	40.00	10.00	20.00	4.09	?????	????? ??? ??? 1240-4 1 ? 101	????? ??? ???15? 5 1 ? 101
6079	UNMATCHED	0.00	0.00	0.00	0.00	0.00	NULL	NULL	NULL	NULL
6081	MATCHED	15.00	85.00	40.00	10.00	20.00	14.97	????? ???	????? ??? ??? 186-15 101?, 102?	????? ??? ??? 508 101?, 102?
6086	MATCHED	15.00	85.00	40.00	10.00	20.00	8.95	??????	????? ??? ??? 14-5 SH ?????? 103? ??????	????? ??? ??? 621 SH ?????? 103? ??????
6112	UNMATCHED	0.00	0.00	0.00	0.00	0.00	NULL	NULL	NULL	NULL
6121	MATCHED	30.00	95.00	35.00	10.00	20.00	3.40	??? ??? ???	????? ??? ??? 1231-4	????? ??? ???22? 10
6152	MATCHED	30.00	95.00	35.00	10.00	20.00	5.11	???? ???	????? ??? ??? 1237-9	????? ??? ???20? 24
6164	MATCHED	25.00	95.00	40.00	10.00	20.00	0.00	?????	????? ??? ??? 13-3 ???? ??1? ?????	????? ??? ??? 623 ???? ??1? ?????
6195	AMBIGUOUS	8.00	64.00	40.00	10.00	6.00	206.90	???	????? ??? ??? 1237-10 1?	????? ??? ???20? 6 1?
6247	MATCHED	30.00	100.00	40.00	10.00	20.00	0.00	????	????? ??? ??? 186-12	????? ??? ???82? 7
6272	MATCHED	30.00	100.00	40.00	10.00	20.00	6.17	???	????? ??? ??? 186-17	????? ??? ??? 512
6276	MATCHED	25.00	95.00	40.00	10.00	20.00	8.28	???	????? ??? ??? 1230-9 1? 104?	????? ??? ???16? 17 1? 104?
6277	MATCHED	30.00	92.00	32.00	10.00	20.00	4.22	????? ?????	????? ??? ??? 172-11 ???	????? ??? ??? 50 ???
6330	UNMATCHED	0.00	0.00	0.00	0.00	0.00	NULL	NULL	NULL	NULL
6367	MATCHED	30.00	95.00	35.00	10.00	20.00	4.06	?? ???????	????? ??? ??? 1230-5	????? ??? ???20? 26
6370	MATCHED	15.00	85.00	40.00	10.00	20.00	15.10	????	????? ??? ??? 186-11 1? 5~6?	????? ??? ???82? 5-8 1? 5~6?
6395	MATCHED	30.00	100.00	40.00	10.00	20.00	6.36	?????????	????? ??? ??? 1237-11	????? ??? ???20? 8
6398	MATCHED	30.00	100.00	40.00	10.00	20.00	0.00	???	????? ??? ??? 14-1	????? ??? ???109? 34
6406	MATCHED	15.00	80.00	35.00	10.00	20.00	4.82	??? ????	????? ??? ??? 186-11 1? 104?	????? ??? ???82? 5-8 1? 104?
6437	MATCHED	30.00	100.00	40.00	10.00	20.00	0.00	????	????? ??? ??? 1232-1	????? ??? ???20? 14
6456	UNMATCHED	0.00	0.00	0.00	0.00	0.00	NULL	NULL	NULL	NULL
6467	MATCHED	30.00	95.00	35.00	10.00	20.00	7.43	??? ?	????? ??? ??? 186-15	????? ??? ??? 508
6471	UNMATCHED	0.00	0.00	0.00	0.00	0.00	NULL	NULL	NULL	NULL
6500	MATCHED	30.00	100.00	40.00	10.00	20.00	3.87	???? ???	????? ??? ??? 159-6	????? ??? ???6? 17
6543	UNMATCHED	0.00	0.00	0.00	0.00	0.00	NULL	NULL	NULL	NULL
6560	MATCHED	30.00	100.00	40.00	10.00	20.00	4.18	????	????? ??? ??? 167	????? ??? ???10? 4
6564	MATCHED	15.00	80.00	35.00	10.00	20.00	6.83	????? ???	????? ??? ??? 1238-9 ????105?	????? ??? ??? 220 ????105?
6599	UNMATCHED	0.00	0.00	0.00	0.00	0.00	NULL	NULL	NULL	NULL
6631	MATCHED	30.00	95.00	35.00	10.00	20.00	4.61	???? ???	????? ??? ??? 1178-5	????? ??? ???4? 47
6661	MATCHED	15.00	85.00	40.00	10.00	20.00	36.88	????	????? ??? ??? 14-5 SH?? ?? 1?	????? ??? ??? 621 SH?? ?? 1?
6724	UNMATCHED	0.00	0.00	0.00	0.00	0.00	NULL	NULL	NULL	NULL
6727	MATCHED	15.00	85.00	40.00	10.00	20.00	5.57	???	????? ??? ??? 13-3 ???? ??1?	????? ??? ??? 623 ???? ??1?
6738	MATCHED	25.00	90.00	35.00	10.00	20.00	15.27	?? ??	????? ??? ??? 186-1 ???? 102?	????? ??? ??? 38 ???? 102?
6741	MATCHED	30.00	95.00	35.00	10.00	20.00	3.79	??????	????? ??? ??? 1227	????? ??? ???16? 10
6748	MATCHED	15.00	85.00	40.00	10.00	20.00	11.82	????	????? ??? ??? 14-5 sh???? B109	????? ??? ??? 621 sh???? B109
6751	MATCHED	30.00	100.00	40.00	10.00	20.00	7.04	?????	????? ??? ??? 166-4 101?	????? ??? ???8? 5 101?
6767	MATCHED	30.00	90.00	40.00	0.00	20.00	6.39	???????	????? ??? ??? 186-5	????? ??? ???82? 13-11
6797	AMBIGUOUS	8.00	46.00	22.00	10.00	6.00	135.64	???? ?? ???	????? ??? ??? 12 ?????? 2? 204?	????? ??? ???109? 21 ?????? 2? 204?
6846	MATCHED	15.00	85.00	40.00	10.00	20.00	0.00	????	????? ??? ??? 14-5 SH?? ??1? B102?	????? ??? ??? 621 SH?? ??1? B102?
6917	UNMATCHED	0.00	0.00	0.00	0.00	0.00	NULL	NULL	NULL	NULL
6937	MATCHED	30.00	82.00	22.00	10.00	20.00	3.40	??? ?	????? ??? ??? 1231-4	????? ??? ???22? 10
6952	MATCHED	30.00	100.00	40.00	10.00	20.00	7.51	??????	????? ??? ??? 186-9 2?	????? ??? ???82? 9-15 2?
6970	MATCHED	30.00	100.00	40.00	10.00	20.00	6.17	?????	????? ??? ??? 186-8	????? ??? ???82? 9-17
6992	UNMATCHED	0.00	0.00	0.00	0.00	0.00	NULL	NULL	NULL	NULL
6993	UNMATCHED	0.00	0.00	0.00	0.00	0.00	NULL	NULL	NULL	NULL
7011	MATCHED	30.00	100.00	40.00	10.00	20.00	5.40	???? ???	????? ??? ??? 1184-3	????? ??? ???10? 30
7013	AMBIGUOUS	15.00	63.00	32.00	10.00	6.00	294.72	??????? ??	????? ??? ??? 159-11	????? ??? ???6? 5
7084	UNMATCHED	0.00	0.00	0.00	0.00	0.00	NULL	NULL	NULL	NULL
7094	UNMATCHED	0.00	0.00	0.00	0.00	0.00	NULL	NULL	NULL	NULL
7128	AMBIGUOUS	8.00	64.00	40.00	10.00	6.00	113.08	?????	????? ??? ??? 12	????? ??? ???109? 5
7147	UNMATCHED	0.00	0.00	0.00	0.00	0.00	NULL	NULL	NULL	NULL
7155	AMBIGUOUS	15.00	74.00	35.00	10.00	14.00	80.79	??? ???? ????	????? ??? ??? 1228-1 1?	????? ??? ??? 62 1?
7167	MATCHED	30.00	100.00	40.00	10.00	20.00	0.00	?????	????? ??? ??? 13-3	????? ??? ??? 623
7191	UNMATCHED	0.00	0.00	0.00	0.00	0.00	NULL	NULL	NULL	NULL
7201	MATCHED	30.00	95.00	35.00	10.00	20.00	0.00	??????? ???	????? ??? ??? 186-4	????? ??? ???82? 13-9
7202	MATCHED	30.00	95.00	35.00	10.00	20.00	0.00	???? ??? ?	????? ??? ??? 186-10 1? 105?	????? ??? ???82? 9-11 1? 105?
7213	MATCHED	30.00	100.00	40.00	10.00	20.00	3.58	???	????? ??? ??? 186-7	????? ??? ???82? 13-17
7216	MATCHED	30.00	82.00	22.00	10.00	20.00	4.02	?????? ?? ???	????? ??? ??? 158-8 1?	????? ??? ???4? 13 1?
7232	MATCHED	30.00	100.00	40.00	10.00	20.00	10.14	?????? ???	????? ??? ??? 167-4	????? ??? ??? 30
7246	MATCHED	25.00	81.00	40.00	10.00	6.00	108.09	????	????? ??? ??? 1281 ???????? ?? 1? 108?	????? ??? ??? 11 ???????? ?? 1? 108?
7275	MATCHED	8.00	78.00	40.00	10.00	20.00	2.78	????	????? ??? ??? 1184-3	????? ??? ???10? 30
7316	MATCHED	30.00	100.00	40.00	10.00	20.00	3.94	?????? ???	????? ??? ??? 186-4	????? ??? ???82? 13-9
7339	MATCHED	25.00	95.00	40.00	10.00	20.00	3.61	??	????? ??? ??? 14-5 SH?? ??1? ??	????? ??? ??? 621 SH?? ??1? ??
7353	MATCHED	30.00	100.00	40.00	10.00	20.00	4.59	??????	????? ??? ??? 1260-8	????? ??? ???31? 5
7373	MATCHED	30.00	100.00	40.00	10.00	20.00	0.00	????	????? ??? ??? 186-11 1?	????? ??? ???82? 5-8 1?
7374	UNMATCHED	0.00	0.00	0.00	0.00	0.00	NULL	NULL	NULL	NULL
7386	MATCHED	30.00	100.00	40.00	10.00	20.00	6.23	???????	????? ??? ??? 1231-6	????? ??? ???22? 14
7411	MATCHED	25.00	95.00	40.00	10.00	20.00	27.47	????	????? ??? ??? 13-3 ???? B133?	????? ??? ??? 623 ???? B133?
7422	MATCHED	8.00	73.00	35.00	10.00	20.00	3.94	?????? ???	????? ??? ??? 186-4	????? ??? ???82? 13-9
7437	MATCHED	30.00	95.00	35.00	10.00	20.00	6.29	??????? ???	????? ??? ??? 1231-5 1?	????? ??? ???22? 12 1?
7520	MATCHED	15.00	85.00	40.00	10.00	20.00	6.62	???????	????? ??? ??? 1230-7 1? ???????	????? ??? ???16? 23 1? ???????
4346	UNMATCHED	0.00	0.00	0.00	0.00	0.00	NULL	NULL	NULL	NULL
4354	UNMATCHED	0.00	0.00	0.00	0.00	0.00	NULL	NULL	NULL	NULL
4384	UNMATCHED	0.00	0.00	0.00	0.00	0.00	NULL	NULL	NULL	NULL
4398	MATCHED	30.00	100.00	40.00	10.00	20.00	4.55	????	????? ??? ??? 126-6	????? ??? ????79? 47
4406	UNMATCHED	0.00	0.00	0.00	0.00	0.00	NULL	NULL	NULL	NULL
4407	AMBIGUOUS	8.00	72.00	40.00	10.00	14.00	85.37	??	????? ??? ??? 42 ??? ?? 2? ????	????? ??? ??? 405 ??? ?? 2? ????
4409	UNMATCHED	0.00	0.00	0.00	0.00	0.00	NULL	NULL	NULL	NULL
4421	MATCHED	30.00	95.00	35.00	10.00	20.00	2.49	??? ???????	????? ??? ??? 87-10 2?	????? ??? ????57? 7 2?
4449	MATCHED	30.00	95.00	35.00	10.00	20.00	1.04	??? ?? ???????	????? ??? ??? 100-7 ???? 2?	????? ??? ????81? 45 ???? 2?
4465	MATCHED	30.00	100.00	40.00	10.00	20.00	3.11	??	????? ??? ??? 84-18 1?	????? ??? ???160? 5 1?
4489	MATCHED	30.00	100.00	40.00	10.00	20.00	3.19	???	????? ??? ??? 127-5	????? ??? ????79? 61
4491	UNMATCHED	0.00	0.00	0.00	0.00	0.00	NULL	NULL	NULL	NULL
4547	UNMATCHED	0.00	0.00	0.00	0.00	0.00	NULL	NULL	NULL	NULL
4635	MATCHED	25.00	95.00	40.00	10.00	20.00	3.87	???	????? ??? ??? 79-8 1? ???	????? ??? ???162? 27-3 1? ???
4642	MATCHED	30.00	95.00	35.00	10.00	20.00	4.50	????? ???	????? ??? ??? 119-11	????? ??? ???? 503
4644	AMBIGUOUS	15.00	67.00	22.00	10.00	20.00	8.49	?? ?? ???	????? ??? ??? 133-6 ???? 1?	????? ??? ???101? 7 ???? 1?
4662	MATCHED	30.00	95.00	35.00	10.00	20.00	4.44	??? ???	????? ??? ??? 31-16 1? 2?	????? ??? ???77? 18 1? 2?
4670	UNMATCHED	0.00	0.00	0.00	0.00	0.00	NULL	NULL	NULL	NULL
4693	MATCHED	30.00	100.00	40.00	10.00	20.00	2.88	?????	????? ??? ??? 19-36	????? ??? ???148? 52-10
4728	MATCHED	8.00	73.00	35.00	10.00	20.00	7.02	?????? ???	????? ??? ??? 49-5 ?? ???? 1?	????? ??? ???? 510 ?? ???? 1?
4737	MATCHED	30.00	100.00	40.00	10.00	20.00	2.88	??	????? ??? ??? 62-14	????? ??? ???146? 4
4750	UNMATCHED	0.00	0.00	0.00	0.00	0.00	NULL	NULL	NULL	NULL
4762	UNMATCHED	0.00	0.00	0.00	0.00	0.00	NULL	NULL	NULL	NULL
4780	MATCHED	15.00	85.00	40.00	10.00	20.00	16.40	??????	????? ??? ??? 132-3 ????	????? ??? ???101? 33 ????
4831	UNMATCHED	0.00	0.00	0.00	0.00	0.00	NULL	NULL	NULL	NULL
4832	UNMATCHED	0.00	0.00	0.00	0.00	0.00	NULL	NULL	NULL	NULL
4860	UNMATCHED	0.00	0.00	0.00	0.00	0.00	NULL	NULL	NULL	NULL
4867	UNMATCHED	0.00	0.00	0.00	0.00	0.00	NULL	NULL	NULL	NULL
4877	MATCHED	30.00	100.00	40.00	10.00	20.00	8.52	????????	????? ??? ??? 12-15 ??1?	????? ??? ???149? 7 ??1?
4921	MATCHED	15.00	85.00	40.00	10.00	20.00	7.09	???? ?????	????? ??? ??? 131-14 1? ???? ?????	????? ??? ????138? 9 1? ???? ?????
4922	UNMATCHED	0.00	0.00	0.00	0.00	0.00	NULL	NULL	NULL	NULL
4931	UNMATCHED	0.00	0.00	0.00	0.00	0.00	NULL	NULL	NULL	NULL
4933	MATCHED	8.00	78.00	40.00	10.00	20.00	3.82	???	????? ??? ??? 20-12	????? ??? ???148? 38
4950	UNMATCHED	0.00	0.00	0.00	0.00	0.00	NULL	NULL	NULL	NULL
4983	UNMATCHED	0.00	0.00	0.00	0.00	0.00	NULL	NULL	NULL	NULL
4988	MATCHED	15.00	85.00	40.00	10.00	20.00	0.99	????	????? ??? ??? 7-27 1? ????	????? ??? ???147? 8 1? ????
5095	UNMATCHED	0.00	0.00	0.00	0.00	0.00	NULL	NULL	NULL	NULL
5124	UNMATCHED	0.00	0.00	0.00	0.00	0.00	NULL	NULL	NULL	NULL
5143	MATCHED	15.00	85.00	40.00	10.00	20.00	1.00	???	????? ??? ??? 121-52 ?? 1?	????? ??? ????99? 47 ?? 1?
5146	UNMATCHED	0.00	0.00	0.00	0.00	0.00	NULL	NULL	NULL	NULL
5165	UNMATCHED	0.00	0.00	0.00	0.00	0.00	NULL	NULL	NULL	NULL
5177	MATCHED	15.00	80.00	35.00	10.00	20.00	15.23	?? ????	????? ??? ??? 49-5 ?? ????	????? ??? ???? 510 ?? ????
5183	AMBIGUOUS	8.00	64.00	40.00	10.00	6.00	201.10	??????	????? ??? ??? 125-11 2? ???	????? ??? ????101? 3 2? ??????
5188	UNMATCHED	0.00	0.00	0.00	0.00	0.00	NULL	NULL	NULL	NULL
5191	MATCHED	30.00	92.00	32.00	10.00	20.00	7.04	??91 ???	????? ??? ??? 91	????? ??? ????57? 8
5229	MATCHED	30.00	94.00	40.00	10.00	14.00	72.33	??????	????? ??? ??? 75-1	????? ??? ???87? 7
5256	MATCHED	30.00	95.00	35.00	10.00	20.00	2.18	??????? ???	????? ??? ??? 44-6	????? ??? ???132? 62
5322	UNMATCHED	0.00	0.00	0.00	0.00	0.00	NULL	NULL	NULL	NULL
5343	MATCHED	15.00	85.00	40.00	10.00	20.00	12.19	?????	????? ??? ??? 49-5 1?	????? ??? ???? 510 1?
5350	UNMATCHED	0.00	0.00	0.00	0.00	0.00	NULL	NULL	NULL	NULL
5388	MATCHED	30.00	100.00	40.00	10.00	20.00	3.92	????	????? ??? ??? 46-4	????? ??? ???77? 7
5397	UNMATCHED	0.00	0.00	0.00	0.00	0.00	NULL	NULL	NULL	NULL
5398	UNMATCHED	0.00	0.00	0.00	0.00	0.00	NULL	NULL	NULL	NULL
5400	MATCHED	30.00	100.00	40.00	10.00	20.00	5.22	?????	????? ??? ??? 19	????? ??? ???148? 46
5402	UNMATCHED	0.00	0.00	0.00	0.00	0.00	NULL	NULL	NULL	NULL
5405	MATCHED	30.00	100.00	40.00	10.00	20.00	0.01	????	????? ??? ??? 134-20 ??1? 37?	????? ??? ???101? 26 ??1? 37?
5437	MATCHED	15.00	85.00	40.00	10.00	20.00	4.01	?????? ???	????? ??? ??? 88-31 1,2?	????? ??? ????57? 15 1,2?
5440	AMBIGUOUS	8.00	72.00	40.00	10.00	14.00	69.72	????	????? ??? ??? 10 ?????	????? ??? ???77? 49 ?????
5468	MATCHED	15.00	75.00	40.00	0.00	20.00	20.84	????	????? ??? ??? 134-20 ?? ???? 211?	????? ??? ???101? 26 ?? ???? 211?
5469	MATCHED	30.00	100.00	40.00	10.00	20.00	0.00	??	????? ??? ??? 81-8	????? ??? ???162? 52
5480	MATCHED	15.00	85.00	40.00	10.00	20.00	3.33	??	????? ??? ??? 18-23 1???	????? ??? ????66? 13 1???
5506	UNMATCHED	0.00	0.00	0.00	0.00	0.00	NULL	NULL	NULL	NULL
5507	MATCHED	15.00	85.00	40.00	10.00	20.00	7.34	??????? ???	????? ??? ??? 131-10 ???? 1?	????? ??? ???? 732 ???? 1?
5518	UNMATCHED	0.00	0.00	0.00	0.00	0.00	NULL	NULL	NULL	NULL
5525	MATCHED	15.00	85.00	40.00	10.00	20.00	6.14	?????	????? ??? ??? 90-19 1?	????? ??? ???152? 37 1?
5551	UNMATCHED	0.00	0.00	0.00	0.00	0.00	NULL	NULL	NULL	NULL
5552	MATCHED	30.00	95.00	35.00	10.00	20.00	2.47	????? ???	????? ??? ??? 13-42	????? ??? ???149? 27
5568	MATCHED	30.00	100.00	40.00	10.00	20.00	8.24	???? ????	????? ??? ??? 28-13	????? ??? ???135? 28
5598	UNMATCHED	0.00	0.00	0.00	0.00	0.00	NULL	NULL	NULL	NULL
5627	UNMATCHED	0.00	0.00	0.00	0.00	0.00	NULL	NULL	NULL	NULL
5636	MATCHED	30.00	95.00	35.00	10.00	20.00	3.24	??? ????	????? ??? ??? 126-3	????? ??? ????89? 24
5639	MATCHED	30.00	100.00	40.00	10.00	20.00	3.65	??	????? ??? ??? 126-5 2?	????? ??? ????89? 18 2?
5656	UNMATCHED	0.00	0.00	0.00	0.00	0.00	NULL	NULL	NULL	NULL
5662	MATCHED	30.00	100.00	40.00	10.00	20.00	2.40	???	????? ??? ??? 21-14 2?	????? ??? ???146? 27-3 2?
5692	MATCHED	30.00	95.00	35.00	10.00	20.00	4.29	???? ???	????? ??? ??? 44-5	????? ??? ???132? 60
5695	UNMATCHED	0.00	0.00	0.00	0.00	0.00	NULL	NULL	NULL	NULL
5697	UNMATCHED	0.00	0.00	0.00	0.00	0.00	NULL	NULL	NULL	NULL
5712	UNMATCHED	0.00	0.00	0.00	0.00	0.00	NULL	NULL	NULL	NULL
5727	UNMATCHED	0.00	0.00	0.00	0.00	0.00	NULL	NULL	NULL	NULL
5740	MATCHED	15.00	85.00	40.00	10.00	20.00	3.90	??? ???	????? ??? ??? 50-10 1?	????? ??? ????90? 11 1?
5849	UNMATCHED	0.00	0.00	0.00	0.00	0.00	NULL	NULL	NULL	NULL
5852	MATCHED	30.00	100.00	40.00	10.00	20.00	21.34	???	????? ??? ??? 5	????? ??? ???? 446
5883	MATCHED	30.00	100.00	40.00	10.00	20.00	0.00	????	????? ??? ??? 133-6	????? ??? ???101? 7
5929	MATCHED	30.00	100.00	40.00	10.00	20.00	2.94	???? ???	????? ??? ??? 21-2	????? ??? ????58? 15
5959	UNMATCHED	0.00	0.00	0.00	0.00	0.00	NULL	NULL	NULL	NULL
5976	MATCHED	30.00	95.00	35.00	10.00	20.00	1.70	??? ???	????? ??? ??? 44-7	????? ??? ???67? 7
5995	MATCHED	30.00	100.00	40.00	10.00	20.00	2.64	????????? ???	????? ??? ??? 68-15	????? ??? ???97? 36-4
6019	UNMATCHED	0.00	0.00	0.00	0.00	0.00	NULL	NULL	NULL	NULL
6065	UNMATCHED	0.00	0.00	0.00	0.00	0.00	NULL	NULL	NULL	NULL
6067	UNMATCHED	0.00	0.00	0.00	0.00	0.00	NULL	NULL	NULL	NULL
6106	MATCHED	25.00	95.00	40.00	10.00	20.00	0.55	?????	????? ??? ??? 122-35 ???????? 1? 132?	????? ??? ????85? 30 ???????? 1? 132?
6115	MATCHED	8.00	78.00	40.00	10.00	20.00	44.47	???	????? ??? ??? 17-2 1?	????? ??? ????68? 15 1?
6128	UNMATCHED	0.00	0.00	0.00	0.00	0.00	NULL	NULL	NULL	NULL
6133	UNMATCHED	0.00	0.00	0.00	0.00	0.00	NULL	NULL	NULL	NULL
6145	MATCHED	30.00	100.00	40.00	10.00	20.00	4.01	????	????? ??? ??? 53 ????	????? ??? ???? 542 ????
6147	MATCHED	30.00	100.00	40.00	10.00	20.00	2.53	????	????? ??? ??? 40-31	????? ??? ???132? 3-3
6196	MATCHED	30.00	100.00	40.00	10.00	20.00	3.79	????	????? ??? ??? 97-18 1?	????? ??? ????80? 19-1 1?
6225	UNMATCHED	0.00	0.00	0.00	0.00	0.00	NULL	NULL	NULL	NULL
6253	MATCHED	8.00	73.00	35.00	10.00	20.00	0.50	??? ??? ???? ????	????? ??? ??? 132-14 ??104? ?????? ???? ????	????? ??? ???101? 21 ??104? ?????? ???? ????
6262	UNMATCHED	0.00	0.00	0.00	0.00	0.00	NULL	NULL	NULL	NULL
6267	MATCHED	15.00	85.00	40.00	10.00	20.00	0.00	???	????? ??? ??? 88-1 ???? 1?	????? ??? ????55? 26 ???? 1?
6270	UNMATCHED	0.00	0.00	0.00	0.00	0.00	NULL	NULL	NULL	NULL
6291	MATCHED	30.00	95.00	35.00	10.00	20.00	5.07	???? ?? ?	????? ??? ??? 83-16	????? ??? ????60? 18
6306	MATCHED	15.00	85.00	40.00	10.00	20.00	21.29	?????	????? ??? ??? 62-27 1?	????? ??? ????92? 38 1?
6312	MATCHED	8.00	73.00	35.00	10.00	20.00	4.51	????? ??	????? ??? ??? 123-53 B1 ???????	????? ??? ????89? 13 B1 ???????
6317	MATCHED	30.00	100.00	40.00	10.00	20.00	4.69	???	????? ??? ??? 5-29	????? ??? ???149? 32
6365	UNMATCHED	0.00	0.00	0.00	0.00	0.00	NULL	NULL	NULL	NULL
6372	UNMATCHED	0.00	0.00	0.00	0.00	0.00	NULL	NULL	NULL	NULL
6412	MATCHED	30.00	100.00	40.00	10.00	20.00	4.70	???	????? ??? ??? 99-2	????? ??? ????75? 28
6418	UNMATCHED	0.00	0.00	0.00	0.00	0.00	NULL	NULL	NULL	NULL
6445	MATCHED	25.00	85.00	40.00	0.00	20.00	1.90	??	????? ??? ??? 44-17 ????? 3?	????? ??? ???132? 50 ????? 3?
6482	UNMATCHED	0.00	0.00	0.00	0.00	0.00	NULL	NULL	NULL	NULL
6483	MATCHED	30.00	100.00	40.00	10.00	20.00	5.20	?????	????? ??? ??? 40-22	????? ??? ???132? 3-4
6490	MATCHED	30.00	100.00	40.00	10.00	20.00	4.22	????	????? ??? ??? 9-13	????? ??? ???77? 52
6492	UNMATCHED	0.00	0.00	0.00	0.00	0.00	NULL	NULL	NULL	NULL
6534	MATCHED	15.00	80.00	35.00	10.00	20.00	9.74	??? ???? ????	????? ??? ??? 124-11 1?	????? ??? ????79? 32 1?
6536	UNMATCHED	0.00	0.00	0.00	0.00	0.00	NULL	NULL	NULL	NULL
6552	MATCHED	15.00	85.00	40.00	10.00	20.00	3.79	??? ???	????? ??? ??? 124-13 101?	????? ??? ????79? 36 101?
6558	UNMATCHED	0.00	0.00	0.00	0.00	0.00	NULL	NULL	NULL	NULL
6559	MATCHED	30.00	100.00	40.00	10.00	20.00	0.00	??	????? ??? ??? 21-7 5?	????? ??? ???148? 28 5?
6594	UNMATCHED	0.00	0.00	0.00	0.00	0.00	NULL	NULL	NULL	NULL
6601	MATCHED	30.00	100.00	40.00	10.00	20.00	0.00	?????	????? ??? ??? 41-2	????? ??? ??? 401
6608	MATCHED	30.00	100.00	40.00	10.00	20.00	3.22	???? ??2??	????? ??? ??? 120-7	????? ??? ????79? 18
6683	MATCHED	15.00	85.00	40.00	10.00	20.00	2.00	??? ???	????? ??? ??? 7-17 ????	????? ??? ??? 771 ????
6689	UNMATCHED	0.00	0.00	0.00	0.00	0.00	NULL	NULL	NULL	NULL
6697	MATCHED	30.00	100.00	40.00	10.00	20.00	4.21	?????	????? ??? ??? 20-2 2? ?????	????? ??? ???146? 27-10 2? ?????
6759	MATCHED	30.00	95.00	35.00	10.00	20.00	7.44	?? ??	????? ??? ??? 131-22 ???? 1?	????? ??? ????138? 21 ???? 1?
6764	MATCHED	30.00	100.00	40.00	10.00	20.00	2.89	???	????? ??? ??? 12-5 1?	????? ??? ???149? 17 1?
6780	MATCHED	30.00	90.00	40.00	0.00	20.00	2.75	????	????? ??? ??? 40-32 2?	????? ??? ??? 708 2?
6808	UNMATCHED	0.00	0.00	0.00	0.00	0.00	NULL	NULL	NULL	NULL
6832	MATCHED	25.00	95.00	40.00	10.00	20.00	8.80	???	????? ??? ??? 19-17 ???? 1?	????? ??? ???148? 48 ???? 1?
6836	MATCHED	30.00	100.00	40.00	10.00	20.00	3.12	???	????? ??? ??? 50-11 1?	????? ??? ????90? 7 1?
6866	MATCHED	25.00	95.00	40.00	10.00	20.00	7.32	?????	????? ??? ??? 7-12 104?	????? ??? ???145? 14 104?
6870	UNMATCHED	0.00	0.00	0.00	0.00	0.00	NULL	NULL	NULL	NULL
6892	UNMATCHED	0.00	0.00	0.00	0.00	0.00	NULL	NULL	NULL	NULL
6896	MATCHED	25.00	95.00	40.00	10.00	20.00	6.35	??????	????? ??? ??? 133-6 ???? 107?	????? ??? ???101? 7 ???? 107?
6958	UNMATCHED	0.00	0.00	0.00	0.00	0.00	NULL	NULL	NULL	NULL
6962	UNMATCHED	0.00	0.00	0.00	0.00	0.00	NULL	NULL	NULL	NULL
7003	MATCHED	30.00	95.00	35.00	10.00	20.00	3.12	???? ?????	????? ??? ??? 2-4	????? ??? ???148? 11
7022	UNMATCHED	0.00	0.00	0.00	0.00	0.00	NULL	NULL	NULL	NULL
7062	MATCHED	30.00	100.00	40.00	10.00	20.00	7.66	??	????? ??? ??? 32-3 ??1?	????? ??? ???133? 8 ??1?
7064	MATCHED	30.00	100.00	40.00	10.00	20.00	6.66	???	????? ??? ??? 128-3 1?	????? ??? ????101? 28 1?
7103	MATCHED	30.00	100.00	40.00	10.00	20.00	7.16	???	????? ??? ??? 32-2 1?	????? ??? ???77? 19 1?
7117	MATCHED	30.00	100.00	40.00	10.00	20.00	2.56	???????	????? ??? ??? 19-13	????? ??? ???148? 48-12
7121	MATCHED	30.00	100.00	40.00	10.00	20.00	3.83	??	????? ??? ??? 21-21 4?	????? ??? ???146? 23 4?
7162	MATCHED	25.00	80.00	35.00	0.00	20.00	4.73	??? ??????? ???? 2 ??	????? ??? ??? 44-11 ???? 303?	????? ??? ??? 421 ???? 303?
7233	MATCHED	15.00	80.00	35.00	10.00	20.00	6.71	???? ?????	????? ??? ??? 44-8 ????	????? ??? ???67? 5 ????
7239	UNMATCHED	0.00	0.00	0.00	0.00	0.00	NULL	NULL	NULL	NULL
7248	MATCHED	30.00	100.00	40.00	10.00	20.00	1.89	????	????? ??? ??? 121-52	????? ??? ????99? 47
7250	MATCHED	8.00	73.00	35.00	10.00	20.00	2.48	???? ????	????? ??? ??? 76-8	????? ??? ???81? 5
7259	UNMATCHED	0.00	0.00	0.00	0.00	0.00	NULL	NULL	NULL	NULL
7279	UNMATCHED	0.00	0.00	0.00	0.00	0.00	NULL	NULL	NULL	NULL
7325	MATCHED	30.00	100.00	40.00	10.00	20.00	10.85	????	????? ??? ??? 50-3	????? ??? ????92? 6
7330	MATCHED	30.00	85.00	35.00	0.00	20.00	0.00	???????	????? ??? ??? 45 7?	????? ??? ??? 425 7?
7332	MATCHED	30.00	100.00	40.00	10.00	20.00	0.01	????	????? ??? ??? 49-5 1? 107?	????? ??? ???? 510 1? 107?
7345	MATCHED	30.00	100.00	40.00	10.00	20.00	4.98	??? ???24????	????? ??? ??? 89-20	????? ??? ????57? 22
7361	MATCHED	25.00	95.00	40.00	10.00	20.00	8.27	???	????? ??? ??? 125 102?	????? ??? ????89? 12 102?
7364	MATCHED	8.00	78.00	40.00	10.00	20.00	2.38	????	????? ??? ??? 91-1 1? ????	????? ??? ???152? 26 1? ????
7366	MATCHED	30.00	100.00	40.00	10.00	20.00	9.70	?????	????? ??? ??? 71-25 1? 102?	????? ??? ???97? 20 1? 102?
7368	UNMATCHED	0.00	0.00	0.00	0.00	0.00	NULL	NULL	NULL	NULL
7380	MATCHED	8.00	73.00	35.00	10.00	20.00	38.94	???	????? ??? ??? 63-26	????? ??? ???81? 25
7397	UNMATCHED	0.00	0.00	0.00	0.00	0.00	NULL	NULL	NULL	NULL
7426	UNMATCHED	0.00	0.00	0.00	0.00	0.00	NULL	NULL	NULL	NULL
7430	UNMATCHED	0.00	0.00	0.00	0.00	0.00	NULL	NULL	NULL	NULL
7442	UNMATCHED	0.00	0.00	0.00	0.00	0.00	NULL	NULL	NULL	NULL
7448	MATCHED	30.00	100.00	40.00	10.00	20.00	6.58	??	????? ??? ??? 117-38 B1	????? ??? ????83? 17 B1
7454	UNMATCHED	0.00	0.00	0.00	0.00	0.00	NULL	NULL	NULL	NULL
7477	UNMATCHED	0.00	0.00	0.00	0.00	0.00	NULL	NULL	NULL	NULL
7480	UNMATCHED	0.00	0.00	0.00	0.00	0.00	NULL	NULL	NULL	NULL
7492	MATCHED	25.00	95.00	40.00	10.00	20.00	3.49	?????	????? ??? ??? 57-3 ???? 2?	????? ??? ????100? 12 ???? 2?
7509	MATCHED	30.00	100.00	40.00	10.00	20.00	5.35	???	????? ??? ??? 83-12 2?	????? ??? ???162? 16 2?
7518	MATCHED	25.00	95.00	40.00	10.00	20.00	10.31	?????	????? ??? ??? 133-6 ???? 102? ?????	????? ??? ???101? 7 ???? 102? ?????
7527	AMBIGUOUS	8.00	64.00	40.00	10.00	6.00	139.19	????????	????? ??? ??? 65 ?????	????? ??? ???87? 9 ?????
7532	UNMATCHED	0.00	0.00	0.00	0.00	0.00	NULL	NULL	NULL	NULL
7542	UNMATCHED	0.00	0.00	0.00	0.00	0.00	NULL	NULL	NULL	NULL
7543	MATCHED	8.00	73.00	35.00	10.00	20.00	6.25	????? ??	????? ??? ??? 40-25 ????1?	????? ??? ??? 714 ????1?
4357	MATCHED	30.00	95.00	35.00	10.00	20.00	4.29	3?????? ???	????? ??? ??? 38-19	????? ??? ????63? 3
4365	MATCHED	15.00	85.00	40.00	10.00	20.00	3.25	????	????? ??? ??? 153-21 2?	????? ??? ????83? 40 2?
4373	UNMATCHED	0.00	0.00	0.00	0.00	0.00	NULL	NULL	NULL	NULL
4389	MATCHED	30.00	95.00	35.00	10.00	20.00	4.76	??? ????	????? ??? ??? 129-14 1?	????? ??? ????79? 25 1?
4417	UNMATCHED	0.00	0.00	0.00	0.00	0.00	NULL	NULL	NULL	NULL
4427	UNMATCHED	0.00	0.00	0.00	0.00	0.00	NULL	NULL	NULL	NULL
4430	MATCHED	15.00	85.00	40.00	10.00	20.00	3.48	????	????? ??? ??? 117-15 ????	????? ??? ????74? 11-11 ????
4440	UNMATCHED	0.00	0.00	0.00	0.00	0.00	NULL	NULL	NULL	NULL
4441	UNMATCHED	0.00	0.00	0.00	0.00	0.00	NULL	NULL	NULL	NULL
4443	UNMATCHED	0.00	0.00	0.00	0.00	0.00	NULL	NULL	NULL	NULL
4445	AMBIGUOUS	15.00	71.00	40.00	10.00	6.00	105.41	??? ????	????? ??? ??? 189 ??? ???? ??1? 1?	????? ??? ??? 651 ??? ???? ??1? 1?
4446	MATCHED	15.00	85.00	40.00	10.00	20.00	0.00	??? ???	????? ??? ??? 154-8 ????3 B1?	????? ??? ????87? 35 ????3 B1?
4457	MATCHED	30.00	95.00	35.00	10.00	20.00	4.09	???? ???	????? ??? ??? 150-21 1?	????? ??? ???104? 7 1?
4469	MATCHED	30.00	89.00	35.00	10.00	14.00	53.43	???? ????	????? ??? ??? 159 ?????? ??2?	????? ??? ????87? 46 ?????? ??2?
4479	MATCHED	15.00	85.00	40.00	10.00	20.00	0.86	?????	????? ??? ??? 152-23 06166	????? ??? ????81? 58 06166
4500	MATCHED	30.00	100.00	40.00	10.00	20.00	3.16	?????	????? ??? ??? 162-22	????? ??? ????108? 5
4508	MATCHED	15.00	85.00	40.00	10.00	20.00	14.91	?????	????? ??? ??? 144-29 KB???? ?? 1?	????? ??? ???? 447 KB???? ?? 1?
4516	UNMATCHED	0.00	0.00	0.00	0.00	0.00	NULL	NULL	NULL	NULL
4529	UNMATCHED	0.00	0.00	0.00	0.00	0.00	NULL	NULL	NULL	NULL
4558	MATCHED	30.00	100.00	40.00	10.00	20.00	10.36	??	????? ??? ??? 169-6	????? ??? ????103? 10
4559	UNMATCHED	0.00	0.00	0.00	0.00	0.00	NULL	NULL	NULL	NULL
4611	UNMATCHED	0.00	0.00	0.00	0.00	0.00	NULL	NULL	NULL	NULL
4615	UNMATCHED	0.00	0.00	0.00	0.00	0.00	NULL	NULL	NULL	NULL
4617	MATCHED	30.00	100.00	40.00	10.00	20.00	8.63	???	????? ??? ??? 129-18 1? ???	????? ??? ???95? 10 1? ???
4619	UNMATCHED	0.00	0.00	0.00	0.00	0.00	NULL	NULL	NULL	NULL
4625	AMBIGUOUS	8.00	59.00	35.00	10.00	6.00	106.90	???? ?????????	????? ??? ??? 159 L129	????? ??? ???? 524 L129
4630	MATCHED	15.00	85.00	40.00	10.00	20.00	3.66	?????	????? ??? ??? 35-22 1?	????? ??? ????55? 25 1?
4633	MATCHED	25.00	90.00	35.00	10.00	20.00	3.26	????? ????	????? ??? ??? 91-25 ???? B1?	????? ??? ????114? 5 ???? B1?
4648	MATCHED	30.00	100.00	40.00	10.00	20.00	3.93	???????	????? ??? ??? 91-23 1?	????? ??? ????114? 9 1?
4651	AMBIGUOUS	8.00	64.00	40.00	10.00	6.00	195.40	?????	????? ??? ??? 147-13 1?	????? ??? ???108? 23 1?
4657	MATCHED	30.00	95.00	35.00	10.00	20.00	0.00	??????? ???	????? ??? ??? 158-26 1~3?	????? ??? ???96? 26-6 1~3?
4660	MATCHED	15.00	85.00	40.00	10.00	20.00	0.00	?????	????? ??? ??? 127-8 ??1?	????? ??? ??? 539 ??1?
4674	MATCHED	30.00	100.00	40.00	10.00	20.00	6.81	????? ???	????? ??? ??? 166-3 1?	????? ??? ????114? 38 1?
4694	AMBIGUOUS	8.00	59.00	35.00	10.00	6.00	121.77	??? ?????	????? ??? ??? 159 ???? B1 L106	????? ??? ???? 524 ???? B1 L106
4703	UNMATCHED	0.00	0.00	0.00	0.00	0.00	NULL	NULL	NULL	NULL
4705	MATCHED	15.00	80.00	35.00	10.00	20.00	6.64	?? ?????	????? ??? ??? 143 ???????	????? ??? ????69? 16 ???????
4715	UNMATCHED	0.00	0.00	0.00	0.00	0.00	NULL	NULL	NULL	NULL
4723	MATCHED	15.00	85.00	40.00	10.00	20.00	8.22	???? ????	????? ??? ??? 141-8 ???????	????? ??? ????63? 9 ???????
4729	MATCHED	30.00	95.00	35.00	10.00	20.00	3.37	??? ??	????? ??? ??? 34-1	????? ??? ??? 638
4756	MATCHED	30.00	100.00	40.00	10.00	20.00	3.59	???	????? ??? ??? 115-33	????? ??? ????72? 8
4761	AMBIGUOUS	8.00	67.00	35.00	10.00	14.00	65.03	?? ?????	????? ??? ??? 159 ???? B1 Q101	????? ??? ???? 524 ???? B1 Q101
4766	MATCHED	25.00	95.00	40.00	10.00	20.00	22.84	????	????? ??? ??? 158-10 ????????? B105?	????? ??? ????87? 17 ????????? B105?
4767	MATCHED	15.00	80.00	35.00	10.00	20.00	0.00	????? ?????	????? ??? ??? 159-6 ??1? Q-121?	????? ??? ????87? 22 ??1? Q-121?
4775	UNMATCHED	0.00	0.00	0.00	0.00	0.00	NULL	NULL	NULL	NULL
4787	UNMATCHED	0.00	0.00	0.00	0.00	0.00	NULL	NULL	NULL	NULL
4789	UNMATCHED	0.00	0.00	0.00	0.00	0.00	NULL	NULL	NULL	NULL
4800	MATCHED	15.00	85.00	40.00	10.00	20.00	0.00	???	????? ??? ??? 141 ??1? 114?	????? ??? ??? 514 ??1? 114?
4801	MATCHED	30.00	100.00	40.00	10.00	20.00	0.00	???	????? ??? ??? 143-37 ??1?	????? ??? ???? 423 ??1?
4803	MATCHED	30.00	100.00	40.00	10.00	20.00	6.63	???	????? ??? ??? 140-24 ????	????? ??? ???96? 2 ????
4809	MATCHED	15.00	80.00	35.00	10.00	20.00	6.49	????? ???	????? ??? ??? 153-1 ????	????? ??? ???104? 24 ????
4815	UNMATCHED	0.00	0.00	0.00	0.00	0.00	NULL	NULL	NULL	NULL
4820	MATCHED	30.00	95.00	35.00	10.00	20.00	1.22	???? ???	????? ??? ??? 158-7 ????	????? ??? ???92? 23 ????
4838	MATCHED	30.00	95.00	35.00	10.00	20.00	45.69	???? ?????????	????? ??? ??? 159	????? ??? ????87? 36
4841	MATCHED	25.00	95.00	40.00	10.00	20.00	16.68	????	????? ??? ??? 159 ?????? 1?	????? ??? ????87? 46 ?????? 1?
4846	MATCHED	15.00	80.00	35.00	10.00	20.00	41.71	?? ?????	????? ??? ??? 159 B1? B01?	????? ??? ????87? 36 B1? B01?
4865	UNMATCHED	0.00	0.00	0.00	0.00	0.00	NULL	NULL	NULL	NULL
4868	UNMATCHED	0.00	0.00	0.00	0.00	0.00	NULL	NULL	NULL	NULL
4875	MATCHED	15.00	85.00	40.00	10.00	20.00	1.54	????????	????? ??? ??? 124-8 ????	????? ??? ????68? 49 ????
4882	UNMATCHED	0.00	0.00	0.00	0.00	0.00	NULL	NULL	NULL	NULL
4886	MATCHED	30.00	100.00	40.00	10.00	20.00	0.00	????	????? ??? ??? 141	????? ??? ??? 514
4898	MATCHED	15.00	85.00	40.00	10.00	20.00	4.65	??? ???	????? ??? ??? 166-3 101? ??? ???	????? ??? ????114? 38 101? ??? ???
4902	MATCHED	25.00	90.00	35.00	10.00	20.00	9.01	?????? ???	????? ??? ??? 170-7 ???? 1? 102?	????? ??? ????107? 6 ???? 1? 102?
4919	MATCHED	15.00	80.00	35.00	10.00	20.00	42.42	???? ??? ??	????? ??? ??? 159 ???? ??1?	????? ??? ???? 513 ???? ??1?
4941	MATCHED	30.00	100.00	40.00	10.00	20.00	3.06	?????? ?????	????? ??? ??? 9-5	????? ??? ???126? 6
4943	MATCHED	30.00	95.00	35.00	10.00	20.00	1.26	?? ???	????? ??? ??? 149-10	????? ??? ????84? 24-2
4951	UNMATCHED	0.00	0.00	0.00	0.00	0.00	NULL	NULL	NULL	NULL
4952	MATCHED	30.00	100.00	40.00	10.00	20.00	11.19	???? ?????	????? ??? ??? 109-2	????? ??? ???? 627
4958	MATCHED	15.00	80.00	35.00	10.00	20.00	13.57	????? ??????	????? ??? ??? 1-4 ????	????? ??? ??? 670 ????
4978	MATCHED	15.00	80.00	35.00	10.00	20.00	8.35	????? ???	????? ??? ??? 155-13 ?? 1?	????? ??? ???96? 15 ?? 1?
4989	MATCHED	25.00	95.00	40.00	10.00	20.00	5.42	????	????? ??? ??? 152 ???? 2?	????? ??? ???104? 12 ???? 2?
5001	MATCHED	15.00	80.00	35.00	10.00	20.00	13.10	??? ????	????? ??? ??? 158-3 ????	????? ??? ????83? 20 ????
5007	MATCHED	30.00	100.00	40.00	10.00	20.00	0.00	????	????? ??? ??? 143-42	????? ??? ???? 429
5024	UNMATCHED	0.00	0.00	0.00	0.00	0.00	NULL	NULL	NULL	NULL
5027	UNMATCHED	0.00	0.00	0.00	0.00	0.00	NULL	NULL	NULL	NULL
5030	MATCHED	15.00	85.00	40.00	10.00	20.00	4.39	??????	????? ??? ??? 160-20 ????	????? ??? ????104? 6 ????
5033	MATCHED	15.00	85.00	40.00	10.00	20.00	4.48	??	????? ??? ??? 38-16 1?	????? ??? ???112? 38 1?
5038	MATCHED	30.00	90.00	40.00	0.00	20.00	0.49	???? ?? ???	????? ??? ??? 34-7 201?	????? ??? ??? 640 201?
5040	MATCHED	8.00	78.00	40.00	10.00	20.00	4.74	?????????	????? ??? ??? 162-12 ????	????? ??? ???? 636 ????
5044	MATCHED	30.00	94.00	40.00	10.00	14.00	69.32	???? ???	????? ??? ??? 55	????? ??? ???88? 5
5059	MATCHED	30.00	95.00	35.00	10.00	20.00	5.43	???? ?? ?? ?? ?? ?????? ?? ??	????? ??? ??? 143-22 1?	????? ??? ????77? 11-13 1?
5063	UNMATCHED	0.00	0.00	0.00	0.00	0.00	NULL	NULL	NULL	NULL
5068	MATCHED	30.00	95.00	35.00	10.00	20.00	12.66	???? ???	????? ??? ??? 157-16	????? ??? ????83? 15
5087	UNMATCHED	0.00	0.00	0.00	0.00	0.00	NULL	NULL	NULL	NULL
5109	MATCHED	25.00	90.00	35.00	10.00	20.00	23.09	????? ???	????? ??? ??? 8-2 ????? ????? 1? 113?	????? ??? ??? 660 ????? ????? 1? 113?
5125	MATCHED	15.00	85.00	40.00	10.00	20.00	5.62	???	????? ??? ??? 152-64 1?,2?	????? ??? ???104? 14 1?,2?
5135	MATCHED	30.00	100.00	40.00	10.00	20.00	6.28	?????	????? ??? ??? 37-10	????? ??? ???112? 14
5141	AMBIGUOUS	8.00	64.00	40.00	10.00	6.00	118.68	??? ??????	????? ??? ??? 159-8 ????? ?? 1?	????? ??? ???? 521 ????? ?? 1?
5152	MATCHED	15.00	80.00	35.00	10.00	20.00	23.20	???? ??????	????? ??? ??? 8-2 ????? ??? 1? 105?	????? ??? ??? 660 ????? ??? 1? 105?
5158	MATCHED	15.00	85.00	40.00	10.00	20.00	4.30	?????	????? ??? ??? 153-60 ???	????? ??? ???100? 27 ???
5170	UNMATCHED	0.00	0.00	0.00	0.00	0.00	NULL	NULL	NULL	NULL
5200	MATCHED	30.00	100.00	40.00	10.00	20.00	7.28	?????	????? ??? ??? 52-3	????? ??? ??? 504
5221	MATCHED	30.00	95.00	35.00	10.00	20.00	2.77	???? ??2??	????? ??? ??? 169-5	????? ??? ????103? 8-7
5232	MATCHED	30.00	100.00	40.00	10.00	20.00	3.43	3??	????? ??? ??? 44-3 1?	????? ??? ???112? 48 1?
5240	MATCHED	30.00	100.00	40.00	10.00	20.00	4.50	????	????? ??? ??? 91-23 2?	????? ??? ????114? 9 2?
5246	UNMATCHED	0.00	0.00	0.00	0.00	0.00	NULL	NULL	NULL	NULL
5252	MATCHED	30.00	95.00	35.00	10.00	20.00	2.57	???? ???	????? ??? ??? 144-21	????? ??? ????77? 6
5280	UNMATCHED	0.00	0.00	0.00	0.00	0.00	NULL	NULL	NULL	NULL
5285	UNMATCHED	0.00	0.00	0.00	0.00	0.00	NULL	NULL	NULL	NULL
5305	AMBIGUOUS	15.00	79.00	40.00	10.00	14.00	84.60	????	????? ??? ??? 7-3 ???2??? 105?	????? ??? ???130? 20 ???2??? 105?
5320	UNMATCHED	0.00	0.00	0.00	0.00	0.00	NULL	NULL	NULL	NULL
5323	MATCHED	30.00	81.00	35.00	10.00	6.00	119.31	???? ?????????	????? ??? ??? 159	????? ??? ???? 513
5333	MATCHED	30.00	100.00	40.00	10.00	20.00	8.14	???? ???	????? ??? ??? 5-1 1?	????? ??? ???130? 56 1?
5339	AMBIGUOUS	8.00	59.00	35.00	10.00	6.00	235.54	?? ?????????	????? ??? ??? 159 ???????????	????? ??? ???? 524 ???????????
5355	UNMATCHED	0.00	0.00	0.00	0.00	0.00	NULL	NULL	NULL	NULL
5377	MATCHED	15.00	85.00	40.00	10.00	20.00	4.52	?????	????? ??? ??? 106-8 ????	????? ??? ????112? 9 ????
5381	AMBIGUOUS	8.00	54.00	40.00	0.00	6.00	135.14	??????? ???	????? ??? ??? 65 ???? 1? 2?	????? ??? ??? 642 ???? 1? 2?
5386	UNMATCHED	0.00	0.00	0.00	0.00	0.00	NULL	NULL	NULL	NULL
5390	UNMATCHED	0.00	0.00	0.00	0.00	0.00	NULL	NULL	NULL	NULL
5401	MATCHED	15.00	85.00	40.00	10.00	20.00	21.22	??? ??????	????? ??? ??? 8-2 1? F107?	????? ??? ??? 660 1? F107?
5419	MATCHED	25.00	95.00	40.00	10.00	20.00	16.43	???	????? ??? ??? 159 ?????????? 3?	????? ??? ????87? 46 ?????????? 3?
5421	UNMATCHED	0.00	0.00	0.00	0.00	0.00	NULL	NULL	NULL	NULL
5423	UNMATCHED	0.00	0.00	0.00	0.00	0.00	NULL	NULL	NULL	NULL
5424	MATCHED	30.00	100.00	40.00	10.00	20.00	3.85	????	????? ??? ??? 145-21 1?	????? ??? ???108? 7 1?
5426	MATCHED	15.00	85.00	40.00	10.00	20.00	7.25	????	????? ??? ??? 36-25 ?????? 1?	????? ??? ????57? 13 ?????? 1?
5438	MATCHED	15.00	85.00	40.00	10.00	20.00	4.61	?????	????? ??? ??? 118-21 101?	????? ??? ????78? 12 101?
5442	MATCHED	30.00	95.00	35.00	10.00	20.00	3.83	????	????? ??? ??? 124-19 1?	????? ??? ????68? 57 1?
5455	MATCHED	30.00	95.00	35.00	10.00	20.00	3.63	????? ???	????? ??? ??? 149-31	????? ??? ????84? 34
5460	UNMATCHED	0.00	0.00	0.00	0.00	0.00	NULL	NULL	NULL	NULL
5464	MATCHED	15.00	85.00	40.00	10.00	20.00	0.00	??? ???? ??2??	????? ??? ??? 141 ??1? 106?	????? ??? ??? 514 ??1? 106?
5478	UNMATCHED	0.00	0.00	0.00	0.00	0.00	NULL	NULL	NULL	NULL
5482	MATCHED	15.00	85.00	40.00	10.00	20.00	16.24	?? ??	????? ??? ??? 54-2 1?	????? ??? ???88? 12 1?
5486	UNMATCHED	0.00	0.00	0.00	0.00	0.00	NULL	NULL	NULL	NULL
5487	MATCHED	8.00	73.00	35.00	10.00	20.00	8.01	??? ??????	????? ??? ??? 156-13 1? ???	????? ??? ???100? 8 1? ???
5492	MATCHED	30.00	95.00	35.00	10.00	20.00	1.72	??? ???	????? ??? ??? 155-5	????? ??? ????81? 36
5541	MATCHED	8.00	78.00	40.00	10.00	20.00	21.57	?????? ?????	????? ??? ??? 16 ????? 1?? ???? 110?	????? ??? ???68? 7 ??? ????? 1?? ???? 110?
5546	MATCHED	25.00	95.00	40.00	10.00	20.00	9.03	????	????? ??? ??? 159 ?????????? 3?	????? ??? ????87? 46 ?????????? 3?
5557	UNMATCHED	0.00	0.00	0.00	0.00	0.00	NULL	NULL	NULL	NULL
5561	MATCHED	25.00	95.00	40.00	10.00	20.00	28.62	???	????? ??? ??? 140-3 ?????? 104?	????? ??? ??? 524 ?????? 104?
5569	MATCHED	30.00	100.00	40.00	10.00	20.00	1.29	????	????? ??? ??? 38-5 1? ????	????? ??? ???112? 26 1? ????
5574	MATCHED	30.00	95.00	35.00	10.00	20.00	3.98	??????? ??	????? ??? ??? 153-64 1?	????? ??? ???100? 23-3 1?
5582	MATCHED	30.00	100.00	40.00	10.00	20.00	2.39	???	????? ??? ??? 165 1?	????? ??? ????106? 38 1?
5583	AMBIGUOUS	15.00	71.00	40.00	10.00	6.00	113.40	??? ????	????? ??? ??? 87 ?????? ???? 108?	????? ??? ???? 640 ?????? ???? 108?
5594	UNMATCHED	0.00	0.00	0.00	0.00	0.00	NULL	NULL	NULL	NULL
5617	UNMATCHED	0.00	0.00	0.00	0.00	0.00	NULL	NULL	NULL	NULL
5626	MATCHED	15.00	85.00	40.00	10.00	20.00	5.11	????	????? ??? ??? 145-29 1?	????? ??? ????82? 16 1?
5642	UNMATCHED	0.00	0.00	0.00	0.00	0.00	NULL	NULL	NULL	NULL
5664	MATCHED	25.00	90.00	35.00	10.00	20.00	12.00	???? ???	????? ??? ??? 158-10 ???21????? 1? 106?	????? ??? ????87? 17 ???21????? 1? 106?
5671	MATCHED	15.00	85.00	40.00	10.00	20.00	9.38	????	????? ??? ??? 168 ???? 1?	????? ??? ???? 510 ???? 1?
5677	MATCHED	30.00	95.00	35.00	10.00	20.00	12.28	?? ?? ?	????? ??? ??? 160-18	????? ??? ???? 610
5679	MATCHED	15.00	85.00	40.00	10.00	20.00	24.63	??????	????? ??? ??? 16 1?	????? ??? ???68? 7 1?
5685	MATCHED	15.00	85.00	40.00	10.00	20.00	9.74	???	????? ??? ??? 113-1 ???? 1?	????? ??? ???? 420 ???? 1?
5690	UNMATCHED	0.00	0.00	0.00	0.00	0.00	NULL	NULL	NULL	NULL
5707	UNMATCHED	0.00	0.00	0.00	0.00	0.00	NULL	NULL	NULL	NULL
5713	UNMATCHED	0.00	0.00	0.00	0.00	0.00	NULL	NULL	NULL	NULL
5714	MATCHED	15.00	85.00	40.00	10.00	20.00	7.60	???? ??? ??? ???	????? ??? ??? 166-5 ????	????? ??? ????114? 40 ????
5717	MATCHED	30.00	95.00	35.00	10.00	20.00	7.20	??????? ???	????? ??? ??? 76-13	????? ??? ????115? 16
5721	MATCHED	25.00	95.00	40.00	10.00	20.00	24.92	???	????? ??? ??? 140-3 107? ???	????? ??? ??? 524 107? ???
5722	MATCHED	30.00	100.00	40.00	10.00	20.00	4.26	?????	????? ??? ??? 9-6	????? ??? ???56? 32
5735	MATCHED	15.00	80.00	35.00	10.00	20.00	7.95	???	????? ??? ??? 140-17 ????? 1?	????? ??? ???100? 30 ????? 1?
5748	MATCHED	30.00	100.00	40.00	10.00	20.00	0.00	???? ??????	????? ??? ??? 158-9 ??1? ????	????? ??? ????87? 21 ??1? ????
5755	MATCHED	30.00	100.00	40.00	10.00	20.00	2.91	??	????? ??? ??? 44-1	????? ??? ???112? 46
5756	UNMATCHED	0.00	0.00	0.00	0.00	0.00	NULL	NULL	NULL	NULL
5767	MATCHED	30.00	100.00	40.00	10.00	20.00	9.63	??????	????? ??? ??? 166-8 1? ??? ???	????? ??? ????96? 37 1? ??? ???
5782	MATCHED	30.00	95.00	35.00	10.00	20.00	3.04	???? ?? ???	????? ??? ??? 44-4 ??	????? ??? ???112? 50 ??
5785	AMBIGUOUS	8.00	64.00	40.00	10.00	6.00	264.42	?? ???????	????? ??? ??? 159 ?????? B1? 13?	????? ??? ????87? 36 ?????? B1? 13?
5789	UNMATCHED	0.00	0.00	0.00	0.00	0.00	NULL	NULL	NULL	NULL
5794	UNMATCHED	0.00	0.00	0.00	0.00	0.00	NULL	NULL	NULL	NULL
5795	AMBIGUOUS	8.00	59.00	35.00	10.00	6.00	126.49	???? ?????	????? ??? ??? 159 ???? B1 M113	????? ??? ???? 524 ???? B1 M113
5803	MATCHED	30.00	100.00	40.00	10.00	20.00	8.89	????	????? ??? ??? 157-8 1? ????	????? ??? ???96? 6 1? ????
5831	MATCHED	25.00	95.00	40.00	10.00	20.00	6.30	????? ???	????? ??? ??? 155-10 2, 3?	????? ??? ???96? 9 2, 3?
5851	MATCHED	30.00	100.00	40.00	10.00	20.00	7.39	????	????? ??? ??? 8-5	????? ??? ???56? 26
5868	UNMATCHED	0.00	0.00	0.00	0.00	0.00	NULL	NULL	NULL	NULL
5874	UNMATCHED	0.00	0.00	0.00	0.00	0.00	NULL	NULL	NULL	NULL
5903	MATCHED	30.00	100.00	40.00	10.00	20.00	17.55	????? ???	????? ??? ??? 144-14 1? 110-1?	????? ??? ??? 517 1? 110-1?
5909	UNMATCHED	0.00	0.00	0.00	0.00	0.00	NULL	NULL	NULL	NULL
5915	MATCHED	15.00	85.00	40.00	10.00	20.00	5.28	?????	????? ??? ??? 152-62 ????	????? ??? ???100? 15 ????
5924	UNMATCHED	0.00	0.00	0.00	0.00	0.00	NULL	NULL	NULL	NULL
5932	UNMATCHED	0.00	0.00	0.00	0.00	0.00	NULL	NULL	NULL	NULL
5933	MATCHED	15.00	85.00	40.00	10.00	20.00	20.34	??	????? ??? ??? 38-18 ????	????? ??? ????63? 7 ????
5955	MATCHED	15.00	80.00	35.00	10.00	20.00	20.27	???? ???4???	????? ??? ??? 144-14 1? 107?	????? ??? ??? 517 1? 107?
5963	UNMATCHED	0.00	0.00	0.00	0.00	0.00	NULL	NULL	NULL	NULL
5972	MATCHED	15.00	85.00	40.00	10.00	20.00	4.47	???? ????	????? ??? ??? 140-25 2,3?	????? ??? ??? 518 2,3?
6008	MATCHED	30.00	95.00	35.00	10.00	20.00	1.30	?????? ???	????? ??? ??1? 152-30	????? ??? ????81? 56
6009	MATCHED	15.00	80.00	35.00	10.00	20.00	2.07	?????&??? ??	????? ??? ??? 149-12 ?????	????? ??? ????82? 25 ?????
6017	AMBIGUOUS	8.00	58.00	40.00	10.00	0.00	NULL	?? ????	????? ??? ??? 159-6	????? ??? ????87? 22
6024	MATCHED	30.00	100.00	40.00	10.00	20.00	4.80	???? ???	????? ??? ??? 24-7	????? ??? ????73? 48
6035	MATCHED	30.00	100.00	40.00	10.00	20.00	7.04	???	????? ??? ??? 116-34	????? ??? ????74? 18
6038	MATCHED	15.00	85.00	40.00	10.00	20.00	11.31	??????	????? ??? ??? 129-20 ?????	????? ??? ????77? 22 ?????
6043	UNMATCHED	0.00	0.00	0.00	0.00	0.00	NULL	NULL	NULL	NULL
6048	MATCHED	15.00	85.00	40.00	10.00	20.00	49.17	??	????? ??? ??? 142-3 LG???? B? 1?	????? ??? ????63? 12 LG???? B? 1?
6057	MATCHED	25.00	95.00	40.00	10.00	20.00	3.89	????	????? ??? ??? 115-45 1? ????	????? ??? ???107? 34 1? ????
6078	MATCHED	15.00	85.00	40.00	10.00	20.00	5.10	?? ????????	????? ??? ??? 117 ?? ???? 108?	????? ??? ???? 474 ?? ???? 108?
6096	MATCHED	15.00	85.00	40.00	10.00	20.00	18.08	???	????? ??? ??? 121-38 ?? 1? 108?	????? ??? ???103? 12 ?? 1? 108?
6105	UNMATCHED	0.00	0.00	0.00	0.00	0.00	NULL	NULL	NULL	NULL
6111	UNMATCHED	0.00	0.00	0.00	0.00	0.00	NULL	NULL	NULL	NULL
6116	UNMATCHED	0.00	0.00	0.00	0.00	0.00	NULL	NULL	NULL	NULL
6118	UNMATCHED	0.00	0.00	0.00	0.00	0.00	NULL	NULL	NULL	NULL
6138	MATCHED	30.00	100.00	40.00	10.00	20.00	4.48	???	????? ??? ??? 143-24 1?	????? ??? ????77? 11-9 1?
6149	MATCHED	30.00	100.00	40.00	10.00	20.00	0.00	?? ??1??	????? ??? ??? 153-34	????? ??? ????87? 53
6163	MATCHED	30.00	100.00	40.00	10.00	20.00	0.00	???	????? ??? ??? 20-5	????? ??? ???119? 8
6177	MATCHED	15.00	85.00	40.00	10.00	20.00	0.00	???	????? ??? ??? 160-20 ?? 1?	????? ??? ????104? 6 ?? 1?
6179	MATCHED	15.00	80.00	35.00	10.00	20.00	10.70	???? ????	????? ??? ??? 65 ???? 103?	????? ??? ??? 642 ???? 103?
6192	UNMATCHED	0.00	0.00	0.00	0.00	0.00	NULL	NULL	NULL	NULL
6210	MATCHED	30.00	100.00	40.00	10.00	20.00	2.93	???	????? ??? ??? 152-52	????? ??? ???100? 13
6212	UNMATCHED	0.00	0.00	0.00	0.00	0.00	NULL	NULL	NULL	NULL
6215	UNMATCHED	0.00	0.00	0.00	0.00	0.00	NULL	NULL	NULL	NULL
6216	MATCHED	15.00	80.00	35.00	10.00	20.00	6.89	???? ?????	????? ??? ??? 161-8 ????	????? ??? ????106? 29 ????
6220	UNMATCHED	0.00	0.00	0.00	0.00	0.00	NULL	NULL	NULL	NULL
6221	MATCHED	30.00	100.00	40.00	10.00	20.00	8.05	??????1??	????? ??? ??? 44-18	????? ??? ???? 451
6230	MATCHED	8.00	73.00	35.00	10.00	20.00	0.00	????? ?????	????? ??? ??? 4-4 ?? 1? ????? ?????	????? ??? ???130? 57 ?? 1? ????? ?????
6231	UNMATCHED	0.00	0.00	0.00	0.00	0.00	NULL	NULL	NULL	NULL
6238	MATCHED	25.00	95.00	40.00	10.00	20.00	4.20	???	????? ??? ??? 140-3 ?????? 109?	????? ??? ??? 524 ?????? 109?
6263	AMBIGUOUS	8.00	64.00	40.00	10.00	6.00	130.59	???	????? ??? ??? 159 ???? B1 M112	????? ??? ???? 524 ???? B1 M112
6285	UNMATCHED	0.00	0.00	0.00	0.00	0.00	NULL	NULL	NULL	NULL
6299	UNMATCHED	0.00	0.00	0.00	0.00	0.00	NULL	NULL	NULL	NULL
6310	MATCHED	30.00	100.00	40.00	10.00	20.00	7.41	???	????? ??? ??? 40-8	????? ??? ????59? 12
6320	UNMATCHED	0.00	0.00	0.00	0.00	0.00	NULL	NULL	NULL	NULL
6323	UNMATCHED	0.00	0.00	0.00	0.00	0.00	NULL	NULL	NULL	NULL
6331	AMBIGUOUS	8.00	59.00	35.00	10.00	6.00	258.19	????? ????	????? ??? ??? 166-6 202?	????? ??? ????114? 42 202?
6336	UNMATCHED	0.00	0.00	0.00	0.00	0.00	NULL	NULL	NULL	NULL
6349	MATCHED	30.00	95.00	35.00	10.00	20.00	8.06	??????? ????	????? ??? ??? 156-5	????? ??? ??? 520
6353	MATCHED	30.00	100.00	40.00	10.00	20.00	3.84	????	????? ??? ??? 1-3	????? ??? ???130? 5
6354	MATCHED	25.00	95.00	40.00	10.00	20.00	4.33	????	????? ??? ??? 101-9 2?, 3?	????? ??? ????112? 61 2?, 3?
6359	MATCHED	25.00	95.00	40.00	10.00	20.00	5.73	??? ??	????? ??? ??? 129-20 ????? 101? ??? ??	????? ??? ????77? 22 ????? 101? ??? ??
6362	MATCHED	30.00	100.00	40.00	10.00	20.00	8.03	?????	????? ??? ??? 35-6	????? ??? ??? 614
6396	AMBIGUOUS	15.00	80.00	35.00	10.00	20.00	4.25	?????? ???	????? ??? ??? 152 ????	????? ??? ???104? 12 ????
6401	MATCHED	30.00	100.00	40.00	10.00	20.00	9.86	????	????? ??? ??? 170-4	????? ??? ????107? 10
6408	UNMATCHED	0.00	0.00	0.00	0.00	0.00	NULL	NULL	NULL	NULL
6409	MATCHED	30.00	100.00	40.00	10.00	20.00	2.01	???????	????? ??? ??? 165-8	????? ??? ????108? 19
6417	UNMATCHED	0.00	0.00	0.00	0.00	0.00	NULL	NULL	NULL	NULL
6432	MATCHED	15.00	85.00	40.00	10.00	20.00	2.36	???	????? ??? ??? 155-12 2?	????? ??? ???96? 13 2?
6440	UNMATCHED	0.00	0.00	0.00	0.00	0.00	NULL	NULL	NULL	NULL
6443	MATCHED	25.00	95.00	40.00	10.00	20.00	15.38	?? ????	????? ??? ??? 169-10 ???? 1? 106?	????? ??? ????107? 11 ???? 1? 106?
6446	UNMATCHED	0.00	0.00	0.00	0.00	0.00	NULL	NULL	NULL	NULL
6468	UNMATCHED	0.00	0.00	0.00	0.00	0.00	NULL	NULL	NULL	NULL
6476	MATCHED	30.00	100.00	40.00	10.00	20.00	0.00	???	????? ??? ??? 39-31 1?	????? ??? ????59? 15 1?
6493	UNMATCHED	0.00	0.00	0.00	0.00	0.00	NULL	NULL	NULL	NULL
6499	MATCHED	30.00	100.00	40.00	10.00	20.00	11.88	?????	????? ??? ??? 166-8 ??1?	????? ??? ????96? 37 ??1?
6501	MATCHED	15.00	80.00	35.00	10.00	20.00	3.51	?????? ???	????? ??? ??? 140-22 ????	????? ??? ??? 520 ????
6524	MATCHED	15.00	80.00	35.00	10.00	20.00	7.39	??????? ??	????? ??? ??? 150-2 ?????	????? ??? ???108? 8 ?????
6540	AMBIGUOUS	8.00	67.00	35.00	10.00	14.00	69.08	?? ????? ??? 1?	????? ??? ??? 153-57	????? ??? ???100? 23-6
6547	MATCHED	30.00	95.00	35.00	10.00	20.00	5.34	????? ??? ?	????? ??? ??? 152-55 2?	????? ??? ???104? 18 2?
6555	UNMATCHED	0.00	0.00	0.00	0.00	0.00	NULL	NULL	NULL	NULL
6569	AMBIGUOUS	15.00	79.00	40.00	10.00	14.00	74.45	??	????? ??? ??? 159 ???? ??1? J108	????? ??? ???? 524 ???? ??1? J108
6572	UNMATCHED	0.00	0.00	0.00	0.00	0.00	NULL	NULL	NULL	NULL
6582	MATCHED	30.00	100.00	40.00	10.00	20.00	5.97	???	????? ??? ??? 38-3	????? ??? ????57? 6
6583	UNMATCHED	0.00	0.00	0.00	0.00	0.00	NULL	NULL	NULL	NULL
6604	MATCHED	15.00	85.00	40.00	10.00	20.00	8.78	???	????? ??? ??? 106-6 ????	????? ??? ????112? 5 ????
6607	MATCHED	15.00	85.00	40.00	10.00	20.00	4.80	????	????? ??? ??? 40-9 1? ????	????? ??? ???112? 31 1? ????
6618	UNMATCHED	0.00	0.00	0.00	0.00	0.00	NULL	NULL	NULL	NULL
6623	MATCHED	30.00	100.00	40.00	10.00	20.00	8.19	???? ?????	????? ??? ??? 162-22	????? ??? ????108? 5
6624	UNMATCHED	0.00	0.00	0.00	0.00	0.00	NULL	NULL	NULL	NULL
6627	MATCHED	30.00	100.00	40.00	10.00	20.00	0.00	??	????? ??? ??? 9-12	????? ??? ???122? 8
6629	UNMATCHED	0.00	0.00	0.00	0.00	0.00	NULL	NULL	NULL	NULL
6637	UNMATCHED	0.00	0.00	0.00	0.00	0.00	NULL	NULL	NULL	NULL
6649	UNMATCHED	0.00	0.00	0.00	0.00	0.00	NULL	NULL	NULL	NULL
6666	MATCHED	30.00	100.00	40.00	10.00	20.00	3.20	??? ???	????? ??? ??? 8-1	????? ??? ??? 664
6673	MATCHED	15.00	85.00	40.00	10.00	20.00	32.37	????	????? ??? ??? 144-14 ??????? 1? 102?	????? ??? ??? 517 ??????? 1? 102?
6700	UNMATCHED	0.00	0.00	0.00	0.00	0.00	NULL	NULL	NULL	NULL
6703	MATCHED	30.00	95.00	35.00	10.00	20.00	6.81	??? ????&??? ????	????? ??? ??? 155-7	????? ??? ????83? 29
6714	UNMATCHED	0.00	0.00	0.00	0.00	0.00	NULL	NULL	NULL	NULL
6716	MATCHED	8.00	78.00	40.00	10.00	20.00	5.12	?????	????? ??? ??? 162-30 ???? 1?	????? ??? ????108? 3-14 ???? 1?
6719	UNMATCHED	0.00	0.00	0.00	0.00	0.00	NULL	NULL	NULL	NULL
6723	UNMATCHED	0.00	0.00	0.00	0.00	0.00	NULL	NULL	NULL	NULL
6726	MATCHED	30.00	95.00	35.00	10.00	20.00	8.37	???? ?	????? ??? ??? 44-15	????? ??? ???? 445
6732	MATCHED	30.00	95.00	35.00	10.00	20.00	3.38	???? ???	????? ??? ??? 156-6	????? ??? ???96? 3
6792	MATCHED	30.00	100.00	40.00	10.00	20.00	2.64	????	????? ??? ??? 44-8	????? ??? ????63? 6
6794	MATCHED	15.00	85.00	40.00	10.00	20.00	4.34	?????	????? ??? ??? 152-54 ?? 1?	????? ??? ???104? 16 ?? 1?
6815	MATCHED	30.00	95.00	35.00	10.00	20.00	6.58	249 ????? ???	????? ??? ??? 128-3	????? ??? ??? 529
6816	AMBIGUOUS	8.00	46.00	22.00	10.00	6.00	124.27	???? ?????	????? ??? ??? 159	????? ??? ???? 524
6827	MATCHED	8.00	73.00	35.00	10.00	20.00	13.98	?? ????	????? ??? ??? 107-5	????? ??? ????112? 10
6830	MATCHED	15.00	85.00	40.00	10.00	20.00	1.27	????	????? ??? ??? 152-37 ????	????? ??? ????81? 52 ????
6834	MATCHED	30.00	100.00	40.00	10.00	20.00	4.81	??????? ????	????? ??? ??? 162-19	????? ??? ????108? 3-10
6839	MATCHED	15.00	80.00	35.00	10.00	20.00	5.18	??? ???	????? ??? ??? 149-24 1F Ranjuku ???	????? ??? ????82? 31 1F Ranjuku ???
6844	MATCHED	15.00	85.00	40.00	10.00	20.00	19.80	???? ?????	????? ??? ??? 50-2 1?	????? ??? ???? 471 1?
6854	MATCHED	30.00	100.00	40.00	10.00	20.00	2.01	????	????? ??? ??? 160-11 2?	????? ??? ???? 608-10 2?
6863	MATCHED	30.00	100.00	40.00	10.00	20.00	0.00	??????? ?????	????? ??? ??? 8-1	????? ??? ??? 664
6875	MATCHED	30.00	95.00	35.00	10.00	20.00	7.27	???? ???????	????? ??? ??? 149-29	????? ??? ???104? 17
6887	MATCHED	30.00	100.00	40.00	10.00	20.00	4.04	MORO	????? ??? ??? 115-17 1?()	????? ??? ????68? 21 1?(???)
6910	UNMATCHED	0.00	0.00	0.00	0.00	0.00	NULL	NULL	NULL	NULL
6916	MATCHED	15.00	80.00	35.00	10.00	20.00	9.98	????? ????	????? ??? ??? 166-6 202?	????? ??? ????114? 42 202?
6919	MATCHED	25.00	90.00	35.00	10.00	20.00	5.26	???? ????	????? ??? ??? 49-11 1? ????	????? ??? ???? 467 1? ????
6944	MATCHED	30.00	95.00	35.00	10.00	20.00	7.15	????? ????	????? ??? ??? 140-29	????? ??? ???94? 9
6947	MATCHED	8.00	73.00	35.00	10.00	20.00	14.79	???? ??? ??	????? ??? ??? 78-3 ?? 1?	????? ??? ???? 644 ?? 1?
6957	MATCHED	30.00	100.00	40.00	10.00	20.00	0.00	????	????? ??? ??? 141 ???? ??????7? ????	????? ??? ??? 514 (???) ???? ??????7? ????
6967	UNMATCHED	0.00	0.00	0.00	0.00	0.00	NULL	NULL	NULL	NULL
6972	MATCHED	30.00	100.00	40.00	10.00	20.00	2.43	????	????? ??? ??? 39-8 1? ????	????? ??? ???112? 19 1? ????
6977	MATCHED	25.00	95.00	40.00	10.00	20.00	6.09	???	????? ??? ??? 143-8 ????1? ???	????? ??? ????77? 17 ????1? ???
6990	MATCHED	15.00	80.00	35.00	10.00	20.00	20.50	??? ???	????? ??? ??? 121-38 1?	????? ??? ???103? 12 1?
6997	MATCHED	15.00	80.00	35.00	10.00	20.00	6.54	???? ?	????? ??? ??? 143-19 ????? 1?	????? ??? ????69? 10 ????? 1?
6999	MATCHED	30.00	100.00	40.00	10.00	20.00	5.45	???	????? ??? ??? 47-12	????? ??? ???115? 37
7004	UNMATCHED	0.00	0.00	0.00	0.00	0.00	NULL	NULL	NULL	NULL
7009	MATCHED	30.00	100.00	40.00	10.00	20.00	1.10	???	????? ??? ??? 157-23 2?	????? ??? ????81? 16 2?
7019	AMBIGUOUS	15.00	74.00	35.00	10.00	14.00	63.30	???	????? ??? ??? 159-8 ????? ?? 1? F-15?	????? ??? ???? 521 ????? ?? 1? F-15?
7033	MATCHED	30.00	95.00	35.00	10.00	20.00	6.89	??????? ?? ????	????? ??? ??? 44-15 1?	????? ??? ???? 445 1?
7042	UNMATCHED	0.00	0.00	0.00	0.00	0.00	NULL	NULL	NULL	NULL
7048	UNMATCHED	0.00	0.00	0.00	0.00	0.00	NULL	NULL	NULL	NULL
7063	MATCHED	25.00	95.00	40.00	10.00	20.00	6.77	????	????? ??? ??? 140-20 ???? 1?	????? ??? ???100? 34 ???? 1?
7067	MATCHED	15.00	85.00	40.00	10.00	20.00	0.00	????? ???	????? ??? ??? 158-9 ???? B1?	????? ??? ????87? 21 ???? B1?
7080	AMBIGUOUS	8.00	64.00	40.00	10.00	6.00	183.15	???????	????? ??? ??? 143-48 ???? ?	????? ??? ???? 435 ???? ?
7082	MATCHED	30.00	100.00	40.00	10.00	20.00	7.20	????	????? ??? ??? 120-7 ????	????? ??? ??? 557 ????
7088	MATCHED	30.00	100.00	40.00	10.00	20.00	5.87	?????	????? ??? ??? 38-18	????? ??? ????63? 7
7109	MATCHED	25.00	95.00	40.00	10.00	20.00	5.77	???	????? ??? ??? 143-12 1?	????? ??? ????77? 11-10 1?
7118	AMBIGUOUS	8.00	67.00	35.00	10.00	14.00	56.00	????? ??????	????? ??? ??? 159-8 ??????????? B1	????? ??? ???? 521 ??????????? B1
7123	UNMATCHED	0.00	0.00	0.00	0.00	0.00	NULL	NULL	NULL	NULL
7135	UNMATCHED	0.00	0.00	0.00	0.00	0.00	NULL	NULL	NULL	NULL
7141	MATCHED	8.00	78.00	40.00	10.00	20.00	1.56	?????	????? ??? ??? 153-54 1,2,???()	????? ??? ????87? 41 1,2,???(???)
7175	UNMATCHED	0.00	0.00	0.00	0.00	0.00	NULL	NULL	NULL	NULL
7190	MATCHED	30.00	95.00	35.00	10.00	20.00	7.61	??? ???	????? ??? ??? 151-18	????? ??? ????81? 47
7194	MATCHED	25.00	90.00	35.00	10.00	20.00	4.99	?? ???	????? ??? ??? 26-31 101?	????? ??? ????71? 31 101?
7197	UNMATCHED	0.00	0.00	0.00	0.00	0.00	NULL	NULL	NULL	NULL
7217	UNMATCHED	0.00	0.00	0.00	0.00	0.00	NULL	NULL	NULL	NULL
7227	MATCHED	30.00	86.00	40.00	10.00	6.00	207.27	??????	????? ??? ??? 159	????? ??? ???? 513
7228	UNMATCHED	0.00	0.00	0.00	0.00	0.00	NULL	NULL	NULL	NULL
7241	MATCHED	30.00	95.00	35.00	10.00	20.00	16.76	?? ??? ???	????? ??? ??? 113 ????	????? ??? ???? 418 ????
7252	MATCHED	15.00	85.00	40.00	10.00	20.00	6.98	?????????	????? ??? ??? 107-4 ???? 1?	????? ??? ????112? 6 , ???? 1?
7267	MATCHED	25.00	89.00	40.00	10.00	14.00	64.66	????	????? ??? ??? 55 1? ????	????? ??? ???88? 5 1? ????
7268	UNMATCHED	0.00	0.00	0.00	0.00	0.00	NULL	NULL	NULL	NULL
7277	UNMATCHED	0.00	0.00	0.00	0.00	0.00	NULL	NULL	NULL	NULL
7288	UNMATCHED	0.00	0.00	0.00	0.00	0.00	NULL	NULL	NULL	NULL
7301	UNMATCHED	0.00	0.00	0.00	0.00	0.00	NULL	NULL	NULL	NULL
7313	UNMATCHED	0.00	0.00	0.00	0.00	0.00	NULL	NULL	NULL	NULL
7314	UNMATCHED	0.00	0.00	0.00	0.00	0.00	NULL	NULL	NULL	NULL
7337	MATCHED	15.00	85.00	40.00	10.00	20.00	28.10	???? ??????	????? ??? ??? 8-1 ????	????? ??? ??? 664 ????
7342	MATCHED	25.00	95.00	40.00	10.00	20.00	0.00	????????	????? ??? ??? 152-45 1?	????? ??? ????81? 46-3 1?
7344	UNMATCHED	0.00	0.00	0.00	0.00	0.00	NULL	NULL	NULL	NULL
7346	UNMATCHED	0.00	0.00	0.00	0.00	0.00	NULL	NULL	NULL	NULL
7385	MATCHED	30.00	92.00	32.00	10.00	20.00	13.12	????? ?????	????? ??? ??? 119	????? ??? ???? 478 (???)
7393	MATCHED	25.00	95.00	40.00	10.00	20.00	1.96	??????? ???	????? ??? ??? 152-54 ???? 2? ???????	????? ??? ???104? 16 ???? 2? ???????
7395	MATCHED	30.00	100.00	40.00	10.00	20.00	3.53	????	????? ??? ??? 47	????? ??? ????69? 30
7396	UNMATCHED	0.00	0.00	0.00	0.00	0.00	NULL	NULL	NULL	NULL
7404	MATCHED	15.00	85.00	40.00	10.00	20.00	9.31	??????? ???????	????? ??? ??? 162-15 ????	????? ??? ????112? 6 ????
7415	UNMATCHED	0.00	0.00	0.00	0.00	0.00	NULL	NULL	NULL	NULL
7420	UNMATCHED	0.00	0.00	0.00	0.00	0.00	NULL	NULL	NULL	NULL
7444	UNMATCHED	0.00	0.00	0.00	0.00	0.00	NULL	NULL	NULL	NULL
7458	MATCHED	8.00	78.00	40.00	10.00	20.00	13.54	???? ?????	????? ??? ??? 37 ????? 1?	????? ??? ??? 604 ????? 1?
7461	MATCHED	15.00	85.00	40.00	10.00	20.00	8.06	?????	????? ??? ??? 127-9 ????1? ????? (???)	????? ??? ??? 535 ????1? ????? (???)
7462	MATCHED	15.00	85.00	40.00	10.00	20.00	9.75	???? ???	????? ??? ??? 143-6 ???? 1? LEVAINRULES	????? ??? ???95? 27 ???? 1? LEVAINRULES
7463	UNMATCHED	0.00	0.00	0.00	0.00	0.00	NULL	NULL	NULL	NULL
7472	MATCHED	25.00	95.00	40.00	10.00	20.00	0.00	???????	????? ??? ??? 155-7 2? ???????	????? ??? ????83? 29 2? ???????
7486	MATCHED	15.00	85.00	40.00	10.00	20.00	3.20	?????? ???	????? ??? ??? 158-4 ??? ???????	????? ??? ????83? 14 ??? ???????
7493	UNMATCHED	0.00	0.00	0.00	0.00	0.00	NULL	NULL	NULL	NULL
7500	MATCHED	25.00	90.00	35.00	10.00	20.00	5.24	??????? ????	????? ??? ??? 37-13 ??????? 1?	????? ??? ????57? 5 ?????????? 1?
7515	MATCHED	25.00	84.00	35.00	10.00	14.00	53.23	???? ??? ?????	????? ??? ??? 159-8 ??? ????? ??1?	????? ??? ???? 521 ??? ????? ??1?
7523	UNMATCHED	0.00	0.00	0.00	0.00	0.00	NULL	NULL	NULL	NULL
7545	MATCHED	30.00	95.00	35.00	10.00	20.00	3.37	??????? ???	????? ??? ??? 156-11	????? ??? ????81? 37
4337	AMBIGUOUS	8.00	64.00	40.00	10.00	6.00	281.65	???? ???	????? ??? ??? 316 ???? A-118?	????? ??? ??? 212-2 ???? A-118?
4350	UNMATCHED	0.00	0.00	0.00	0.00	0.00	NULL	NULL	NULL	NULL
4355	MATCHED	15.00	80.00	35.00	10.00	20.00	7.99	??? ?????	????? ??? ??? 894-5 1? 103?	????? ??? ???81? 22 1? 103?
4356	MATCHED	30.00	100.00	40.00	10.00	20.00	5.71	?? ???	????? ??? ??? 900-11	????? ??? ???63? 14
4362	UNMATCHED	0.00	0.00	0.00	0.00	0.00	NULL	NULL	NULL	NULL
4370	MATCHED	30.00	95.00	35.00	10.00	20.00	35.36	??? ???	????? ??? ??? 902	????? ??? ??? 417
4379	UNMATCHED	0.00	0.00	0.00	0.00	0.00	NULL	NULL	NULL	NULL
4381	MATCHED	30.00	100.00	40.00	10.00	20.00	4.90	????	????? ??? ??? 956-11 1?	????? ??? ???84? 23 1?
4394	UNMATCHED	0.00	0.00	0.00	0.00	0.00	NULL	NULL	NULL	NULL
4396	UNMATCHED	0.00	0.00	0.00	0.00	0.00	NULL	NULL	NULL	NULL
4402	MATCHED	30.00	100.00	40.00	10.00	20.00	6.21	????	????? ??? ??? 900-18 1?	????? ??? ???65? 20 1?
4403	MATCHED	25.00	95.00	40.00	10.00	20.00	4.09	??? ????	????? ??? ??? 897-8 2?	????? ??? ???86? 8 2?
4420	MATCHED	15.00	80.00	35.00	10.00	20.00	7.03	????????? ???	????? ??? ??? 901-44 1?	????? ??? ???75? 32-11 1?
4428	MATCHED	15.00	85.00	40.00	10.00	20.00	3.13	???	????? ??? ??? 956-18 1?	????? ??? ???84? 26 1?
4434	UNMATCHED	0.00	0.00	0.00	0.00	0.00	NULL	NULL	NULL	NULL
4451	MATCHED	25.00	87.00	32.00	10.00	20.00	9.32	??? ?? ???	????? ??? ??? 991-4 ???? 1? 103?	????? ??? ??? 532 ???? 1? 103?
4455	MATCHED	8.00	78.00	40.00	10.00	20.00	21.46	???	????? ??? ??? 908-1	????? ??? ??? 404
4470	MATCHED	30.00	100.00	40.00	10.00	20.00	2.69	???????	????? ??? ??? 916-30	????? ??? ???71? 25
4487	UNMATCHED	0.00	0.00	0.00	0.00	0.00	NULL	NULL	NULL	NULL
4499	UNMATCHED	0.00	0.00	0.00	0.00	0.00	NULL	NULL	NULL	NULL
4504	MATCHED	15.00	85.00	40.00	10.00	20.00	18.05	??	????? ??? ??? 626 ?????? 2?205-?,?	????? ??? ????? 2917 ?????? 2?205-?,?
4514	MATCHED	25.00	95.00	40.00	10.00	20.00	2.91	????? ???	????? ??? ??? 896-45 RG?? 2?	????? ??? ???86? 46 RG?? 2?
4541	MATCHED	30.00	82.00	22.00	10.00	20.00	5.92	????? ?? ?	????? ??? ??? 922-21 ????	????? ??? ???64? 9 ????
4555	UNMATCHED	0.00	0.00	0.00	0.00	0.00	NULL	NULL	NULL	NULL
4564	AMBIGUOUS	15.00	66.00	35.00	10.00	6.00	299.73	??????? ???	????? ??? ??? 316 ???? B?? ?1? 4?	????? ??? ??? 212 ???? B?? ?1? 4?
4569	MATCHED	30.00	100.00	40.00	10.00	20.00	44.45	???? ???	????? ??? ??? 902	????? ??? ??? 417
4577	MATCHED	15.00	85.00	40.00	10.00	20.00	39.19	????	????? ??? ??? 893 ??????? ?? B09	????? ??? ???85? 11 ??????? ?? B09
4579	MATCHED	30.00	95.00	35.00	10.00	20.00	3.60	????? ??2??	????? ??? ??? 896-2 1?	????? ??? ????64? 27 1?(???)
4584	UNMATCHED	0.00	0.00	0.00	0.00	0.00	NULL	NULL	NULL	NULL
4607	MATCHED	15.00	80.00	35.00	10.00	20.00	5.83	???????? ???? ?	????? ??? ??? 899-28 1? 102?	????? ??? ???63? 15 1? 102?
4629	MATCHED	30.00	95.00	35.00	10.00	20.00	6.01	?????? ???	????? ??? ??? 999-1	????? ??? ????86? 28
4636	MATCHED	8.00	73.00	35.00	10.00	20.00	16.49	???? ????	????? ??? ??? 891-28 ?????1	????? ??? ???85? 38 ??? ?????1
4649	MATCHED	30.00	89.00	35.00	10.00	14.00	60.19	?? ????? ???	????? ??? ??? 937	????? ??? ??? 401
4669	UNMATCHED	0.00	0.00	0.00	0.00	0.00	NULL	NULL	NULL	NULL
4672	MATCHED	15.00	85.00	40.00	10.00	20.00	3.43	?????	????? ??? ??? 900-12 ????	????? ??? ???76? 23 ????
4679	MATCHED	30.00	95.00	35.00	10.00	20.00	2.94	?????? ???	????? ??? ??? 896-15 101?	????? ??? ???67? 33 101?
4710	UNMATCHED	0.00	0.00	0.00	0.00	0.00	NULL	NULL	NULL	NULL
4718	MATCHED	25.00	90.00	35.00	10.00	20.00	3.04	???1??? ????	????? ??? ??? 928-6 101?	????? ??? ???77? 35 101?
4719	UNMATCHED	0.00	0.00	0.00	0.00	0.00	NULL	NULL	NULL	NULL
4734	MATCHED	30.00	95.00	35.00	10.00	20.00	2.79	??? ???	????? ??? ??? 897-6 1?	????? ??? ???86? 6 1?
4743	MATCHED	25.00	95.00	40.00	10.00	20.00	2.91	88??? ???	????? ??? ??? 896-34 2? 88??? ????	????? ??? ???86? 40 2? 88??? ????
4751	MATCHED	30.00	82.00	22.00	10.00	20.00	4.38	????? ?? ???	????? ??? ??? 930-16	????? ??? ???63? 16
4755	UNMATCHED	0.00	0.00	0.00	0.00	0.00	NULL	NULL	NULL	NULL
4772	MATCHED	30.00	100.00	40.00	10.00	20.00	7.64	????	????? ??? ??? 903-4	????? ??? ??? 455
4773	MATCHED	8.00	78.00	40.00	10.00	20.00	33.61	????? ????	????? ??? ??? 936-16 1?	????? ??? ???64? 20 1?
4782	MATCHED	15.00	85.00	40.00	10.00	20.00	0.77	???	????? ??? ??? 991-9 1?	????? ??? ???58? 31 1?
4790	MATCHED	30.00	95.00	35.00	10.00	20.00	4.16	???? ???	????? ??? ??? 936-25 1? 103, 104, 105?	????? ??? ???62? 9 1? 103, 104, 105?
4793	UNMATCHED	0.00	0.00	0.00	0.00	0.00	NULL	NULL	NULL	NULL
4798	UNMATCHED	0.00	0.00	0.00	0.00	0.00	NULL	NULL	NULL	NULL
4804	UNMATCHED	0.00	0.00	0.00	0.00	0.00	NULL	NULL	NULL	NULL
4806	UNMATCHED	0.00	0.00	0.00	0.00	0.00	NULL	NULL	NULL	NULL
4825	UNMATCHED	0.00	0.00	0.00	0.00	0.00	NULL	NULL	NULL	NULL
4833	MATCHED	8.00	78.00	40.00	10.00	20.00	13.43	????????	????? ??? ??? 956-6 2?	????? ??? ????88? 22 2?
4848	MATCHED	25.00	95.00	40.00	10.00	20.00	24.20	???? ????	????? ??? ??? 507-2 ??????? 123?	????? ??? ??? 155 ??????? 123?
4849	UNMATCHED	0.00	0.00	0.00	0.00	0.00	NULL	NULL	NULL	NULL
4853	MATCHED	8.00	78.00	40.00	10.00	20.00	33.26	???	????? ??? ??? 500 ????? ??1? ???	????? ??? ????? 2912 ????? ??1? ???
4855	MATCHED	30.00	100.00	40.00	10.00	20.00	7.71	?????	????? ??? ??? 977-12	????? ??? ???64? 41
4870	UNMATCHED	0.00	0.00	0.00	0.00	0.00	NULL	NULL	NULL	NULL
4871	MATCHED	25.00	90.00	35.00	10.00	20.00	5.40	???? ????? ???	????? ??? ??? 900-11 1? ?????	????? ??? ???63? 14 1? ?????
4872	MATCHED	30.00	100.00	40.00	10.00	20.00	2.10	????	????? ??? ??? 957-6 1? ????	????? ??? ???86? 16 1? ????
4874	UNMATCHED	0.00	0.00	0.00	0.00	0.00	NULL	NULL	NULL	NULL
4878	UNMATCHED	0.00	0.00	0.00	0.00	0.00	NULL	NULL	NULL	NULL
4908	UNMATCHED	0.00	0.00	0.00	0.00	0.00	NULL	NULL	NULL	NULL
4910	MATCHED	30.00	100.00	40.00	10.00	20.00	15.51	???? ????	????? ??? ??? 890-59	????? ??? ???86? 31
4914	MATCHED	25.00	90.00	35.00	10.00	20.00	7.78	?????? ????	????? ??? ??? 923-22 ??1? ??????	????? ??? ???64? 15 ??1? ??????
4915	MATCHED	15.00	85.00	40.00	10.00	20.00	5.42	???	????? ??? ??? 922-23 ??????	????? ??? ???64? 5 ??????
4916	AMBIGUOUS	8.00	64.00	40.00	10.00	6.00	118.89	?????	????? ??? ??? 989-7	????? ??? ???58? 13
4920	MATCHED	25.00	95.00	40.00	10.00	20.00	6.12	??????	????? ??? ??? 928-5 102?	????? ??? ???67? 25 102?
4928	UNMATCHED	0.00	0.00	0.00	0.00	0.00	NULL	NULL	NULL	NULL
4944	UNMATCHED	0.00	0.00	0.00	0.00	0.00	NULL	NULL	NULL	NULL
4948	MATCHED	30.00	100.00	40.00	10.00	20.00	3.46	??	????? ??? ??? 936-10 1? ??	????? ??? ???64? 10-1 1? ??
4949	MATCHED	30.00	95.00	35.00	10.00	20.00	11.71	????? ????	????? ??? ??? 922-23	????? ??? ???64? 5
4953	MATCHED	8.00	78.00	40.00	10.00	20.00	3.19	????	????? ??? ??? 891-40 ???? ?? ?? 1?	????? ??? ???90? 70 ???? ?? ?? 1?
4959	MATCHED	15.00	80.00	35.00	10.00	20.00	4.50	?????	????? ??? ??? 956-19 1?	????? ??? ???84? 28 1?
4962	UNMATCHED	0.00	0.00	0.00	0.00	0.00	NULL	NULL	NULL	NULL
4965	MATCHED	30.00	100.00	40.00	10.00	20.00	4.96	?????? ???	????? ??? ??? 900-24	????? ??? ???82? 28
4984	UNMATCHED	0.00	0.00	0.00	0.00	0.00	NULL	NULL	NULL	NULL
4987	MATCHED	30.00	95.00	35.00	10.00	20.00	2.99	??????? ????	????? ??? ??? 900-4	????? ??? ???63? 22
4990	AMBIGUOUS	8.00	53.00	35.00	10.00	0.00	NULL	???? ???	????? ??? ??? 923-11	????? ??? ???64? 15-10
4995	UNMATCHED	0.00	0.00	0.00	0.00	0.00	NULL	NULL	NULL	NULL
5011	MATCHED	25.00	90.00	35.00	10.00	20.00	6.39	????? ???	????? ??? ??? 923-29 ?????	????? ??? ???64? 15-7 ?????
5020	MATCHED	8.00	78.00	40.00	10.00	20.00	5.20	????	????? ??? ??? 956-21	????? ??? ???84? 32
5047	MATCHED	15.00	85.00	40.00	10.00	20.00	3.49	????	????? ??? ??? 626 ??1?	????? ??? ????? 2917 ??1?
5048	MATCHED	30.00	100.00	40.00	10.00	20.00	18.12	?????	????? ??? ??? 943-24 103? ?????	????? ??? ????88? 10 103? ?????
5049	UNMATCHED	0.00	0.00	0.00	0.00	0.00	NULL	NULL	NULL	NULL
5067	MATCHED	30.00	100.00	40.00	10.00	20.00	1.90	????	????? ??? ??? 923-6	????? ??? ???64? 15-16
5076	MATCHED	15.00	80.00	35.00	10.00	20.00	6.10	??? ????	????? ??? ??? 921-17 1?	????? ??? ???68? 9 1?
5096	MATCHED	30.00	100.00	40.00	10.00	20.00	2.70	???????	????? ??? ??? 896-37	????? ??? ???86? 40-3
5113	UNMATCHED	0.00	0.00	0.00	0.00	0.00	NULL	NULL	NULL	NULL
5114	UNMATCHED	0.00	0.00	0.00	0.00	0.00	NULL	NULL	NULL	NULL
5130	MATCHED	30.00	92.00	32.00	10.00	20.00	2.30	???? ?? ???	????? ??? ??? 891-44 ???? ?? 1?	????? ??? ????78? 16 (???, ???? ?? 1?)
5133	MATCHED	15.00	80.00	35.00	10.00	20.00	4.70	??? ???? ????	????? ??? ??? 896-16 1? ??? ???? ????	????? ??? ???86? 30 1? ??? ???? ????
5148	MATCHED	30.00	100.00	40.00	10.00	20.00	8.11	??	????? ??? ??? 896-9	????? ??? ???86? 28
5153	MATCHED	25.00	90.00	35.00	10.00	20.00	3.53	?????? ???	????? ??? ??? 957-2 ???? 1?	????? ??? ???86? 8 ???? 1?
5157	MATCHED	15.00	80.00	35.00	10.00	20.00	16.83	??? ??	????? ??? ??? 997-9 ???? ??1?	????? ??? ????108? 11 ???? ??1?
5159	MATCHED	15.00	80.00	35.00	10.00	20.00	21.02	??????? ???	????? ??? ??? 990 ???? 107?	????? ??? ??? 516 ???? 107?
5163	UNMATCHED	0.00	0.00	0.00	0.00	0.00	NULL	NULL	NULL	NULL
5176	MATCHED	15.00	85.00	40.00	10.00	20.00	2.47	???	????? ??? ??? 942-5 ??B.D 2F	????? ??? ???86? 7 ??B.D 2F
5181	MATCHED	30.00	100.00	40.00	10.00	20.00	9.46	??	????? ??? ??? 890-26 ????	????? ??? ????70? 10 ????
5190	MATCHED	15.00	85.00	40.00	10.00	20.00	9.32	????	????? ??? ??? 507 ?????? ??1? 4?	????? ??? ????? 2936 ?????? ??1? 4?
5196	UNMATCHED	0.00	0.00	0.00	0.00	0.00	NULL	NULL	NULL	NULL
5201	UNMATCHED	0.00	0.00	0.00	0.00	0.00	NULL	NULL	NULL	NULL
5207	MATCHED	30.00	100.00	40.00	10.00	20.00	0.77	???	????? ??? ??? 991-9 1?	????? ??? ???58? 31 1?
5209	MATCHED	30.00	95.00	35.00	10.00	20.00	5.70	?????? ???	????? ??? ??? 991-1 1?	????? ??? ??? 526 1?
5212	MATCHED	30.00	100.00	40.00	10.00	20.00	5.33	?????	????? ??? ??4? 932-9 1?	????? ??? ???63? 17 1?
5217	MATCHED	25.00	81.00	40.00	10.00	6.00	187.34	?????? ????	????? ??? ??? 670 ????????? 104?	????? ??? ??? 206 ????????? 104?
5227	MATCHED	15.00	85.00	40.00	10.00	20.00	22.71	?????? ???	????? ??? ??? 622 ?? ???? 108,109?	????? ??? ????? 2927 ?? ???? 108,109?
5233	MATCHED	8.00	78.00	40.00	10.00	20.00	9.50	?????	????? ??? ??? 908-5 1?, 2?	????? ??? ??? 410 1?, 2?
5236	UNMATCHED	0.00	0.00	0.00	0.00	0.00	NULL	NULL	NULL	NULL
5242	MATCHED	30.00	95.00	35.00	10.00	20.00	5.41	??? ????	????? ??? ??? 991-4 1?	????? ??? ??? 532 1?
5243	UNMATCHED	0.00	0.00	0.00	0.00	0.00	NULL	NULL	NULL	NULL
5245	UNMATCHED	0.00	0.00	0.00	0.00	0.00	NULL	NULL	NULL	NULL
5247	UNMATCHED	0.00	0.00	0.00	0.00	0.00	NULL	NULL	NULL	NULL
5264	MATCHED	30.00	100.00	40.00	10.00	20.00	0.01	??? ???	????? ??? ??? 942 ??1?? ??1?	????? ??? ???? 504 ??1?? ??1?
5267	UNMATCHED	0.00	0.00	0.00	0.00	0.00	NULL	NULL	NULL	NULL
5270	UNMATCHED	0.00	0.00	0.00	0.00	0.00	NULL	NULL	NULL	NULL
5272	UNMATCHED	0.00	0.00	0.00	0.00	0.00	NULL	NULL	NULL	NULL
5274	MATCHED	30.00	100.00	40.00	10.00	20.00	9.94	??????? ????	????? ??? ??? 946-15	????? ??? ????85? 6
5276	MATCHED	30.00	100.00	40.00	10.00	20.00	2.97	???????	????? ??? ??? 945-28	????? ??? ????92? 11
5291	UNMATCHED	0.00	0.00	0.00	0.00	0.00	NULL	NULL	NULL	NULL
5293	MATCHED	30.00	100.00	40.00	10.00	20.00	5.21	?????	????? ??? ??? 899-17	????? ??? ???63? 17
5295	UNMATCHED	0.00	0.00	0.00	0.00	0.00	NULL	NULL	NULL	NULL
5300	MATCHED	25.00	80.00	35.00	0.00	20.00	33.38	?? ???	????? ??? ??? 626 1? 121?	????? ??? ????? 2917 1? 121?
5307	UNMATCHED	0.00	0.00	0.00	0.00	0.00	NULL	NULL	NULL	NULL
5321	MATCHED	30.00	100.00	40.00	10.00	20.00	0.00	??????	????? ??? ??? 891-44 ??1? 12?	????? ??? ????78? 16 ??1? 12?
5324	MATCHED	30.00	100.00	40.00	10.00	20.00	2.56	???????	????? ??? ??? 923-18 1?	????? ??? ???64? 15-6 1?
5329	MATCHED	30.00	95.00	35.00	10.00	20.00	7.32	?? ???	????? ??? ??? 906-23	????? ??? ??? 417
5332	UNMATCHED	0.00	0.00	0.00	0.00	0.00	NULL	NULL	NULL	NULL
5335	MATCHED	30.00	100.00	40.00	10.00	20.00	3.55	??? 1998	????? ??? ??? 923-25 1?	????? ??? ???64? 15-3 1?
5346	MATCHED	30.00	81.00	35.00	10.00	6.00	137.62	CAFE ?	????? ??? ??? 66	????? ??? ???? 210
5348	UNMATCHED	0.00	0.00	0.00	0.00	0.00	NULL	NULL	NULL	NULL
5349	MATCHED	30.00	100.00	40.00	10.00	20.00	0.00	???????	????? ??? ??? 957-6 2?	????? ??? ???86? 16 2?
5356	UNMATCHED	0.00	0.00	0.00	0.00	0.00	NULL	NULL	NULL	NULL
5358	UNMATCHED	0.00	0.00	0.00	0.00	0.00	NULL	NULL	NULL	NULL
5360	UNMATCHED	0.00	0.00	0.00	0.00	0.00	NULL	NULL	NULL	NULL
5364	UNMATCHED	0.00	0.00	0.00	0.00	0.00	NULL	NULL	NULL	NULL
5393	MATCHED	30.00	100.00	40.00	10.00	20.00	0.00	??????	????? ??? ??? 628	????? ??? ????? 2915
5394	MATCHED	15.00	85.00	40.00	10.00	20.00	5.65	???	????? ??? ??? 955 ??	????? ??? ???82? 20 ??
5403	MATCHED	30.00	100.00	40.00	10.00	20.00	5.84	???	????? ??? ??? 913-7 1? ???	????? ??? ???71? 7 1? ???
5404	MATCHED	25.00	95.00	40.00	10.00	20.00	6.26	????	????? ??? ??? 909-15 1? 101? ????	????? ??? ???64? 7 1? 101? ????
5407	MATCHED	30.00	100.00	40.00	10.00	20.00	6.23	????? ???	????? ??? ??? 935-3	????? ??? ???64? 26
5417	UNMATCHED	0.00	0.00	0.00	0.00	0.00	NULL	NULL	NULL	NULL
5435	MATCHED	25.00	95.00	40.00	10.00	20.00	5.20	???	????? ??? ??? 913-14 ???? 1?	????? ??? ??? 341 ???? 1?
5446	MATCHED	15.00	80.00	35.00	10.00	20.00	21.58	???? ???	????? ??? ??? 891-26 ????????4?	????? ??? ???85? 42 ????????4?
5449	MATCHED	30.00	100.00	40.00	10.00	20.00	4.32	????	????? ??? ??? 900-9 1?	????? ??? ???65? 15 1?
5450	UNMATCHED	0.00	0.00	0.00	0.00	0.00	NULL	NULL	NULL	NULL
5451	MATCHED	30.00	100.00	40.00	10.00	20.00	8.41	???? ???	????? ??? ??? 989-10	????? ??? ???84? 6
5458	MATCHED	30.00	100.00	40.00	10.00	20.00	3.21	??? ??1??	????? ??? ??? 922-27	????? ??? ???66? 6
5470	UNMATCHED	0.00	0.00	0.00	0.00	0.00	NULL	NULL	NULL	NULL
5483	MATCHED	30.00	100.00	40.00	10.00	20.00	2.60	????	????? ??? ??? 1005-4	????? ??? ????76? 12
5491	MATCHED	25.00	95.00	40.00	10.00	20.00	5.44	??? ?????	????? ??? ??? 912-29 1?	????? ??? ???71? 14 1?
5494	UNMATCHED	0.00	0.00	0.00	0.00	0.00	NULL	NULL	NULL	NULL
5520	MATCHED	15.00	85.00	40.00	10.00	20.00	30.04	????? ????	????? ??? ??? 923-15 1?	????? ??? ???64? 19 (???) 1?
5526	MATCHED	30.00	94.00	40.00	10.00	14.00	50.16	?????	????? ??? ??? 946-1 ?????	????? ??? ???? 534 ?????
5529	UNMATCHED	0.00	0.00	0.00	0.00	0.00	NULL	NULL	NULL	NULL
5554	UNMATCHED	0.00	0.00	0.00	0.00	0.00	NULL	NULL	NULL	NULL
5577	MATCHED	30.00	95.00	35.00	10.00	20.00	6.04	??? ???	????? ??? ??? 994-16	????? ??? ???? 219
5581	UNMATCHED	0.00	0.00	0.00	0.00	0.00	NULL	NULL	NULL	NULL
5588	MATCHED	30.00	95.00	35.00	10.00	20.00	3.20	??? ??? ????? ?????	????? ??? ??? 890-44 1? ?????? ?????	????? ??? ???86? 39 1? ?????? ?????
5590	UNMATCHED	0.00	0.00	0.00	0.00	0.00	NULL	NULL	NULL	NULL
5601	MATCHED	15.00	80.00	35.00	10.00	20.00	14.52	???? ???	????? ??? ??? 935-36 ?????	????? ??? ???63? 12 ?????
5610	MATCHED	30.00	95.00	35.00	10.00	20.00	4.01	??? ?????	????? ??? ??? 906-21 1? ???????	????? ??? ??? 421 1? ???????
5618	AMBIGUOUS	8.00	72.00	40.00	10.00	14.00	60.77	???	????? ??? ??? 893 ????? B3 ??? ????	????? ??? ???85? 11 ????? B3 ??? ????
5633	MATCHED	30.00	100.00	40.00	10.00	20.00	2.22	????	????? ??? ??? 950-2	????? ??? ????85? 17-5
5640	UNMATCHED	0.00	0.00	0.00	0.00	0.00	NULL	NULL	NULL	NULL
5641	UNMATCHED	0.00	0.00	0.00	0.00	0.00	NULL	NULL	NULL	NULL
5644	MATCHED	25.00	95.00	40.00	10.00	20.00	5.99	???	????? ??? ??? 897-22 1? ???	????? ??? ???86? 18 1? ???
5652	MATCHED	30.00	100.00	40.00	10.00	20.00	4.20	????	????? ??? ??? 904-11	????? ??? ???77? 5
5678	MATCHED	15.00	85.00	40.00	10.00	20.00	2.38	????	????? ??? ??? 896-2 ?? 1?	????? ??? ????64? 27 ?? 1?
5706	MATCHED	30.00	95.00	35.00	10.00	20.00	21.74	?? ???	????? ??? ??? 990	????? ??? ??? 516
5724	MATCHED	30.00	95.00	35.00	10.00	20.00	0.80	???? ?????	????? ??? ??? 897-23 ??1?	????? ??? ???86? 16-3 ??1?
5732	UNMATCHED	0.00	0.00	0.00	0.00	0.00	NULL	NULL	NULL	NULL
5745	UNMATCHED	0.00	0.00	0.00	0.00	0.00	NULL	NULL	NULL	NULL
5747	MATCHED	15.00	85.00	40.00	10.00	20.00	4.45	????	????? ??? ??? 994-8 ???? 1?	????? ??? ???? 221 ???? 1?
5761	MATCHED	30.00	82.00	22.00	10.00	20.00	3.54	??????? ??? ??1? ?	????? ??? ??? 956-4	????? ??? ???86? 26
5775	MATCHED	30.00	92.00	32.00	10.00	20.00	0.00	?? ? ?? ???	????? ??? ??? 996-16 ???? ???	????? ??? ????86? 17 ???? ???
5779	MATCHED	30.00	100.00	40.00	10.00	20.00	3.66	?? ?? ?? 99.9	????? ??? ??? 901-77	????? ??? ???75? 26
5784	MATCHED	30.00	100.00	40.00	10.00	20.00	3.51	??	????? ??? ??? 956	????? ??? ???86? 18
5787	MATCHED	30.00	100.00	40.00	10.00	20.00	9.22	??????? ???	????? ??? ??? 897 2?	????? ??? ??? 424 2?
5792	MATCHED	30.00	100.00	40.00	10.00	20.00	6.31	???	????? ??? ??? 920-15 1? ???	????? ??? ???64? 18 1? ???
5793	UNMATCHED	0.00	0.00	0.00	0.00	0.00	NULL	NULL	NULL	NULL
5804	MATCHED	8.00	78.00	40.00	10.00	20.00	0.38	?????	????? ??? ??? 962-11 ????? 1,2?	????? ??? ??? 340 ????? 1,2?
5810	MATCHED	30.00	95.00	35.00	10.00	20.00	4.14	???? ?????	????? ??? ??? 945-22	????? ??? ????85? 20-5
5817	MATCHED	15.00	80.00	35.00	10.00	20.00	24.33	???? ???	????? ??? ??? 990 1? ????	????? ??? ??? 516 1? ????
5819	MATCHED	15.00	85.00	40.00	10.00	20.00	6.53	??? ???	????? ??? ??? 920-26 ??101?	????? ??? ???68? 11 ??101?
5820	MATCHED	30.00	95.00	35.00	10.00	20.00	11.56	????? ????	????? ??? ??? 897	????? ??? ??? 424
5822	UNMATCHED	0.00	0.00	0.00	0.00	0.00	NULL	NULL	NULL	NULL
5823	MATCHED	30.00	100.00	40.00	10.00	20.00	6.11	??????	????? ??? ??? 901-25 1?	????? ??? ???81? 39 1?
5824	MATCHED	30.00	100.00	40.00	10.00	20.00	5.17	??? ????	????? ??? ??? 906-1	????? ??? ???63? 6
5828	MATCHED	15.00	85.00	40.00	10.00	20.00	0.00	???	????? ??? ??? 894 B01? ???	????? ??? ???85? 33 B01? ???
5833	AMBIGUOUS	15.00	71.00	40.00	10.00	6.00	278.06	???????	????? ??? ??? 316	????? ??? ??? 212-2
5845	MATCHED	15.00	85.00	40.00	10.00	20.00	16.99	??? ??	????? ??? ??? 891-44 ???? 1?	????? ??? ????78? 16 ???? 1?
5858	MATCHED	30.00	100.00	40.00	10.00	20.00	3.88	?????????	????? ??? ??? 976-8 ?????????	????? ??? ???72? 64 ?????????
5865	UNMATCHED	0.00	0.00	0.00	0.00	0.00	NULL	NULL	NULL	NULL
5879	MATCHED	30.00	100.00	40.00	10.00	20.00	0.01	?????? ???	????? ??? ??? 599 2?	????? ??? ????? 2947 2?
5890	MATCHED	30.00	100.00	40.00	10.00	20.00	2.51	???	????? ??? ??? 999-12	????? ??? ????82? 29
5895	MATCHED	8.00	78.00	40.00	10.00	20.00	13.48	?????? ???	????? ??? ??? 890-45 ????	????? ??? ???86? 37 ????
5898	AMBIGUOUS	8.00	64.00	40.00	10.00	6.00	298.65	????	????? ??? ??? 316	????? ??? ??? 212-2
5900	MATCHED	30.00	100.00	40.00	10.00	20.00	0.00	???21 ???	????? ??? ??? 997-12 1?	????? ??? ????86? 27 1?
5922	MATCHED	30.00	95.00	35.00	10.00	20.00	5.33	??? ???	????? ??? ??? 956-15 1? ???	????? ??? ????84? 25 1? ???
5925	MATCHED	30.00	95.00	35.00	10.00	20.00	11.52	?????? ??2??	????? ??? ??? 941-18 101?	????? ??? ??? 301 101?
5928	UNMATCHED	0.00	0.00	0.00	0.00	0.00	NULL	NULL	NULL	NULL
5960	MATCHED	30.00	100.00	40.00	10.00	20.00	5.66	?????? ???	????? ??? ??? 1021-14 1?	????? ??? ???57? 22 1?
5967	MATCHED	30.00	100.00	40.00	10.00	20.00	1.96	?????	????? ??? ??? 897-27	????? ??? ????64? 26
5978	MATCHED	30.00	95.00	35.00	10.00	20.00	4.42	???? ?? ?? 2??	????? ??? ??? 896-37	????? ??? ???86? 40-3
5980	AMBIGUOUS	15.00	71.00	40.00	10.00	6.00	115.08	???	????? ??? ??? 941-27	????? ??? ??? 443
5987	MATCHED	30.00	100.00	40.00	10.00	20.00	6.84	???? ?????	????? ??? ??? 995-23	????? ??? ????104? 12
5988	MATCHED	30.00	90.00	40.00	0.00	20.00	1.70	??????	????? ??? ??? 897-28	????? ??? ????64? 24
5994	MATCHED	15.00	80.00	35.00	10.00	20.00	9.75	????? ????	????? ??? ??? 890-54 ?? 1? 104?	????? ??? ????64? 13 ?? 1? 104?
6012	MATCHED	30.00	100.00	40.00	10.00	20.00	7.18	??????	????? ??? ??? 1001-6 ?? ??????	????? ??? ????86? 10 ?? ??????
6013	UNMATCHED	0.00	0.00	0.00	0.00	0.00	NULL	NULL	NULL	NULL
6018	UNMATCHED	0.00	0.00	0.00	0.00	0.00	NULL	NULL	NULL	NULL
6022	MATCHED	15.00	85.00	40.00	10.00	20.00	2.05	????	????? ??? ??? 896-6 1? ????	????? ??? ???65? 33 1? ????
6026	UNMATCHED	0.00	0.00	0.00	0.00	0.00	NULL	NULL	NULL	NULL
6037	UNMATCHED	0.00	0.00	0.00	0.00	0.00	NULL	NULL	NULL	NULL
6045	UNMATCHED	0.00	0.00	0.00	0.00	0.00	NULL	NULL	NULL	NULL
6049	UNMATCHED	0.00	0.00	0.00	0.00	0.00	NULL	NULL	NULL	NULL
6060	AMBIGUOUS	8.00	60.00	22.00	10.00	20.00	14.99	???? ??? ???	????? ??? ??? 653 ???? 107?	????? ??? ????? 2911 ???? 107?
6070	UNMATCHED	0.00	0.00	0.00	0.00	0.00	NULL	NULL	NULL	NULL
6071	UNMATCHED	0.00	0.00	0.00	0.00	0.00	NULL	NULL	NULL	NULL
6083	MATCHED	30.00	95.00	35.00	10.00	20.00	4.37	????? ???	????? ??? ??? 946	????? ??? ???? 532
6091	MATCHED	30.00	86.00	40.00	10.00	6.00	202.99	???	????? ??? ??? 511 ??1?	????? ??? ??? 150 ??1?
6094	UNMATCHED	0.00	0.00	0.00	0.00	0.00	NULL	NULL	NULL	NULL
6104	AMBIGUOUS	8.00	72.00	40.00	10.00	14.00	72.22	??????? ???	????? ??? ??? 922 ??1? 6?	????? ??? ??? 326 ??1? 6?
6123	MATCHED	8.00	78.00	40.00	10.00	20.00	39.04	??????? ????	????? ??? ??? 996-17 ???????? B1?	????? ??? ???? 616 ???????? B1?
6130	UNMATCHED	0.00	0.00	0.00	0.00	0.00	NULL	NULL	NULL	NULL
6143	MATCHED	8.00	78.00	40.00	10.00	20.00	3.12	22??	????? ??? ??? 957-22	????? ??? ???82? 15
6151	MATCHED	15.00	85.00	40.00	10.00	20.00	19.96	???????	????? ??? ??? 507 ?????? ??1? 105?	????? ??? ????? 2936 ?????? ??1? 105?
6157	MATCHED	15.00	80.00	35.00	10.00	20.00	6.70	??? ??? ???	????? ??? ??? 940-6 102?	????? ??? ???77? 7 102?
6158	MATCHED	15.00	80.00	35.00	10.00	20.00	6.78	??? ????	????? ??? ??? 900-19 1?	????? ??? ???67? 19 1?
6160	MATCHED	30.00	100.00	40.00	10.00	20.00	6.54	??????	????? ??? ??? 907-15 ??1? 102?	????? ??? ??? 402 ??1? 102?
6173	MATCHED	25.00	95.00	40.00	10.00	20.00	14.03	????? ???	????? ??? ??? 940-8 101?	????? ??? ???77? 3 101?
6181	UNMATCHED	0.00	0.00	0.00	0.00	0.00	NULL	NULL	NULL	NULL
6184	MATCHED	25.00	95.00	40.00	10.00	20.00	0.01	?????	????? ??? ??? 942 ??1? 2?	????? ??? ???? 504 ??1? 2?
6187	MATCHED	25.00	90.00	35.00	10.00	20.00	10.79	???? ????? ?	????? ??? ??? 891-43 MSA?? 1? ????	????? ??? ????78? 12 MSA?? 1? ????
6189	MATCHED	30.00	100.00	40.00	10.00	20.00	6.54	?????	????? ??? ??? 989-10	????? ??? ???84? 6
6193	UNMATCHED	0.00	0.00	0.00	0.00	0.00	NULL	NULL	NULL	NULL
6200	UNMATCHED	0.00	0.00	0.00	0.00	0.00	NULL	NULL	NULL	NULL
6203	AMBIGUOUS	8.00	64.00	40.00	10.00	6.00	231.21	????? ???	????? ??? ??? 899-4 2?	????? ??? ???63? 21 2?
6206	UNMATCHED	0.00	0.00	0.00	0.00	0.00	NULL	NULL	NULL	NULL
6208	MATCHED	30.00	100.00	40.00	10.00	20.00	1.95	???	????? ??? ??? 956-25	????? ??? ???82? 25
6213	MATCHED	30.00	95.00	35.00	10.00	20.00	7.47	??? ??2??	????? ??? ??? 932-4 1? 101	????? ??? ???61? 22 1? 101
6234	UNMATCHED	0.00	0.00	0.00	0.00	0.00	NULL	NULL	NULL	NULL
6249	AMBIGUOUS	15.00	71.00	32.00	10.00	14.00	63.31	????? ??????	????? ??? ??? 893 ??????? ??????? B1,B2?[????? ??]	????? ??? ???85? 11 ??????? ??????? B1,B2?[????? ??]
6256	UNMATCHED	0.00	0.00	0.00	0.00	0.00	NULL	NULL	NULL	NULL
6257	UNMATCHED	0.00	0.00	0.00	0.00	0.00	NULL	NULL	NULL	NULL
6260	MATCHED	30.00	95.00	35.00	10.00	20.00	6.55	????? ??	????? ??? ??? 945-23 1?	????? ??? ????85? 20-7 1?
6261	MATCHED	30.00	100.00	40.00	10.00	20.00	4.28	???	????? ??? ??? 900 2? ???	????? ??? ???63? 24 2? ???
6265	MATCHED	30.00	100.00	40.00	10.00	20.00	1.69	???? ???	????? ??? ??? 895-1 2?	????? ??? ???85? 39 2?
6266	MATCHED	30.00	100.00	40.00	10.00	20.00	5.52	?????	????? ??? ??? 1000-1 ??1?	????? ??? ????86? 18 ??1?
6282	MATCHED	15.00	80.00	35.00	10.00	20.00	2.86	????? ???	????? ??? ??? 896-25 ????2?	????? ??? ???86? 34 ????2?
6287	MATCHED	30.00	100.00	40.00	10.00	20.00	2.43	???????	????? ??? ??? 957-22	????? ??? ???82? 15
6290	UNMATCHED	0.00	0.00	0.00	0.00	0.00	NULL	NULL	NULL	NULL
6296	MATCHED	25.00	95.00	40.00	10.00	20.00	1.32	???? ???	????? ??? ??? 1023-4 ????? 1?	????? ??? ??? 428 ????? 1?
6309	MATCHED	15.00	80.00	35.00	10.00	20.00	0.00	?????????? ???????	????? ??? ??? 629 ???? B1? ?????????? ???????	????? ??? ????? 2913 ???? B1? ?????????? ???????
6315	UNMATCHED	0.00	0.00	0.00	0.00	0.00	NULL	NULL	NULL	NULL
6319	MATCHED	30.00	100.00	40.00	10.00	20.00	3.95	?????	????? ??? ??? 1000-1	????? ??? ????86? 18
6328	MATCHED	30.00	100.00	40.00	10.00	20.00	6.14	????? ?????	????? ??? ??? 989-5 1? ?????	????? ??? ???58? 9 1? ?????
6338	MATCHED	15.00	85.00	40.00	10.00	20.00	46.88	???? ??????	????? ??? ??? 893 ??????? 1?	????? ??? ???85? 11 ??????? 1?
6339	MATCHED	30.00	100.00	40.00	10.00	20.00	3.69	???	????? ??? ??? 901-77 1? ???	????? ??? ???75? 26 1? ???
6347	AMBIGUOUS	8.00	64.00	40.00	10.00	6.00	181.01	?? ??	????? ??? ??? 957-2 2?	????? ??? ???86? 8 2?
6352	MATCHED	30.00	95.00	35.00	10.00	20.00	5.41	??? ???	????? ??? ??? 1000-6 ??? ???	????? ??? ????108? 28 ??? ???
6355	UNMATCHED	0.00	0.00	0.00	0.00	0.00	NULL	NULL	NULL	NULL
6357	MATCHED	15.00	85.00	40.00	10.00	20.00	11.27	????? ???????	????? ??? ??? 891-26 ????????	????? ??? ???85? 42 ???????????
6364	MATCHED	30.00	100.00	40.00	10.00	20.00	2.96	???	????? ??? ??2? 989-3	????? ??? ??? 510
6371	MATCHED	15.00	80.00	35.00	10.00	20.00	16.62	??? ???	????? ??? ??? 891-6 ????? 1F ( 891-6)	????? ??? ???? 428 ????? 1F (??? 891-6)
6376	MATCHED	30.00	100.00	40.00	10.00	20.00	2.15	????? ???	????? ??? ??? 923-24	????? ??? ???64? 11-4
6378	AMBIGUOUS	15.00	71.00	40.00	10.00	6.00	103.29	??	????? ??? ??? 936-18	????? ??? ???62? 19
6380	UNMATCHED	0.00	0.00	0.00	0.00	0.00	NULL	NULL	NULL	NULL
6382	UNMATCHED	0.00	0.00	0.00	0.00	0.00	NULL	NULL	NULL	NULL
6390	MATCHED	30.00	90.00	40.00	0.00	20.00	9.79	???????	????? ??? ??? 966	????? ??? ??? 534
6399	MATCHED	15.00	85.00	40.00	10.00	20.00	15.10	????	????? ??? ??? 994-8 ????	????? ??? ???? 221 ????
6402	UNMATCHED	0.00	0.00	0.00	0.00	0.00	NULL	NULL	NULL	NULL
6404	AMBIGUOUS	8.00	64.00	40.00	10.00	6.00	281.71	???	????? ??? ??? 994-8 ???? ??1? 1?	????? ??? ???? 221 ???? ??1? 1?
6410	MATCHED	30.00	100.00	40.00	10.00	20.00	1.49	??	????? ??? ??? 950-11 2? 2?	????? ??? ????98? 28 2? 2?
6411	MATCHED	15.00	85.00	40.00	10.00	20.00	3.94	????	????? ??? ??? 907-5 1? ???? ????	????? ??? ???76? 22 1? ???? ????
6413	MATCHED	15.00	85.00	40.00	10.00	20.00	12.44	???? ???	????? ??? ??? 897-3 1? 2?	????? ??? ??? 420 1? 2?
6414	UNMATCHED	0.00	0.00	0.00	0.00	0.00	NULL	NULL	NULL	NULL
6427	UNMATCHED	0.00	0.00	0.00	0.00	0.00	NULL	NULL	NULL	NULL
6433	MATCHED	30.00	100.00	40.00	10.00	20.00	2.04	??	????? ??? ??? 989-7	????? ??? ???58? 13
6442	MATCHED	15.00	85.00	40.00	10.00	20.00	4.61	??? ??	????? ??? ??? 941-32 1? ohrola	????? ??? ???77? 6 1? ohrola
6444	UNMATCHED	0.00	0.00	0.00	0.00	0.00	NULL	NULL	NULL	NULL
6450	MATCHED	25.00	95.00	40.00	10.00	20.00	3.73	???	????? ??? ??? 982-8 103?	????? ??? ???99? 23 103?
6457	MATCHED	30.00	100.00	40.00	10.00	20.00	2.20	????????????? ???	????? ??? ??? 936-16 2? ????????????? ???	????? ??? ???64? 20 2? ????????????? ???
6461	MATCHED	25.00	81.00	40.00	10.00	6.00	246.34	?????	????? ??? ??? 316 B?? 1? 172?	????? ??? ??? 212 B?? 1? 172?
6466	AMBIGUOUS	15.00	71.00	40.00	10.00	6.00	203.71	????	????? ??? ??? 511 ??????	????? ??? ??? 150 ??????
6481	UNMATCHED	0.00	0.00	0.00	0.00	0.00	NULL	NULL	NULL	NULL
6485	MATCHED	15.00	85.00	40.00	10.00	20.00	13.30	???	????? ??? ??? 968-4 ??1?	????? ??? ???? 333 ??1?
6511	MATCHED	30.00	100.00	40.00	10.00	20.00	4.37	??? ???????	????? ??? ??? 908 1? 4?	????? ??? ??? 344 1? 4?
6515	MATCHED	30.00	95.00	35.00	10.00	20.00	4.53	???? ????&????	????? ??? ??? 922-14 1?	????? ??? ???66? 8 1?
6516	MATCHED	30.00	95.00	35.00	10.00	20.00	5.04	????? ???	????? ??? ??? 901-38	????? ??? ???81? 37
6519	MATCHED	15.00	80.00	35.00	10.00	20.00	7.95	??? ???	????? ??? ??? 950-1 ????	????? ??? ????85? 13 ???????
6522	MATCHED	25.00	90.00	35.00	10.00	20.00	9.27	???? ???1????	????? ??? ??? 895 ???? 2?	????? ??? ???85? 43 ???? 2?
6533	MATCHED	15.00	80.00	35.00	10.00	20.00	4.38	??? ???	????? ??? ??? 941 102? ???	????? ??? ???77? 8 102? ???
6548	MATCHED	30.00	100.00	40.00	10.00	20.00	4.38	??????	????? ??? ??? 897-23	????? ??? ???86? 16-3
6549	UNMATCHED	0.00	0.00	0.00	0.00	0.00	NULL	NULL	NULL	NULL
6551	MATCHED	15.00	85.00	40.00	10.00	20.00	8.77	????	????? ??? ??? 901-66 ????	????? ??? ???81? 21 ????
6553	AMBIGUOUS	8.00	64.00	40.00	10.00	6.00	281.13	?????	????? ??? ??? 316	????? ??? ??? 212-2
6571	MATCHED	30.00	95.00	35.00	10.00	20.00	6.43	?? ??	????? ??? ??? 943-12 2?	????? ??? ????84? 13 2?
6574	UNMATCHED	0.00	0.00	0.00	0.00	0.00	NULL	NULL	NULL	NULL
6586	MATCHED	15.00	85.00	40.00	10.00	20.00	7.25	???????? ????	????? ??? ??? 950-11 ???? 2? 1?	????? ??? ????98? 28 ???? 2? 1?
6592	AMBIGUOUS	8.00	64.00	40.00	10.00	6.00	220.17	????	????? ??? ??? 1019-13 ???? 103?	????? ??? ??? 231 ???? 103?
6593	AMBIGUOUS	8.00	46.00	22.00	10.00	6.00	299.61	?? ? ?? ????	????? ??? ??? 900-14 1? 101? ?????	????? ??? ???76? 27 1? 101? ?????
6600	MATCHED	25.00	77.00	22.00	10.00	20.00	7.59	???? ?????	????? ??? ??? 999 ???? 1?	????? ??? ????108? 19 ???? 1?
6606	MATCHED	15.00	85.00	40.00	10.00	20.00	16.07	????? ????	????? ??? ??? 1001 ???? 1?	????? ??? ???? 424 ???? 1?
6610	UNMATCHED	0.00	0.00	0.00	0.00	0.00	NULL	NULL	NULL	NULL
6620	MATCHED	30.00	100.00	40.00	10.00	20.00	6.71	???? ???	????? ??? ??? 943-13	????? ??? ????86? 14
6642	UNMATCHED	0.00	0.00	0.00	0.00	0.00	NULL	NULL	NULL	NULL
6669	MATCHED	15.00	85.00	40.00	10.00	20.00	5.34	??? ???	????? ??? ??? 901-38 1?	????? ??? ???81? 37 1?
6674	MATCHED	30.00	95.00	35.00	10.00	20.00	4.27	??????? ???	????? ??? ??? 955-6	????? ??? ???83? 24
6684	UNMATCHED	0.00	0.00	0.00	0.00	0.00	NULL	NULL	NULL	NULL
6707	UNMATCHED	0.00	0.00	0.00	0.00	0.00	NULL	NULL	NULL	NULL
6715	UNMATCHED	0.00	0.00	0.00	0.00	0.00	NULL	NULL	NULL	NULL
6717	MATCHED	30.00	100.00	40.00	10.00	20.00	6.74	???	????? ??? ??? 897-33	????? ??? ???86? 16
6718	MATCHED	30.00	95.00	35.00	10.00	20.00	11.46	????? ???	????? ??? ??? 997-9	????? ??? ????108? 11
6721	UNMATCHED	0.00	0.00	0.00	0.00	0.00	NULL	NULL	NULL	NULL
6729	MATCHED	30.00	100.00	40.00	10.00	20.00	4.10	?????	????? ??? ??? 897-27 2?	????? ??? ????64? 26 2?
6731	MATCHED	30.00	95.00	35.00	10.00	20.00	11.96	?? ????	????? ??? ??? 982-1 1?, ?? ????	????? ??? ???99? 31 1?, ?? ????
6733	UNMATCHED	0.00	0.00	0.00	0.00	0.00	NULL	NULL	NULL	NULL
6750	UNMATCHED	0.00	0.00	0.00	0.00	0.00	NULL	NULL	NULL	NULL
6758	AMBIGUOUS	15.00	67.00	22.00	10.00	20.00	0.00	?? n ??	????? ??? ??? 896-48 1? ??n??	????? ??? ???82? 45 1? ??n??
6762	UNMATCHED	0.00	0.00	0.00	0.00	0.00	NULL	NULL	NULL	NULL
6763	MATCHED	25.00	95.00	40.00	10.00	20.00	19.97	??????	????? ??? ??? 990 ???? 1?	????? ??? ??? 516 ???? 1?
6776	MATCHED	25.00	95.00	40.00	10.00	20.00	5.48	?????	????? ??? ??? 932 1?	????? ??? ???63? 21 1?
6781	UNMATCHED	0.00	0.00	0.00	0.00	0.00	NULL	NULL	NULL	NULL
6783	MATCHED	8.00	78.00	40.00	10.00	20.00	9.56	???	????? ??? ??? 507-1 ?????	????? ??? ????? 2942 ?????
6786	AMBIGUOUS	8.00	64.00	40.00	10.00	6.00	291.61	????	????? ??? ??? 316	????? ??? ??? 212-2
6788	UNMATCHED	0.00	0.00	0.00	0.00	0.00	NULL	NULL	NULL	NULL
6789	MATCHED	15.00	80.00	35.00	10.00	20.00	13.28	???? ????	????? ??? ??? 995-24 ?????	????? ??? ????86? 11 ?????
6790	UNMATCHED	0.00	0.00	0.00	0.00	0.00	NULL	NULL	NULL	NULL
6821	MATCHED	30.00	95.00	35.00	10.00	20.00	7.74	??? ???	????? ??? ??? 961-2 ??1?	????? ??? ??? 508 ??1?
6840	MATCHED	30.00	100.00	40.00	10.00	20.00	1.19	???	????? ??? ??? 997-13	????? ??? ????108? 15
6843	AMBIGUOUS	15.00	67.00	22.00	10.00	20.00	23.99	????? ? ?? ????	????? ??? ??? 507-2 ?????	????? ??? ??? 155 ?????
6848	UNMATCHED	0.00	0.00	0.00	0.00	0.00	NULL	NULL	NULL	NULL
6867	MATCHED	15.00	85.00	40.00	10.00	20.00	8.59	???	????? ??? ??? 901-71 ????	????? ??? ???77? 17 ????
6872	MATCHED	30.00	100.00	40.00	10.00	20.00	5.21	??	????? ??? ??? 961-13	????? ??? ??? 348
6881	MATCHED	30.00	100.00	40.00	10.00	20.00	9.53	??????? ???	????? ??? ??? 907-3	????? ??? ???63? 5
6884	AMBIGUOUS	8.00	58.00	40.00	10.00	0.00	NULL	????	????? ??? ??? 511 ??????	????? ??? ??? 150 ??????
6886	MATCHED	30.00	100.00	40.00	10.00	20.00	5.25	????? ???	????? ??? ??? 936-17	????? ??? ???63? 13
6894	MATCHED	25.00	95.00	40.00	10.00	20.00	10.18	??? ????	????? ??? ??? 922-28 1? 105?(, ????)	????? ??? ??? 320 1? 105?(???, ????)
6895	UNMATCHED	0.00	0.00	0.00	0.00	0.00	NULL	NULL	NULL	NULL
6902	MATCHED	15.00	85.00	40.00	10.00	20.00	6.13	???	????? ??? ??? 959-4 ???? 1?	????? ??? ??? 416 ???? 1?
6906	UNMATCHED	0.00	0.00	0.00	0.00	0.00	NULL	NULL	NULL	NULL
6912	MATCHED	30.00	95.00	35.00	10.00	20.00	4.20	????? ?	????? ??? ??? 628 2?	????? ??? ????? 2915 2?
6918	MATCHED	30.00	100.00	40.00	10.00	20.00	13.49	????	????? ??? ??? 622	????? ??? ????? 2927
6921	MATCHED	30.00	95.00	35.00	10.00	20.00	6.22	??? ??	????? ??? ??? 896-27 1?	????? ??? ???86? 38 1?
6925	MATCHED	30.00	100.00	40.00	10.00	20.00	2.86	???	????? ??? ??? 936-33	????? ??? ??? 310
6943	MATCHED	8.00	73.00	35.00	10.00	20.00	21.44	??175 ????	????? ??? ??? 507-1 3?? ??? 7???? 8? ?? ??? ???? ????!	????? ??? ????? 2942 3?? ??? 7???? 8? ?? ??? ???? ????!
6946	MATCHED	30.00	100.00	40.00	10.00	20.00	0.00	???	????? ??? ??? 952-2	????? ??? ??? 555
6953	MATCHED	30.00	100.00	40.00	10.00	20.00	0.00	?????	????? ??? ??? 943-24 ??1? B101?	????? ??? ????88? 10 ??1? B101?
6954	MATCHED	30.00	95.00	35.00	10.00	20.00	27.85	???? ????? ???	????? ??? ??? 937	????? ??? ??? 401
6974	MATCHED	15.00	85.00	40.00	10.00	20.00	14.85	???? ???	????? ??? ??? 891-26 ???????? 103-B?	????? ??? ???85? 42 ???????? 103-B?
6976	MATCHED	30.00	100.00	40.00	10.00	20.00	7.48	?? ??????????	????? ??? ??? 1021-14	????? ??? ???57? 22
6981	MATCHED	30.00	100.00	40.00	10.00	20.00	8.22	????? ?????	????? ??? ??? 989-10 [????? ??? ?]	????? ??? ???84? 6 (???) [????? ??? ?]
6985	MATCHED	30.00	100.00	40.00	10.00	20.00	5.65	???? ????	????? ??? ??? 923-23 1? 103, 104?	????? ??? ???64? 11-2 1? 103, 104?
6991	MATCHED	30.00	92.00	32.00	10.00	20.00	4.36	?????? ??2??	????? ??? ??? 922-23	????? ??? ???64? 5
6996	MATCHED	30.00	95.00	35.00	10.00	20.00	6.17	??? ???	????? ??? ??? 894-18 1?	????? ??? ???81? 34 1?
6998	MATCHED	30.00	100.00	40.00	10.00	20.00	0.00	???	????? ??? ??? 1006-18 ???	????? ??? ???? 336 ???
7005	MATCHED	30.00	100.00	40.00	10.00	20.00	5.05	??	????? ??? ??? 995-21 1?	????? ??? ????104? 8 1?
7018	UNMATCHED	0.00	0.00	0.00	0.00	0.00	NULL	NULL	NULL	NULL
7027	MATCHED	15.00	85.00	40.00	10.00	20.00	3.14	?????	????? ??? ??? 956-28 2F	????? ??? ???82? 19 2F
7029	MATCHED	8.00	78.00	40.00	10.00	20.00	13.49	?????	????? ??? ??? 889-68 ???? GOLD TOWER	????? ??? ???86? 15 ???? GOLD TOWER
7031	UNMATCHED	0.00	0.00	0.00	0.00	0.00	NULL	NULL	NULL	NULL
7034	MATCHED	15.00	85.00	40.00	10.00	20.00	9.97	???	????? ??? ??? 894-5 ????	????? ??? ???81? 22 ????
7035	MATCHED	25.00	95.00	40.00	10.00	20.00	0.00	????	????? ??? ??? 897-24 ??1?	????? ??? ???86? 16-5 ??1?
7044	MATCHED	30.00	100.00	40.00	10.00	20.00	4.85	???????? ???	????? ??? ??? 957-7	????? ??? ???84? 15
7052	MATCHED	30.00	100.00	40.00	10.00	20.00	6.48	??? ???	????? ??? ??? 923-8 1?	????? ??? ???63? 31 1?
7054	UNMATCHED	0.00	0.00	0.00	0.00	0.00	NULL	NULL	NULL	NULL
7060	MATCHED	15.00	80.00	35.00	10.00	20.00	0.01	????? ????	????? ??? ??? 892 ??1? C? 11?	????? ??? ???? 440 ??1? C? 11?
7068	MATCHED	15.00	85.00	40.00	10.00	20.00	7.05	???? ?????	????? ??? ??? 987-17 ???II	????? ??? ??? 521 ???II
7089	MATCHED	25.00	95.00	40.00	10.00	20.00	16.17	???	????? ??? ??? 936-33 110?, 111?	????? ??? ??? 310 110?, 111?
7108	UNMATCHED	0.00	0.00	0.00	0.00	0.00	NULL	NULL	NULL	NULL
7116	UNMATCHED	0.00	0.00	0.00	0.00	0.00	NULL	NULL	NULL	NULL
7122	MATCHED	15.00	85.00	40.00	10.00	20.00	2.67	????? ??????	????? ??? ??? 892 ??1? C? 10?	????? ??? ???? 440 ??1? C? 10?
7127	MATCHED	30.00	100.00	40.00	10.00	20.00	2.36	??????	????? ??? ??? 982-8	????? ??? ???99? 23
7151	MATCHED	15.00	80.00	35.00	10.00	20.00	5.45	???? ???	????? ??? ??? 901-23 ??1?	????? ??? ???81? 43 ??1?
7152	UNMATCHED	0.00	0.00	0.00	0.00	0.00	NULL	NULL	NULL	NULL
7164	MATCHED	30.00	95.00	35.00	10.00	20.00	4.80	??? ???	????? ??? ??? 1021-10 102? ??? ???	????? ??? ??? 237 102? ??? ???
7170	UNMATCHED	0.00	0.00	0.00	0.00	0.00	NULL	NULL	NULL	NULL
7173	UNMATCHED	0.00	0.00	0.00	0.00	0.00	NULL	NULL	NULL	NULL
7174	UNMATCHED	0.00	0.00	0.00	0.00	0.00	NULL	NULL	NULL	NULL
7176	MATCHED	30.00	100.00	40.00	10.00	20.00	5.90	?????? ????	????? ??? ??? 897-3	????? ??? ??? 420
7187	MATCHED	30.00	100.00	40.00	10.00	20.00	2.56	????	????? ??? ??? 928-23	????? ??? ???77? 19
7200	MATCHED	30.00	95.00	35.00	10.00	20.00	7.21	???? ????	????? ??? ??? 946-15	????? ??? ????85? 6
7211	MATCHED	30.00	95.00	35.00	10.00	20.00	4.52	??? ???	????? ??? ??? 956-16	????? ??? ???84? 22
7226	MATCHED	15.00	85.00	40.00	10.00	20.00	28.95	??????? ???	????? ??? ??? 989-2 102?	????? ??? ??? 510 102?
7234	MATCHED	15.00	85.00	40.00	10.00	20.00	3.57	????? ????	????? ??? ??? 896 ????	????? ??? ???86? 24 ????
7253	UNMATCHED	0.00	0.00	0.00	0.00	0.00	NULL	NULL	NULL	NULL
7257	MATCHED	15.00	85.00	40.00	10.00	20.00	0.00	???? ????	????? ??? ??? 950 ?????	????? ??? ????85? 17 ?????
7263	MATCHED	15.00	85.00	40.00	10.00	20.00	13.13	???	????? ??? ??? 895-1 ????? 1? ???	????? ??? ???85? 39 ????? 1? ???
7272	UNMATCHED	0.00	0.00	0.00	0.00	0.00	NULL	NULL	NULL	NULL
7276	MATCHED	30.00	92.00	32.00	10.00	20.00	7.04	??? ? ???	????? ??? ??? 977-15	????? ??? ???64? 49
7282	MATCHED	8.00	78.00	40.00	10.00	20.00	7.95	???	????? ??? ??? 894-5 2?	????? ??? ???81? 22 2?
7283	MATCHED	30.00	100.00	40.00	10.00	20.00	7.45	????	????? ??? ??? 952-2	????? ??? ??? 555
7287	UNMATCHED	0.00	0.00	0.00	0.00	0.00	NULL	NULL	NULL	NULL
7296	MATCHED	30.00	100.00	40.00	10.00	20.00	5.88	?????	????? ??? ??? 924-9	????? ??? ???64? 23
7297	UNMATCHED	0.00	0.00	0.00	0.00	0.00	NULL	NULL	NULL	NULL
7302	UNMATCHED	0.00	0.00	0.00	0.00	0.00	NULL	NULL	NULL	NULL
7320	UNMATCHED	0.00	0.00	0.00	0.00	0.00	NULL	NULL	NULL	NULL
7323	MATCHED	15.00	85.00	40.00	10.00	20.00	10.21	???	????? ??? ??? 923-14 ????	????? ??? ???63? 23 ????
7327	UNMATCHED	0.00	0.00	0.00	0.00	0.00	NULL	NULL	NULL	NULL
7355	MATCHED	30.00	100.00	40.00	10.00	20.00	7.04	??????	????? ??? ??? 897-3	????? ??? ??? 420
7358	MATCHED	15.00	85.00	40.00	10.00	20.00	5.92	????? ???	????? ??? ??? 922-21 ????	????? ??? ???64? 9 ????
7382	MATCHED	30.00	100.00	40.00	10.00	20.00	8.26	??????? ???	????? ??? ??? 897-28	????? ??? ????64? 24
7403	MATCHED	25.00	95.00	40.00	10.00	20.00	4.63	???????	????? ??? ??? 896-28 ???? 1?	????? ??? ????68? 25 ???? 1?
7407	MATCHED	15.00	85.00	40.00	10.00	20.00	8.62	????	????? ??? ??? 961-11 ????	????? ??? ??? 350 ????
7409	UNMATCHED	0.00	0.00	0.00	0.00	0.00	NULL	NULL	NULL	NULL
7427	UNMATCHED	0.00	0.00	0.00	0.00	0.00	NULL	NULL	NULL	NULL
7429	MATCHED	30.00	100.00	40.00	10.00	20.00	2.65	???? ??2??	????? ??? ??? 989-4 1?	????? ??? ???58? 7 1?
7446	AMBIGUOUS	8.00	67.00	35.00	10.00	14.00	61.81	?? ?? ????	????? ??? ??? 895-1 2? 2?	????? ??? ???85? 39 2? 2?
7457	UNMATCHED	0.00	0.00	0.00	0.00	0.00	NULL	NULL	NULL	NULL
7469	MATCHED	15.00	85.00	40.00	10.00	20.00	18.70	?????	????? ??? ??? 943-24 B106?	????? ??? ????88? 10 B106?
7485	UNMATCHED	0.00	0.00	0.00	0.00	0.00	NULL	NULL	NULL	NULL
7488	MATCHED	30.00	100.00	40.00	10.00	20.00	9.06	????	????? ??? ??? 987-17	????? ??? ??? 521
7491	UNMATCHED	0.00	0.00	0.00	0.00	0.00	NULL	NULL	NULL	NULL
7496	MATCHED	30.00	100.00	40.00	10.00	20.00	4.14	?????	????? ??? ??? 896-40	????? ??? ???82? 43
7497	UNMATCHED	0.00	0.00	0.00	0.00	0.00	NULL	NULL	NULL	NULL
7502	UNMATCHED	0.00	0.00	0.00	0.00	0.00	NULL	NULL	NULL	NULL
7505	AMBIGUOUS	15.00	74.00	35.00	10.00	14.00	67.82	?????? ??????	????? ??? ??? 904-13 1?	????? ??? ??? 449 1?
7508	MATCHED	30.00	95.00	35.00	10.00	20.00	2.87	????? ????	????? ??? ??? 900-4 2?	????? ??? ???63? 22 2?
7516	UNMATCHED	0.00	0.00	0.00	0.00	0.00	NULL	NULL	NULL	NULL
7519	UNMATCHED	0.00	0.00	0.00	0.00	0.00	NULL	NULL	NULL	NULL
7529	UNMATCHED	0.00	0.00	0.00	0.00	0.00	NULL	NULL	NULL	NULL
7533	MATCHED	30.00	95.00	35.00	10.00	20.00	2.99	??????? ????	????? ??? ??? 900-4	????? ??? ???63? 22
7536	MATCHED	30.00	95.00	35.00	10.00	20.00	8.43	????? ???	????? ??? ??? 62-8	????? ??? ????50? 10
7538	MATCHED	30.00	100.00	40.00	10.00	20.00	13.49	???????	????? ??? ??? 922-17 1? ???????	????? ??? ???64? 11-5 1? ???????
7546	MATCHED	30.00	100.00	40.00	10.00	20.00	9.64	???	????? ??? ??? 894-4 2?	????? ??? ????78? 26 2?
4320	AMBIGUOUS	8.00	68.00	40.00	0.00	20.00	4.08	????	????? ??? ???	NULL
4323	UNMATCHED	0.00	0.00	0.00	0.00	0.00	NULL	NULL	NULL	NULL
4330	MATCHED	15.00	85.00	40.00	10.00	20.00	43.55	???	????? ??? ??? 510-11 ???????	????? ??? ????2? 46 ???????
4334	MATCHED	30.00	95.00	35.00	10.00	20.00	7.08	???? ???????? ?	????? ??? ??? 567-21 1? ????	????? ??? ???161? 11 1? ????
4341	AMBIGUOUS	8.00	72.00	40.00	10.00	14.00	63.50	???????	????? ??? ??? 567-25 1? ???????	????? ??? ???159? 12 1? ???????
4344	UNMATCHED	0.00	0.00	0.00	0.00	0.00	NULL	NULL	NULL	NULL
4347	UNMATCHED	0.00	0.00	0.00	0.00	0.00	NULL	NULL	NULL	NULL
4353	MATCHED	25.00	95.00	40.00	10.00	20.00	0.38	?????	????? ??? ??? 640-13 ???? 5?	????? ??? ???174? 22 ???? 5?
4364	MATCHED	15.00	80.00	35.00	10.00	20.00	21.76	???? ?????	????? ??? ??? 613-5 ?????? 1? 103?	????? ??? ????32? 11 ?????? 1? 103?
4376	UNMATCHED	0.00	0.00	0.00	0.00	0.00	NULL	NULL	NULL	NULL
4387	MATCHED	15.00	85.00	40.00	10.00	20.00	0.76	???? ??	????? ??? ??? 644-15 ???? 2?	????? ??? ???170? 28 ???? 2?
4390	MATCHED	30.00	100.00	40.00	10.00	20.00	7.12	??	????? ??? ??? 656-7	????? ??? ???155? 23-3
4392	MATCHED	30.00	100.00	40.00	10.00	20.00	11.20	???? ????	????? ??? ??? 519-1	????? ??? ????2? 35
4401	MATCHED	30.00	95.00	35.00	10.00	20.00	3.76	?????? ????	????? ??? ??? 508-6	????? ??? ????158? 21
4405	UNMATCHED	0.00	0.00	0.00	0.00	0.00	NULL	NULL	NULL	NULL
4408	UNMATCHED	0.00	0.00	0.00	0.00	0.00	NULL	NULL	NULL	NULL
4412	MATCHED	25.00	95.00	40.00	10.00	20.00	11.26	???? ????	????? ??? ??? 660-17 A? 105?	????? ??? ????46? 5-6 A? 105?
4418	UNMATCHED	0.00	0.00	0.00	0.00	0.00	NULL	NULL	NULL	NULL
4423	UNMATCHED	0.00	0.00	0.00	0.00	0.00	NULL	NULL	NULL	NULL
4426	UNMATCHED	0.00	0.00	0.00	0.00	0.00	NULL	NULL	NULL	NULL
4444	MATCHED	30.00	100.00	40.00	10.00	20.00	3.79	??	????? ??? ??? 507-7 1?	????? ??? ????160? 17 1?
4475	MATCHED	15.00	80.00	35.00	10.00	20.00	6.07	????? ????	????? ??? ??? 638-6 B1 ????? ????	????? ??? ???? 312 B1 ????? ????
4480	UNMATCHED	0.00	0.00	0.00	0.00	0.00	NULL	NULL	NULL	NULL
4481	UNMATCHED	0.00	0.00	0.00	0.00	0.00	NULL	NULL	NULL	NULL
4492	UNMATCHED	0.00	0.00	0.00	0.00	0.00	NULL	NULL	NULL	NULL
4495	MATCHED	15.00	85.00	40.00	10.00	20.00	6.56	?????	????? ??? ??? 640-2 ????? 101?	????? ??? ???174? 30 ????? 101?
4497	MATCHED	30.00	95.00	35.00	10.00	20.00	4.61	???? ??? ??	????? ??? ??? 610-1 1?	????? ??? ??? 874 1?
4506	UNMATCHED	0.00	0.00	0.00	0.00	0.00	NULL	NULL	NULL	NULL
4522	MATCHED	30.00	100.00	40.00	10.00	20.00	8.34	????	????? ??? ??? 623-5	????? ??? ??? 835
4533	UNMATCHED	0.00	0.00	0.00	0.00	0.00	NULL	NULL	NULL	NULL
4534	MATCHED	30.00	95.00	35.00	10.00	20.00	4.81	????? ?????	????? ??? ??? 525-4	????? ??? ????4? 13
4535	UNMATCHED	0.00	0.00	0.00	0.00	0.00	NULL	NULL	NULL	NULL
4543	UNMATCHED	0.00	0.00	0.00	0.00	0.00	NULL	NULL	NULL	NULL
4545	UNMATCHED	0.00	0.00	0.00	0.00	0.00	NULL	NULL	NULL	NULL
4562	MATCHED	30.00	100.00	40.00	10.00	20.00	4.46	???????	????? ??? ??? 512-1 1?	????? ??? ????154? 12 1?
4565	MATCHED	30.00	95.00	35.00	10.00	20.00	6.87	?????? ????	????? ??? ??? 576-8	????? ??? ???167? 12
4573	UNMATCHED	0.00	0.00	0.00	0.00	0.00	NULL	NULL	NULL	NULL
4588	UNMATCHED	0.00	0.00	0.00	0.00	0.00	NULL	NULL	NULL	NULL
4594	MATCHED	30.00	100.00	40.00	10.00	20.00	15.15	????	????? ??? ??? 510-11	????? ??? ????2? 46
4597	MATCHED	25.00	95.00	40.00	10.00	20.00	5.54	?????????	????? ??? ??? 586-12 102?	????? ??? ????27? 26 102?
4598	MATCHED	15.00	85.00	40.00	10.00	20.00	5.46	??	????? ??? ??? 521-5 1?	????? ??? ????162? 22 1?
4600	UNMATCHED	0.00	0.00	0.00	0.00	0.00	NULL	NULL	NULL	NULL
4606	MATCHED	30.00	100.00	40.00	10.00	20.00	18.90	????? ????	????? ??? ??? 615-1	????? ??? ???? 216
4613	UNMATCHED	0.00	0.00	0.00	0.00	0.00	NULL	NULL	NULL	NULL
4620	MATCHED	15.00	80.00	35.00	10.00	20.00	7.34	???? ????	????? ??? ??? 592-4 ??????	????? ??? ??? 826 ??????
4624	MATCHED	15.00	85.00	40.00	10.00	20.00	8.07	???	????? ??? ??? 609-1 ???? ?? 1?	????? ??? ????30? 23 ???? ?? 1?
4631	MATCHED	8.00	73.00	35.00	10.00	20.00	13.74	??? ????	????? ??? ??? 620-1 101?, 102?	????? ??? ????36? 12 101?, 102?
4638	UNMATCHED	0.00	0.00	0.00	0.00	0.00	NULL	NULL	NULL	NULL
4646	UNMATCHED	0.00	0.00	0.00	0.00	0.00	NULL	NULL	NULL	NULL
4655	AMBIGUOUS	8.00	72.00	40.00	10.00	14.00	50.36	??	????? ??? ??? 559-15	????? ??? ???151? 24
4656	UNMATCHED	0.00	0.00	0.00	0.00	0.00	NULL	NULL	NULL	NULL
4666	UNMATCHED	0.00	0.00	0.00	0.00	0.00	NULL	NULL	NULL	NULL
4676	MATCHED	30.00	100.00	40.00	10.00	20.00	2.91	???? ?????	????? ??? ??? 581-7 1? ???? ?????	????? ??? ???171? 4 1? ???? ?????
4685	MATCHED	30.00	100.00	40.00	10.00	20.00	3.55	????	????? ??? ??? 595-10	????? ??? ???164? 27
4687	UNMATCHED	0.00	0.00	0.00	0.00	0.00	NULL	NULL	NULL	NULL
4688	UNMATCHED	0.00	0.00	0.00	0.00	0.00	NULL	NULL	NULL	NULL
4690	MATCHED	30.00	100.00	40.00	10.00	20.00	2.10	? ???	????? ??? ??? 665-1	????? ??? ??? 823
4699	MATCHED	30.00	100.00	40.00	10.00	20.00	5.12	?????	????? ??? ??? 509-3 1?	????? ??? ????158? 16 1?
4700	MATCHED	8.00	78.00	40.00	10.00	20.00	3.06	?????	????? ??? ??? 569-18 1? ?????	????? ??? ???161? 16 1? ?????
4701	AMBIGUOUS	8.00	64.00	40.00	10.00	6.00	111.73	???????	????? ??? ??? 564-9 1?	????? ??? ????27? 21 1?
4702	AMBIGUOUS	15.00	67.00	22.00	10.00	20.00	7.51	???? ??? ????	????? ??? ??? 508 ??1?	????? ??? ????1? 36 ??1?
4706	MATCHED	15.00	85.00	40.00	10.00	20.00	5.33	????	????? ??? ??? 600-4 ???? 1?	????? ??? ???168? 22 ???? 1?
4707	MATCHED	30.00	95.00	35.00	10.00	20.00	7.93	???? ????	????? ??? ??? 576-8	????? ??? ???167? 12
4717	UNMATCHED	0.00	0.00	0.00	0.00	0.00	NULL	NULL	NULL	NULL
4722	MATCHED	30.00	95.00	35.00	10.00	20.00	6.13	??? ?????	????? ??? ??? 577-7	????? ??? ????28? 22
4726	UNMATCHED	0.00	0.00	0.00	0.00	0.00	NULL	NULL	NULL	NULL
4732	MATCHED	30.00	100.00	40.00	10.00	20.00	4.85	????	????? ??? ??? 607-3	????? ??? ????36? 34
4735	UNMATCHED	0.00	0.00	0.00	0.00	0.00	NULL	NULL	NULL	NULL
4742	UNMATCHED	0.00	0.00	0.00	0.00	0.00	NULL	NULL	NULL	NULL
4759	UNMATCHED	0.00	0.00	0.00	0.00	0.00	NULL	NULL	NULL	NULL
4776	MATCHED	15.00	70.00	35.00	0.00	20.00	12.56	???? ?? ??	????? ??? ??? 665-6 1?	????? ??? ??? 815 1?
4797	UNMATCHED	0.00	0.00	0.00	0.00	0.00	NULL	NULL	NULL	NULL
4819	MATCHED	30.00	95.00	35.00	10.00	20.00	9.36	????? ??	????? ??? ??? 577	????? ??? ???175? 25
4826	UNMATCHED	0.00	0.00	0.00	0.00	0.00	NULL	NULL	NULL	NULL
4827	MATCHED	30.00	100.00	40.00	10.00	20.00	0.00	??	????? ??? ??? 649-7 3? ??	????? ??? ???164? 24 3? ??
4829	MATCHED	30.00	95.00	35.00	10.00	20.00	6.50	???? ????	????? ??? ??? 511-11	????? ??? ????154? 25
4851	MATCHED	30.00	100.00	40.00	10.00	20.00	4.10	???	????? ??? ??? 512-20 1?	????? ??? ????152? 9 1?
4859	MATCHED	30.00	100.00	40.00	10.00	20.00	13.62	??????	????? ??? ??? 615-1	????? ??? ???? 216
4861	UNMATCHED	0.00	0.00	0.00	0.00	0.00	NULL	NULL	NULL	NULL
4863	UNMATCHED	0.00	0.00	0.00	0.00	0.00	NULL	NULL	NULL	NULL
4888	UNMATCHED	0.00	0.00	0.00	0.00	0.00	NULL	NULL	NULL	NULL
4889	UNMATCHED	0.00	0.00	0.00	0.00	0.00	NULL	NULL	NULL	NULL
4892	MATCHED	25.00	90.00	35.00	10.00	20.00	5.35	?? ??? ?????	????? ??? ??? 516 ??	????? ??? ????2? 53 ??
4894	UNMATCHED	0.00	0.00	0.00	0.00	0.00	NULL	NULL	NULL	NULL
4901	MATCHED	15.00	85.00	40.00	10.00	20.00	0.01	???	????? ??? ??? 615 ????????	????? ??? ???? 214 ????????
4904	UNMATCHED	0.00	0.00	0.00	0.00	0.00	NULL	NULL	NULL	NULL
4907	MATCHED	30.00	95.00	35.00	10.00	20.00	3.85	???? ???	????? ??? ??? 521-1	????? ??? ????2? 29
4924	UNMATCHED	0.00	0.00	0.00	0.00	0.00	NULL	NULL	NULL	NULL
4930	AMBIGUOUS	8.00	59.00	35.00	10.00	6.00	177.65	??? ??? ????	????? ??? ??? 664-5 2?	????? ??? ????56? 6 2?
4934	MATCHED	30.00	100.00	40.00	10.00	20.00	5.69	???	????? ??? ??? 526-7	????? ??? ????1? 72
4936	MATCHED	30.00	100.00	40.00	10.00	20.00	6.95	???	????? ??? ??? 514-9	????? ??? ????11? 5 (???)
4954	MATCHED	15.00	85.00	40.00	10.00	20.00	10.09	???? ????	????? ??? ??? 617-2 1? ????	????? ??? ???? 228 1? ????
4956	MATCHED	30.00	100.00	40.00	10.00	20.00	3.99	???? ?????	????? ??? ??? 581-8 1? ????	????? ??? ????28? 13 1? ????
4969	UNMATCHED	0.00	0.00	0.00	0.00	0.00	NULL	NULL	NULL	NULL
4979	MATCHED	15.00	80.00	35.00	10.00	20.00	37.07	???? ?? ?	????? ??? ??? 623-4 ?? 1, ??1,2?	????? ??? ??? 837 ?? 1, ??1,2?
4985	MATCHED	30.00	100.00	40.00	10.00	20.00	7.10	??? ???	????? ??? ??? 511-20 1?	????? ??? ????1? 18 1?
4993	UNMATCHED	0.00	0.00	0.00	0.00	0.00	NULL	NULL	NULL	NULL
4996	MATCHED	30.00	100.00	40.00	10.00	20.00	24.95	?????	????? ??? ??? 620 ?????? B104?	????? ??? ????34? 11 ?????? B104?
4999	MATCHED	30.00	95.00	35.00	10.00	20.00	5.06	???? ?????	????? ??? ??? 516-7	????? ??? ????156? 34
5017	UNMATCHED	0.00	0.00	0.00	0.00	0.00	NULL	NULL	NULL	NULL
5021	MATCHED	25.00	95.00	40.00	10.00	20.00	0.01	??	????? ??? ??? 525-22 3?	????? ??? ???175? 101-3 3?
5032	MATCHED	8.00	78.00	40.00	10.00	20.00	20.35	???	????? ??? ??? 659 ????????	????? ??? ????48? 15 ????????
5034	MATCHED	15.00	80.00	35.00	10.00	20.00	4.91	??? ???? ?????????	????? ??? ??? 663-11 1? ??? ????	????? ??? ???172? 60 1? ??? ????
5039	MATCHED	30.00	100.00	40.00	10.00	20.00	10.37	?????	????? ??? ??? 577-7 1?	????? ??? ????28? 22 1?
5041	MATCHED	8.00	73.00	35.00	10.00	20.00	21.33	???????? ???	????? ??? ??? 566 1?	????? ??? ???159? 27 1?
5046	UNMATCHED	0.00	0.00	0.00	0.00	0.00	NULL	NULL	NULL	NULL
5058	MATCHED	15.00	85.00	40.00	10.00	20.00	16.65	???	????? ??? ??? 585 ????	????? ??? ??? 833 ????
5062	MATCHED	30.00	95.00	35.00	10.00	20.00	11.22	????? ???	????? ??? ??? 660-2 ?????	????? ??? ???? 326 ?????
5064	UNMATCHED	0.00	0.00	0.00	0.00	0.00	NULL	NULL	NULL	NULL
5065	MATCHED	30.00	100.00	40.00	10.00	20.00	5.83	?????	????? ??? ??? 512-11 1? 102?	????? ??? ????152? 23 1? 102?
5066	MATCHED	30.00	100.00	40.00	10.00	20.00	0.00	?????	????? ??? ??? 626-21 1?	????? ??? ????37? 35 1?
5070	MATCHED	30.00	95.00	35.00	10.00	20.00	4.27	???? ?????	????? ??? ??? 565-6 1? ????	????? ??? ???157? 11 1? ????
5072	UNMATCHED	0.00	0.00	0.00	0.00	0.00	NULL	NULL	NULL	NULL
5074	UNMATCHED	0.00	0.00	0.00	0.00	0.00	NULL	NULL	NULL	NULL
5084	MATCHED	30.00	100.00	40.00	10.00	20.00	1.91	?????	????? ??? ??? 615-1	????? ??? ???? 216
5086	UNMATCHED	0.00	0.00	0.00	0.00	0.00	NULL	NULL	NULL	NULL
5098	MATCHED	30.00	95.00	35.00	10.00	20.00	4.34	??????? ????	????? ??? ??? 565-8 1?	????? ??? ????27? 37 1?
5101	MATCHED	30.00	100.00	40.00	10.00	20.00	0.00	????	????? ??? ??? 657 ??1?	????? ??? ???157? 33 ??1?
5118	UNMATCHED	0.00	0.00	0.00	0.00	0.00	NULL	NULL	NULL	NULL
5119	MATCHED	15.00	80.00	35.00	10.00	20.00	3.42	??? ???	????? ??? ??? 561 1?	????? ??? ???151? 41 1?
5134	UNMATCHED	0.00	0.00	0.00	0.00	0.00	NULL	NULL	NULL	NULL
5136	MATCHED	15.00	80.00	35.00	10.00	20.00	1.89	?????? ???	????? ??? ??? 510-7 B1, 1F	????? ??? ????156? 15 B1, 1F
5137	UNMATCHED	0.00	0.00	0.00	0.00	0.00	NULL	NULL	NULL	NULL
5138	MATCHED	30.00	100.00	40.00	10.00	20.00	6.87	???? ????	????? ??? ??? 656-6 1? ????	????? ??? ????51? 33 1? ????
5144	MATCHED	25.00	95.00	40.00	10.00	20.00	27.02	?????	????? ??? ??? 656-7 1? ?????	????? ??? ???155? 23-3 1? ?????
5145	UNMATCHED	0.00	0.00	0.00	0.00	0.00	NULL	NULL	NULL	NULL
5151	MATCHED	15.00	85.00	40.00	10.00	20.00	3.06	?	????? ??? ??? 512-9 MG TOWER 202?	????? ??? ????2? 60 MG TOWER 202?
5161	UNMATCHED	0.00	0.00	0.00	0.00	0.00	NULL	NULL	NULL	NULL
5173	MATCHED	30.00	100.00	40.00	10.00	20.00	1.74	????	????? ??? ??? 665-12 2?	????? ??? ????53? 32 2?
5192	MATCHED	15.00	75.00	40.00	0.00	20.00	19.99	????	????? ??? ??? 620 ?????? 1? 112?	????? ??? ????34? 11 ?????? 1? 112?
5197	MATCHED	15.00	80.00	35.00	10.00	20.00	8.09	??????? ????	????? ??? ??? 522 ?????	????? ??? ????2? 15 ?????
5198	UNMATCHED	0.00	0.00	0.00	0.00	0.00	NULL	NULL	NULL	NULL
5216	MATCHED	30.00	90.00	40.00	0.00	20.00	4.50	???	????? ??? ??? 610-1	????? ??? ??? 874
5222	MATCHED	15.00	85.00	40.00	10.00	20.00	5.94	??????? ????	????? ??? ??? 570-6 ????? 1?	????? ??? ???163? 10 ????? 1?
5224	UNMATCHED	0.00	0.00	0.00	0.00	0.00	NULL	NULL	NULL	NULL
5225	MATCHED	25.00	95.00	40.00	10.00	20.00	4.52	???	????? ??? ??? 564-3 ???? 1? ???	????? ??? ???155? 11 ???? 1? ???
5228	MATCHED	30.00	95.00	35.00	10.00	20.00	4.21	??? ???	????? ??? ??? 511-17 1?	????? ??? ????154? 13 1?
5237	MATCHED	30.00	95.00	35.00	10.00	20.00	8.08	?????? ??	????? ??? ??? 517-30	????? ??? ????156? 41
5266	MATCHED	30.00	100.00	40.00	10.00	20.00	2.07	???? ????	????? ??? ??? 628-40 1? ???? ????	????? ??? ???151? 22 1? ???? ????
5273	MATCHED	30.00	100.00	40.00	10.00	20.00	3.36	?????? ?????	????? ??? ??? 534-10	????? ??? ????10? 37
5292	MATCHED	25.00	95.00	40.00	10.00	20.00	15.65	????	????? ??? ??? 615 ???????? 1?	????? ??? ???? 214 ???????? 1?
5302	MATCHED	30.00	95.00	35.00	10.00	20.00	3.87	?? ?????	????? ??? ??? 577-12	????? ??? ????28? 18
5345	UNMATCHED	0.00	0.00	0.00	0.00	0.00	NULL	NULL	NULL	NULL
5352	MATCHED	30.00	100.00	40.00	10.00	20.00	7.53	?????	????? ??? ??? 664-18	????? ??? ????56? 22
5362	MATCHED	15.00	85.00	40.00	10.00	20.00	36.57	???	????? ??? ??? 508-3	????? ??? ????160? 16
5368	UNMATCHED	0.00	0.00	0.00	0.00	0.00	NULL	NULL	NULL	NULL
5369	UNMATCHED	0.00	0.00	0.00	0.00	0.00	NULL	NULL	NULL	NULL
5370	MATCHED	15.00	85.00	40.00	10.00	20.00	8.71	?? ??	????? ??? ??? 526-3 1?,??	????? ??? ????1? 78 1?,??
5373	UNMATCHED	0.00	0.00	0.00	0.00	0.00	NULL	NULL	NULL	NULL
5376	UNMATCHED	0.00	0.00	0.00	0.00	0.00	NULL	NULL	NULL	NULL
5378	MATCHED	15.00	80.00	35.00	10.00	20.00	3.25	??? ??????	????? ??? ??? 559-10 1, 2F	????? ??? ????23? 17 1, 2F
5384	UNMATCHED	0.00	0.00	0.00	0.00	0.00	NULL	NULL	NULL	NULL
5392	MATCHED	8.00	78.00	40.00	10.00	20.00	6.10	?? ????	????? ??? ??? 570	????? ??? ???167? 21
5399	MATCHED	30.00	95.00	35.00	10.00	20.00	1.93	????? ?? ??	????? ??? ??? 515-10	????? ??? ????152? 33
5416	UNMATCHED	0.00	0.00	0.00	0.00	0.00	NULL	NULL	NULL	NULL
5422	UNMATCHED	0.00	0.00	0.00	0.00	0.00	NULL	NULL	NULL	NULL
5428	MATCHED	15.00	85.00	40.00	10.00	20.00	3.20	???	????? ??? ??? 642-9 2? ??? 201?	????? ??? ???170? 35 2? ??? 201?
5431	MATCHED	30.00	95.00	35.00	10.00	20.00	4.65	??? ??	????? ??? ??? 655-6 1?	????? ??? ????53? 29 1?
5433	MATCHED	30.00	100.00	40.00	10.00	20.00	3.49	???	????? ??? ??? 620	????? ??? ????34? 11
5434	MATCHED	15.00	85.00	40.00	10.00	20.00	14.96	???	????? ??? ??? 661-18 ???? 107?	????? ??? ????50? 7 ???? 107?
5443	UNMATCHED	0.00	0.00	0.00	0.00	0.00	NULL	NULL	NULL	NULL
5445	MATCHED	25.00	90.00	35.00	10.00	20.00	8.33	??? ?????	????? ??? ??? 578-1 ???? 1? 102?	????? ??? ???175? 11 ???? 1? 102?
5463	MATCHED	30.00	100.00	40.00	10.00	20.00	6.49	???????	????? ??? ??? 564-6 101?	????? ??? ????27? 25 101?
5475	UNMATCHED	0.00	0.00	0.00	0.00	0.00	NULL	NULL	NULL	NULL
5479	UNMATCHED	0.00	0.00	0.00	0.00	0.00	NULL	NULL	NULL	NULL
5509	MATCHED	30.00	100.00	40.00	10.00	20.00	1.91	??? ???	????? ??? ??? 546-20	????? ??? ????14? 32
5519	UNMATCHED	0.00	0.00	0.00	0.00	0.00	NULL	NULL	NULL	NULL
5523	MATCHED	30.00	100.00	40.00	10.00	20.00	0.00	???	????? ??? ??? 643-18 2?	????? ??? ???170? 27 2?
5527	UNMATCHED	0.00	0.00	0.00	0.00	0.00	NULL	NULL	NULL	NULL
5528	MATCHED	30.00	100.00	40.00	10.00	20.00	1.80	??? ???	????? ??? ??? 661-1	????? ??? ???? 338
5535	MATCHED	15.00	80.00	35.00	10.00	20.00	1.86	??? ???	????? ??? ??? 646-17 ??2???	????? ??? ???164? 37 ??2???
5539	MATCHED	15.00	85.00	40.00	10.00	20.00	12.94	????	????? ??? ??? 504-11 ????? 2?	????? ??? ???? 652 ????? 2?
5545	UNMATCHED	0.00	0.00	0.00	0.00	0.00	NULL	NULL	NULL	NULL
5548	UNMATCHED	0.00	0.00	0.00	0.00	0.00	NULL	NULL	NULL	NULL
5559	MATCHED	30.00	100.00	40.00	10.00	20.00	15.15	??	????? ??? ??? 510-11	????? ??? ????2? 46
5576	MATCHED	30.00	100.00	40.00	10.00	20.00	6.03	????	????? ??? ??? 640-13 4?	????? ??? ???174? 22 4?
5578	MATCHED	25.00	95.00	40.00	10.00	20.00	0.00	??????	????? ??? ??? 581-11 ?? ??????	????? ??? ????28? 9-2 ?? ??????
5584	MATCHED	25.00	95.00	40.00	10.00	20.00	2.67	????	????? ??? ??? 590-21 2? ????	????? ??? ???152? 3 2? ????
5593	MATCHED	15.00	80.00	35.00	10.00	20.00	3.55	?????? ???????	????? ??? ??? 662-7 101?	????? ??? ???161? 21-4 101?
5597	UNMATCHED	0.00	0.00	0.00	0.00	0.00	NULL	NULL	NULL	NULL
5602	MATCHED	30.00	100.00	40.00	10.00	20.00	8.58	??????????	????? ??? ??? 640-1 1? 2?	????? ??? ???174? 26 1? 2?
5603	MATCHED	8.00	73.00	35.00	10.00	20.00	7.10	????? ????	????? ??? ??? 613-7	????? ??? ????34? 16
5605	MATCHED	30.00	95.00	35.00	10.00	20.00	5.50	????? ?? ?	????? ??? ??? 512-11 ?? 1? ????? ??	????? ??? ????152? 23 ?? 1? ????? ??
5607	MATCHED	15.00	85.00	40.00	10.00	20.00	13.34	??	????? ??? ??? 556-29 ????? 1? ??	????? ??? ???157? 29 ????? 1? ??
5609	UNMATCHED	0.00	0.00	0.00	0.00	0.00	NULL	NULL	NULL	NULL
5612	MATCHED	25.00	95.00	40.00	10.00	20.00	20.77	????	????? ??? ??? 577 ???? 1? ????	????? ??? ???175? 25 ???? 1? ????
5614	MATCHED	30.00	100.00	40.00	10.00	20.00	5.97	????	????? ??? ??? 664-24 1? ????	????? ??? ???161? 7 1? ????
5634	UNMATCHED	0.00	0.00	0.00	0.00	0.00	NULL	NULL	NULL	NULL
5635	MATCHED	30.00	100.00	40.00	10.00	20.00	12.75	??	????? ??? ??? 665-6	????? ??? ??? 815
5637	UNMATCHED	0.00	0.00	0.00	0.00	0.00	NULL	NULL	NULL	NULL
5646	UNMATCHED	0.00	0.00	0.00	0.00	0.00	NULL	NULL	NULL	NULL
5647	UNMATCHED	0.00	0.00	0.00	0.00	0.00	NULL	NULL	NULL	NULL
5657	MATCHED	30.00	100.00	40.00	10.00	20.00	0.95	???????	????? ??? ??? 652-13 1?	????? ??? ????53? 5 1?
5661	UNMATCHED	0.00	0.00	0.00	0.00	0.00	NULL	NULL	NULL	NULL
5670	MATCHED	25.00	89.00	40.00	10.00	14.00	50.38	??? ???	????? ??? ??? 510-11 1? 17?, 18?	????? ??? ????2? 46 1? 17?, 18?
5673	UNMATCHED	0.00	0.00	0.00	0.00	0.00	NULL	NULL	NULL	NULL
5680	MATCHED	30.00	95.00	35.00	10.00	20.00	3.42	??? ????	????? ??? ??? 609	????? ??? ????30? 17
5689	MATCHED	30.00	95.00	35.00	10.00	20.00	4.41	????? ??2??	????? ??? ??? 516-9 ??1?	????? ??? ????11? 21 ??1?
5693	UNMATCHED	0.00	0.00	0.00	0.00	0.00	NULL	NULL	NULL	NULL
5700	MATCHED	30.00	95.00	35.00	10.00	20.00	5.02	???? ???	????? ??? ??? 607-3	????? ??? ????36? 34
5725	MATCHED	30.00	92.00	32.00	10.00	20.00	6.27	??????? ???	????? ??? ??? 610-1	????? ??? ??? 874
5750	UNMATCHED	0.00	0.00	0.00	0.00	0.00	NULL	NULL	NULL	NULL
5758	MATCHED	30.00	100.00	40.00	10.00	20.00	0.00	???	????? ??? ??? 609-1	????? ??? ????30? 23
5759	UNMATCHED	0.00	0.00	0.00	0.00	0.00	NULL	NULL	NULL	NULL
5760	UNMATCHED	0.00	0.00	0.00	0.00	0.00	NULL	NULL	NULL	NULL
5768	MATCHED	30.00	100.00	40.00	10.00	20.00	5.27	????	????? ??? ??? 625	????? ??? ???159? 27
5770	MATCHED	15.00	85.00	40.00	10.00	20.00	0.56	????	????? ??? ??? 630-12 2? ????	????? ??? ???152? 8 2? ????
5772	MATCHED	30.00	95.00	35.00	10.00	20.00	5.37	?? ???	????? ??? ??? 552-5	????? ??? ???161? 37
5790	AMBIGUOUS	8.00	59.00	35.00	10.00	6.00	103.75	?? ????	????? ??? ??? 660-16 ????? ?? B? 105?	????? ??? ????46? 5-10 ????? ?? B? 105?
5797	MATCHED	15.00	85.00	40.00	10.00	20.00	9.44	????	????? ??? ??? 620 ??????	????? ??? ????34? 11 ??????
5798	UNMATCHED	0.00	0.00	0.00	0.00	0.00	NULL	NULL	NULL	NULL
5801	UNMATCHED	0.00	0.00	0.00	0.00	0.00	NULL	NULL	NULL	NULL
5809	UNMATCHED	0.00	0.00	0.00	0.00	0.00	NULL	NULL	NULL	NULL
5816	MATCHED	30.00	95.00	35.00	10.00	20.00	6.92	?? ???? ??	????? ??? ??? 544-5 ??1?	????? ??? ????15? 32-10 ??1?
5825	MATCHED	30.00	100.00	40.00	10.00	20.00	8.31	?????	????? ??? ??? 610-3 1?	????? ??? ????30? 16 1?
5827	AMBIGUOUS	8.00	64.00	40.00	10.00	6.00	210.97	???? 2003	????? ??? ??? 643-12 . 3?	????? ??? ????42? 25-13 . 3?
5835	UNMATCHED	0.00	0.00	0.00	0.00	0.00	NULL	NULL	NULL	NULL
5841	UNMATCHED	0.00	0.00	0.00	0.00	0.00	NULL	NULL	NULL	NULL
5856	UNMATCHED	0.00	0.00	0.00	0.00	0.00	NULL	NULL	NULL	NULL
5876	UNMATCHED	0.00	0.00	0.00	0.00	0.00	NULL	NULL	NULL	NULL
5887	MATCHED	30.00	95.00	35.00	10.00	20.00	18.69	???? ????	????? ??? ??? 583-3	????? ??? ??? 841
5888	UNMATCHED	0.00	0.00	0.00	0.00	0.00	NULL	NULL	NULL	NULL
5889	MATCHED	30.00	100.00	40.00	10.00	20.00	4.41	????	????? ??? ??? 594-28	????? ??? ???164? 30
5891	MATCHED	30.00	100.00	40.00	10.00	20.00	45.16	???	????? ??? ??? 525-16	????? ??? ????4? 13-7
5893	MATCHED	15.00	85.00	40.00	10.00	20.00	3.59	??? ????	????? ??? ??? 523-26 1F, B1	????? ??? ????4? 27-6 1F, B1
5896	MATCHED	8.00	78.00	40.00	10.00	20.00	0.00	??????	????? ??? ??? 603 ??? ?? ?? ?? 1?	????? ??? ??? 854 ??? ?? ?? ?? 1?
5897	UNMATCHED	0.00	0.00	0.00	0.00	0.00	NULL	NULL	NULL	NULL
5908	MATCHED	15.00	80.00	35.00	10.00	20.00	34.36	??? ???	????? ??? ??? 510-11 1? ???	????? ??? ????2? 46 1? ???
5919	MATCHED	15.00	80.00	35.00	10.00	20.00	25.07	??????? ????	????? ??? ??? 513-2 1? ???????	????? ??? ????152? 14 1? ???????
5921	MATCHED	30.00	100.00	40.00	10.00	20.00	4.95	??????	????? ??? ??? 658-1	????? ??? ????50? 22
5923	MATCHED	30.00	100.00	40.00	10.00	20.00	4.10	??	????? ??? ??? 629-7	????? ??? ???151? 17
5930	UNMATCHED	0.00	0.00	0.00	0.00	0.00	NULL	NULL	NULL	NULL
5934	MATCHED	25.00	95.00	40.00	10.00	20.00	6.73	???? ????	????? ??? ??? 577-5 ????1 103?	????? ??? ???171? 15 ????1 103?
5936	MATCHED	30.00	100.00	40.00	10.00	20.00	3.99	???? ????	????? ??? ??? 613-16	????? ??? ???176? 24
5943	UNMATCHED	0.00	0.00	0.00	0.00	0.00	NULL	NULL	NULL	NULL
5952	MATCHED	30.00	95.00	35.00	10.00	20.00	5.54	??? ????	????? ??? ??? 569-30 1?	????? ??? ????28? 42 1?
5954	UNMATCHED	0.00	0.00	0.00	0.00	0.00	NULL	NULL	NULL	NULL
5957	MATCHED	25.00	90.00	35.00	10.00	20.00	2.52	??? ?? ????	????? ??? ??? 660-13 ??1?	????? ??? ????46? 5-14 ??1?
5964	UNMATCHED	0.00	0.00	0.00	0.00	0.00	NULL	NULL	NULL	NULL
5971	UNMATCHED	0.00	0.00	0.00	0.00	0.00	NULL	NULL	NULL	NULL
5974	MATCHED	8.00	78.00	40.00	10.00	20.00	4.53	??	????? ??? ??? 566-25	????? ??? ???157? 12
5977	MATCHED	30.00	100.00	40.00	10.00	20.00	7.96	??	????? ??? ??? 574-8	????? ??? ???175? 40
5983	UNMATCHED	0.00	0.00	0.00	0.00	0.00	NULL	NULL	NULL	NULL
5990	MATCHED	30.00	100.00	40.00	10.00	20.00	5.05	????? ?????	????? ??? ??? 541-18 ???? 1?	????? ??? ????152? 55 ???? 1?
5993	UNMATCHED	0.00	0.00	0.00	0.00	0.00	NULL	NULL	NULL	NULL
5997	MATCHED	30.00	100.00	40.00	10.00	20.00	13.09	60? ?? ????	????? ??? ??? 635-14 1? 104?	????? ??? ????42? 36 1? 104?
6006	MATCHED	15.00	85.00	40.00	10.00	20.00	18.79	?????	????? ??? ??? 616-2 ????	????? ??? ???? 224 ????
6011	UNMATCHED	0.00	0.00	0.00	0.00	0.00	NULL	NULL	NULL	NULL
6015	UNMATCHED	0.00	0.00	0.00	0.00	0.00	NULL	NULL	NULL	NULL
6016	MATCHED	15.00	80.00	35.00	10.00	20.00	21.83	??? ???	????? ??? ??? 661-18 ???? 103?	????? ??? ????50? 7 ???? 103?
6023	MATCHED	30.00	100.00	40.00	10.00	20.00	5.05	????	????? ??? ??? 520-7 ??1?	????? ??? ????10? 40 ??1?
6025	MATCHED	30.00	82.00	22.00	10.00	20.00	6.77	?? ?? ????	????? ??? ??? 619-6	????? ??? ???173? 19
6033	MATCHED	30.00	100.00	40.00	10.00	20.00	27.38	???	????? ??? ??? 510-11 1?	????? ??? ????2? 46 1?
6036	UNMATCHED	0.00	0.00	0.00	0.00	0.00	NULL	NULL	NULL	NULL
6040	MATCHED	30.00	95.00	35.00	10.00	20.00	9.03	????? ??????	????? ??? ??? 665-6	????? ??? ??? 815
6047	MATCHED	15.00	80.00	35.00	10.00	20.00	9.20	?? ??	????? ??? ??? 647-14 106? HUGO	????? ??? ????49? 31 106? HUGO
6058	AMBIGUOUS	15.00	74.00	35.00	10.00	14.00	92.50	?? ????	????? ??? ??? 665-9 1?.2?	????? ??? ????53? 30 1?.2?
6066	MATCHED	30.00	100.00	40.00	10.00	20.00	4.84	js?? ????	????? ??? ??? 638-9	????? ??? ???174? 13
6085	UNMATCHED	0.00	0.00	0.00	0.00	0.00	NULL	NULL	NULL	NULL
6095	UNMATCHED	0.00	0.00	0.00	0.00	0.00	NULL	NULL	NULL	NULL
6107	MATCHED	30.00	100.00	40.00	10.00	20.00	10.08	???	????? ??? ??? 510	????? ??? ????1? 24
6110	UNMATCHED	0.00	0.00	0.00	0.00	0.00	NULL	NULL	NULL	NULL
6114	MATCHED	30.00	95.00	35.00	10.00	20.00	5.86	???? ??	????? ??? ??? 511-7 1?	????? ??? ????156? 20 1?
6126	UNMATCHED	0.00	0.00	0.00	0.00	0.00	NULL	NULL	NULL	NULL
6127	UNMATCHED	0.00	0.00	0.00	0.00	0.00	NULL	NULL	NULL	NULL
6150	MATCHED	30.00	100.00	40.00	10.00	20.00	3.20	??????	????? ??? ??? 594-16	????? ??? ???158? 31
6170	UNMATCHED	0.00	0.00	0.00	0.00	0.00	NULL	NULL	NULL	NULL
6171	UNMATCHED	0.00	0.00	0.00	0.00	0.00	NULL	NULL	NULL	NULL
6178	AMBIGUOUS	15.00	79.00	40.00	10.00	14.00	57.84	????	????? ??? ??? 577-9	????? ??? ????28? 22-10
6185	UNMATCHED	0.00	0.00	0.00	0.00	0.00	NULL	NULL	NULL	NULL
6186	UNMATCHED	0.00	0.00	0.00	0.00	0.00	NULL	NULL	NULL	NULL
6211	UNMATCHED	0.00	0.00	0.00	0.00	0.00	NULL	NULL	NULL	NULL
6214	UNMATCHED	0.00	0.00	0.00	0.00	0.00	NULL	NULL	NULL	NULL
6222	MATCHED	15.00	85.00	40.00	10.00	20.00	4.04	????	????? ??? ??? 510-8 ????	????? ??? ????156? 17 ????
6239	UNMATCHED	0.00	0.00	0.00	0.00	0.00	NULL	NULL	NULL	NULL
6241	UNMATCHED	0.00	0.00	0.00	0.00	0.00	NULL	NULL	NULL	NULL
6243	UNMATCHED	0.00	0.00	0.00	0.00	0.00	NULL	NULL	NULL	NULL
6250	UNMATCHED	0.00	0.00	0.00	0.00	0.00	NULL	NULL	NULL	NULL
6251	MATCHED	30.00	100.00	40.00	10.00	20.00	17.21	????	????? ??? ??? 635-14 101?	????? ??? ????42? 36 101?
6252	UNMATCHED	0.00	0.00	0.00	0.00	0.00	NULL	NULL	NULL	NULL
6254	MATCHED	15.00	85.00	40.00	10.00	20.00	12.50	???? ????	????? ??? ??? 613-5 ?????? 107?	????? ??? ????32? 11 ?????? 107?
6269	MATCHED	30.00	82.00	22.00	10.00	20.00	5.08	??? RED ?????	????? ??? ??? 578-4 1?	????? ??? ????28? 14 1?
6274	MATCHED	15.00	85.00	40.00	10.00	20.00	11.13	??	????? ??? ??? 587-14 ???? 1F	????? ??? ???? 211 ???? 1F
6279	MATCHED	15.00	85.00	40.00	10.00	20.00	3.74	????????	????? ??? ??? 572 ???? 2F 201?	????? ??? ????22? 10 ???? 2F 201?
6281	MATCHED	25.00	95.00	40.00	10.00	20.00	9.10	????	????? ??? ??? 615 ?????? 1? 10?	????? ??? ???? 214 ?????? 1? 10?
6284	UNMATCHED	0.00	0.00	0.00	0.00	0.00	NULL	NULL	NULL	NULL
6286	UNMATCHED	0.00	0.00	0.00	0.00	0.00	NULL	NULL	NULL	NULL
6298	MATCHED	15.00	75.00	40.00	0.00	20.00	4.99	????	????? ??? ??? 511-9 ???? 1?	????? ??? ????156? 24 ???? 1?
6300	MATCHED	30.00	95.00	35.00	10.00	20.00	7.08	????? ????	????? ??? ??? 640-1	????? ??? ???174? 26
6307	MATCHED	15.00	85.00	40.00	10.00	20.00	28.30	??????? ???????	????? ??? ??? 510-11 ??????? ???????	????? ??? ????2? 46 ??????? ???????
6311	MATCHED	30.00	95.00	35.00	10.00	20.00	25.49	?????	????? ??? ??? 658 ??? 1? 113?	????? ??? ????50? 28 ??? 1? 113?
6332	MATCHED	30.00	100.00	40.00	10.00	20.00	7.59	???	????? ??? ??? 519-1 1?	????? ??? ????2? 35 1?
6343	UNMATCHED	0.00	0.00	0.00	0.00	0.00	NULL	NULL	NULL	NULL
6346	MATCHED	30.00	75.00	35.00	10.00	0.00	NULL	????? ??2?? (?????)	????? ??? ??? 512-9 101?	????? ??? ????2? 60 101?
6383	UNMATCHED	0.00	0.00	0.00	0.00	0.00	NULL	NULL	NULL	NULL
6386	MATCHED	15.00	85.00	40.00	10.00	20.00	8.42	???	????? ??? ??? 557-25 ???? 1	????? ??? ???153? 24 ???? 1
6400	MATCHED	30.00	95.00	35.00	10.00	20.00	3.79	??????? ??	????? ??? ??? 588-5	????? ??? ???152? 28
6403	MATCHED	30.00	100.00	40.00	10.00	20.00	0.00	????	????? ??? ??? 559-16	????? ??? ???151? 26
6449	UNMATCHED	0.00	0.00	0.00	0.00	0.00	NULL	NULL	NULL	NULL
6451	UNMATCHED	0.00	0.00	0.00	0.00	0.00	NULL	NULL	NULL	NULL
6486	MATCHED	30.00	95.00	35.00	10.00	20.00	3.45	?? ?????? ??	????? ??? ??? 663-27	????? ??? ???172? 66
6489	UNMATCHED	0.00	0.00	0.00	0.00	0.00	NULL	NULL	NULL	NULL
6494	MATCHED	30.00	95.00	35.00	10.00	20.00	6.22	?? ??? ??	????? ??? ??? 589-9 1?	????? ??? ???152? 23 1?
6514	MATCHED	15.00	85.00	40.00	10.00	20.00	0.00	???	????? ??? ??? 643-6 ????????	????? ??? ???172? 26 ????????
6517	MATCHED	30.00	92.00	32.00	10.00	20.00	2.79	??????? ?? ?	????? ??? ??? 514-5 2?	????? ??? ????152? 30 2?
6520	MATCHED	30.00	100.00	40.00	10.00	20.00	2.20	???	????? ??? ??? 624-47	????? ??? ???165? 7-4
6529	MATCHED	15.00	85.00	40.00	10.00	20.00	0.00	????	????? ??? ??? 614-7 ?? 1?	????? ??? ???? 212 ??? ?? 1?
6542	MATCHED	15.00	85.00	40.00	10.00	20.00	1.27	?????????????	????? ??? ??? 655 2?3?	????? ??? ????51? 36 2?3?
6546	UNMATCHED	0.00	0.00	0.00	0.00	0.00	NULL	NULL	NULL	NULL
6562	UNMATCHED	0.00	0.00	0.00	0.00	0.00	NULL	NULL	NULL	NULL
6567	MATCHED	30.00	95.00	35.00	10.00	20.00	4.00	??? ??	????? ??? ??? 502-2 1?	????? ??? ????156? 8 1?
6570	MATCHED	25.00	95.00	40.00	10.00	20.00	7.58	????? ????	????? ??? ??? 577-9 1? 102?	????? ??? ????28? 22-10 1? 102?
6576	MATCHED	30.00	95.00	35.00	10.00	20.00	7.61	???? ?????	????? ??? ??? 535-9 1? 101?	????? ??? ????11? 28 1? 101?
6579	MATCHED	30.00	95.00	35.00	10.00	20.00	4.84	?????????????? ??????	????? ??? ??? 512-13	????? ??? ????152? 19
6587	UNMATCHED	0.00	0.00	0.00	0.00	0.00	NULL	NULL	NULL	NULL
6591	UNMATCHED	0.00	0.00	0.00	0.00	0.00	NULL	NULL	NULL	NULL
6603	MATCHED	30.00	100.00	40.00	10.00	20.00	5.05	?????? ??????	????? ??? ??? 652	????? ??? ????49? 10
6605	MATCHED	30.00	100.00	40.00	10.00	20.00	0.00	????	????? ??? ??? 532-2 2?	????? ??? ????10? 11 2?
6609	MATCHED	30.00	100.00	40.00	10.00	20.00	4.23	??????	????? ??? ??? 517-12 ??1?	????? ??? ????156? 31-3 ??1?
6614	MATCHED	30.00	95.00	35.00	10.00	20.00	5.39	????? ?? ??	????? ??? ??? 512-10	????? ??? ????2? 62
6617	UNMATCHED	0.00	0.00	0.00	0.00	0.00	NULL	NULL	NULL	NULL
6621	MATCHED	30.00	100.00	40.00	10.00	20.00	3.94	??	????? ??? ??? 541-11 2?	????? ??? ????15? 11 2?
6630	MATCHED	25.00	95.00	40.00	10.00	20.00	14.75	???????	????? ??? ??? 582-3 4?	????? ??? ????28? 25 4?
6644	MATCHED	25.00	90.00	35.00	10.00	20.00	26.93	??? 101	????? ??? ??? 661-18 ???? 101?	????? ??? ????50? 7 ???? 101?
6646	MATCHED	30.00	95.00	35.00	10.00	20.00	3.66	????? ????	????? ??? ??? 510-9	????? ??? ????156? 17-1
6655	UNMATCHED	0.00	0.00	0.00	0.00	0.00	NULL	NULL	NULL	NULL
6667	MATCHED	30.00	100.00	40.00	10.00	20.00	0.00	???	????? ??? ??? 661-7 5?	????? ??? ????54? 6 5?
6677	MATCHED	15.00	85.00	40.00	10.00	20.00	7.41	??? ?????	????? ??? ??? 577-5 ????1	????? ??? ???171? 15 ????1
6688	MATCHED	15.00	85.00	40.00	10.00	20.00	1.85	??	????? ??? ??? 615-1 ?????	????? ??? ???? 216 ?????
6696	UNMATCHED	0.00	0.00	0.00	0.00	0.00	NULL	NULL	NULL	NULL
6701	UNMATCHED	0.00	0.00	0.00	0.00	0.00	NULL	NULL	NULL	NULL
6706	UNMATCHED	0.00	0.00	0.00	0.00	0.00	NULL	NULL	NULL	NULL
6720	MATCHED	15.00	85.00	40.00	10.00	20.00	0.00	????	????? ??? ??? 541-11 ??1?	????? ??? ????15? 11 ??1?
6739	MATCHED	30.00	100.00	40.00	10.00	20.00	6.91	????	????? ??? ??? 570-1	????? ??? ???167? 19
6749	MATCHED	30.00	100.00	40.00	10.00	20.00	16.48	????? ????	????? ??? ??? 613-5	????? ??? ????32? 11
6772	MATCHED	25.00	95.00	40.00	10.00	20.00	5.72	?????	????? ??? ??? 555-13 1F ?????	????? ??? ???153? 46 1F ?????
6778	MATCHED	25.00	95.00	40.00	10.00	20.00	5.37	??	????? ??? ??? 578-5 ???? ??1?	????? ??? ???171? 12 ???? ??1?
6785	MATCHED	15.00	85.00	40.00	10.00	20.00	0.00	???	????? ??? ??? 546-20 2?	????? ??? ????14? 32 2?
6803	UNMATCHED	0.00	0.00	0.00	0.00	0.00	NULL	NULL	NULL	NULL
6804	MATCHED	30.00	95.00	35.00	10.00	20.00	6.24	????	????? ??? ??? 511-6 1?	????? ??? ????156? 18 1?
6805	MATCHED	8.00	73.00	35.00	10.00	20.00	3.66	????? ????	????? ??? ??? 510-9	????? ??? ????156? 17-1
6814	MATCHED	15.00	85.00	40.00	10.00	20.00	25.05	?????? ????	????? ??? ??? 659 ?? ?????? ??? ?? 1?	????? ??? ????48? 15 ?? ?????? ??? ?? 1?
6823	UNMATCHED	0.00	0.00	0.00	0.00	0.00	NULL	NULL	NULL	NULL
6831	AMBIGUOUS	8.00	64.00	40.00	10.00	6.00	251.50	????	????? ??? ??? 578-3 1?	????? ??? ???175? 15 1?
6833	UNMATCHED	0.00	0.00	0.00	0.00	0.00	NULL	NULL	NULL	NULL
6838	UNMATCHED	0.00	0.00	0.00	0.00	0.00	NULL	NULL	NULL	NULL
6849	MATCHED	8.00	73.00	35.00	10.00	20.00	4.96	????? ??? ?????	????? ??? ??? 550-9	????? ??? ???175? 61
6851	MATCHED	30.00	95.00	35.00	10.00	20.00	9.25	?? TAANGO	????? ??? ??? 616-2	????? ??? ???? 224
6852	MATCHED	30.00	100.00	40.00	10.00	20.00	0.00	???	????? ??? ??? 540-19	????? ??? ????152? 67 1? ???(???)
6855	MATCHED	30.00	100.00	40.00	10.00	20.00	0.00	????	????? ??? ??? 657-3 3? ????	????? ??? ???157? 29 3? ????
6858	UNMATCHED	0.00	0.00	0.00	0.00	0.00	NULL	NULL	NULL	NULL
6862	UNMATCHED	0.00	0.00	0.00	0.00	0.00	NULL	NULL	NULL	NULL
6865	UNMATCHED	0.00	0.00	0.00	0.00	0.00	NULL	NULL	NULL	NULL
6874	UNMATCHED	0.00	0.00	0.00	0.00	0.00	NULL	NULL	NULL	NULL
6878	AMBIGUOUS	30.00	100.00	40.00	10.00	20.00	0.00	?????	????? ??? ??? 555-14 1?	????? ??? ????17? 30-1 1?
6885	UNMATCHED	0.00	0.00	0.00	0.00	0.00	NULL	NULL	NULL	NULL
6888	MATCHED	30.00	100.00	40.00	10.00	20.00	43.86	??	????? ??? ??? 510-11 . 1? 47?	????? ??? ????2? 46 . 1? 47?
6889	MATCHED	30.00	100.00	40.00	10.00	20.00	7.89	??	????? ??? ??? 517-25	????? ??? ????11? 31-7
6890	MATCHED	15.00	80.00	35.00	10.00	20.00	9.06	?? ??	????? ??? ??? 614-3 ????, ??1?	????? ??? ???? 210 ????, ??1?
6909	MATCHED	30.00	82.00	22.00	10.00	20.00	3.26	8? ??	????? ??? ??? 569-21 1?	????? ??? ???163? 11 1?
6915	MATCHED	15.00	85.00	40.00	10.00	20.00	3.66	?????	????? ??? ??? 658-1 ?? 1?	????? ??? ????50? 22 ?? 1?
6920	UNMATCHED	0.00	0.00	0.00	0.00	0.00	NULL	NULL	NULL	NULL
6934	MATCHED	30.00	100.00	40.00	10.00	20.00	4.03	???	????? ??? ??? 636-1	????? ??? ???172? 4
6935	UNMATCHED	0.00	0.00	0.00	0.00	0.00	NULL	NULL	NULL	NULL
6939	MATCHED	30.00	100.00	40.00	10.00	20.00	3.99	??????	????? ??? ??? 564-14	????? ??? ????25? 20
6949	MATCHED	30.00	95.00	35.00	10.00	20.00	4.81	?? ????	????? ??? ??? 583-3 105?	????? ??? ??? 841 105?
6968	MATCHED	30.00	100.00	40.00	10.00	20.00	6.23	???	????? ??? ??? 657-32	????? ??? ????51? 40
6969	MATCHED	30.00	100.00	40.00	10.00	20.00	3.29	?????	????? ??? ??? 628-41	????? ??? ????37? 12
6979	MATCHED	30.00	82.00	22.00	10.00	20.00	0.00	????	????? ??? ??? 631-31	????? ??? ???152? 15-4
6982	UNMATCHED	0.00	0.00	0.00	0.00	0.00	NULL	NULL	NULL	NULL
7000	UNMATCHED	0.00	0.00	0.00	0.00	0.00	NULL	NULL	NULL	NULL
7001	UNMATCHED	0.00	0.00	0.00	0.00	0.00	NULL	NULL	NULL	NULL
7008	MATCHED	30.00	100.00	40.00	10.00	20.00	4.91	???	????? ??? ??? 663	????? ??? ???172? 54
7024	UNMATCHED	0.00	0.00	0.00	0.00	0.00	NULL	NULL	NULL	NULL
7032	UNMATCHED	0.00	0.00	0.00	0.00	0.00	NULL	NULL	NULL	NULL
7049	UNMATCHED	0.00	0.00	0.00	0.00	0.00	NULL	NULL	NULL	NULL
7051	MATCHED	30.00	100.00	40.00	10.00	20.00	3.77	??	????? ??? ??? 521-3	????? ??? ????160? 23
7059	UNMATCHED	0.00	0.00	0.00	0.00	0.00	NULL	NULL	NULL	NULL
7069	MATCHED	8.00	78.00	40.00	10.00	20.00	2.17	?? ??	????? ??? ??? 563-21 1?	????? ??? ???151? 11 1?
7073	UNMATCHED	0.00	0.00	0.00	0.00	0.00	NULL	NULL	NULL	NULL
7086	MATCHED	30.00	100.00	40.00	10.00	20.00	8.90	??	????? ??? ??? 629-1 1?	????? ??? ???151? 21 1?
7097	MATCHED	15.00	85.00	40.00	10.00	20.00	0.00	???	????? ??? ??? 588-14 ?? 2?	????? ??? ???152? 38 ?? 2?
7112	MATCHED	30.00	95.00	35.00	10.00	20.00	5.46	??? ??	????? ??? ??? 561-17	????? ??? ????17? 4
7120	MATCHED	30.00	95.00	35.00	10.00	20.00	9.13	??? ???	????? ??? ??? 512-19 1? ???	????? ??? ????152? 11 1? ???
7132	UNMATCHED	0.00	0.00	0.00	0.00	0.00	NULL	NULL	NULL	NULL
7136	AMBIGUOUS	15.00	55.00	40.00	0.00	0.00	NULL	????? ?????	????? ??? ??? 541-9 2?	????? ??? ???? 16 2?
7137	UNMATCHED	0.00	0.00	0.00	0.00	0.00	NULL	NULL	NULL	NULL
7149	MATCHED	30.00	100.00	40.00	10.00	20.00	8.80	???	????? ??? ??? 642-8	????? ??? ???170? 37
7157	UNMATCHED	0.00	0.00	0.00	0.00	0.00	NULL	NULL	NULL	NULL
7177	MATCHED	30.00	95.00	35.00	10.00	20.00	11.19	???? ????	????? ??? ??? 572-2	????? ??? ????20? 15
7178	MATCHED	30.00	100.00	40.00	10.00	20.00	3.40	??????	????? ??? ??? 588-12 1?	????? ??? ???152? 36 1?
7185	MATCHED	30.00	100.00	40.00	10.00	20.00	4.49	????	????? ??? ??? 550-19	????? ??? ????18? 14
7192	MATCHED	30.00	100.00	40.00	10.00	20.00	12.28	?????	????? ??? ??? 615	????? ??? ???? 214
7195	MATCHED	30.00	95.00	35.00	10.00	20.00	5.55	???? ??	????? ??? ??? 561-17	????? ??? ????17? 4
7219	MATCHED	30.00	100.00	40.00	10.00	20.00	15.29	???? ????	????? ??? ??? 574 107?	????? ??? ???? 144 107?
7225	MATCHED	30.00	100.00	40.00	10.00	20.00	4.71	??????	????? ??? ??? 591-4 ??? ?? 1?	????? ??? ???158? 12 ??? ?? 1?
7235	MATCHED	30.00	95.00	35.00	10.00	20.00	8.95	??? ??? ??	????? ??? ??? 600	????? ??? ????30? 51
7242	MATCHED	15.00	85.00	40.00	10.00	20.00	4.57	????	????? ??? ??? 581-8 ??1?	????? ??? ????28? 13 ??1?
7249	UNMATCHED	0.00	0.00	0.00	0.00	0.00	NULL	NULL	NULL	NULL
7264	MATCHED	25.00	95.00	40.00	10.00	20.00	13.12	?? ???????	????? ??? ??? 660-6 ???? 1? 105?	????? ??? ???? 330 ???? 1? 105?
7273	MATCHED	30.00	95.00	35.00	10.00	20.00	7.38	????? ???	????? ??? ??? 577	????? ??? ???175? 25
7274	UNMATCHED	0.00	0.00	0.00	0.00	0.00	NULL	NULL	NULL	NULL
7281	UNMATCHED	0.00	0.00	0.00	0.00	0.00	NULL	NULL	NULL	NULL
7300	UNMATCHED	0.00	0.00	0.00	0.00	0.00	NULL	NULL	NULL	NULL
7307	MATCHED	15.00	85.00	40.00	10.00	20.00	5.33	???	????? ??? ??? 525-24 2?	????? ??? ????4? 13-17 2?
7310	MATCHED	30.00	100.00	40.00	10.00	20.00	4.47	????	????? ??? ??? 666-1 1?	????? ??? ????53? 22 1?
7312	MATCHED	15.00	85.00	40.00	10.00	20.00	8.67	???	????? ??? ??? 536-3 ???	????? ??? ????11? 18 ???
7317	MATCHED	15.00	85.00	40.00	10.00	20.00	8.38	???????????	????? ??? ??? 541-13 1?	????? ??? ????15? 9 1?
7319	MATCHED	30.00	95.00	35.00	10.00	20.00	3.88	?????	????? ??? ??? 635-13	????? ??? ????42? 32
7321	UNMATCHED	0.00	0.00	0.00	0.00	0.00	NULL	NULL	NULL	NULL
7322	MATCHED	30.00	100.00	40.00	10.00	20.00	5.96	??? ???	????? ??? ??? 511-9 1? 104?	????? ??? ????156? 24 1? 104?
7357	UNMATCHED	0.00	0.00	0.00	0.00	0.00	NULL	NULL	NULL	NULL
7370	MATCHED	8.00	78.00	40.00	10.00	20.00	0.00	??????	????? ??? ??? 603 ??? ?? ?? ?? 1?	????? ??? ??? 854 ??? ?? ?? ?? 1?
7372	MATCHED	30.00	100.00	40.00	10.00	20.00	3.73	????	????? ??? ??? 540-19	????? ??? ????152? 67
7376	MATCHED	30.00	95.00	35.00	10.00	20.00	5.69	??? ????	????? ??? ??? 516-18 1? ???	????? ??? ????2? 57 1? ???
7381	UNMATCHED	0.00	0.00	0.00	0.00	0.00	NULL	NULL	NULL	NULL
7384	MATCHED	30.00	95.00	35.00	10.00	20.00	4.57	??? ??	????? ??? ??? 661-10	????? ??? ????50? 5-12
7390	UNMATCHED	0.00	0.00	0.00	0.00	0.00	NULL	NULL	NULL	NULL
7412	MATCHED	15.00	85.00	40.00	10.00	20.00	3.88	????	????? ??? ??? 512-17 ?? 1?	????? ??? ????152? 15 ?? 1?
7423	UNMATCHED	0.00	0.00	0.00	0.00	0.00	NULL	NULL	NULL	NULL
7424	MATCHED	30.00	100.00	40.00	10.00	20.00	4.85	????	????? ??? ??? 619-3	????? ??? ???173? 13
7451	UNMATCHED	0.00	0.00	0.00	0.00	0.00	NULL	NULL	NULL	NULL
7453	UNMATCHED	0.00	0.00	0.00	0.00	0.00	NULL	NULL	NULL	NULL
7455	MATCHED	30.00	100.00	40.00	10.00	20.00	3.79	???????	????? ??? ??? 655-1	????? ??? ????51? 34
7460	MATCHED	15.00	80.00	35.00	10.00	20.00	6.60	??? ?????	????? ??? ??? 609-1 ???? ??1? ???	????? ??? ????30? 23 ???? ??1? ???
7474	MATCHED	25.00	95.00	40.00	10.00	20.00	0.00	???	????? ??? ??? 570-3 ????? 2?	????? ??? ???167? 15 ????? 2?
7501	MATCHED	30.00	95.00	35.00	10.00	20.00	4.97	??????? ????	????? ??? ??? 657-21 1?	????? ??? ????51? 41 1?
7503	MATCHED	30.00	100.00	40.00	10.00	20.00	0.00	????	????? ??? ??? 524-28 ??1? ????	????? ??? ????10? 30-10 ??1? ????
7504	UNMATCHED	0.00	0.00	0.00	0.00	0.00	NULL	NULL	NULL	NULL
7511	UNMATCHED	0.00	0.00	0.00	0.00	0.00	NULL	NULL	NULL	NULL
7512	MATCHED	30.00	100.00	40.00	10.00	20.00	7.82	????	????? ??? ??? 567-6	????? ??? ???161? 27
7513	MATCHED	30.00	100.00	40.00	10.00	20.00	6.63	? ??	????? ??? ??? 613-15	????? ??? ???176? 28
7514	UNMATCHED	0.00	0.00	0.00	0.00	0.00	NULL	NULL	NULL	NULL
7531	MATCHED	25.00	90.00	35.00	10.00	20.00	2.10	?????	????? ??? ??? 516 ???? 2?	????? ??? ????2? 53 ???? 2?
7537	MATCHED	30.00	95.00	35.00	10.00	20.00	7.10	???? ??	????? ??? ??? 588-9	????? ??? ???152? 34
7540	UNMATCHED	0.00	0.00	0.00	0.00	0.00	NULL	NULL	NULL	NULL
7541	MATCHED	30.00	100.00	40.00	10.00	20.00	5.31	???	????? ??? ??? 550-18	????? ??? ????18? 12
4339	MATCHED	8.00	73.00	35.00	10.00	20.00	0.97	?????? ?? ?	????? ??? ??? 167-1 ?????? ???	????? ??? ????1? 40 ?????? ???
4340	MATCHED	30.00	100.00	40.00	10.00	20.00	4.20	??194	????? ??? ??? 194 1? ??194	????? ??? ????13? 10 1? ??194
4375	UNMATCHED	0.00	0.00	0.00	0.00	0.00	NULL	NULL	NULL	NULL
4377	UNMATCHED	0.00	0.00	0.00	0.00	0.00	NULL	NULL	NULL	NULL
4380	MATCHED	30.00	100.00	40.00	10.00	20.00	32.09	????	????? ??? ??? 122-8 1? 113?	????? ??? ???4? 15 1? 113?
4382	MATCHED	30.00	100.00	40.00	10.00	20.00	3.17	??? ??	????? ??? ??? 124-15 1?	????? ??? ???12? 8 1?
4393	MATCHED	30.00	100.00	40.00	10.00	20.00	5.55	?????	????? ??? ??? 141-4	????? ??? ???2? 13
4399	UNMATCHED	0.00	0.00	0.00	0.00	0.00	NULL	NULL	NULL	NULL
4404	MATCHED	25.00	95.00	40.00	10.00	20.00	10.77	???? ??????	????? ??? ??? 111-13 ???? 1? 102?	????? ??? ???131? 8 ???? 1? 102?
4415	MATCHED	30.00	100.00	40.00	10.00	20.00	8.00	????	????? ??? ??? 220-18	????? ??? ???30? 49
4416	UNMATCHED	0.00	0.00	0.00	0.00	0.00	NULL	NULL	NULL	NULL
4439	MATCHED	15.00	77.00	32.00	10.00	20.00	4.55	N 237 ?? ? ????	????? ??? ??? 237 101?	????? ??? ???113? 7 101?
4462	MATCHED	15.00	80.00	35.00	10.00	20.00	0.00	???	????? ??? ??? 67-27 ?? ??? ??1?	????? ??? ????34? 22 ?? ??? ??1?
4463	UNMATCHED	0.00	0.00	0.00	0.00	0.00	NULL	NULL	NULL	NULL
4468	MATCHED	25.00	95.00	40.00	10.00	20.00	11.11	???? ??????	????? ??? ??? 122-25 ????????? 105?	????? ??? ????128? 27 ????????? 105?
4472	UNMATCHED	0.00	0.00	0.00	0.00	0.00	NULL	NULL	NULL	NULL
4476	MATCHED	30.00	95.00	35.00	10.00	20.00	5.19	????? ???	????? ??? ??? 226-3	????? ??? ????37? 31
4490	UNMATCHED	0.00	0.00	0.00	0.00	0.00	NULL	NULL	NULL	NULL
4493	MATCHED	30.00	95.00	35.00	10.00	20.00	5.64	??? ????	????? ??? ??? 133-26 102?	????? ??? ???20? 31 102?
4501	UNMATCHED	0.00	0.00	0.00	0.00	0.00	NULL	NULL	NULL	NULL
4509	MATCHED	15.00	80.00	35.00	10.00	20.00	6.79	???	????? ??? ??? 167-17 1????	????? ??? ????120? 31 1????
4517	MATCHED	15.00	80.00	35.00	10.00	20.00	4.89	??? ???? ???	????? ??? ??? 89-19 ????	????? ??? ??? 221 ????
4523	AMBIGUOUS	30.00	100.00	40.00	10.00	20.00	0.00	???	????? ??? ??? 129-1	????? ??? ??? 667
4528	MATCHED	15.00	80.00	35.00	10.00	20.00	16.59	?? ?? ,TOV	????? ??? ??? 80-6 tov??	????? ??? ????30? 46 tov??
4531	MATCHED	15.00	85.00	40.00	10.00	20.00	9.63	???? ????	????? ??? ??? 89-22 ????	????? ??? ??? 219 ????
4537	MATCHED	30.00	82.00	22.00	10.00	20.00	2.93	??????? ??? ??????	????? ??? ??? 118 1?	????? ??? ???131? 25 1?
4542	UNMATCHED	0.00	0.00	0.00	0.00	0.00	NULL	NULL	NULL	NULL
4548	MATCHED	8.00	73.00	35.00	10.00	20.00	6.06	60??? ?????? ?????	????? ??? ??? 165-16 ??1?	????? ??? ????1? 37 ??1?
4550	UNMATCHED	0.00	0.00	0.00	0.00	0.00	NULL	NULL	NULL	NULL
4551	UNMATCHED	0.00	0.00	0.00	0.00	0.00	NULL	NULL	NULL	NULL
4557	MATCHED	15.00	85.00	40.00	10.00	20.00	1.64	????	????? ??? ??? 161-6 ??1? ????	????? ??? ????124? 26 ??1? ????
4567	MATCHED	30.00	100.00	40.00	10.00	20.00	2.48	????? , ????	????? ??? ??? 166-3	????? ??? ????122? 16
4568	UNMATCHED	0.00	0.00	0.00	0.00	0.00	NULL	NULL	NULL	NULL
4576	MATCHED	30.00	100.00	40.00	10.00	20.00	7.13	?????	????? ??? ??? 144-19	????? ??? ???4? 26
4578	UNMATCHED	0.00	0.00	0.00	0.00	0.00	NULL	NULL	NULL	NULL
4582	UNMATCHED	0.00	0.00	0.00	0.00	0.00	NULL	NULL	NULL	NULL
4585	MATCHED	30.00	95.00	35.00	10.00	20.00	3.57	???	????? ??? ??? 64-19	????? ??? ????38? 12
4592	UNMATCHED	0.00	0.00	0.00	0.00	0.00	NULL	NULL	NULL	NULL
4603	MATCHED	30.00	95.00	35.00	10.00	20.00	6.83	?????? ???	????? ??? ??? 198-15 1?	????? ??? ????112? 17 1?
4608	MATCHED	30.00	95.00	35.00	10.00	20.00	2.62	?? ?? ???	????? ??? ??? 89-18 ????	????? ??? ??? 223 ????
4609	MATCHED	30.00	86.00	40.00	10.00	6.00	118.07	???	????? ??? ??? 105 ???? ?? ???	????? ??? ???146? 18 ???? ?? ???
4610	UNMATCHED	0.00	0.00	0.00	0.00	0.00	NULL	NULL	NULL	NULL
4612	MATCHED	30.00	95.00	35.00	10.00	20.00	2.83	?????? ?????	????? ??? ??? 240-16 2?	????? ??? ???129? 26 2?
4614	MATCHED	15.00	80.00	35.00	10.00	20.00	2.23	??? ?????	????? ??? ??? 197-18 1?	????? ??? ????7? 9 1?
4621	UNMATCHED	0.00	0.00	0.00	0.00	0.00	NULL	NULL	NULL	NULL
4632	MATCHED	15.00	80.00	35.00	10.00	20.00	4.99	?????? ??	????? ??? ??? 95-11 1?	????? ??? ????54? 14 1?
4634	UNMATCHED	0.00	0.00	0.00	0.00	0.00	NULL	NULL	NULL	NULL
4639	MATCHED	30.00	95.00	35.00	10.00	20.00	3.79	?? ?????	????? ??? ??? 166 2?	????? ??? ????122? 10 2?
4640	MATCHED	25.00	95.00	40.00	10.00	20.00	5.13	?????	????? ??? ??? 222 1? 101? ?????	????? ??? ???120? 14 1? 101? ?????
4641	UNMATCHED	0.00	0.00	0.00	0.00	0.00	NULL	NULL	NULL	NULL
4643	MATCHED	30.00	100.00	40.00	10.00	20.00	1.25	?????	????? ??? ??? 232-12	????? ??? ????33? 12
4661	MATCHED	8.00	78.00	40.00	10.00	20.00	0.00	???	????? ??? ??? 261 ?????? ??1?	????? ??? ??? 620 ?????? ??1?
4663	UNMATCHED	0.00	0.00	0.00	0.00	0.00	NULL	NULL	NULL	NULL
4673	AMBIGUOUS	15.00	74.00	35.00	10.00	14.00	53.15	??? ??????? ?	????? ??? ??? 276-1 ACROHILLS??	????? ??? ??? 604 ACROHILLS??
4675	MATCHED	30.00	100.00	40.00	10.00	20.00	4.34	????????	????? ??? ??? 214-23	????? ??? ???34? 24
4691	UNMATCHED	0.00	0.00	0.00	0.00	0.00	NULL	NULL	NULL	NULL
4696	UNMATCHED	0.00	0.00	0.00	0.00	0.00	NULL	NULL	NULL	NULL
4697	MATCHED	8.00	78.00	40.00	10.00	20.00	26.12	???	????? ??? ??? 98-12 ???????1?	????? ??? ???148? 14 ???????1?
4698	MATCHED	25.00	90.00	35.00	10.00	20.00	10.05	??? ????	????? ??? ??? 237-5 1? 3,4?	????? ??? ??? 605 1? 3,4?
4712	MATCHED	30.00	100.00	40.00	10.00	20.00	1.04	???????	????? ??? ??? 161-15 1?	????? ??? ???4? 43 1?
4727	UNMATCHED	0.00	0.00	0.00	0.00	0.00	NULL	NULL	NULL	NULL
4733	UNMATCHED	0.00	0.00	0.00	0.00	0.00	NULL	NULL	NULL	NULL
4740	MATCHED	30.00	100.00	40.00	10.00	20.00	4.26	????	????? ??? ??? 8-8	????? ??? ????28? 14
4746	MATCHED	30.00	100.00	40.00	10.00	20.00	4.67	?????	????? ??? ??? 67-11 1? ?????	????? ??? ????30? 23 1? ?????
4748	UNMATCHED	0.00	0.00	0.00	0.00	0.00	NULL	NULL	NULL	NULL
4749	UNMATCHED	0.00	0.00	0.00	0.00	0.00	NULL	NULL	NULL	NULL
4753	UNMATCHED	0.00	0.00	0.00	0.00	0.00	NULL	NULL	NULL	NULL
4754	MATCHED	15.00	80.00	35.00	10.00	20.00	5.79	?? ???? ???	????? ??? ??? 165-13 ???? 1? ??????	????? ??? ????1? 33 ???? 1? ??????
4758	MATCHED	30.00	100.00	40.00	10.00	20.00	2.55	???	????? ??? ??? 65 2? ???	????? ??? ????30? 11 2? ???
4765	AMBIGUOUS	8.00	64.00	40.00	10.00	6.00	133.75	??	????? ??? ??? 165-17 ???? 1?, 2?	????? ??? ????1? 39 ???? 1?, 2?
4771	MATCHED	30.00	100.00	40.00	10.00	20.00	15.16	??	????? ??? ??? 96	????? ??? ????46? 11
4777	UNMATCHED	0.00	0.00	0.00	0.00	0.00	NULL	NULL	NULL	NULL
4791	MATCHED	25.00	90.00	35.00	10.00	20.00	30.71	???? ??	????? ??? ??? 58-2 1? 106,107?	????? ??? ??? 165 1? 106,107?
4792	MATCHED	30.00	100.00	40.00	10.00	20.00	9.73	??	????? ??? ??? 237-5	????? ??? ??? 605
4799	MATCHED	8.00	78.00	40.00	10.00	20.00	27.26	????	????? ??? ??? 163-24 ??1?	????? ??? ???4? 38 ??1?
4807	MATCHED	30.00	90.00	40.00	0.00	20.00	0.00	?????	????? ??? ??? 128-7 410?	????? ??? ??? 170 410?
4812	UNMATCHED	0.00	0.00	0.00	0.00	0.00	NULL	NULL	NULL	NULL
4821	MATCHED	8.00	78.00	40.00	10.00	20.00	39.31	?????????	????? ??? ??? 105-4 ???????? 101? ??117?	????? ??? ????46? 21 ???????? 101? ??117?
4822	UNMATCHED	0.00	0.00	0.00	0.00	0.00	NULL	NULL	NULL	NULL
4824	MATCHED	30.00	100.00	40.00	10.00	20.00	4.15	???	????? ??? ??? 67-25 1?	????? ??? ???146? 13 1?
4828	MATCHED	30.00	100.00	40.00	10.00	20.00	19.44	?????	????? ??? ??? 6-21	????? ??? ???? 158
4836	UNMATCHED	0.00	0.00	0.00	0.00	0.00	NULL	NULL	NULL	NULL
4837	MATCHED	30.00	92.00	32.00	10.00	20.00	5.89	????? ??	????? ??? ??? 48-4	????? ??? ???1? 18
4852	MATCHED	15.00	75.00	40.00	0.00	20.00	4.15	????	????? ??? ??? 145 ????	????? ??? ???4? 31 ????
4858	UNMATCHED	0.00	0.00	0.00	0.00	0.00	NULL	NULL	NULL	NULL
4862	MATCHED	30.00	100.00	40.00	10.00	20.00	7.86	????? ???	????? ??? ??? 183 1? 105?	????? ??? ????118? 12 1? 105?
4881	UNMATCHED	0.00	0.00	0.00	0.00	0.00	NULL	NULL	NULL	NULL
4895	MATCHED	25.00	95.00	40.00	10.00	20.00	5.98	????	????? ??? ??? 9-19 ???? 1? ????	????? ??? ???149? 13 ???? 1? ????
4896	MATCHED	30.00	100.00	40.00	10.00	20.00	1.61	???	????? ??? ??? 138-14	????? ??? ????124? 49
4900	MATCHED	30.00	100.00	40.00	10.00	20.00	10.12	???? ??????	????? ??? ??? 241-3	????? ??? ??? 342
4906	MATCHED	30.00	95.00	35.00	10.00	20.00	4.80	??? ????	????? ??? ??? 217-47	????? ??? ???38? 38
4913	MATCHED	30.00	100.00	40.00	10.00	20.00	19.44	?????	????? ??? ??? 6-21	????? ??? ???? 158
4917	MATCHED	8.00	73.00	35.00	10.00	20.00	46.40	???? ????	????? ??? ??? 116-5 1?	????? ??? ???45? 3 1?
4923	UNMATCHED	0.00	0.00	0.00	0.00	0.00	NULL	NULL	NULL	NULL
4927	UNMATCHED	0.00	0.00	0.00	0.00	0.00	NULL	NULL	NULL	NULL
4938	MATCHED	30.00	100.00	40.00	10.00	20.00	3.17	?????	????? ??? ??? 145-12	????? ??? ????124? 23
4939	MATCHED	15.00	85.00	40.00	10.00	20.00	0.01	??? ??	????? ??? ??? 119 B1? ?????	????? ??? ??? 343 B1? ?????
4957	MATCHED	30.00	100.00	40.00	10.00	20.00	7.24	???	????? ??? ??? 111-22 103? ???	????? ??? ??? 717 103? ???
4960	MATCHED	30.00	100.00	40.00	10.00	20.00	2.45	????	????? ??? ??? 81-4 101? ????	????? ??? ???136? 12 101? ????
4961	MATCHED	30.00	100.00	40.00	10.00	20.00	12.41	????????? ??????	????? ??? ??? 112-21 1?	????? ??? ???131? 12 1?
4963	UNMATCHED	0.00	0.00	0.00	0.00	0.00	NULL	NULL	NULL	NULL
4966	MATCHED	30.00	100.00	40.00	10.00	20.00	4.73	???	????? ??? ??? 192	????? ??? ????25? 18
4971	MATCHED	30.00	100.00	40.00	10.00	20.00	3.74	??? ???	????? ??? ??? 85-1 2?	????? ??? ???132? 29 2?
4977	MATCHED	8.00	73.00	35.00	10.00	20.00	6.50	?? ?? ????	????? ??? ??? 209 ?? ???? 3	????? ??? ??? 224 ?? ???? 3
4986	MATCHED	15.00	85.00	40.00	10.00	20.00	0.00	?????	????? ??? ??? 145-16 ?? 101?	????? ??? ???4? 35 ?? 101?
4998	UNMATCHED	0.00	0.00	0.00	0.00	0.00	NULL	NULL	NULL	NULL
5015	MATCHED	30.00	95.00	35.00	10.00	20.00	4.45	??? ??1??	????? ??? ??? 138-23	????? ??? ????124? 45
5016	MATCHED	30.00	95.00	35.00	10.00	20.00	3.99	??? ??3?	????? ??? ??? 232-1	????? ??? ???113? 19
5018	MATCHED	30.00	90.00	40.00	0.00	20.00	4.14	????????	????? ??? ??? 209	????? ??? ??? 224
5022	UNMATCHED	0.00	0.00	0.00	0.00	0.00	NULL	NULL	NULL	NULL
5028	UNMATCHED	0.00	0.00	0.00	0.00	0.00	NULL	NULL	NULL	NULL
5031	UNMATCHED	0.00	0.00	0.00	0.00	0.00	NULL	NULL	NULL	NULL
5037	AMBIGUOUS	8.00	62.00	40.00	0.00	14.00	77.43	??????	????? ??? ??? 22	????? ??? ????146? 28
5042	MATCHED	30.00	100.00	40.00	10.00	20.00	9.51	???	????? ??? ??? 201-1 1?	????? ??? ????1? 6 1?
5043	UNMATCHED	0.00	0.00	0.00	0.00	0.00	NULL	NULL	NULL	NULL
5052	UNMATCHED	0.00	0.00	0.00	0.00	0.00	NULL	NULL	NULL	NULL
5056	MATCHED	30.00	90.00	40.00	0.00	20.00	0.00	???????	????? ??? ??? 220 4?	????? ??? ???122? 10 4?
5060	MATCHED	30.00	95.00	35.00	10.00	20.00	6.99	????? ??	????? ??? ??? 81-10	????? ??? ???134? 9
5085	UNMATCHED	0.00	0.00	0.00	0.00	0.00	NULL	NULL	NULL	NULL
5088	UNMATCHED	0.00	0.00	0.00	0.00	0.00	NULL	NULL	NULL	NULL
5092	MATCHED	15.00	85.00	40.00	10.00	20.00	2.45	???	????? ??? ??? 143-2 ??2?	????? ??? ????128? 6 ??2?
5111	MATCHED	30.00	100.00	40.00	10.00	20.00	4.67	?????	????? ??? ??? 67-11 1? ?????	????? ??? ????30? 23 1? ?????
5121	UNMATCHED	0.00	0.00	0.00	0.00	0.00	NULL	NULL	NULL	NULL
5131	AMBIGUOUS	8.00	54.00	40.00	0.00	6.00	113.32	???????????	????? ??? ??? 119 ?????? 8?	????? ??? ??? 343 ?????? 8?
5132	AMBIGUOUS	15.00	74.00	35.00	10.00	14.00	53.15	??? ??????? ?	????? ??? ??? 276-1 ACROHILLS??	????? ??? ??? 604 ACROHILLS??
5140	UNMATCHED	0.00	0.00	0.00	0.00	0.00	NULL	NULL	NULL	NULL
5142	MATCHED	30.00	100.00	40.00	10.00	20.00	2.02	??? ???	????? ??? ??? 166-1	????? ??? ????122? 12
5155	MATCHED	30.00	95.00	35.00	10.00	20.00	33.52	??????? &??? ?????	????? ??? ??? 98-12	????? ??? ???148? 14
5156	UNMATCHED	0.00	0.00	0.00	0.00	0.00	NULL	NULL	NULL	NULL
5167	MATCHED	30.00	100.00	40.00	10.00	20.00	2.45	???? ?????	????? ??? ??? 278-7 2?	????? ??? ??? 603 2?
5169	MATCHED	8.00	78.00	40.00	10.00	20.00	4.60	?????	????? ??? ??? 33 1? ?????	????? ??? ????26? 23 1? ?????
5172	UNMATCHED	0.00	0.00	0.00	0.00	0.00	NULL	NULL	NULL	NULL
5180	MATCHED	30.00	100.00	40.00	10.00	20.00	5.36	????	????? ??? ??? 80-23	????? ??? ???136? 3
5184	MATCHED	25.00	95.00	40.00	10.00	20.00	9.15	???	????? ??? ??? 242-4 ???	????? ??? ???127? 16 ???
5186	MATCHED	15.00	85.00	40.00	10.00	20.00	1.91	?(HEE)	????? ??? ??? 95-22 ??1?	????? ??? ???145? 12 ??1?
5193	MATCHED	30.00	100.00	40.00	10.00	20.00	6.85	?????????	????? ??? ??? 48-1	????? ??? ???1? 22
5195	UNMATCHED	0.00	0.00	0.00	0.00	0.00	NULL	NULL	NULL	NULL
5199	UNMATCHED	0.00	0.00	0.00	0.00	0.00	NULL	NULL	NULL	NULL
5205	MATCHED	30.00	100.00	40.00	10.00	20.00	6.88	???	????? ??? ??? 238 ????	????? ??? ??? 652 ????
5213	MATCHED	15.00	85.00	40.00	10.00	20.00	3.92	????	????? ??? ??? 242 1?,2?	????? ??? ???129? 17 1?,2?
5219	UNMATCHED	0.00	0.00	0.00	0.00	0.00	NULL	NULL	NULL	NULL
5220	MATCHED	30.00	95.00	35.00	10.00	20.00	8.63	??? ???	????? ??? ??? 183 1?	????? ??? ????118? 12 1?
5230	UNMATCHED	0.00	0.00	0.00	0.00	0.00	NULL	NULL	NULL	NULL
5235	MATCHED	15.00	85.00	40.00	10.00	20.00	6.17	??	????? ??? ??? 101-4 ??	????? ??? ????54? 33 ??
5241	UNMATCHED	0.00	0.00	0.00	0.00	0.00	NULL	NULL	NULL	NULL
5244	MATCHED	30.00	100.00	40.00	10.00	20.00	5.79	??	????? ??? ??? 86-5 1? ??	????? ??? ???132? 13 1? ??
5251	MATCHED	8.00	78.00	40.00	10.00	20.00	4.56	?????	????? ??? ??? 184-20 ????	????? ??? ????114? 17 ????
5255	MATCHED	25.00	77.00	22.00	10.00	20.00	20.99	??? ??? ?????	????? ??? ??? 241-3 ???????? 1? 101?	????? ??? ??? 342 ???????? 1? 101?
5259	UNMATCHED	0.00	0.00	0.00	0.00	0.00	NULL	NULL	NULL	NULL
5278	UNMATCHED	0.00	0.00	0.00	0.00	0.00	NULL	NULL	NULL	NULL
5282	MATCHED	30.00	95.00	35.00	10.00	20.00	0.00	????? ??????	????? ??? ??? 242-17	????? ??? ???129? 9-4
5284	MATCHED	8.00	78.00	40.00	10.00	20.00	12.58	?????	????? ??? ??? 209 ?????? 1? 108?	????? ??? ??? 224 ?????? 1? 108?
5289	MATCHED	15.00	85.00	40.00	10.00	20.00	9.27	?? ?? ?	????? ??? ??? 143-16 1?	????? ??? ????124? 3-6 1?
5297	MATCHED	30.00	94.00	40.00	10.00	14.00	53.89	?????	????? ??? ??? 98-12	????? ??? ???148? 14
5298	UNMATCHED	0.00	0.00	0.00	0.00	0.00	NULL	NULL	NULL	NULL
5304	UNMATCHED	0.00	0.00	0.00	0.00	0.00	NULL	NULL	NULL	NULL
5312	MATCHED	30.00	100.00	40.00	10.00	20.00	1.77	????	????? ??? ??? 70-13	????? ??? ??? 725
5313	UNMATCHED	0.00	0.00	0.00	0.00	0.00	NULL	NULL	NULL	NULL
5316	MATCHED	15.00	85.00	40.00	10.00	20.00	11.34	?????	????? ??? ??? 161 ????	????? ??? ????124? 20 ????
5328	UNMATCHED	0.00	0.00	0.00	0.00	0.00	NULL	NULL	NULL	NULL
5338	MATCHED	25.00	95.00	40.00	10.00	20.00	6.96	????? ?????	????? ??? ??? 160-6 ??1?	????? ??? ????122? 39-9 ??1?
5347	UNMATCHED	0.00	0.00	0.00	0.00	0.00	NULL	NULL	NULL	NULL
5354	UNMATCHED	0.00	0.00	0.00	0.00	0.00	NULL	NULL	NULL	NULL
5359	MATCHED	30.00	100.00	40.00	10.00	20.00	3.48	????????? ???	????? ??? ??? 87-3	????? ??? ???132? 8
5361	MATCHED	30.00	100.00	40.00	10.00	20.00	4.55	????	????? ??? ??? 66-34	????? ??? ????30? 24
5365	MATCHED	30.00	82.00	22.00	10.00	20.00	5.16	?????? ?? ?????	????? ??? ??? 182-9 1? 102?	????? ??? ????120? 18 1? 102?
5371	UNMATCHED	0.00	0.00	0.00	0.00	0.00	NULL	NULL	NULL	NULL
5382	MATCHED	30.00	100.00	40.00	10.00	20.00	1.84	?????	????? ??? ??? 144-15	????? ??? ???4? 32
5406	MATCHED	15.00	85.00	40.00	10.00	20.00	27.69	??????	????? ??? ??? 164 ????	????? ??? ???? 520 ????
5414	UNMATCHED	0.00	0.00	0.00	0.00	0.00	NULL	NULL	NULL	NULL
5420	AMBIGUOUS	8.00	64.00	40.00	10.00	6.00	152.14	?????	????? ??? ??? 209-9 ??????? 1???	????? ??? ???129? 20 ??????? 1???
5448	AMBIGUOUS	8.00	64.00	40.00	10.00	6.00	127.77	????	????? ??? ??? 105 ????? ??B1 ????	????? ??? ???146? 18 ????? ??B1 ????
5462	UNMATCHED	0.00	0.00	0.00	0.00	0.00	NULL	NULL	NULL	NULL
5466	MATCHED	30.00	95.00	35.00	10.00	20.00	3.94	??????? ?????	????? ??? ??? 163 2?	????? ??? ????124? 10 2?
5467	MATCHED	30.00	100.00	40.00	10.00	20.00	5.19	????	????? ??? ??? 143-3	????? ??? ???2? 28
5484	UNMATCHED	0.00	0.00	0.00	0.00	0.00	NULL	NULL	NULL	NULL
5500	UNMATCHED	0.00	0.00	0.00	0.00	0.00	NULL	NULL	NULL	NULL
5503	UNMATCHED	0.00	0.00	0.00	0.00	0.00	NULL	NULL	NULL	NULL
5508	MATCHED	8.00	78.00	40.00	10.00	20.00	5.40	?????	????? ??? ??? 167-17 1? ?????	????? ??? ????120? 31 1? ?????
5512	MATCHED	30.00	100.00	40.00	10.00	20.00	5.36	???????	????? ??? ??? 212-14 ??1?	????? ??? ???34? 17 ??1?
5513	MATCHED	15.00	80.00	35.00	10.00	20.00	0.00	??? ??	????? ??? ??? 142-9 2?	????? ??? ???2? 20 2?
5515	MATCHED	30.00	100.00	40.00	10.00	20.00	4.48	???	????? ??? ??? 192-2	????? ??? ????25? 12
5522	UNMATCHED	0.00	0.00	0.00	0.00	0.00	NULL	NULL	NULL	NULL
5524	MATCHED	30.00	100.00	40.00	10.00	20.00	4.05	?????? ??????	????? ??? ??? 242-28 1? 102?	????? ??? ???129? 5 1? 102?
5530	UNMATCHED	0.00	0.00	0.00	0.00	0.00	NULL	NULL	NULL	NULL
5540	MATCHED	30.00	100.00	40.00	10.00	20.00	2.87	???? ???	????? ??? ??? 240-3 1?	????? ??? ??? 328 1?
5544	MATCHED	30.00	100.00	40.00	10.00	20.00	2.34	??? ??????	????? ??? ??? 10-34	????? ??? ????24? 18
5547	MATCHED	30.00	90.00	40.00	0.00	20.00	1.60	22FEB	????? ??? ??? 254-30 1?	????? ??? ???119? 6 1?
5562	UNMATCHED	0.00	0.00	0.00	0.00	0.00	NULL	NULL	NULL	NULL
5564	AMBIGUOUS	30.00	100.00	40.00	10.00	20.00	0.00	??	????? ??? ??? 143-10	????? ??? ???2? 30
5567	MATCHED	30.00	90.00	40.00	0.00	20.00	11.29	????	????? ??? ??? 113-12 1? ????	????? ??? ???134? 31 1? ????
5570	MATCHED	30.00	100.00	40.00	10.00	20.00	3.08	??????	????? ??? ??? 190	????? ??? ???115? 29
5571	UNMATCHED	0.00	0.00	0.00	0.00	0.00	NULL	NULL	NULL	NULL
5579	MATCHED	25.00	84.00	35.00	10.00	14.00	71.22	????? ???????	????? ??? ??? 242-7 2? ?????	????? ??? ???129? 15 2? ?????
5587	UNMATCHED	0.00	0.00	0.00	0.00	0.00	NULL	NULL	NULL	NULL
5591	MATCHED	30.00	100.00	40.00	10.00	20.00	0.00	???	????? ??? ??? 218-20 1?	????? ??? ???121? 4-3 1?
5592	UNMATCHED	0.00	0.00	0.00	0.00	0.00	NULL	NULL	NULL	NULL
5600	MATCHED	25.00	77.00	22.00	10.00	20.00	4.17	??????	????? ??? ??? 165-19 1? ??????	????? ??? ????122? 6 1? ??????
5606	MATCHED	30.00	100.00	40.00	10.00	20.00	3.26	??????	????? ??? ??? 144-17 ??1? 101?,102?	????? ??? ???4? 28 ??1? 101?,102?
5613	MATCHED	15.00	85.00	40.00	10.00	20.00	8.75	???	????? ??? ??? 212-19 1?	????? ??? ???34? 25 1?
5616	UNMATCHED	0.00	0.00	0.00	0.00	0.00	NULL	NULL	NULL	NULL
5619	UNMATCHED	0.00	0.00	0.00	0.00	0.00	NULL	NULL	NULL	NULL
5620	MATCHED	30.00	100.00	40.00	10.00	20.00	4.38	?????? ????	????? ??? ??? 163 1? ??????	????? ??? ????124? 10 1? ??????
5622	MATCHED	15.00	80.00	35.00	10.00	20.00	9.53	??????? ?????	????? ??? ??? 241-1 SB111?	????? ??? ??? 338 SB111?
5623	MATCHED	25.00	84.00	35.00	10.00	14.00	53.53	??? ???	????? ??? ??? 98-12 ?? 1? 102?	????? ??? ???148? 14 ?? 1? 102?
5624	MATCHED	30.00	100.00	40.00	10.00	20.00	0.00	???????	????? ??? ??? 163-24	????? ??? ???4? 38
5628	MATCHED	30.00	100.00	40.00	10.00	20.00	6.07	????? 1??	????? ??? ??? 269-17 1?	????? ??? ???111? 10 1?
5632	UNMATCHED	0.00	0.00	0.00	0.00	0.00	NULL	NULL	NULL	NULL
5638	MATCHED	30.00	95.00	35.00	10.00	20.00	5.11	????? ?? ??	????? ??? ??? 4-7 1? ?????	????? ??? ????8? 7 1? ?????
5651	UNMATCHED	0.00	0.00	0.00	0.00	0.00	NULL	NULL	NULL	NULL
5658	UNMATCHED	0.00	0.00	0.00	0.00	0.00	NULL	NULL	NULL	NULL
5663	MATCHED	15.00	85.00	40.00	10.00	20.00	4.14	??? ???? ?????	????? ??? ??? 6-2 3?	????? ??? ???? 150 3?
5665	AMBIGUOUS	8.00	64.00	40.00	10.00	6.00	148.49	???? ??	????? ??? ??? 254-20 1?	????? ??? ???121? 8 1?
5667	UNMATCHED	0.00	0.00	0.00	0.00	0.00	NULL	NULL	NULL	NULL
5674	MATCHED	30.00	100.00	40.00	10.00	20.00	4.72	?? ??	????? ??? ??? 134-9	????? ??? ???20? 30
5675	UNMATCHED	0.00	0.00	0.00	0.00	0.00	NULL	NULL	NULL	NULL
5681	MATCHED	30.00	100.00	40.00	10.00	20.00	0.00	???	????? ??? ??? 133-3	????? ??? ???20? 19-8
5684	UNMATCHED	0.00	0.00	0.00	0.00	0.00	NULL	NULL	NULL	NULL
5687	UNMATCHED	0.00	0.00	0.00	0.00	0.00	NULL	NULL	NULL	NULL
5703	MATCHED	30.00	100.00	40.00	10.00	20.00	3.85	???????? ????	????? ??? ??? 166-3 1?	????? ??? ????122? 16 1?
5708	MATCHED	30.00	95.00	35.00	10.00	20.00	3.22	???105 ??8??	????? ??? ??? 8	????? ??? ????26? 11
5711	UNMATCHED	0.00	0.00	0.00	0.00	0.00	NULL	NULL	NULL	NULL
5715	MATCHED	8.00	78.00	40.00	10.00	20.00	3.68	?? ???	????? ??? ??? 64 ??? 8???, ???? 3??? ?? 600m	????? ??? ????34? 11 ??? 8???, ???? 3??? ?? 600m
5720	MATCHED	30.00	100.00	40.00	10.00	20.00	4.16	????	????? ??? ??? 182-28 3? ????	????? ??? ????1? 32 3? ????
5730	MATCHED	30.00	100.00	40.00	10.00	20.00	0.01	????	????? ??? ??? 230-1	????? ??? ???115? 15
5739	UNMATCHED	0.00	0.00	0.00	0.00	0.00	NULL	NULL	NULL	NULL
5754	UNMATCHED	0.00	0.00	0.00	0.00	0.00	NULL	NULL	NULL	NULL
5763	UNMATCHED	0.00	0.00	0.00	0.00	0.00	NULL	NULL	NULL	NULL
5765	MATCHED	30.00	100.00	40.00	10.00	20.00	6.79	???? ?????	????? ??? ??? 144-3	????? ??? ???2? 31
5796	UNMATCHED	0.00	0.00	0.00	0.00	0.00	NULL	NULL	NULL	NULL
5807	UNMATCHED	0.00	0.00	0.00	0.00	0.00	NULL	NULL	NULL	NULL
5812	UNMATCHED	0.00	0.00	0.00	0.00	0.00	NULL	NULL	NULL	NULL
5814	MATCHED	30.00	95.00	35.00	10.00	20.00	1.14	?? ???	????? ??? ??? 101-8 1? 101?	????? ??? ???145? 5-12 1? 101?
5815	UNMATCHED	0.00	0.00	0.00	0.00	0.00	NULL	NULL	NULL	NULL
5832	MATCHED	30.00	95.00	35.00	10.00	20.00	2.30	????? ????? ??	????? ??? ??? 113-25 2? ?????	????? ??? ???134? 29 2? ?????
5834	MATCHED	30.00	100.00	40.00	10.00	20.00	9.41	??? ????	????? ??? ??? 15-12	????? ??? ????8? 23
5838	MATCHED	15.00	85.00	40.00	10.00	20.00	3.29	????	????? ??? ??? 277-1 1?	????? ??? ???111? 43 1?
5848	MATCHED	25.00	85.00	40.00	0.00	20.00	49.12	?????	????? ??? ??2? 71-2 ???? ??1?	????? ??? ??? 711 ???? ??1?
5860	MATCHED	30.00	95.00	35.00	10.00	20.00	7.60	??	????? ??? ??? 10-5	????? ??? ???149? 35
5867	MATCHED	30.00	95.00	35.00	10.00	20.00	6.83	?????? ???	????? ??? ??? 198-15 1?	????? ??? ????112? 17 1?
5870	UNMATCHED	0.00	0.00	0.00	0.00	0.00	NULL	NULL	NULL	NULL
5884	MATCHED	8.00	78.00	40.00	10.00	20.00	3.04	?????	????? ??? ??? 61-18	????? ??? ???150? 41
5885	MATCHED	8.00	73.00	35.00	10.00	20.00	43.70	??? ??????? ???	????? ??? ??? 234-2 102?	????? ??? ???114? 10 102?
5899	UNMATCHED	0.00	0.00	0.00	0.00	0.00	NULL	NULL	NULL	NULL
5901	UNMATCHED	0.00	0.00	0.00	0.00	0.00	NULL	NULL	NULL	NULL
5904	MATCHED	15.00	80.00	35.00	10.00	20.00	3.62	?????? ??1??	????? ??? ??? 114-25 1?	????? ??? ???134? 13 1?
5910	UNMATCHED	0.00	0.00	0.00	0.00	0.00	NULL	NULL	NULL	NULL
5913	MATCHED	30.00	100.00	40.00	10.00	20.00	7.57	??	????? ??? ??? 148-17 1?	????? ??? ???20? 46 1?
5917	MATCHED	25.00	95.00	40.00	10.00	20.00	5.54	????	????? ??? ??? 254-22 1? ????	????? ??? ???121? 15 1? ????
5920	UNMATCHED	0.00	0.00	0.00	0.00	0.00	NULL	NULL	NULL	NULL
5927	MATCHED	15.00	85.00	40.00	10.00	20.00	6.92	??????	????? ??? ??? 120-3 1, 2?	????? ??? ???2? 6 1, 2?
5935	MATCHED	30.00	94.00	40.00	10.00	14.00	58.95	???? ???	????? ??? ??? 105-4 101? ?1? B120?	????? ??? ????46? 21 101? ?1? B120?
5937	MATCHED	30.00	100.00	40.00	10.00	20.00	4.61	????	????? ??? ??? 37-1 1?	????? ??? ???25? 14 1?
5940	MATCHED	30.00	100.00	40.00	10.00	20.00	1.34	??????	????? ??? ??? 184-29	????? ??? ????1? 18
5945	UNMATCHED	0.00	0.00	0.00	0.00	0.00	NULL	NULL	NULL	NULL
5951	MATCHED	30.00	100.00	40.00	10.00	20.00	6.62	??	????? ??? ??? 97-20 ?? (1?)	????? ??? ???148? 7 ?? (1?)
5956	MATCHED	30.00	95.00	35.00	10.00	20.00	1.84	?????? ??? ??	????? ??? ??? 218-1	????? ??? ???125? 5
5962	MATCHED	8.00	78.00	40.00	10.00	20.00	0.00	???	????? ??? ??? 65-8	????? ??? ???150? 28
5969	MATCHED	15.00	85.00	40.00	10.00	20.00	4.51	?????? ??????	????? ??? ??? 99-1 1?	????? ??? ???145? 21 1?
5970	MATCHED	25.00	90.00	35.00	10.00	20.00	0.00	???? ???	????? ??? ??? 163-14 1? 2?	????? ??? ???2? 57 1? 2?
5973	MATCHED	30.00	95.00	35.00	10.00	20.00	4.24	???? ????	????? ??? ??? 181-6	????? ??? ????120? 42
5979	MATCHED	30.00	100.00	40.00	10.00	20.00	12.17	?????	????? ??? ??? 209-9	????? ??? ???129? 20
5981	UNMATCHED	0.00	0.00	0.00	0.00	0.00	NULL	NULL	NULL	NULL
5985	UNMATCHED	0.00	0.00	0.00	0.00	0.00	NULL	NULL	NULL	NULL
5989	MATCHED	30.00	100.00	40.00	10.00	20.00	0.00	???	????? ??? ??? 122-25 1? 104?	????? ??? ????128? 27 1? 104?
5999	MATCHED	30.00	95.00	35.00	10.00	20.00	6.54	????? ????	????? ??? ??? 164-16 2? ?????	????? ??? ???2? 50 2? ?????
6000	MATCHED	30.00	100.00	40.00	10.00	20.00	1.72	?????	????? ??? ??? 224-17	????? ??? ???118? 21
6001	UNMATCHED	0.00	0.00	0.00	0.00	0.00	NULL	NULL	NULL	NULL
6003	MATCHED	15.00	85.00	40.00	10.00	20.00	0.00	????	????? ??? ??? 225-6 ?????? ??1? 103? ???? (2???1?)	????? ??? ??? 615 ?????? ??1? 103? ???? (2???1?)
6029	AMBIGUOUS	8.00	58.00	40.00	10.00	0.00	NULL	???? ????	????? ??? ??? 279-67 ???	????? ??? ??? 102 ???
6034	MATCHED	25.00	95.00	40.00	10.00	20.00	3.89	????	????? ??? ??? 82-5 1? ?? cbellcoffee	????? ??? ???136? 26 1? ?? cbellcoffee
6039	UNMATCHED	0.00	0.00	0.00	0.00	0.00	NULL	NULL	NULL	NULL
6041	MATCHED	30.00	100.00	40.00	10.00	20.00	5.54	????	????? ??? ??? 141-17	????? ??? ???4? 8
6042	MATCHED	15.00	75.00	40.00	0.00	20.00	3.07	??????	????? ??? ??? 219-34 ???	????? ??? ???121? 22 ???
6068	UNMATCHED	0.00	0.00	0.00	0.00	0.00	NULL	NULL	NULL	NULL
6073	MATCHED	30.00	100.00	40.00	10.00	20.00	2.89	????	????? ??? ??? 80-22	????? ??? ???136? 5-3
6080	MATCHED	15.00	85.00	40.00	10.00	20.00	7.98	?????	????? ??? ??? 141-5 ????	????? ??? ???2? 15 ????
6084	UNMATCHED	0.00	0.00	0.00	0.00	0.00	NULL	NULL	NULL	NULL
6088	MATCHED	25.00	95.00	40.00	10.00	20.00	8.02	???? ????	????? ??? ??? 85-1 ???? 1? ???? ????	????? ??? ???132? 29 ???? 1? ???? ????
6089	UNMATCHED	0.00	0.00	0.00	0.00	0.00	NULL	NULL	NULL	NULL
6093	UNMATCHED	0.00	0.00	0.00	0.00	0.00	NULL	NULL	NULL	NULL
6113	MATCHED	8.00	78.00	40.00	10.00	20.00	41.04	???????	????? ??? ??? 97-1	????? ??? ???150? 6
6120	UNMATCHED	0.00	0.00	0.00	0.00	0.00	NULL	NULL	NULL	NULL
6131	MATCHED	8.00	78.00	40.00	10.00	20.00	14.63	????	????? ??? ??? 209 B101, B102	????? ??? ??? 224 B101, B102
6132	MATCHED	15.00	85.00	40.00	10.00	20.00	5.35	??????	????? ??? ??? 48-5 1?	????? ??? ???1? 14 1?
6135	UNMATCHED	0.00	0.00	0.00	0.00	0.00	NULL	NULL	NULL	NULL
6137	MATCHED	30.00	100.00	40.00	10.00	20.00	7.59	????? ???	????? ??? ??? 187-3	????? ??? ????118? 60
6144	AMBIGUOUS	30.00	100.00	40.00	10.00	20.00	0.00	??	????? ??? ??? 242-28 2?	????? ??? ???129? 5 2?
6146	MATCHED	30.00	95.00	35.00	10.00	20.00	4.93	502????? ???	????? ??? ??? 134-10	????? ??? ???20? 32
6153	UNMATCHED	0.00	0.00	0.00	0.00	0.00	NULL	NULL	NULL	NULL
6165	MATCHED	15.00	80.00	35.00	10.00	20.00	11.97	???? ????	????? ??? ??? 116-5 1?	????? ??? ???45? 3 1?
6169	UNMATCHED	0.00	0.00	0.00	0.00	0.00	NULL	NULL	NULL	NULL
6176	MATCHED	25.00	95.00	40.00	10.00	20.00	20.59	?????? ?????	????? ??? ??? 98-12 ?? 109?	????? ??? ???148? 14 ?? 109?
6183	UNMATCHED	0.00	0.00	0.00	0.00	0.00	NULL	NULL	NULL	NULL
6198	MATCHED	30.00	100.00	40.00	10.00	20.00	1.38	???	????? ??? ??? 277-18 1?	????? ??? ????49? 5 1?
6199	MATCHED	15.00	77.00	32.00	10.00	20.00	13.19	????? ?????	????? ??? ??? 143 143	????? ??? ???? 532 143
6209	MATCHED	30.00	95.00	35.00	10.00	20.00	4.96	?? ??	????? ??? ??? 95-4 103?	????? ??? ???150? 48 103?
6217	MATCHED	30.00	100.00	40.00	10.00	20.00	2.11	??????? ????	????? ??? ??? 278-12	????? ??? ????49? 6
6223	UNMATCHED	0.00	0.00	0.00	0.00	0.00	NULL	NULL	NULL	NULL
6224	AMBIGUOUS	15.00	66.00	35.00	10.00	6.00	122.20	?? ?? ??? ??	????? ??? ??? 105 2?	????? ??? ???146? 18 2?
6236	MATCHED	15.00	85.00	40.00	10.00	20.00	4.24	????	????? ??? ??? 264 1?	????? ??? ????43? 56 1?
6237	MATCHED	25.00	95.00	40.00	10.00	20.00	9.29	???? ??????	????? ??? ??? 241-3 SK???? 105? ???? ??????	????? ??? ??? 342 SK???? 105? ???? ??????
6244	MATCHED	30.00	100.00	40.00	10.00	20.00	1.84	??????	????? ??? ??? 144-15	????? ??? ???4? 32
6255	MATCHED	30.00	95.00	35.00	10.00	20.00	5.94	???? ??	????? ??? ??? 146-15 ??1? 102?(???)	????? ??? ????124? 39
6264	UNMATCHED	0.00	0.00	0.00	0.00	0.00	NULL	NULL	NULL	NULL
6271	MATCHED	30.00	100.00	40.00	10.00	20.00	3.87	?????	????? ??? ??? 162-16	????? ??? ????122? 17
6273	UNMATCHED	0.00	0.00	0.00	0.00	0.00	NULL	NULL	NULL	NULL
6275	UNMATCHED	0.00	0.00	0.00	0.00	0.00	NULL	NULL	NULL	NULL
6278	UNMATCHED	0.00	0.00	0.00	0.00	0.00	NULL	NULL	NULL	NULL
6280	MATCHED	15.00	85.00	40.00	10.00	20.00	5.78	????? ??????	????? ??? ??? 118-17 ????	????? ??? ??? 339 ????
6283	MATCHED	30.00	95.00	35.00	10.00	20.00	13.50	??????? ???	????? ??? ??? 261	????? ??? ??? 620
6292	MATCHED	30.00	100.00	40.00	10.00	20.00	3.91	?????	????? ??? ??? 48-5	????? ??? ???1? 14
6297	MATCHED	15.00	80.00	35.00	10.00	20.00	4.24	??? bluff Dine & Bar	????? ??? ??? 94-25 ???? ??1?	????? ??? ????54? 17 ???? ??1?
6302	UNMATCHED	0.00	0.00	0.00	0.00	0.00	NULL	NULL	NULL	NULL
6324	UNMATCHED	0.00	0.00	0.00	0.00	0.00	NULL	NULL	NULL	NULL
6342	MATCHED	30.00	100.00	40.00	10.00	20.00	8.62	??????	????? ??? ??? 164-7	????? ??? ???? 512
6345	UNMATCHED	0.00	0.00	0.00	0.00	0.00	NULL	NULL	NULL	NULL
6348	UNMATCHED	0.00	0.00	0.00	0.00	0.00	NULL	NULL	NULL	NULL
6351	UNMATCHED	0.00	0.00	0.00	0.00	0.00	NULL	NULL	NULL	NULL
6361	MATCHED	25.00	95.00	40.00	10.00	20.00	3.62	???????	????? ??? ??? 74-19 1? ???????	????? ??? ???142? 13 1? ???????
6374	MATCHED	30.00	100.00	40.00	10.00	20.00	0.01	???	????? ??? ??? 91-24 1?, 2?	????? ??? ???150? 7 1?, 2?
6391	UNMATCHED	0.00	0.00	0.00	0.00	0.00	NULL	NULL	NULL	NULL
6393	MATCHED	30.00	100.00	40.00	10.00	20.00	2.64	????	????? ??? ??? 166-2 1? ????	????? ??? ????122? 14 1? ????
6405	MATCHED	15.00	85.00	40.00	10.00	20.00	8.33	?????	????? ??? ??? 42-6 1? (????)	????? ??? ???17? 13 1? (????)
6415	MATCHED	8.00	78.00	40.00	10.00	20.00	15.10	??????	????? ??? ??? 121 2? ?? 102?	????? ??? ??? 106 2? ?? 102?
6428	MATCHED	15.00	85.00	40.00	10.00	20.00	30.71	????	????? ??? ??? 98-12 ???????	????? ??? ???148? 14 ???????
6447	MATCHED	30.00	100.00	40.00	10.00	20.00	2.72	????	????? ??? ??? 106-17	????? ??? ???41? 23
6448	MATCHED	15.00	85.00	40.00	10.00	20.00	3.59	??? ???	????? ??? ??? 65-3 ????	????? ??? ???150? 18 ????
6455	MATCHED	30.00	95.00	35.00	10.00	20.00	3.34	??? ??2??	????? ??? ??? 206-5	????? ??? ???? 167
6458	UNMATCHED	0.00	0.00	0.00	0.00	0.00	NULL	NULL	NULL	NULL
6464	MATCHED	8.00	78.00	40.00	10.00	20.00	9.99	??????	????? ??? ??? 116-3 101?	????? ??? ???45? 7 101?
6465	MATCHED	25.00	95.00	40.00	10.00	20.00	1.20	????????	????? ??? ??? 67-25 1? ????????	????? ??? ???146? 13 1? ????????
6497	MATCHED	30.00	100.00	40.00	10.00	20.00	7.79	???	????? ??? ??? 199-24	????? ??? ????1? 9
6503	UNMATCHED	0.00	0.00	0.00	0.00	0.00	NULL	NULL	NULL	NULL
6513	MATCHED	30.00	95.00	35.00	10.00	20.00	3.71	????? ?? ????	????? ??? ??? 112-3 1?	????? ??? ???131? 24 1?
6518	UNMATCHED	0.00	0.00	0.00	0.00	0.00	NULL	NULL	NULL	NULL
6526	UNMATCHED	0.00	0.00	0.00	0.00	0.00	NULL	NULL	NULL	NULL
6527	MATCHED	30.00	82.00	22.00	10.00	20.00	3.30	?? ?? ???	????? ??? ??? 64-22 1? ???????	????? ??? ???147? 28 1? ???????
6528	UNMATCHED	0.00	0.00	0.00	0.00	0.00	NULL	NULL	NULL	NULL
6535	AMBIGUOUS	8.00	59.00	35.00	10.00	6.00	250.84	????? ????	????? ??? ??? 141-16 101?	????? ??? ???4? 10 101?
6538	MATCHED	30.00	100.00	40.00	10.00	20.00	5.70	???	????? ??? ??? 81-4	????? ??? ???136? 12
6545	UNMATCHED	0.00	0.00	0.00	0.00	0.00	NULL	NULL	NULL	NULL
6556	MATCHED	30.00	100.00	40.00	10.00	20.00	0.73	???	????? ??? ??? 65-7	????? ??? ???150? 26
6557	UNMATCHED	0.00	0.00	0.00	0.00	0.00	NULL	NULL	NULL	NULL
6565	MATCHED	30.00	100.00	40.00	10.00	20.00	3.44	????	????? ??? ??? 161-5	????? ??? ????124? 22
6580	MATCHED	30.00	90.00	40.00	0.00	20.00	9.22	???????	????? ??? ??? 81-1 ???? ??1?	????? ??? ??? 712 ???? ??1?
6595	MATCHED	30.00	95.00	35.00	10.00	20.00	8.25	?? ??????	????? ??? ??? 165-19	????? ??? ????122? 6
6598	MATCHED	30.00	100.00	40.00	10.00	20.00	3.78	???	????? ??? ??? 67-12 1? ???	????? ??? ????30? 21-4 1? ???
6613	MATCHED	30.00	95.00	35.00	10.00	20.00	5.02	??? ???	????? ??? ??? 148	????? ??? ????124? 74
6626	MATCHED	25.00	95.00	40.00	10.00	20.00	6.47	????? ???????	????? ??? ??? 242-53 1?	????? ??? ??? 659 1?
6635	UNMATCHED	0.00	0.00	0.00	0.00	0.00	NULL	NULL	NULL	NULL
6641	UNMATCHED	0.00	0.00	0.00	0.00	0.00	NULL	NULL	NULL	NULL
6643	MATCHED	30.00	100.00	40.00	10.00	20.00	2.59	???????	????? ??? ??? 242-18	????? ??? ???129? 11 ,
6656	MATCHED	15.00	85.00	40.00	10.00	20.00	4.45	?????	????? ??? ??? 141-5 ????	????? ??? ???2? 15 ????
6657	UNMATCHED	0.00	0.00	0.00	0.00	0.00	NULL	NULL	NULL	NULL
6664	MATCHED	30.00	100.00	40.00	10.00	20.00	2.37	?????	????? ??? ??? 192-23 1?	????? ??? ????25? 4 1?
6671	MATCHED	8.00	78.00	40.00	10.00	20.00	5.98	??? ???	????? ??? ??? 164-11 2?	????? ??? ???? 506 2?
6672	MATCHED	30.00	95.00	35.00	10.00	20.00	7.93	?? ?????	????? ??? ??? 275-3	????? ??? ??? 608
6675	MATCHED	30.00	100.00	40.00	10.00	20.00	1.14	???	????? ??? ??? 97-8	????? ??? ???150? 24
6678	MATCHED	15.00	80.00	35.00	10.00	20.00	0.01	??????? ???	????? ??? ??? 226 ??1? 4?	????? ??? ????33? 34 ??1? 4?
6682	MATCHED	15.00	80.00	35.00	10.00	20.00	11.99	????? ??????? ?	????? ??? ??? 183 ????	????? ??? ????118? 12 (???) ????
6711	UNMATCHED	0.00	0.00	0.00	0.00	0.00	NULL	NULL	NULL	NULL
6728	AMBIGUOUS	8.00	60.00	22.00	10.00	20.00	0.00	??1957 ??????	????? ??? ??? 241-1 ?? 1? 109?	????? ??? ??? 338 ?? 1? 109?
6745	MATCHED	30.00	100.00	40.00	10.00	20.00	0.00	????	????? ??? ??? 161-16 1?	????? ??? ???4? 41 1?
6746	MATCHED	30.00	95.00	35.00	10.00	20.00	6.00	??? ??????	????? ??? ??? 198-8 ??1?	????? ??? ????114? 16 ??1?
6747	MATCHED	8.00	78.00	40.00	10.00	20.00	13.32	???	????? ??? ??? 241-1 ????? L? ???	????? ??? ??? 338 ????? L? ???
6761	UNMATCHED	0.00	0.00	0.00	0.00	0.00	NULL	NULL	NULL	NULL
6765	MATCHED	8.00	78.00	40.00	10.00	20.00	48.02	?? ?????	????? ??? ??? 219-33 2?	????? ??? ???121? 10 2?
6769	UNMATCHED	0.00	0.00	0.00	0.00	0.00	NULL	NULL	NULL	NULL
6779	MATCHED	30.00	100.00	40.00	10.00	20.00	11.34	?????	????? ??? ??? 161 ????	????? ??? ????124? 20 ????
6795	MATCHED	30.00	100.00	40.00	10.00	20.00	1.41	??? ?????	????? ??? ??? 148-13 1? 102?	????? ??? ????124? 68 1? 102?
6799	UNMATCHED	0.00	0.00	0.00	0.00	0.00	NULL	NULL	NULL	NULL
6800	MATCHED	15.00	85.00	40.00	10.00	20.00	0.17	?????	????? ??? ??1? 3-6 B2	????? ??? ????6? 5 B2
6807	UNMATCHED	0.00	0.00	0.00	0.00	0.00	NULL	NULL	NULL	NULL
6810	MATCHED	15.00	85.00	40.00	10.00	20.00	11.34	?????	????? ??? ??? 161 ????	????? ??? ????124? 20 ????
6817	MATCHED	15.00	85.00	40.00	10.00	20.00	42.82	???? ??1??	????? ??? ??? 163-12 1?	????? ??? ???2? 55 1?
6824	MATCHED	15.00	85.00	40.00	10.00	20.00	4.15	???, ?	????? ??? ??? 50-8 2?	????? ??? ???1? 11 2?
6828	UNMATCHED	0.00	0.00	0.00	0.00	0.00	NULL	NULL	NULL	NULL
6835	UNMATCHED	0.00	0.00	0.00	0.00	0.00	NULL	NULL	NULL	NULL
6837	UNMATCHED	0.00	0.00	0.00	0.00	0.00	NULL	NULL	NULL	NULL
6841	AMBIGUOUS	15.00	74.00	35.00	10.00	14.00	82.62	???? ???	????? ??? ??? 98-12 ???????	????? ??? ???148? 14 ???????
6842	MATCHED	15.00	85.00	40.00	10.00	20.00	3.52	???	????? ??? ??? 230-20 ???	????? ??? ???113? 14 ???
6856	MATCHED	15.00	85.00	40.00	10.00	20.00	2.45	??	????? ??? ??? 198-17 ?????? 2? ??	????? ??? ????112? 15 ?????? 2? ??
6869	MATCHED	25.00	95.00	40.00	10.00	20.00	5.64	????	????? ??? ??? 232-17 ???? 1?	????? ??? ????37? 11 ???? 1?
6873	MATCHED	30.00	100.00	40.00	10.00	20.00	4.07	??? ????	????? ??? ??? 197 1?	????? ??? ????114? 22 1?
6879	UNMATCHED	0.00	0.00	0.00	0.00	0.00	NULL	NULL	NULL	NULL
6897	UNMATCHED	0.00	0.00	0.00	0.00	0.00	NULL	NULL	NULL	NULL
6898	MATCHED	8.00	78.00	40.00	10.00	20.00	3.66	??????	????? ??? ??? 104 ??????	????? ??? ????50? 47 ??????
6899	MATCHED	15.00	80.00	35.00	10.00	20.00	5.57	?????? ??	????? ??? ??? 9-5 ????	????? ??? ???149? 19 ????
6901	MATCHED	25.00	90.00	35.00	10.00	20.00	16.02	??? ????	????? ??? ??? 98-12 ???? ?? 108?	????? ??? ???148? 14 ???? ?? 108?
6904	MATCHED	30.00	90.00	40.00	0.00	20.00	3.10	?????	????? ??? ??? 4-20 2?	????? ??? ????12? 6 2?
6911	MATCHED	30.00	100.00	40.00	10.00	20.00	3.02	??	????? ??? ??? 112-12	????? ??? ???131? 20
6922	UNMATCHED	0.00	0.00	0.00	0.00	0.00	NULL	NULL	NULL	NULL
6923	MATCHED	30.00	95.00	35.00	10.00	20.00	5.68	?? ??	????? ??? ??? 273-16	????? ??? ???114? 17
6931	MATCHED	15.00	85.00	40.00	10.00	20.00	5.02	????	????? ??? ??? 143-24 143?24	????? ??? ???2? 40 ??? 143?24
6932	MATCHED	30.00	100.00	40.00	10.00	20.00	3.94	?????	????? ??? ??2? 226-4	????? ??? ???115? 14
6948	UNMATCHED	0.00	0.00	0.00	0.00	0.00	NULL	NULL	NULL	NULL
6959	MATCHED	30.00	100.00	40.00	10.00	20.00	4.35	??????	????? ??? ??? 219-21	????? ??? ???38? 46
6960	MATCHED	30.00	100.00	40.00	10.00	20.00	0.00	?????	????? ??? ??? 118-21 2?	????? ??? ???53? 3-10 2?
6975	UNMATCHED	0.00	0.00	0.00	0.00	0.00	NULL	NULL	NULL	NULL
6984	MATCHED	15.00	85.00	40.00	10.00	20.00	2.03	??	????? ??? ??? 114-13 2?	????? ??? ???41? 14 2?
6989	MATCHED	30.00	100.00	40.00	10.00	20.00	5.46	???	????? ??? ??? 144-18	????? ??? ???4? 26
6994	MATCHED	30.00	95.00	35.00	10.00	20.00	7.45	?? ??	????? ??? ??? 254-23	????? ??? ???121? 13
7007	UNMATCHED	0.00	0.00	0.00	0.00	0.00	NULL	NULL	NULL	NULL
7014	AMBIGUOUS	8.00	67.00	35.00	10.00	14.00	54.88	???? ??????	????? ??? ??? 241-1 ????? B114? ????	????? ??? ??? 338 ????? B114? ????
7015	MATCHED	15.00	85.00	40.00	10.00	20.00	6.60	??????	????? ??? ??? 49-8 ???? 1? ??????	????? ??? ???1? 21 ???? 1? ??????
7021	UNMATCHED	0.00	0.00	0.00	0.00	0.00	NULL	NULL	NULL	NULL
7028	MATCHED	30.00	95.00	35.00	10.00	20.00	7.16	?? ??	????? ??? ??? 166-9 1?	????? ??? ????122? 26 1?
7030	MATCHED	15.00	80.00	35.00	10.00	20.00	0.00	???? ???	????? ??? ??? 201-4 13?	????? ??? ???? 113 13?
7036	UNMATCHED	0.00	0.00	0.00	0.00	0.00	NULL	NULL	NULL	NULL
7045	MATCHED	30.00	100.00	40.00	10.00	20.00	4.27	??? ???	????? ??? ??? 230-18	????? ??? ???113? 16
7047	MATCHED	30.00	95.00	35.00	10.00	20.00	4.72	???? ????	????? ??? ??? 57-12	????? ??? ???23? 7
7050	UNMATCHED	0.00	0.00	0.00	0.00	0.00	NULL	NULL	NULL	NULL
7055	MATCHED	30.00	100.00	40.00	10.00	20.00	4.52	????	????? ??? ??? 147-19	????? ??? ????124? 48
7056	UNMATCHED	0.00	0.00	0.00	0.00	0.00	NULL	NULL	NULL	NULL
7066	UNMATCHED	0.00	0.00	0.00	0.00	0.00	NULL	NULL	NULL	NULL
7071	UNMATCHED	0.00	0.00	0.00	0.00	0.00	NULL	NULL	NULL	NULL
7075	UNMATCHED	0.00	0.00	0.00	0.00	0.00	NULL	NULL	NULL	NULL
7092	MATCHED	25.00	95.00	40.00	10.00	20.00	4.03	???? ???	????? ??? ??? 111-26 1? 102?	????? ??? ??? 711 1? 102?
7095	UNMATCHED	0.00	0.00	0.00	0.00	0.00	NULL	NULL	NULL	NULL
7098	MATCHED	30.00	100.00	40.00	10.00	20.00	0.00	?????????	????? ??? ??? 182-26 ??1?	????? ??? ????118? 17 ??1?
7113	MATCHED	25.00	95.00	40.00	10.00	20.00	4.75	???	????? ??? ??? 143-23 1? ???	????? ??? ????124? 5 1? ???
7119	MATCHED	15.00	85.00	40.00	10.00	20.00	0.22	??????	????? ??? ??? 184 3? ??????	????? ??? ????116? 8 3? ??????
7126	MATCHED	30.00	95.00	35.00	10.00	20.00	3.50	???? ??????	????? ??? ??? 242-28	????? ??? ???129? 5
7140	MATCHED	25.00	95.00	40.00	10.00	20.00	2.81	?????	????? ??? ??? 93-12 1? ?????	????? ??? ???150? 45 1? ?????
7145	MATCHED	15.00	85.00	40.00	10.00	20.00	20.49	???? ????	????? ??? ??? 192-3 ???????? 1?	????? ??? ???113? 5 ???????? 1?
7148	UNMATCHED	0.00	0.00	0.00	0.00	0.00	NULL	NULL	NULL	NULL
7153	MATCHED	30.00	100.00	40.00	10.00	20.00	0.13	?????	????? ??? ??? 11-2	????? ??? ???149? 51-1
7158	MATCHED	25.00	95.00	40.00	10.00	20.00	7.77	??? ???	????? ??? ??? 81 ???? 1? ???	????? ??? ??? 712 ???? 1? ???
7159	AMBIGUOUS	8.00	64.00	40.00	10.00	6.00	133.82	??????	????? ??? ??? 180-13 1?/ 101? ?????????	????? ??? ????118? 61 1?/ 101? ?????????
7161	MATCHED	30.00	100.00	40.00	10.00	20.00	0.00	?????????	????? ??? ??? 182-17	????? ??? ????118? 35
7171	UNMATCHED	0.00	0.00	0.00	0.00	0.00	NULL	NULL	NULL	NULL
7172	MATCHED	30.00	100.00	40.00	10.00	20.00	4.39	?????	????? ??? ??? 161-16 ?? 1?	????? ??? ???4? 41 ?? 1?
7184	MATCHED	30.00	89.00	35.00	10.00	14.00	73.65	????? ????	????? ??? ??? 98-12 ?? 103?	????? ??? ???148? 14 ?? 103?
7198	MATCHED	30.00	100.00	40.00	10.00	20.00	0.96	???	????? ??? ??? 115-6	????? ??? ???43? 7
7203	MATCHED	25.00	95.00	40.00	10.00	20.00	8.90	????	????? ??? ??? 242-21 ????? 1?	????? ??? ???129? 3-6 ????? 1?
7204	MATCHED	15.00	80.00	35.00	10.00	20.00	4.84	?? ???	????? ??? ??? 122-10 1?	????? ??? ???6? 10 1?
7206	MATCHED	15.00	80.00	35.00	10.00	20.00	9.75	???? ??? ?	????? ??? ??? 122-25 ?????????	????? ??? ????128? 27 ?????????
7210	MATCHED	30.00	82.00	22.00	10.00	20.00	4.80	?? ?? ??? 3??	????? ??? ??? 97-10	????? ??? ????46? 14
7218	MATCHED	30.00	100.00	40.00	10.00	20.00	1.68	???? ??????	????? ??? ??? 119 ?????? ??2?	????? ??? ??? 343 (???, ??????) ??2?
7221	UNMATCHED	0.00	0.00	0.00	0.00	0.00	NULL	NULL	NULL	NULL
7224	MATCHED	30.00	90.00	40.00	0.00	20.00	1.25	???????	????? ??? ??? 92-7	????? ??? ???150? 35
7230	MATCHED	25.00	95.00	40.00	10.00	20.00	8.82	???	????? ??? ??? 60-13 1? ???	????? ??? ???150? 17 1? ???
7236	MATCHED	30.00	100.00	40.00	10.00	20.00	1.68	??????? ???	????? ??? ??? 13-8 1?	????? ??? ???149? 73 1?
7240	MATCHED	30.00	100.00	40.00	10.00	20.00	2.38	?????	????? ??? ??? 129-4	????? ??? ???28? 5
7245	MATCHED	30.00	95.00	35.00	10.00	20.00	8.26	?? ??	????? ??? ??? 220-18	????? ??? ???30? 49
7258	MATCHED	30.00	100.00	40.00	10.00	20.00	3.00	????	????? ??? ??? 254-26	????? ??? ???121? 7
7261	UNMATCHED	0.00	0.00	0.00	0.00	0.00	NULL	NULL	NULL	NULL
7265	UNMATCHED	0.00	0.00	0.00	0.00	0.00	NULL	NULL	NULL	NULL
7269	UNMATCHED	0.00	0.00	0.00	0.00	0.00	NULL	NULL	NULL	NULL
7278	UNMATCHED	0.00	0.00	0.00	0.00	0.00	NULL	NULL	NULL	NULL
7284	UNMATCHED	0.00	0.00	0.00	0.00	0.00	NULL	NULL	NULL	NULL
7286	MATCHED	30.00	100.00	40.00	10.00	20.00	12.65	?? ??? ???????	????? ??? ??? 97-7	????? ??? ???148? 19
7290	MATCHED	15.00	80.00	35.00	10.00	20.00	2.98	??? ????	????? ??? ??? 232-5	????? ??? ????37? 13
7291	MATCHED	30.00	100.00	40.00	10.00	20.00	4.33	???	????? ??? ??? 114-27 1?	????? ??? ???134? 17 1?
7294	MATCHED	30.00	100.00	40.00	10.00	20.00	3.36	???? ???	????? ??? ??? 111-26 1? 102?	????? ??? ??? 711 1? 102?
7304	MATCHED	15.00	85.00	40.00	10.00	20.00	13.95	?????	????? ??? ??? 241-1 ????? s? 103?	????? ??? ??? 338 ????? s? 103?
7306	MATCHED	30.00	100.00	40.00	10.00	20.00	3.53	?????	????? ??? ??? 138-22	????? ??? ???6? 37
7311	MATCHED	30.00	100.00	40.00	10.00	20.00	3.10	?????????	????? ??? ??? 66-35	????? ??? ???146? 11
7315	UNMATCHED	0.00	0.00	0.00	0.00	0.00	NULL	NULL	NULL	NULL
7324	MATCHED	30.00	100.00	40.00	10.00	20.00	3.85	??	????? ??? ??? 75	????? ??? ????30? 39
7329	UNMATCHED	0.00	0.00	0.00	0.00	0.00	NULL	NULL	NULL	NULL
7331	MATCHED	30.00	100.00	40.00	10.00	20.00	6.78	??	????? ??? ??? 240-14	????? ??? ???129? 24
7336	MATCHED	30.00	95.00	35.00	10.00	20.00	6.95	?? ???????? ?????	????? ??? ??? 113-17 1?1?	????? ??? ???134? 25 1?1?
7338	MATCHED	25.00	95.00	40.00	10.00	20.00	16.19	???? ??	????? ??? ??? 225-6 ?103? ??1? ??113?	????? ??? ??? 615 ?103? ??1? ??113?
7347	UNMATCHED	0.00	0.00	0.00	0.00	0.00	NULL	NULL	NULL	NULL
7351	UNMATCHED	0.00	0.00	0.00	0.00	0.00	NULL	NULL	NULL	NULL
7356	MATCHED	30.00	82.00	22.00	10.00	20.00	3.36	??? 24??????? ???? ??	????? ??? ??? 113-20 2?	????? ??? ???134? 35 2?
7360	MATCHED	30.00	100.00	40.00	10.00	20.00	5.67	???? & ????	????? ??? ??? 81-2 1?	????? ??? ???136? 6 1?
7362	MATCHED	8.00	73.00	35.00	10.00	20.00	2.10	?????? ???	????? ??? ??? 144-15 1?	????? ??? ???4? 32 1?
7363	MATCHED	15.00	85.00	40.00	10.00	20.00	8.02	????	????? ??? ??? 195 1? ????	????? ??? ????118? 70 1? ????
7375	MATCHED	30.00	100.00	40.00	10.00	20.00	5.81	???	????? ??? ??? 85	????? ??? ???133? 31
7377	MATCHED	25.00	90.00	35.00	10.00	20.00	9.36	??????? ????????	????? ??? ??? 199-4 ??1?	????? ??? ???? 482 ??1?
7387	MATCHED	8.00	78.00	40.00	10.00	20.00	46.13	????	????? ??? ??? 242-13	????? ??? ???127? 12
7388	UNMATCHED	0.00	0.00	0.00	0.00	0.00	NULL	NULL	NULL	NULL
7389	AMBIGUOUS	8.00	68.00	40.00	0.00	20.00	14.38	????	????? ??? ??? 144-11	????? ??? ????124? 13
7391	UNMATCHED	0.00	0.00	0.00	0.00	0.00	NULL	NULL	NULL	NULL
7392	MATCHED	30.00	100.00	40.00	10.00	20.00	3.59	???? ???	????? ??? ??? 180-18 2?	????? ??? ????118? 51 2?
7398	MATCHED	30.00	95.00	35.00	10.00	20.00	4.74	??? ????	????? ??? ??? 61-15	????? ??? ???150? 37
7399	MATCHED	15.00	80.00	35.00	10.00	20.00	8.77	??? ???	????? ??? ??? 236-4 ?????	????? ??? ????37? 5 ?????
7400	UNMATCHED	0.00	0.00	0.00	0.00	0.00	NULL	NULL	NULL	NULL
7405	MATCHED	30.00	100.00	40.00	10.00	20.00	2.67	????? ????	????? ??? ??? 83-10	????? ??? ???133? 18
7410	MATCHED	30.00	100.00	40.00	10.00	20.00	0.00	??	????? ??? ??? 16-1 2?	????? ??? ????150? 10 2?
7416	MATCHED	30.00	100.00	40.00	10.00	20.00	3.26	??????	????? ??? ??? 20-9 1?	????? ??? ????136? 5-4 1?
7421	UNMATCHED	0.00	0.00	0.00	0.00	0.00	NULL	NULL	NULL	NULL
7428	MATCHED	30.00	100.00	40.00	10.00	20.00	4.17	???	????? ??? ??? 181-5 101?	????? ??? ????120? 40 101?
7431	MATCHED	30.00	95.00	35.00	10.00	20.00	7.91	??????? ????	????? ??? ??? 182	????? ??? ????1? 34
7435	MATCHED	30.00	100.00	40.00	10.00	20.00	5.22	??????	????? ??? ??? 181 103?	????? ??? ????120? 30 103?
7439	MATCHED	8.00	73.00	35.00	10.00	20.00	49.37	?? ????? ??	????? ??? ??? 62-3	????? ??? ???? 232
7443	UNMATCHED	0.00	0.00	0.00	0.00	0.00	NULL	NULL	NULL	NULL
7449	MATCHED	30.00	95.00	35.00	10.00	20.00	5.45	??? ?????	????? ??? ??? 187-4	????? ??? ????118? 62
7456	MATCHED	30.00	100.00	40.00	10.00	20.00	0.01	??????	????? ??? ??? 58-5	????? ??? ???131? 7
7459	UNMATCHED	0.00	0.00	0.00	0.00	0.00	NULL	NULL	NULL	NULL
7465	UNMATCHED	0.00	0.00	0.00	0.00	0.00	NULL	NULL	NULL	NULL
7473	UNMATCHED	0.00	0.00	0.00	0.00	0.00	NULL	NULL	NULL	NULL
7479	MATCHED	30.00	100.00	40.00	10.00	20.00	2.06	????	????? ??? ??? 143-16 3?	????? ??? ????124? 3-6 3?
7481	UNMATCHED	0.00	0.00	0.00	0.00	0.00	NULL	NULL	NULL	NULL
7482	MATCHED	15.00	80.00	35.00	10.00	20.00	1.09	???? ??	????? ??? ??? 247-11 1?	????? ??? ???42? 25 1?
7487	UNMATCHED	0.00	0.00	0.00	0.00	0.00	NULL	NULL	NULL	NULL
7490	UNMATCHED	0.00	0.00	0.00	0.00	0.00	NULL	NULL	NULL	NULL
7498	UNMATCHED	0.00	0.00	0.00	0.00	0.00	NULL	NULL	NULL	NULL
7507	MATCHED	25.00	95.00	40.00	10.00	20.00	5.73	?????	????? ??? ??? 90-6 ???? 2? ?????	????? ??? ??? 235 ???? 2? ?????
7525	MATCHED	25.00	95.00	40.00	10.00	20.00	3.70	????????	????? ??? ??? 96-1 1?,2?	????? ??? ???148? 27 1?,2?
7530	MATCHED	15.00	85.00	40.00	10.00	20.00	0.07	????	????? ??? ??? 145-12 1?	????? ??? ????124? 23 1?
7534	MATCHED	30.00	100.00	40.00	10.00	20.00	4.98	???????	????? ??? ??? 191-3 1?	????? ??? ???113? 12 1?
7547	MATCHED	15.00	85.00	40.00	10.00	20.00	9.17	??	????? ??? ??? 91-4 ?????	????? ??? ???? 308 ?????
5719	MATCHED	15.00	85.00	40.00	10.00	20.00	0.00	???	????? ??? ???? 494 ??????? ??? WEST ???494 ??1?	????? ??? ???? 343 ??????? ??? WEST ???494 ??1?
5882	MATCHED	30.00	100.00	40.00	10.00	20.00	6.32	??	????? ??? ???? 380-2	????? ??? ????11? 37-30
6350	UNMATCHED	0.00	0.00	0.00	0.00	0.00	NULL	NULL	NULL	NULL
6388	AMBIGUOUS	15.00	79.00	40.00	10.00	14.00	79.39	???????	????? ??? ???? 455 B1	????? ??? ????29? 68 B1
7419	MATCHED	15.00	75.00	40.00	0.00	20.00	4.77	??????????	????? ??? ???? 415	????? ??? ???? ???? 113-22
7475	MATCHED	30.00	94.00	40.00	10.00	14.00	81.32	??	????? ??? ???? 455	????? ??? ????29? 68
4945	MATCHED	15.00	80.00	35.00	10.00	20.00	17.26	?????? ???	????? ??? ??? 587 102?	????? ??? ???569? 9 102?
5051	MATCHED	30.00	82.00	22.00	10.00	20.00	14.43	BBQ ?? ???	????? ??? ??? 581	????? ??? ??? 569
5231	MATCHED	30.00	100.00	40.00	10.00	20.00	8.61	??? ???	????? ??? ??? 600 1?	????? ??? ???569? 39 1?
5410	MATCHED	30.00	100.00	40.00	10.00	20.00	34.34	??????	????? ??? ??? 124-2	????? ??? ????34? 4
5599	UNMATCHED	0.00	0.00	0.00	0.00	0.00	NULL	NULL	NULL	NULL
6064	MATCHED	15.00	85.00	40.00	10.00	20.00	0.88	?? ???????	????? ??? ??? 372 B02?	????? ??? ???571? 46-8 B02?
6087	UNMATCHED	0.00	0.00	0.00	0.00	0.00	NULL	NULL	NULL	NULL
6090	MATCHED	30.00	100.00	40.00	10.00	20.00	7.73	??????? ???	????? ??? ??? 582	????? ??? ???571? 7
6140	UNMATCHED	0.00	0.00	0.00	0.00	0.00	NULL	NULL	NULL	NULL
6190	UNMATCHED	0.00	0.00	0.00	0.00	0.00	NULL	NULL	NULL	NULL
6227	UNMATCHED	0.00	0.00	0.00	0.00	0.00	NULL	NULL	NULL	NULL
6240	MATCHED	25.00	95.00	40.00	10.00	20.00	0.00	?????	????? ??? ??? 590 ???????? 2? ?????	????? ??? ???569? 13 ???????? 2? ?????
6358	MATCHED	15.00	77.00	32.00	10.00	20.00	26.87	?? ? ????	????? ??? ??? 164-10 ????	????? ??? ????36? 6 ????
6441	MATCHED	25.00	95.00	40.00	10.00	20.00	14.48	???? ???	????? ??? ??? 587 ??????? 205?	????? ??? ???569? 9 ??????? 205?
6484	AMBIGUOUS	8.00	56.00	32.00	10.00	6.00	125.29	????? ?????	????? ??? ??? 586 107?	????? ??? ???569? 3 (???) 107?
6525	UNMATCHED	0.00	0.00	0.00	0.00	0.00	NULL	NULL	NULL	NULL
6581	UNMATCHED	0.00	0.00	0.00	0.00	0.00	NULL	NULL	NULL	NULL
6640	MATCHED	30.00	100.00	40.00	10.00	20.00	25.05	?????	????? ??? ??? 124-2	????? ??? ????34? 4
6645	UNMATCHED	0.00	0.00	0.00	0.00	0.00	NULL	NULL	NULL	NULL
6693	MATCHED	8.00	78.00	40.00	10.00	20.00	0.00	?????? ?????	????? ??? ??? 593 ???? 2?	????? ??? ???569? 23 ???? 2?
6753	MATCHED	25.00	95.00	40.00	10.00	20.00	28.12	??	????? ??? ??? 616 ?????????? 1? 107?	????? ??? ???569? 21-30 ?????????? 1? 107?
6806	UNMATCHED	0.00	0.00	0.00	0.00	0.00	NULL	NULL	NULL	NULL
6883	MATCHED	30.00	100.00	40.00	10.00	20.00	8.58	???? ???	????? ??? ??? 590	????? ??? ???569? 13
6908	UNMATCHED	0.00	0.00	0.00	0.00	0.00	NULL	NULL	NULL	NULL
7058	MATCHED	30.00	100.00	40.00	10.00	20.00	3.02	?????	????? ??? ??? 164-10	????? ??? ????36? 6
7087	MATCHED	15.00	85.00	40.00	10.00	20.00	13.72	??????????	????? ??? ??? 616 ?????? ??	????? ??? ???569? 21-30 ?????? ??
7209	UNMATCHED	0.00	0.00	0.00	0.00	0.00	NULL	NULL	NULL	NULL
7433	MATCHED	15.00	85.00	40.00	10.00	20.00	22.27	??????? ?????	????? ??? ??? 590 ?? ?????? 113?	????? ??? ???569? 13 ?? ?????? 113?
5262	MATCHED	15.00	85.00	40.00	10.00	20.00	16.97	??? ?????	????? ??? ??? 651 ??1?107-2?	????? ??? ??? 180 ??1?107-2?
5279	AMBIGUOUS	8.00	60.00	22.00	10.00	20.00	21.35	?????? ?? ?? ?	????? ??? ??? 670 ????? 101?	????? ??? ???? 223 ????? 101?
5288	MATCHED	15.00	85.00	40.00	10.00	20.00	26.60	?? ???	????? ??? ??? 596 1?	????? ??? ??? 201 1?
5411	MATCHED	8.00	78.00	40.00	10.00	20.00	0.00	?????	????? ??? ??? 669 ?????? 1? 108, 109?	????? ??? ???? 219 ?????? 1? 108, 109?
5688	MATCHED	30.00	100.00	40.00	10.00	20.00	0.80	?????	????? ??? ??? 286	????? ??? ????14? 13-50
5855	UNMATCHED	0.00	0.00	0.00	0.00	0.00	NULL	NULL	NULL	NULL
5986	MATCHED	30.00	100.00	40.00	10.00	20.00	10.07	?????????	????? ??? ??? 672	????? ??? ???? 231
6322	MATCHED	15.00	80.00	35.00	10.00	20.00	32.17	?? ?????	????? ??? ??? 596 ?? ?? ??? 125?	????? ??? ??? 201 ?? ?? ??? 125?
6373	MATCHED	30.00	100.00	40.00	10.00	20.00	29.69	???	????? ??? ??? 658 ?????????	????? ??? ??? 202 ?????????
6435	MATCHED	30.00	100.00	40.00	10.00	20.00	40.96	??? ??1??	????? ??? ??? 662	????? ??? ??? 204-5
6530	UNMATCHED	0.00	0.00	0.00	0.00	0.00	NULL	NULL	NULL	NULL
6550	MATCHED	15.00	85.00	40.00	10.00	20.00	12.24	?????	????? ??? ??? 633 S-???	????? ??? ??? 106 S-???
6798	UNMATCHED	0.00	0.00	0.00	0.00	0.00	NULL	NULL	NULL	NULL
7205	MATCHED	15.00	85.00	40.00	10.00	20.00	10.79	?????	????? ??? ??? 662 ?????? ?? 1? 107?	????? ??? ??? 204-5 ?????? ?? 1? 107?
7207	MATCHED	8.00	78.00	40.00	10.00	20.00	34.48	????	????? ??? ??? 655 ?? ???? ?? 2?	????? ??? ??? 192 ?? ???? ?? 2?
7335	MATCHED	30.00	95.00	35.00	10.00	20.00	8.27	???? ???	????? ??? ??? 672 ??????? A?110?	????? ??? ???? 231 ??????? A?110?
7539	UNMATCHED	0.00	0.00	0.00	0.00	0.00	NULL	NULL	NULL	NULL
5753	UNMATCHED	0.00	0.00	0.00	0.00	0.00	NULL	NULL	NULL	NULL
5862	MATCHED	30.00	100.00	40.00	10.00	20.00	4.41	????	????? ??? ??? 296-11	????? ??? ????24? 52
6710	UNMATCHED	0.00	0.00	0.00	0.00	0.00	NULL	NULL	NULL	NULL
6756	UNMATCHED	0.00	0.00	0.00	0.00	0.00	NULL	NULL	NULL	NULL
6770	MATCHED	30.00	100.00	40.00	10.00	20.00	4.37	?????	????? ??? ??? 196-34	????? ??? ????23? 20
4512	UNMATCHED	0.00	0.00	0.00	0.00	0.00	NULL	NULL	NULL	NULL
4560	MATCHED	25.00	95.00	40.00	10.00	20.00	5.82	?????	????? ??? ??? 645-2 1? ???	????? ??? ???9? 52 1? ???
4575	UNMATCHED	0.00	0.00	0.00	0.00	0.00	NULL	NULL	NULL	NULL
4595	UNMATCHED	0.00	0.00	0.00	0.00	0.00	NULL	NULL	NULL	NULL
4677	MATCHED	25.00	90.00	35.00	10.00	20.00	4.68	?????? ???	????? ??? ??? 645-11 1? ??????	????? ??? ???9? 74 1? ??????
4684	MATCHED	30.00	100.00	40.00	10.00	20.00	9.08	????	????? ??? ??? 643-1 1?	????? ??? ????55? 31 1?
4689	MATCHED	30.00	94.00	40.00	10.00	14.00	88.16	????	????? ??? ??? 716	????? ??? ???19? 15
4741	MATCHED	30.00	100.00	40.00	10.00	20.00	6.49	???????	????? ??? ??? 645 1?	????? ??? ???9? 48 1?
4745	MATCHED	30.00	100.00	40.00	10.00	20.00	2.16	?????	????? ??? ??? 641-1	????? ??? ???140? 22
4774	MATCHED	25.00	95.00	40.00	10.00	20.00	11.72	??????	????? ??? ??? 683 101?	????? ??? ??? 33 101?
4788	UNMATCHED	0.00	0.00	0.00	0.00	0.00	NULL	NULL	NULL	NULL
4795	UNMATCHED	0.00	0.00	0.00	0.00	0.00	NULL	NULL	NULL	NULL
4830	MATCHED	30.00	95.00	35.00	10.00	20.00	40.38	?????? ??? ?	????? ??? ??? 717 108?	????? ??? ??? 115 108?
4899	MATCHED	30.00	100.00	40.00	10.00	20.00	2.98	???	????? ??? ??? 683-17	????? ??? ???5? 3
5036	AMBIGUOUS	8.00	64.00	40.00	10.00	6.00	281.73	????	????? ??? ??? 711-1 ??1????? ??	????? ??? ????55? 6 ??1????? ??
5099	MATCHED	15.00	85.00	40.00	10.00	20.00	7.89	?????	????? ??? ??? 640-1 ????	????? ??? ???140? 6 ????
5105	UNMATCHED	0.00	0.00	0.00	0.00	0.00	NULL	NULL	NULL	NULL
5139	UNMATCHED	0.00	0.00	0.00	0.00	0.00	NULL	NULL	NULL	NULL
5182	AMBIGUOUS	15.00	71.00	40.00	10.00	6.00	122.50	????	????? ??? ??? 666-10 1? ????	????? ??? ???9? 46 1? ????
5208	UNMATCHED	0.00	0.00	0.00	0.00	0.00	NULL	NULL	NULL	NULL
5317	MATCHED	30.00	100.00	40.00	10.00	20.00	6.70	???? ???	????? ??? ??? 722	????? ??? ??? 63
5331	UNMATCHED	0.00	0.00	0.00	0.00	0.00	NULL	NULL	NULL	NULL
5337	AMBIGUOUS	8.00	64.00	40.00	10.00	6.00	149.07	????? ?????????	????? ??? ??? 743 ???? ?? ?? 1?	????? ??? ???? 22 (???, ???? ?? ??) 1?
5389	MATCHED	30.00	100.00	40.00	10.00	20.00	7.15	?????	????? ??? ??? 666-4	????? ??? ???9? 30
5413	MATCHED	30.00	100.00	40.00	10.00	20.00	0.01	????	????? ??? ??? 687	????? ??? ??? 53
5498	MATCHED	25.00	90.00	35.00	10.00	20.00	1.28	??? ?????	????? ??? ??? 639-4 ???? 1?	????? ??? ??? 664 ???? 1?
5505	AMBIGUOUS	15.00	65.00	40.00	10.00	0.00	NULL	????	????? ??? ??? 700-9	????? ??? ??? 2
5521	MATCHED	30.00	100.00	40.00	10.00	20.00	1.72	??????? ???	????? ??? ??? 659-5 1? ???????	????? ??? ???9? 55 1? ???????
5542	MATCHED	30.00	100.00	40.00	10.00	20.00	5.15	?????????	????? ??? ??? 642-9	????? ??? ???3? 90
5580	AMBIGUOUS	15.00	66.00	35.00	10.00	6.00	158.58	???? ???	????? ??? ??? 743 ???????? ?? 2? 213, 214?	????? ??? ???? 22 ???????? ?? 2? 213, 214?
5773	MATCHED	30.00	100.00	40.00	10.00	20.00	4.96	????	????? ??? ??? 673-4	????? ??? ????35? 6
5777	MATCHED	30.00	100.00	40.00	10.00	20.00	0.00	??????	????? ??? ??? 685-10 1?	????? ??? ????27? 12 1?
5808	MATCHED	30.00	82.00	22.00	10.00	20.00	4.48	??? ?? ??	????? ??? ??? 663-8	????? ??? ???5? 51
5857	MATCHED	15.00	80.00	35.00	10.00	20.00	5.69	?????? ???	????? ??? ??? 644-1 ???? 1? 105?	????? ??? ????55? 15 ???? 1? 105?
5875	MATCHED	15.00	85.00	40.00	10.00	20.00	7.25	??????	????? ??? ??? 619-1 ????	????? ??? ??? 628 ????
5941	MATCHED	30.00	100.00	40.00	10.00	20.00	6.67	???? ???	????? ??? ??? 666-4 104?	????? ??? ???9? 30 104?
6021	MATCHED	30.00	95.00	35.00	10.00	20.00	4.54	??? ???	????? ??? ??? 619-5	????? ??? ??? 638
6046	UNMATCHED	0.00	0.00	0.00	0.00	0.00	NULL	NULL	NULL	NULL
6061	MATCHED	30.00	100.00	40.00	10.00	20.00	4.90	??????	????? ??? ??? 681-2	????? ??? ????33? 15
6154	MATCHED	30.00	94.00	40.00	10.00	14.00	81.17	?????? ?????????	????? ??? ??? 743	????? ??? ???? 22
6188	MATCHED	25.00	95.00	40.00	10.00	20.00	6.55	????? ?????	????? ??? ??? 644-2 1? [??1? ???? ???]	????? ??? ????55? 13 1? [??1? ???? ???]
6218	MATCHED	30.00	100.00	40.00	10.00	20.00	7.91	????	????? ??? ??? 666-8	????? ??? ???9? 40
6295	MATCHED	25.00	90.00	35.00	10.00	20.00	4.49	????? ??? ??? ?	????? ??? ??? 687-3 102? ?????	????? ??? ???9? 10 102? ?????
6308	MATCHED	30.00	95.00	35.00	10.00	20.00	7.94	????? ???	????? ??? ??? 682-7	????? ??? ????33? 25
6313	MATCHED	30.00	95.00	35.00	10.00	20.00	3.45	?????? ????	????? ??? ??? 659-6 1? 101?	????? ??? ????45? 6 1? 101?
6327	UNMATCHED	0.00	0.00	0.00	0.00	0.00	NULL	NULL	NULL	NULL
6385	AMBIGUOUS	25.00	85.00	40.00	0.00	20.00	0.00	????	????? ??? ??? 619-4 ???? 4?	????? ??? ??? 636 ???? 4?
6392	MATCHED	15.00	85.00	40.00	10.00	20.00	4.94	????	????? ??? ??? 666-1 101? ????	????? ??? ???9? 24 101? ????
6407	MATCHED	30.00	100.00	40.00	10.00	20.00	4.63	??????	????? ??? ??? 666-3 1? ??????	????? ??? ???9? 28 1? ??????
6429	UNMATCHED	0.00	0.00	0.00	0.00	0.00	NULL	NULL	NULL	NULL
6475	MATCHED	30.00	100.00	40.00	10.00	20.00	2.25	?????	????? ??? ??? 687-4 1?	????? ??? ???9? 12 1?
6480	UNMATCHED	0.00	0.00	0.00	0.00	0.00	NULL	NULL	NULL	NULL
6487	MATCHED	15.00	85.00	40.00	10.00	20.00	6.33	??????	????? ??? ??? 619-5 ????	????? ??? ??? 638 ????
6488	MATCHED	15.00	80.00	35.00	10.00	20.00	5.00	??????? ??? ?	????? ??? ??? 645-5 1?	????? ??? ???9? 60 1?
6507	UNMATCHED	0.00	0.00	0.00	0.00	0.00	NULL	NULL	NULL	NULL
6532	MATCHED	30.00	95.00	35.00	10.00	20.00	7.77	??? ?? ??? ?	????? ??? ??? 666-9 1?	????? ??? ???9? 42 1?
6596	UNMATCHED	0.00	0.00	0.00	0.00	0.00	NULL	NULL	NULL	NULL
6634	MATCHED	30.00	100.00	40.00	10.00	20.00	1.55	???	????? ??? ??? 686-8	????? ??? ????29? 6
6653	MATCHED	30.00	86.00	40.00	10.00	6.00	214.76	????? ?????	????? ??? ??? 719 ???????	????? ??? ???14? 25 (???, ???????)
6659	MATCHED	30.00	100.00	40.00	10.00	20.00	6.48	????	????? ??? ??? 683-8	????? ??? ???3? 18
6722	UNMATCHED	0.00	0.00	0.00	0.00	0.00	NULL	NULL	NULL	NULL
6793	MATCHED	30.00	100.00	40.00	10.00	20.00	3.00	? ????	????? ??? ??? 666 2?	????? ??? ???9? 22 2?
6825	AMBIGUOUS	8.00	49.00	35.00	0.00	6.00	173.60	?????	????? ??? ??? 685-11 2?	????? ??? ????27? 14 2?
6850	MATCHED	30.00	100.00	40.00	10.00	20.00	48.82	????? ????	????? ??? ??? 717 120? ?????	????? ??? ??? 115 120? ?????
6877	MATCHED	30.00	95.00	35.00	10.00	20.00	3.49	??? ???? ??1??	????? ??? ??? 681	????? ??? ????33? 21
6907	UNMATCHED	0.00	0.00	0.00	0.00	0.00	NULL	NULL	NULL	NULL
6926	UNMATCHED	0.00	0.00	0.00	0.00	0.00	NULL	NULL	NULL	NULL
6950	MATCHED	30.00	100.00	40.00	10.00	20.00	6.64	?????	????? ??? ??? 652-7	????? ??? ???9? 63
7023	MATCHED	30.00	94.00	40.00	10.00	14.00	88.00	????	????? ??? ??? 716 ???? ?? 1? 15, 16?	????? ??? ???19? 15 ???? ?? 1? 15, 16?
7081	MATCHED	30.00	100.00	40.00	10.00	20.00	7.56	????	????? ??? ??? 666 1?	????? ??? ???9? 22 1?
7083	MATCHED	30.00	82.00	22.00	10.00	20.00	1.84	???? ??	????? ??? ??? 645-4	????? ??? ???9? 58
7105	MATCHED	30.00	100.00	40.00	10.00	20.00	3.74	????	????? ??? ??? 686-7 1?	????? ??? ????31? 5 1?
7115	MATCHED	30.00	100.00	40.00	10.00	20.00	2.66	??????	????? ??? ??? 624-4 ????	????? ??? ??? 646 ????
7125	MATCHED	30.00	100.00	40.00	10.00	20.00	4.71	???	????? ??? ??? 678-7	????? ??? ????33? 24
7133	AMBIGUOUS	8.00	59.00	35.00	10.00	6.00	178.45	?????????? ???	????? ??? ??? 683-18	????? ??? ???5? 19
7144	UNMATCHED	0.00	0.00	0.00	0.00	0.00	NULL	NULL	NULL	NULL
7156	MATCHED	30.00	100.00	40.00	10.00	20.00	4.06	???? ??1??	????? ??? ??? 645	????? ??? ???9? 48
7222	UNMATCHED	0.00	0.00	0.00	0.00	0.00	NULL	NULL	NULL	NULL
7238	MATCHED	30.00	82.00	22.00	10.00	20.00	5.53	?? ?? ???	????? ??? ??? 687-2 1?	????? ??? ???9? 8 (???) 1?
7289	UNMATCHED	0.00	0.00	0.00	0.00	0.00	NULL	NULL	NULL	NULL
7334	MATCHED	30.00	95.00	35.00	10.00	20.00	2.07	???? ?? ?	????? ??? ??? 663-12 ??1?	????? ??? ???5? 43 ??1?
7367	MATCHED	30.00	100.00	40.00	10.00	20.00	2.17	????	????? ??? ??? 660-5 1?	????? ??? ????45? 5 1?
7438	UNMATCHED	0.00	0.00	0.00	0.00	0.00	NULL	NULL	NULL	NULL
7464	AMBIGUOUS	15.00	79.00	40.00	10.00	14.00	81.31	????	????? ??? ??? 716 ???? B13,14?	????? ??? ???19? 15 ???? B13,14?
4652	AMBIGUOUS	15.00	71.00	40.00	10.00	6.00	127.66	???????? ???	????? ??? ??? 708 ?????	????? ??? ???51? 27 ?????
4680	MATCHED	15.00	80.00	35.00	10.00	20.00	0.10	??? ????	????? ??? ??? 450-8 ???????	????? ??? ???46? 7 ???????
4709	MATCHED	25.00	95.00	40.00	10.00	20.00	37.51	???? ???	????? ??? ??? 713 ????? ??2? 251, 252?	????? ??? ????1? 10 ????? ??2? 251, 252?
4764	MATCHED	25.00	95.00	40.00	10.00	20.00	0.00	????	????? ??? ??? 713 ???????? ??1? 33? ????	????? ??? ????1? 10 ???????? ??1? 33? ????
4808	MATCHED	15.00	85.00	40.00	10.00	20.00	41.06	???	????? ??? ??? 716 ???????? ?? 111?	????? ??? ??? 295 ???????? ?? 111?
4844	MATCHED	30.00	86.00	40.00	10.00	6.00	123.49	???	????? ??? ??? 708	????? ??? ???51? 27
4884	MATCHED	30.00	100.00	40.00	10.00	20.00	5.79	??????	????? ??? ??? 450-3 1,2?	????? ??? ???46? 5 1,2?
4946	MATCHED	30.00	95.00	35.00	10.00	20.00	5.57	??? ??? ???	????? ??? ??? 451-6	????? ??? ??? 240
4970	MATCHED	15.00	85.00	40.00	10.00	20.00	14.17	??? ????	????? ??? ??? 724 1?	????? ??? ??? 280 1?
4981	MATCHED	15.00	85.00	40.00	10.00	20.00	37.70	???	????? ??? ??? 724 ?????? B22? ???	????? ??? ??? 280 ?????? B22? ???
5071	UNMATCHED	0.00	0.00	0.00	0.00	0.00	NULL	NULL	NULL	NULL
5083	MATCHED	25.00	95.00	40.00	10.00	20.00	33.44	??????? ????	????? ??? ??? 716 ???????? ?? 1?	????? ??? ??? 295 ???????? ?? 1?
5093	MATCHED	15.00	85.00	40.00	10.00	20.00	45.01	???????	????? ??? ??? 714-4	????? ??? ???51? 6-11
5100	MATCHED	30.00	95.00	35.00	10.00	20.00	3.35	??? ?? ?	????? ??? ??? 450-1	????? ??? ??? 244
5234	MATCHED	8.00	78.00	40.00	10.00	20.00	23.28	????? ????	????? ??? ??? 713 ???????	????? ??? ????1? 10 ???????
5258	UNMATCHED	0.00	0.00	0.00	0.00	0.00	NULL	NULL	NULL	NULL
5269	AMBIGUOUS	8.00	46.00	22.00	10.00	6.00	124.36	???? ?? ???	????? ??? ??? 736 ?????? ?? 101? ???? ???	????? ??? ???47? 17 ?????? ?? 101? ???? ???
5296	UNMATCHED	0.00	0.00	0.00	0.00	0.00	NULL	NULL	NULL	NULL
5303	MATCHED	30.00	100.00	40.00	10.00	20.00	12.43	???	????? ??? ??? 713	????? ??? ????1? 10
5306	UNMATCHED	0.00	0.00	0.00	0.00	0.00	NULL	NULL	NULL	NULL
5315	UNMATCHED	0.00	0.00	0.00	0.00	0.00	NULL	NULL	NULL	NULL
5383	MATCHED	30.00	95.00	35.00	10.00	20.00	8.83	????? ?? ?	????? ??? ??? 726 1?	????? ??? ???56? 10 1?
5459	MATCHED	25.00	95.00	40.00	10.00	20.00	11.76	????	????? ??? ??? 714-3 1? ???????	????? ??? ????1? 30 1? ???????
5474	UNMATCHED	0.00	0.00	0.00	0.00	0.00	NULL	NULL	NULL	NULL
5493	UNMATCHED	0.00	0.00	0.00	0.00	0.00	NULL	NULL	NULL	NULL
5666	UNMATCHED	0.00	0.00	0.00	0.00	0.00	NULL	NULL	NULL	NULL
5733	UNMATCHED	0.00	0.00	0.00	0.00	0.00	NULL	NULL	NULL	NULL
5771	MATCHED	30.00	100.00	40.00	10.00	20.00	24.65	??	????? ??? ??? 723 ??6????? ??1?	????? ??? ???56? 11 (???, ??6?????) ??1?
5780	MATCHED	30.00	100.00	40.00	10.00	20.00	28.98	??? ???	????? ??? ??? 713 ????? ??1? 16?	????? ??? ????1? 10 ????? ??1? 16?
5783	UNMATCHED	0.00	0.00	0.00	0.00	0.00	NULL	NULL	NULL	NULL
5799	MATCHED	8.00	73.00	35.00	10.00	20.00	31.25	???? ????	????? ??? ??? 713 ??????? 1? 117-8?	????? ??? ????1? 10 ??????? 1? 117-8?
5844	MATCHED	30.00	95.00	35.00	10.00	20.00	3.09	?????? ????	????? ??? ??? 464-5	????? ??? ??? 226
5864	UNMATCHED	0.00	0.00	0.00	0.00	0.00	NULL	NULL	NULL	NULL
5872	MATCHED	25.00	89.00	40.00	10.00	14.00	55.22	????	????? ??? ??? 712 ??? 104? ????	????? ??? ???51? 22 ??? 104? ????
5938	MATCHED	30.00	86.00	40.00	10.00	6.00	182.93	??????	????? ??? ??? 707	????? ??? ???51? 49
5953	UNMATCHED	0.00	0.00	0.00	0.00	0.00	NULL	NULL	NULL	NULL
6072	MATCHED	15.00	85.00	40.00	10.00	20.00	21.51	???? ????	????? ??? ??? 713 ??????? b126?	????? ??? ????1? 10 ??????? b126?
6100	MATCHED	15.00	85.00	40.00	10.00	20.00	11.99	????? ?????	????? ??? ??? 724 ???????? ??2? ????	????? ??? ??? 280 ???????? ??2? ????
6103	AMBIGUOUS	15.00	67.00	22.00	10.00	20.00	26.32	??? ???	????? ??? ??? 713 ??????? ??1?	????? ??? ????1? 10 ??????? ??1?
6109	UNMATCHED	0.00	0.00	0.00	0.00	0.00	NULL	NULL	NULL	NULL
6201	MATCHED	25.00	90.00	35.00	10.00	20.00	21.17	??? ?????	????? ??? ??? 724 ??2? 137?	????? ??? ??? 280 ??2? 137?
6229	AMBIGUOUS	15.00	71.00	40.00	10.00	6.00	126.39	??????	????? ??? ??? 708 102?	????? ??? ???51? 27 102?
6316	MATCHED	30.00	86.00	40.00	10.00	6.00	122.79	?????	????? ??? ??? 746 ??????? (??) ?? 1?	????? ??? ???19? 10 (???, ???????) (??) ?? 1?
6379	MATCHED	25.00	95.00	40.00	10.00	20.00	15.20	????? ???	????? ??? ??? 714 ????? 1? 103?	????? ??? ???51? 8 ????? 1? 103?
6422	MATCHED	15.00	85.00	40.00	10.00	20.00	13.61	???	????? ??? ??? 724 ????1? ???	????? ??? ??? 280 ????1? ???
6474	AMBIGUOUS	15.00	80.00	35.00	10.00	20.00	4.14	?? ??	????? ??? ??? 461-37 1?	????? ??? ??? 234 1?
6477	MATCHED	15.00	85.00	40.00	10.00	20.00	24.15	??? ???	????? ??? ??? 713 ??????? ??2? B218?	????? ??? ????1? 10 ??????? ??2? B218?
6491	UNMATCHED	0.00	0.00	0.00	0.00	0.00	NULL	NULL	NULL	NULL
6506	MATCHED	30.00	100.00	40.00	10.00	20.00	3.35	??????	????? ??? ??? 462-5	????? ??? ??? 232
6523	AMBIGUOUS	15.00	79.00	40.00	10.00	14.00	88.01	???? ?????	????? ??? ??? 747 ????? ??? 104? ???? ?????	????? ??? ???31? 27 ????? ??? 104? ???? ?????
6589	AMBIGUOUS	8.00	64.00	40.00	10.00	6.00	259.79	???????? (SR?????)	????? ??? ??? 726-1	????? ??? ???56? 12
6590	UNMATCHED	0.00	0.00	0.00	0.00	0.00	NULL	NULL	NULL	NULL
6611	MATCHED	25.00	90.00	35.00	10.00	20.00	21.57	???? ????	????? ??? ??? 713 ??1? ????	????? ??? ????1? 10 ??1? ????
6650	MATCHED	25.00	95.00	40.00	10.00	20.00	7.58	?????	????? ??? ??? 714-3 ???? 1? 3?	????? ??? ????1? 30 ???? 1? 3?
6681	MATCHED	15.00	80.00	35.00	10.00	20.00	8.69	????25 ???	????? ??? ??? 714 ?????	????? ??? ???51? 8 ?????
6695	MATCHED	30.00	100.00	40.00	10.00	20.00	0.01	???	????? ??? ??? 449-15	????? ??? ???46? 5-6
6752	UNMATCHED	0.00	0.00	0.00	0.00	0.00	NULL	NULL	NULL	NULL
6754	MATCHED	25.00	95.00	40.00	10.00	20.00	10.15	59??????	????? ??? ??? 724 ???????? ??2?	????? ??? ??? 280 ???????? ??2?
6760	MATCHED	30.00	95.00	35.00	10.00	20.00	5.27	??? ????	????? ??? ??? 726-3 1? ???	????? ??? ???56? 14 1? ???
6766	MATCHED	30.00	100.00	40.00	10.00	20.00	23.91	?????? ???	????? ??? ??? 716 ?? 105?	????? ??? ??? 295 ?? 105?
6801	MATCHED	30.00	100.00	40.00	10.00	20.00	17.32	???	????? ??? ??? 713	????? ??? ????1? 10
6812	MATCHED	15.00	80.00	35.00	10.00	20.00	10.03	???? ????	????? ??? ??? 714-3 ??????	????? ??? ????1? 30 ??????
6819	UNMATCHED	0.00	0.00	0.00	0.00	0.00	NULL	NULL	NULL	NULL
6822	MATCHED	30.00	100.00	40.00	10.00	20.00	2.68	??????	????? ??? ??? 450-3	????? ??? ???46? 5
6860	MATCHED	25.00	77.00	22.00	10.00	20.00	16.93	?????? ???	????? ??? ??? 713 ??? ????? b107? ??1?	????? ??? ????1? 10 ??? ????? b107? ??1?
6864	MATCHED	15.00	85.00	40.00	10.00	20.00	2.96	????	????? ??? ??? 714-3 ??????	????? ??? ????1? 30 ??????
6880	MATCHED	8.00	78.00	40.00	10.00	20.00	6.40	???	????? ??? ??? 724 ???? ??2? ???	????? ??? ??? 280 ???? ??2? ???
6927	UNMATCHED	0.00	0.00	0.00	0.00	0.00	NULL	NULL	NULL	NULL
6966	MATCHED	25.00	95.00	40.00	10.00	20.00	21.57	?????? ????	????? ??? ??? 713 ????? ??2? B217(?? ??)	????? ??? ????1? 10 ????? ??2? B217(?? ??)
7010	MATCHED	30.00	90.00	40.00	0.00	20.00	19.30	??? ????	????? ??? ??? 713 ??1? B122?	????? ??? ????1? 10 ??1? B122?
7040	MATCHED	25.00	89.00	40.00	10.00	14.00	73.71	?????	????? ??? ??? 747 ??????? B14?	????? ??? ???31? 27 ??????? B14?
7061	UNMATCHED	0.00	0.00	0.00	0.00	0.00	NULL	NULL	NULL	NULL
7090	MATCHED	30.00	100.00	40.00	10.00	20.00	11.53	??? ????	????? ??? ??? 724 ???? ?? ??2? 111? ??? ????	????? ??? ??? 280 ???? ?? ??2? 111? ??? ????
7369	MATCHED	15.00	80.00	35.00	10.00	20.00	6.18	???? ????	????? ??? ??? 724 ???????? ??2? B116?	????? ??? ??? 280 ???????? ??2? B116?
7383	MATCHED	15.00	80.00	35.00	10.00	20.00	8.65	?????	????? ??? ??? 724 ??2? 112?	????? ??? ??? 280 ??2? 112?
7425	MATCHED	15.00	80.00	35.00	10.00	20.00	8.83	????? ?? ?	????? ??? ??? 726 1?	????? ??? ???56? 10 1?
7466	MATCHED	30.00	100.00	40.00	10.00	20.00	1.96	???	????? ??? ??? 490-4	????? ??? ??? 220-12
7470	UNMATCHED	0.00	0.00	0.00	0.00	0.00	NULL	NULL	NULL	NULL
7483	UNMATCHED	0.00	0.00	0.00	0.00	0.00	NULL	NULL	NULL	NULL
7499	UNMATCHED	0.00	0.00	0.00	0.00	0.00	NULL	NULL	NULL	NULL
7521	AMBIGUOUS	8.00	64.00	32.00	10.00	14.00	55.45	????? ????	????? ??? ??? 712 ?????? ??? 103?, ????? ????	????? ??? ???51? 22 ?????? ??? 103?, ????? ????
4411	MATCHED	15.00	85.00	40.00	10.00	20.00	13.20	??	????? ??? ??? 467-24 ?????199	????? ??? ??? 118 ?????199
4425	MATCHED	30.00	100.00	40.00	10.00	20.00	0.00	????	????? ??? ??? 424-8 . ??1?	????? ??? ???26? 29 . ??1?
4436	UNMATCHED	0.00	0.00	0.00	0.00	0.00	NULL	NULL	NULL	NULL
4453	AMBIGUOUS	8.00	67.00	35.00	10.00	14.00	99.39	???? ??? ???	????? ??? ??? 920-2	????? ??? ?????361? 6
4456	MATCHED	30.00	95.00	35.00	10.00	20.00	2.13	???? ???	????? ??? ??? 423-8 1?	????? ??? ???26? 45 1?
4478	MATCHED	15.00	85.00	40.00	10.00	20.00	7.05	????	????? ??? ??? 542-5 ??????? ????	????? ??? ??? 226 ??????? ????
4485	AMBIGUOUS	8.00	59.00	35.00	10.00	6.00	133.40	????? ?? ??????	????? ??? ??? 456-7 1?	????? ??? ???24? 41 1?
4503	UNMATCHED	0.00	0.00	0.00	0.00	0.00	NULL	NULL	NULL	NULL
4520	MATCHED	25.00	95.00	40.00	10.00	20.00	4.24	???	????? ??? ??? 417 2? ???	????? ??? ???38? 36 2? ???
4524	MATCHED	30.00	95.00	35.00	10.00	20.00	4.51	?????? ???	????? ??? ??? 467-23	????? ??? ??? 120
4571	MATCHED	30.00	95.00	35.00	10.00	20.00	5.11	???????? ?	????? ??? ??? 517-1	????? ??? ???30? 36
4574	MATCHED	30.00	95.00	35.00	10.00	20.00	4.79	????? ????	????? ??? ??? 412-5	????? ??? ???38? 18
4602	MATCHED	30.00	100.00	40.00	10.00	20.00	3.18	?????	????? ??? ??? 453-9 1?	????? ??? ???? 179 1?
4604	MATCHED	15.00	85.00	40.00	10.00	20.00	12.85	????????	????? ??? ??? 909-4 ?3? 1?	????? ??? ?????363? 12-10 ?3? 1?
4683	UNMATCHED	0.00	0.00	0.00	0.00	0.00	NULL	NULL	NULL	NULL
4692	UNMATCHED	0.00	0.00	0.00	0.00	0.00	NULL	NULL	NULL	NULL
4713	MATCHED	30.00	100.00	40.00	10.00	20.00	21.55	?????	????? ??? ??? 467-6	????? ??? ???30? 13
4736	MATCHED	15.00	85.00	40.00	10.00	20.00	16.75	????	????? ??? ??? 515-12	????? ??? ???30? 25
4747	UNMATCHED	0.00	0.00	0.00	0.00	0.00	NULL	NULL	NULL	NULL
4768	UNMATCHED	0.00	0.00	0.00	0.00	0.00	NULL	NULL	NULL	NULL
4794	MATCHED	30.00	95.00	35.00	10.00	20.00	0.00	????? ???	????? ??? ??? 514-5	????? ??? ??? 160
4813	UNMATCHED	0.00	0.00	0.00	0.00	0.00	NULL	NULL	NULL	NULL
4842	UNMATCHED	0.00	0.00	0.00	0.00	0.00	NULL	NULL	NULL	NULL
4866	UNMATCHED	0.00	0.00	0.00	0.00	0.00	NULL	NULL	NULL	NULL
4912	MATCHED	30.00	95.00	35.00	10.00	20.00	2.17	?? ??	????? ??? ??? 423-2 ??1?	????? ??? ???28? 34 ??1?
5002	MATCHED	25.00	95.00	40.00	10.00	20.00	3.81	?? ???	????? ??? ??? 415 1? 102?	????? ??? ???36? 22 1? 102?
5035	MATCHED	30.00	95.00	35.00	10.00	20.00	4.56	?? ??? ?? ??	????? ??? ??? 180-1	????? ??? ????? 2743
5054	MATCHED	30.00	95.00	35.00	10.00	20.00	4.44	???? ??	????? ??? ??? 946-10 1?	????? ??? ???2? 14 1?
5055	MATCHED	30.00	100.00	40.00	10.00	20.00	2.18	???	????? ??? ??? 955-12	????? ??? ?????359? 19
5061	UNMATCHED	0.00	0.00	0.00	0.00	0.00	NULL	NULL	NULL	NULL
5069	MATCHED	30.00	95.00	35.00	10.00	20.00	5.87	?? ????? ????	????? ??? ??? 420-9	????? ??? ?????378? 18
5080	MATCHED	25.00	95.00	40.00	10.00	20.00	30.18	????	????? ??? ??? 467-6 ??????, ??1?	????? ??? ???30? 13 ??????, ??1?
5107	MATCHED	30.00	90.00	40.00	0.00	20.00	0.00	??????? ?????	????? ??? ??? 459-4 ??????? ?????	????? ??? ???? 199 ??????? ?????
5115	MATCHED	30.00	82.00	22.00	10.00	20.00	0.00	???? ?? ? ????	????? ??? ??? 959-25 2?	????? ??? ?????359? 10 2?
5116	UNMATCHED	0.00	0.00	0.00	0.00	0.00	NULL	NULL	NULL	NULL
5147	MATCHED	30.00	82.00	22.00	10.00	20.00	3.86	??? ???	????? ??? ??? 423-7 2? ??????	????? ??? ???28? 42 2? ??????
5162	MATCHED	15.00	85.00	40.00	10.00	20.00	6.82	???????	????? ??? ??? 544-13 ???????	????? ??? ???22? 5 ???????
5187	MATCHED	15.00	85.00	40.00	10.00	20.00	7.07	??? ?? ???	????? ??? ??? 467-7 1?	????? ??? ???30? 21 1?
5204	UNMATCHED	0.00	0.00	0.00	0.00	0.00	NULL	NULL	NULL	NULL
5226	UNMATCHED	0.00	0.00	0.00	0.00	0.00	NULL	NULL	NULL	NULL
5239	MATCHED	30.00	100.00	40.00	10.00	20.00	5.57	28??	????? ??? ??? 947-25	????? ??? ???4? 28
5286	MATCHED	30.00	95.00	35.00	10.00	20.00	4.74	???????? ???	????? ??? ??? 546-8 102?	????? ??? ???57? 38 102?
5308	UNMATCHED	0.00	0.00	0.00	0.00	0.00	NULL	NULL	NULL	NULL
5309	MATCHED	30.00	100.00	40.00	10.00	20.00	3.89	???	????? ??? ??? 416-7 1? ???	????? ??? ???36? 29 1? ???
5311	MATCHED	30.00	100.00	40.00	10.00	20.00	12.34	???	????? ??? ??? 954-13 1?	????? ??? ????42? 13 1?
5379	UNMATCHED	0.00	0.00	0.00	0.00	0.00	NULL	NULL	NULL	NULL
5429	UNMATCHED	0.00	0.00	0.00	0.00	0.00	NULL	NULL	NULL	NULL
5453	UNMATCHED	0.00	0.00	0.00	0.00	0.00	NULL	NULL	NULL	NULL
5497	MATCHED	15.00	85.00	40.00	10.00	20.00	33.98	????	????? ??? ??? 467-6 ?? 1?	????? ??? ???30? 13 ?? 1?
5499	UNMATCHED	0.00	0.00	0.00	0.00	0.00	NULL	NULL	NULL	NULL
5510	UNMATCHED	0.00	0.00	0.00	0.00	0.00	NULL	NULL	NULL	NULL
5532	UNMATCHED	0.00	0.00	0.00	0.00	0.00	NULL	NULL	NULL	NULL
5553	MATCHED	8.00	73.00	35.00	10.00	20.00	3.35	????? ???	????? ??? ??? 419-6 1? ?????	????? ??? ???38? 46-9 1? ?????
5563	UNMATCHED	0.00	0.00	0.00	0.00	0.00	NULL	NULL	NULL	NULL
5572	MATCHED	8.00	78.00	40.00	10.00	20.00	20.99	????	????? ??? ??? 952-1 1? 101?	????? ??? ????48? 6 1? 101?
5682	MATCHED	15.00	85.00	40.00	10.00	20.00	6.63	????	????? ??? ??? 459-2 102?	????? ??? ?????378? 36 102?
5694	MATCHED	30.00	100.00	40.00	10.00	20.00	8.30	????	????? ??? ??? 920-2	????? ??? ?????361? 6
5705	MATCHED	30.00	100.00	40.00	10.00	20.00	3.82	???? ???	????? ??? ??? 423-14	????? ??? ???26? 33
5726	UNMATCHED	0.00	0.00	0.00	0.00	0.00	NULL	NULL	NULL	NULL
5738	AMBIGUOUS	15.00	74.00	35.00	10.00	14.00	94.38	???? ?? ???	????? ??? ??? 960 ???? 101?	????? ??? ???41? 10 ???? 101?
5744	UNMATCHED	0.00	0.00	0.00	0.00	0.00	NULL	NULL	NULL	NULL
5749	MATCHED	15.00	85.00	40.00	10.00	20.00	10.12	???	????? ??? ??? 957 ??? 77 B02? ???	????? ??? ?????351? 4 ??? 77 B02? ???
5751	MATCHED	30.00	100.00	40.00	10.00	20.00	5.53	?? ???&??	????? ??? ??? 420-8 ???? 1?	????? ??? ???30? 52 ???? 1?
5757	UNMATCHED	0.00	0.00	0.00	0.00	0.00	NULL	NULL	NULL	NULL
5786	MATCHED	8.00	78.00	40.00	10.00	20.00	13.20	???	????? ??? ??? 467-24 ?????199	????? ??? ??? 118 ?????199
5791	UNMATCHED	0.00	0.00	0.00	0.00	0.00	NULL	NULL	NULL	NULL
5813	MATCHED	30.00	95.00	35.00	10.00	20.00	0.00	????? ????	????? ??? ??? 416-9 1?	????? ??? ???36? 25 1?
5843	MATCHED	30.00	100.00	40.00	10.00	20.00	6.78	????	????? ??? ??? 954-19	????? ??? ?????355? 13
5850	MATCHED	15.00	85.00	40.00	10.00	20.00	3.40	?????	????? ??? ??? 412-13 1? 103?	????? ??? ?????370? 9 1? 103?
5854	UNMATCHED	0.00	0.00	0.00	0.00	0.00	NULL	NULL	NULL	NULL
5866	UNMATCHED	0.00	0.00	0.00	0.00	0.00	NULL	NULL	NULL	NULL
5871	MATCHED	15.00	80.00	35.00	10.00	20.00	17.61	??? ???	????? ??? ??? 953-1 Sk????? B1?107? 108?	????? ??? ???? 240 Sk????? B1?107? 108?
5877	MATCHED	30.00	100.00	40.00	10.00	20.00	4.56	???	????? ??? ??? 180-13 2?	????? ??? ????? 2733 2?
5878	MATCHED	30.00	100.00	40.00	10.00	20.00	7.00	????? ????	????? ??? ??? 419	????? ??? ?????378? 8
5902	MATCHED	30.00	100.00	40.00	10.00	20.00	6.09	???? ???	????? ??? ??? 174-40	????? ??? ????? 2747
5911	MATCHED	30.00	100.00	40.00	10.00	20.00	3.20	?????	????? ??? ??? 412	????? ??? ???38? 8
5918	MATCHED	30.00	100.00	40.00	10.00	20.00	4.70	????	????? ??? ??? 518-7	????? ??? ???30? 6
5926	MATCHED	15.00	85.00	40.00	10.00	20.00	15.92	?????? ?????	????? ??? ??? 467-19 ????21	????? ??? ???30? 10 ????21
5931	AMBIGUOUS	15.00	71.00	40.00	10.00	6.00	135.28	???? ??1??	????? ??? ??? 540 ??????	????? ??? ??? 242 ??????
5939	UNMATCHED	0.00	0.00	0.00	0.00	0.00	NULL	NULL	NULL	NULL
5958	MATCHED	30.00	100.00	40.00	10.00	20.00	5.66	???	????? ??? ??? 416-7 1? ???	????? ??? ???36? 29 1? ???
5966	MATCHED	30.00	100.00	40.00	10.00	20.00	1.99	???	????? ??? ??? 955-4 1? ???	????? ??? ?????355? 14 1? ???
6092	MATCHED	25.00	95.00	40.00	10.00	20.00	20.13	????	????? ??? ??? 467-6 ??1? 13?	????? ??? ???30? 13 ??1? 13?
6122	MATCHED	15.00	80.00	35.00	10.00	20.00	18.13	????? _By???	????? ??? ??? 467-19 ????21	????? ??? ???30? 10 ????21
6142	MATCHED	15.00	85.00	40.00	10.00	20.00	6.72	???	????? ??? ??? 417-7 1?	????? ??? ???38? 32-11 1?
6159	MATCHED	30.00	100.00	40.00	10.00	20.00	11.09	??????????	????? ??? ??? 467-24	????? ??? ??? 118
6232	MATCHED	30.00	100.00	40.00	10.00	20.00	3.45	?????? ????	????? ??? ??? 416-1 1? ??????	????? ??? ???38? 26 1? ??????
6242	MATCHED	25.00	95.00	40.00	10.00	20.00	10.07	???	????? ??? ??? 412-3 ?????? 1?	????? ??? ???38? 14 ?????? 1?
6248	MATCHED	30.00	100.00	40.00	10.00	20.00	18.17	???? ??	????? ??? ??? 953-1 ??SK?????	????? ??? ???? 240 ??SK?????
6258	UNMATCHED	0.00	0.00	0.00	0.00	0.00	NULL	NULL	NULL	NULL
6289	UNMATCHED	0.00	0.00	0.00	0.00	0.00	NULL	NULL	NULL	NULL
6314	MATCHED	30.00	95.00	35.00	10.00	20.00	1.37	??? ???	????? ??? ??? 424-5 1?, 2?	????? ??? ???28? 20 1?, 2?
6318	MATCHED	30.00	95.00	35.00	10.00	20.00	0.01	??? ?????	????? ??? ??? 527-3	????? ??? ??? 225
6341	MATCHED	30.00	100.00	40.00	10.00	20.00	3.12	???	????? ??? ??? 418-10	????? ??? ???38? 38-3
6366	MATCHED	30.00	100.00	40.00	10.00	20.00	7.18	???? ??	????? ??? ??? 947-11	????? ??? ????48? 23
6377	MATCHED	30.00	100.00	40.00	10.00	20.00	5.15	?? ???	????? ??? ??? 448-1 1?	????? ??? ???24? 6 1?
6394	UNMATCHED	0.00	0.00	0.00	0.00	0.00	NULL	NULL	NULL	NULL
6416	MATCHED	30.00	100.00	40.00	10.00	20.00	4.62	????	????? ??? ??? 515-12	????? ??? ???30? 25
6431	UNMATCHED	0.00	0.00	0.00	0.00	0.00	NULL	NULL	NULL	NULL
6453	UNMATCHED	0.00	0.00	0.00	0.00	0.00	NULL	NULL	NULL	NULL
6454	MATCHED	15.00	85.00	40.00	10.00	20.00	5.28	???? ???	????? ??? ??? 422-1 102?	????? ??? ???28? 50 102?
6462	MATCHED	30.00	95.00	35.00	10.00	20.00	4.45	??	????? ??? ??? 902-4 2?	????? ??? ?????365? 17 2?
6472	AMBIGUOUS	0.00	51.00	35.00	10.00	6.00	171.31	??? ??	????? ??? ??? 839-5 1?	????? ??? ????62? 34 1?
6502	UNMATCHED	0.00	0.00	0.00	0.00	0.00	NULL	NULL	NULL	NULL
6504	MATCHED	30.00	92.00	32.00	10.00	20.00	5.85	????? ? ??	????? ??? ??? 945-2	????? ??? ???4? 12
6508	AMBIGUOUS	8.00	72.00	40.00	10.00	14.00	89.50	????	????? ??? ??? 467-12 2803, ????????	????? ??? ????? 2806 2803, ????????
6512	MATCHED	30.00	100.00	40.00	10.00	20.00	5.39	????	????? ??? ??? 517-1	????? ??? ???30? 36
6521	MATCHED	30.00	100.00	40.00	10.00	20.00	3.88	????	????? ??? ??? 417-6 1?	????? ??? ???30? 41 1?
6537	MATCHED	30.00	95.00	35.00	10.00	20.00	2.95	???? ??	????? ??? ??? 517-11 ????	????? ??? ???28? 29 ????
6541	MATCHED	15.00	85.00	40.00	10.00	20.00	8.07	???????? ???	????? ??? ??? 544 ????	????? ??? ??? 184 ????
6566	MATCHED	30.00	100.00	40.00	10.00	20.00	3.08	???? ???	????? ??? ??? 416-4	????? ??? ???38? 30
6568	MATCHED	30.00	95.00	35.00	10.00	20.00	7.32	???? ????	????? ??? ??? 924-10	????? ??? ?????363? 15
6597	MATCHED	25.00	95.00	40.00	10.00	20.00	7.47	???	????? ??? ??? 947-10 ????? 1?	????? ??? ????48? 25 ????? 1?
6612	MATCHED	30.00	100.00	40.00	10.00	20.00	12.36	??	????? ??? ??? 954-13	????? ??? ????42? 13
6702	MATCHED	30.00	100.00	40.00	10.00	20.00	5.65	???? ????	????? ??? ??? 411-17 ??1?()	????? ??? ????? 2732 ??1?(???)
6734	UNMATCHED	0.00	0.00	0.00	0.00	0.00	NULL	NULL	NULL	NULL
6755	UNMATCHED	0.00	0.00	0.00	0.00	0.00	NULL	NULL	NULL	NULL
6771	UNMATCHED	0.00	0.00	0.00	0.00	0.00	NULL	NULL	NULL	NULL
6777	MATCHED	8.00	78.00	40.00	10.00	20.00	21.91	?????	????? ??? ??? 957-11 ??????? 1? ??	????? ??? ????? 2615 ??????? 1? ??
6791	UNMATCHED	0.00	0.00	0.00	0.00	0.00	NULL	NULL	NULL	NULL
6802	UNMATCHED	0.00	0.00	0.00	0.00	0.00	NULL	NULL	NULL	NULL
6811	MATCHED	25.00	90.00	35.00	10.00	20.00	0.00	??? ????	????? ??? ??? 454-9 1?	????? ??? ???? 195 1?
6813	MATCHED	15.00	80.00	35.00	10.00	20.00	2.25	??? ??? ??	????? ??? ??? 418-9 ????	????? ??? ???38? 38-5 ????
6845	UNMATCHED	0.00	0.00	0.00	0.00	0.00	NULL	NULL	NULL	NULL
6847	MATCHED	25.00	95.00	40.00	10.00	20.00	23.43	???	????? ??? ??? 953-1 sk????? 1? 101?	????? ??? ???? 240 sk????? 1? 101?
6861	UNMATCHED	0.00	0.00	0.00	0.00	0.00	NULL	NULL	NULL	NULL
6905	MATCHED	30.00	95.00	35.00	10.00	20.00	3.21	??????? ??????	????? ??? ??? 945-1	????? ??? ????58? 12
6924	MATCHED	15.00	85.00	40.00	10.00	20.00	14.85	???	????? ??? ??? 949-2 1?	????? ??? ???? 272 1?
6930	MATCHED	30.00	100.00	40.00	10.00	20.00	2.81	????	????? ??? ??? 954-16 1?	????? ??? ????42? 17 1?
6941	UNMATCHED	0.00	0.00	0.00	0.00	0.00	NULL	NULL	NULL	NULL
6942	MATCHED	15.00	80.00	35.00	10.00	20.00	23.08	???????? ??????	????? ??? ??? 957-11 ???????	????? ??? ????? 2615 ???????
6945	UNMATCHED	0.00	0.00	0.00	0.00	0.00	NULL	NULL	NULL	NULL
6956	MATCHED	30.00	95.00	35.00	10.00	20.00	5.64	? ?? ?? 458	????? ??? ??? 458-2 1?	????? ??? ???26? 52 1?
6964	UNMATCHED	0.00	0.00	0.00	0.00	0.00	NULL	NULL	NULL	NULL
6978	MATCHED	25.00	95.00	40.00	10.00	20.00	0.00	????	????? ??? ??? 467-12 ????? ??1?	????? ??? ????? 2806 ????? ??1?
6983	MATCHED	30.00	100.00	40.00	10.00	20.00	0.00	???	????? ??? ??? 953-1	????? ??? ???? 240
7012	MATCHED	30.00	100.00	40.00	10.00	20.00	4.14	???	????? ??? ??? 458-4 1?	????? ??? ???26? 56 1?
7020	MATCHED	30.00	95.00	35.00	10.00	20.00	2.20	?? ???	????? ??? ??? 919-7	????? ??? ?????363? 9-4
7057	MATCHED	30.00	95.00	35.00	10.00	20.00	3.13	?? ???	????? ??? ??? 942-8 1?	????? ??? ????58? 21 1?
7065	MATCHED	30.00	100.00	40.00	10.00	20.00	5.00	????? ???	????? ??? ??? 415-6	????? ??? ???34? 21
7085	UNMATCHED	0.00	0.00	0.00	0.00	0.00	NULL	NULL	NULL	NULL
7096	MATCHED	25.00	90.00	35.00	10.00	20.00	4.36	??? ???	????? ??? ??? 411-11 ???? 1?	????? ??? ????? 2722 ???? 1?
7154	MATCHED	30.00	100.00	40.00	10.00	20.00	6.33	? ??	????? ??? ??? 422	????? ??? ???28? 48
7160	UNMATCHED	0.00	0.00	0.00	0.00	0.00	NULL	NULL	NULL	NULL
7199	UNMATCHED	0.00	0.00	0.00	0.00	0.00	NULL	NULL	NULL	NULL
7247	MATCHED	25.00	95.00	40.00	10.00	20.00	6.00	????	????? ??? ??? 422 ???? 1? 101?	????? ??? ???28? 48 ???? 1? 101?
7251	MATCHED	30.00	100.00	40.00	10.00	20.00	7.49	???	????? ??? ??? 420-9 ?? 1?	????? ??? ?????378? 18 ?? 1?
7262	MATCHED	30.00	95.00	35.00	10.00	20.00	7.74	?????? ????	????? ??? ??? 517-9 1?	????? ??? ???30? 24 1?
7292	MATCHED	30.00	100.00	40.00	10.00	20.00	3.22	???	????? ??? ??? 411-13	????? ??? ????? 2726
7303	MATCHED	30.00	90.00	40.00	0.00	20.00	1.89	???????	????? ??? ??? 959-13	????? ??? ?????359? 20
7318	MATCHED	8.00	78.00	40.00	10.00	20.00	11.40	??????? ???	????? ??? ??? 542-1 CN?? 1?	????? ??? ??? 218 CN?? 1?
7354	MATCHED	30.00	100.00	40.00	10.00	20.00	5.51	????	????? ??? ??? 902-4	????? ??? ?????365? 17
7417	MATCHED	30.00	100.00	40.00	10.00	20.00	4.32	???????	????? ??? ??? 943-4	????? ??? ???4? 6
7434	MATCHED	30.00	100.00	40.00	10.00	20.00	5.66	???	????? ??? ??? 943-5 ??1?	????? ??? ????58? 11 ??1?
7445	MATCHED	15.00	80.00	35.00	10.00	20.00	3.80	??? ?? ??	????? ??? ??? 416-11 ?? 1 ?	????? ??? ???36? 21 ?? 1 ?
7495	UNMATCHED	0.00	0.00	0.00	0.00	0.00	NULL	NULL	NULL	NULL
7526	MATCHED	30.00	100.00	40.00	10.00	20.00	4.64	???	????? ??? ??? 945-20	????? ??? ???2? 9
