restaurant_id	komsco_name	komsco_address	recommendation_eligibility
1001	?? ?? ???	????? ??? ???? ?? 101	ELIGIBLE
1002	?? ?? ???	????? ??? ???? ?? 202	ELIGIBLE
1003	?? ?? ???	????? ??? ??? ?? 303	ELIGIBLE
4276	??	????? ??? ????56? 17, ??2? (???)	ELIGIBLE
4277	???	????? ??? ???152? 26, 1,2? (???, ????)	UNKNOWN
4278	??? ??	????? ??? ???63? 28 (???)	ELIGIBLE
4279	???? ???	????? ??? ???30? 42 (???)	ELIGIBLE
4280	???	????? ??? ????28? 22-9 (???)	ELIGIBLE
4281	?(THE)??	????? ??? ??? 280(???,????????)	UNKNOWN
4282	?02	????? ??? ???25? 5 (???)	ELIGIBLE
4283	??	????? ??? ???82? 7 (???)	ELIGIBLE
4284	?????	????? ??? ????53? 7 (???)	ELIGIBLE
4285	???	????? ??? ????92? 11 (???)	ELIGIBLE
4286	????	????? ??? ????49? 10-8 (???)	ELIGIBLE
4287	?????	????? ??? ??? 609 (???, ???????)	UNKNOWN
4288	???	????? ??? ????? 2712 (???)	ELIGIBLE
4289	?????	????? ??? ????97? 4 (???)	ELIGIBLE
4290	????	????? ??? ???71? 29 (???)	UNKNOWN
4291	???? ???	?????  ??? ???97? 17, 1? (???)	UNKNOWN
4292	????	????? ??? ????115? 14 (???)	UNKNOWN
4293	????	????? ??? ??? 613 (???)	UNKNOWN
4294	?????	????? ??? ????81? 60-5 (???)	ELIGIBLE
4295	????? ???	????? ??? ???1? 14 (???)	ELIGIBLE
4296	????????	????? ??? ???569?9	ELIGIBLE
4297	????? ??	????? ??? ???72? 20	UNKNOWN
4298	??????	????? ??? ???6? 30 1?	ELIGIBLE
4299	??? ??????????	????? ??? ??? 264(???, ?? ??? ????)	ELIGIBLE
4300	??	????? ??? ???151? 19(???)	UNKNOWN
4301	?????????	????? ??? ???22? 47(???)	ELIGIBLE
4302	??????1???	????? ??? ???6? 8 (???)	ELIGIBLE
4303	?? ???	????? ??? ????81? 58-4(???)	ELIGIBLE
4304	??????????	??? ??? ???507(???,?????3? 2013?)	UNKNOWN
4305	??? ??	????? ??? ???153? 27 (???)	ELIGIBLE
4306	??(Bloom)	????? ??? ???34? 22 (???)	UNKNOWN
4307	????? ????	????? ??? ???93? 12 (???)	ELIGIBLE
4308	??????	????? ??? ???132? 15 (???)	ELIGIBLE
4309	??	????? ??? ????28? 25 (???)	UNKNOWN
4310	???( havana)	????? ??? ???? 224 (???)	UNKNOWN
4311	?????? ???	????? ??? ???69? 11(???)	ELIGIBLE
4312	??	????? ??? ????26? 14 (???)	UNKNOWN
4313	??	????? ??? ????112? 61 (???, ??1?)	UNKNOWN
4314	???(KUDETA)	????? ??? ????51? 40 (???)	ELIGIBLE
4315	???	????? ??? ??? 431(???)	ELIGIBLE
4316	????	????? ??? ???107? 40 (???)	ELIGIBLE
4317	??????	??? ??? ???57? 22(???)	ELIGIBLE
4318	????	????? ??? ????78? 14-6 (???)	ELIGIBLE
4319	(?)?????	????? ??? ???4? 45(???)	UNKNOWN
4320	(?)????	????? ??? ????1? 40 (???)	UNKNOWN
4321	???	????? ??? ????114? 15 (???)	ELIGIBLE
4322	?????	????? ??? ????114? 42 (???)	ELIGIBLE
4323	????????	??? ??? ????154?43	UNKNOWN
4324	???? ???	????? ??? ?????365? 38 (???)	UNKNOWN
4325	??	????? ??? ??? 623 (???)	UNKNOWN
4326	?????	??? ??? ????102? 10	UNKNOWN
4327	??????	????? ??? ????1? 16 (???)	ELIGIBLE
4328	?????	????? ??? ??? 430 (???)	ELIGIBLE
4329	??????	??? ??? ??? 213	ELIGIBLE
4330	???	????? ??? ????2? 46 (???, ???????)	ELIGIBLE
4331	??	????? ??? ???134? 35(???)	ELIGIBLE
4332	????	????? ??? ???70? 4 (???)	ELIGIBLE
4333	?	????? ??? ????23? 10-5(???)	ELIGIBLE
4334	????????????	????? ??? ???161? 11 (???)	ELIGIBLE
4335	?????	????? ??? ???148? 6 (???)	UNKNOWN
4336	???	????? ??? ???108? 8 (???)	ELIGIBLE
4337	???????	???  ???  ??? 212, ?????? A118	UNKNOWN
4338	??	????? ??? ??? 120 (???, ???????)	UNKNOWN
4339	??????(??)	????? ??? ???? 1? 40	ELIGIBLE
4340	??194	????? ??? ????13? 10 (???)	ELIGIBLE
4341	???? ???	????? ??? ???157? 12 (???)	UNKNOWN
4342	???? ??1??	????? ??? ????1? 40 (???)	ELIGIBLE
4343	??? ????	????? ??? ???? 328 (???)	ELIGIBLE
4344	(?) ??????	????? ??? ????49? 22(???)	UNKNOWN
4345	??????	????? ??? ???7? 7 (???)	ELIGIBLE
4346	??????? ????	????? ??? ????80? 37, 4? (???, ?????)	UNKNOWN
4347	???? ???(????)	????? ??? ????46? 28(???)	UNKNOWN
4348	???	????? ??? ???18? 15 101? ????	ELIGIBLE
4349	???	????? ??? ???87? 9	ELIGIBLE
4350	????(herencia)	????? ??? ???72? 10	UNKNOWN
4351	??? ??	????? ??? ?????361? 7 (???)	ELIGIBLE
4352	?????? ???2??	????? ??? ???? 513 (???)	UNKNOWN
4353	?????	????? ??? ???174? 22, 5? (???, ????)	ELIGIBLE
4354	???(mmn)	????? ??? ????66? 39, 101? (???)	UNKNOWN
4355	???	????? ??? ???81? 22 (???)	ELIGIBLE
4356	?????	????? ??? ???63? 14 (???)	ELIGIBLE
4357	3??????	??? ??? ????63? 3,1?	ELIGIBLE
4358	????	????? ??? ??? 623 (???)	ELIGIBLE
4359	????????	????? ??? ???93? 21 (???)	UNKNOWN
4360	?????	??? ??? ???8? 5	ELIGIBLE
4361	?????????	????? ??? ????231	ELIGIBLE
4362	??????????	????? ??? ???51? 25(???, ?? SK VIEW)	UNKNOWN
4363	???? ???	????? ??? ???3? 4 (???)	ELIGIBLE
4364	????	????? ??? ????32? 11 (???)	ELIGIBLE
4365	????	????? ??? ????83? 40 (???, 2?)	ELIGIBLE
4366	???	??? ??? ???98? 17	ELIGIBLE
4367	??	??? ??? ??? 615	ELIGIBLE
4368	???? ???????????	????? ??? ????78? 12(???)	UNKNOWN
4369	??	??? ??? ???3? 26	UNKNOWN
4370	???	????? ??? ??? 417 (???, ??????????)	ELIGIBLE
4371	?????	????? ??? ???? 124(???)	ELIGIBLE
4372	?????	????? ??? ???98? 7 (???)	ELIGIBLE
4373	????	????? ??? ???96? 13 (???)	UNKNOWN
4374	???? ???	?? ??? ???82? 5-8	ELIGIBLE
4375	?	????? ??? ???111? 8, 4? (???, ???? ??)	UNKNOWN
4376	??????(?)	????? ??? ???? 210 (???)	UNKNOWN
4377	???????	????? ??? ???150? 50 (???)	UNKNOWN
4378	????	????? ??? ??? 176(???)	ELIGIBLE
4379	???? ??1-4??	????? ??? ??? 229 (???)	UNKNOWN
4380	????	????? ??? ???4? 15 (???)	ELIGIBLE
4381	????	????? ??? ???84? 23 (???, ????)	ELIGIBLE
4382	?????	????? ??? ???12? 8 (???)	ELIGIBLE
4383	??????????	????? ??? ??? 185 (???)	UNKNOWN
4384	(?)?????????????	????? ??? ???152? 21 (???)	UNKNOWN
4385	???? ???	????? ??? ????94? 87(???)	ELIGIBLE
4386	????????	????? ??? ???3? 20-10, 1? 101? (???)	UNKNOWN
4387	???? ??(SAKERIA-IKKON)	????? ??? ???170? 28, 2? (???)	ELIGIBLE
4388	????? ???????	????? ??? ???? 343	UNKNOWN
4389	???	????? ??? ????79? 25 (???)	ELIGIBLE
4390	??	????? ??? ???155? 23-3 (???)	ELIGIBLE
4391	??????K????	????? ??? ????94? 10 (???)	UNKNOWN
4392	????????	????? ??? ????2? 35(???)	ELIGIBLE
4393	?????	????? ??? ???2? 13 (???)	ELIGIBLE
4394	??? ??	????? ??? ??? 326 (???)	UNKNOWN
4395	??? ????	????? ??? ????1? 17(???)	UNKNOWN
4396	???????	????? ??? ????86? 18	UNKNOWN
4397	????	????? ??? ???93? 22 (???)	UNKNOWN
4398	????	????? ??? ????79? 47	ELIGIBLE
4399	??? ???	????? ??? ???? ??102(???)	UNKNOWN
4400	??	????? ??? ??? 213 (???)	ELIGIBLE
4401	??????	????? ??? ????158? 21 (???, ?? 1?) ????1?	ELIGIBLE
4402	????	????? ??? ???65? 20 (???)	ELIGIBLE
4403	??? ????	????? ??? ???86? 8 (???)	ELIGIBLE
4404	???? ??????	????? ??? ???131? 8(???)	ELIGIBLE
4405	?????	????? ??? ???151? 24(???)	UNKNOWN
4406	???	??? ??? ????138? 9(???)	UNKNOWN
4407	??	????? ??? ??? 405 (???, ????????)	UNKNOWN
4408	??? ????(D&T F&B)	????? ??? ????15? 18 ??1?	UNKNOWN
4409	?????	????? ??? ???101? 33 (???)	UNKNOWN
4410	???? ?????	????? ??? ??? 180 (???)	ELIGIBLE
4411	??	??? ??? ??? 118	ELIGIBLE
4412	????????	????? ??? ????46? 5-6(???)	ELIGIBLE
4413	??	????? ??? ???95? 15 (???, ???? 1?)	ELIGIBLE
4414	????	????? ??? ????21? 69 (???)	UNKNOWN
4415	????	????? ??? ???30? 49(???)	ELIGIBLE
4416	?????	??? ??? ????124? 19	UNKNOWN
4417	?????????	????? ??? ????87? 29 (???)	UNKNOWN
4418	???? ??????	????? ??? ????17? 12 1? ?????	UNKNOWN
4419	????? ????	????? ??? ??? 280(???)	ELIGIBLE
4420	??? ??????	????? ??? ???75? 32-11 ???? 1?	ELIGIBLE
4421	???	????? ??? ????57? 7 (???)	ELIGIBLE
4422	????	????? ??? ??? 311 (???)	ELIGIBLE
4423	??? ????	????? ??? ???? 231 (???)	UNKNOWN
4424	???? ?????	????? ??? ????1? 19(???)	UNKNOWN
4425	????	????? ??? ???26? 29 (???)	ELIGIBLE
4426	???? ???	????? ??? ????14? 12 (???)	UNKNOWN
4427	(?)?????	????? ??? ??? 620 (???)	UNKNOWN
4428	???	????? ??? ???84? 26(???)	ELIGIBLE
4429	??????? ??2??	?? ??? ???1? 19	ELIGIBLE
4430	????	????? ??? ????74? 11-11(???)	ELIGIBLE
4431	??????	????? ??? ???? 231(???)	UNKNOWN
4432	????????	??? ??? ???12? 3-12	UNKNOWN
4433	??	????? ??? ???105? 53 (???)	ELIGIBLE
4434	??? (Sunny cook)	????? ??? ???78? 15 (???)	UNKNOWN
4435	???? ????	??? ??? ???? 313	ELIGIBLE
4436	??????? ??????	????? ??? ???30? 38 (???)	UNKNOWN
4437	????	????? ??? ???17? 64 ??1?	ELIGIBLE
4438	???? ???	??? ??? ???67? 11	UNKNOWN
4439	?237 ?? ? ????	????? ??? ???113? 7(???)	ELIGIBLE
4440	????	????? ??? ????57? 8 1?	UNKNOWN
4441	??????	????? ??? ??? 660(???, ????? ???)	UNKNOWN
4442	???????	????? ??? ???? 322 (???)	ELIGIBLE
4443	????	????? ??? ????106? 38 (???)	UNKNOWN
4444	??(Sogak)	????? ??? ????160? 17 1?	ELIGIBLE
4445	??? ????	?? ??? ??? 651	UNKNOWN
4446	??? ???	????? ??? ????87? 35(???)	ELIGIBLE
4447	????? ????	????? ??? ???? ?? 396 (???)	UNKNOWN
4448	??? ?? ??? ARK	????? ??? ????55? 17 (???)	UNKNOWN
4449	?????	????? ??? ????81? 45 (???)	ELIGIBLE
4450	???? ???? ????	????? ??? ????94? 28(???)	UNKNOWN
4451	????? ???	????? ??? ??? 532(???)	ELIGIBLE
4452	???	????? ??? ???20? 9, 5? (???)	UNKNOWN
4453	????	??? ??? ????? 363?12-3	UNKNOWN
4454	???	????? ??? ???63? 69 (???)	ELIGIBLE
4455	???	????? ??? ??? 344 ??1?	ELIGIBLE
4456	????	????? ??? ???26? 45 1?	ELIGIBLE
4457	????	????? ??? ???104? 7 (???)	ELIGIBLE
4458	???? ???	????? ??? ????30? 75(???)	UNKNOWN
4459	??	????? ??? ???90? 12 (???)	ELIGIBLE
4460	?????	????? ??? ???107? 26, ??1? 102? (???, ????)	ELIGIBLE
4461	?????	????? ??? ???97? 12 (???)	ELIGIBLE
4462	OPNNG(???)	????? ??? ????34? 22(???)	ELIGIBLE
4463	??(??)	????? ??? ???115? 15(???)	UNKNOWN
4464	????	????? ??? ??? 95 (???)	UNKNOWN
4465	??	????? ??? ???160? 5 (???)	ELIGIBLE
4466	???	??? ??? ??? 110	ELIGIBLE
4467	????? ???	????? ??? ???? 142(???)	ELIGIBLE
4468	???? ??????	????? ??? ????128? 27 (???, ?????????)	ELIGIBLE
4469	????	????? ??? ????87? 46 (???)	ELIGIBLE
4470	???????	????? ??? ???71? 25 (???)	ELIGIBLE
4471	???B	????? ??? ???? 152 ??1? ????	ELIGIBLE
4472	???(??)	????? ??? ????8? 19 (???)	UNKNOWN
4473	?????	????? ??? ??? 113(???)	ELIGIBLE
4474	???	????? ??? ????14? 8 (???)	ELIGIBLE
4475	?????	????? ??? ???? 312 (???)	ELIGIBLE
4476	?????	????? ??? ????37? 31 (???)	ELIGIBLE
4477	???? ??10???	????? ??? ???3? 18(???)	UNKNOWN
4478	????	????? ??? ??? 226 ??1?	ELIGIBLE
4479	?????	????? ??? ????81? 58 (???)	ELIGIBLE
4480	???(WING&DIP)	????? ??? ???155? 25, 1? 1? (???)	UNKNOWN
4481	???[BEVINO]	????? ??? ????17? 39 (???)	UNKNOWN
4482	????	????? ??? ???85? 43 (???)	ELIGIBLE
4483	1992??&???	????? ??? ????84? 6(???)	ELIGIBLE
4484	???????	????? ??? ???9? 63 (???)	UNKNOWN
4485	??????	????? ??? ???26? 29	UNKNOWN
4486	???	????? ??? ????33? 7	UNKNOWN
4487	??????? ????	????? ??? ??? 308 (???)	UNKNOWN
4488	(?)??????	????? ??? ??? 514 (???)	UNKNOWN
4489	???	????? ??? ????79? 61 (???)	ELIGIBLE
4490	???? ???	????? ??? ???? 111 (???)	UNKNOWN
4491	???? ??? ??	????? ??? ????56? 7 (???)	UNKNOWN
4492	(?)???	????? ??? ???153? 12 (???)	UNKNOWN
4493	???	????? ??? ???20? 31(???)	ELIGIBLE
4494	???????	????? ??? ???10? 29 (???)	ELIGIBLE
4495	?? ???	????? ??? ???174? 30, 101? (???, ?????)	ELIGIBLE
4496	??????????	????? ??? ???52? 14 (???)	ELIGIBLE
4497	????	??? ??? ??? 874(???)	ELIGIBLE
4498	???	????? ??? ???39? 3 (???, ?????)	ELIGIBLE
4499	???	????? ??? ??? 225 (???)	UNKNOWN
4500	?????	????? ??? ????108? 5 (???)	ELIGIBLE
4501	??????? ??	????? ??? ????1? 35, ??1? (???)	UNKNOWN
4502	SMFIT ????	????? ??? ??? 175, ?? 102? (???, ????)	UNKNOWN
4503	?82	????? ??? ???? 167(???)	UNKNOWN
4504	??	????? ??? ????? 2917(???)	ELIGIBLE
4505	??? ?????	????? ??? ???72? 16 (???)	ELIGIBLE
4506	???? ????????	????? ??? ???152? 35 (???)	UNKNOWN
4507	coffee the juda	????? ??? ???30? 13(???)	ELIGIBLE
4508	?????	????? ??? ???? 447 (???)	ELIGIBLE
4509	?????	????? ??? ????120? 31 (???)	ELIGIBLE
4510	??????	????? ??? ??? 280(???)	ELIGIBLE
4511	???	????? ??? ????30? 7 (???)	ELIGIBLE
4512	??? ?? ???	????? ??? ???9? 32 (???)	UNKNOWN
4513	???	????? ??? ????38? 29(???)	UNKNOWN
4514	?????(???)	????? ??? ???86? 46 (???)	ELIGIBLE
4515	????	????? ??? ???93? 16	ELIGIBLE
4516	???	????? ??? ????68? 21,	UNKNOWN
4517	????	????? ??? ??? 221 (???, ??1?)	ELIGIBLE
4518	??	????? ??? ????51? 10 (???)	ELIGIBLE
4519	??	????? ??? ????37? 27 (???)	UNKNOWN
4520	???	????? ??? ???38? 36, ??2? (???)	ELIGIBLE
4521	?????	????? ??? ???82? 9-11 (???)	UNKNOWN
4522	(?)????	????? ??? ??? 835 (???)	ELIGIBLE
4523	???	????? ??? ??? 667 (???)	UNKNOWN
4524	??????	????? ??? ??? 120(???)	ELIGIBLE
4525	???? ?????	?? ??? ??? 120	ELIGIBLE
4526	????????	????? ??? ???69? 7 (???)	ELIGIBLE
4527	??? ???????	????? ??? ????84? 23 (???)	UNKNOWN
4528	??	????? ??? ????30? 46 (???)	ELIGIBLE
4529	??797 ???	????? ??? ???? 87? 35	UNKNOWN
4530	??	????? ??? ????14? 16, ??1? B101? (???, ????)	ELIGIBLE
4531	???? ????	????? ??? ??? 219 (???)	ELIGIBLE
4532	???	????? ??? ???94? 19(???)	ELIGIBLE
4533	????? ???	????? ??? ????17? 11(???)	UNKNOWN
4534	?????	????? ??? ????4? 13 (???)	ELIGIBLE
4535	?????	????? ??? ????152? 19 (???)	UNKNOWN
4536	??? ??????	????? ??? ???72? 16(???, ????)	ELIGIBLE
4537	?????????????	????? ??? ???131? 25 (???)	ELIGIBLE
4538	??	????? ??? ????37? 13-6(???)	ELIGIBLE
4539	????	??? ??? ???94? 9-3	ELIGIBLE
4540	GS??? ?????	????? ??? ??? 205 (???)	UNKNOWN
4541	????? ?????	????? ??? ???64? 9 (???)	ELIGIBLE
4542	???????	????? ??? ???6? 8 (???)	UNKNOWN
4543	????	??? ??? ????160? 35-5	UNKNOWN
4544	???	????? ??? ????98? 11 (???)	ELIGIBLE
4545	??(deed)	????? ??? ????46? 23	UNKNOWN
4546	??	????? ??? ???28? 9 (???)	ELIGIBLE
4547	??????????????	????? ??? ???147? 24	UNKNOWN
4548	60? ?? ?? ????	????? ??? ????1? 37 (???)	ELIGIBLE
4549	??	????? ??? ??? 214 (???)	ELIGIBLE
4550	???????	????? ??? ????6? 10, 102? (???, ????)	UNKNOWN
4551	???	????? ??? ??? 713 (???)	UNKNOWN
4552	?	??? ??? ???98? 20	ELIGIBLE
4553	??? ????	????? ??? ???65? 13 (???)	UNKNOWN
4554	???(1??)	??? ??? ???56? 11	UNKNOWN
4555	?????????	????? ??? ???86? 34	UNKNOWN
4556	?????	????? ??? ???? 123 (???)	UNKNOWN
4557	????	?? ??? ????124? 26	ELIGIBLE
4558	??	??? ??? ????103? 10	ELIGIBLE
4559	(?)???????	????? ??? ??? 606 (???)	UNKNOWN
4560	?????	????? ??? ???9? 52 (???)	ELIGIBLE
4561	??????	????? ??? ??? 333 (???)	ELIGIBLE
4562	???????	????? ??? ????154? 12(???)	ELIGIBLE
4563	?????????	????? ??? ????37? 22 (???)	ELIGIBLE
4564	???????	????? ??? ??? 212(???, ?????)	UNKNOWN
4565	??????	????? ??? ???167? 12 (???)	ELIGIBLE
4566	????? ???	????? ??? ????1? 10, ??1? B124? (???, ???????)	ELIGIBLE
4567	?????.????	????? ??? ????122? 16, 1? (???)	ELIGIBLE
4568	??????	??? ??? ????118? 60	UNKNOWN
4569	???? ???	?? ??? ??? 417	ELIGIBLE
4570	??????????? ?????	????? ??? ??? 506 (???)	ELIGIBLE
4571	????????	??? ??? ???30? 36(???)	ELIGIBLE
4572	????????	??? ??? ???3? 17-5(???)	ELIGIBLE
4573	???????	????? ??? ????156? 13 (???)	UNKNOWN
4574	?????	????? ??? ???38? 18 (???)	ELIGIBLE
4575	???? ??????	????? ??? ????27? 6 (???)	UNKNOWN
4576	?????	????? ??? ???4? 26	ELIGIBLE
4577	????	????? ??? ???85? 11 (???, ???????)	ELIGIBLE
4578	???	????? ??? ???? 167 (???)	UNKNOWN
4579	?????	????? ??? ????64? 27 (???)	ELIGIBLE
4580	????? ???? ???	????? ??? ???? ?? 396 (???)	UNKNOWN
4581	???? ??	????? ??? ??? 10? 29	ELIGIBLE
4582	??	????? ??? ???2? 29 (???)	UNKNOWN
4583	???????	????? ??? ????4? 46 (???, ????????)	UNKNOWN
4584	????? ???	????? ??? ???63? 20 (???)	UNKNOWN
4585	?????	????? ??? ????38? 12	ELIGIBLE
4586	????? ???	????? ??? ????34? 5 (???)	ELIGIBLE
4587	???? ??????	????? ??? ???569? 3 (???)	UNKNOWN
4588	??	????? ??? ????158? 11 (???)	UNKNOWN
4589	???? ?????	?? ??? ???85? 25	ELIGIBLE
4590	???	????? ??? ????98? 22 (???)	ELIGIBLE
4591	???????	????? ??? ??? 314 (???)	ELIGIBLE
4592	???	??? ??? ???113? 12	UNKNOWN
4593	?????	??? ??? ???8? 9	UNKNOWN
4594	????	????? ??? ????2? 46 (???, ???????)	ELIGIBLE
4595	??????	??? ??? ????33? 7(???)	UNKNOWN
4596	???`s ???	????? ??? ???85? 5-5, ??2? (???)	ELIGIBLE
4597	?????????	????? ??? ????27? 26 (???)	ELIGIBLE
4598	??	????? ??? ????162? 22, 101? (???)	ELIGIBLE
4599	????	??? ??? ??? 512	ELIGIBLE
4600	?????? ???(Phomons)	????? ??? ???161? 32 (???)	UNKNOWN
4601	??????????	????? ??? ???99? 9 (???)	ELIGIBLE
4602	?????	????? ??? ???? 179 (???)	ELIGIBLE
4603	??????	????? ??? ????112? 17 (???)	ELIGIBLE
4604	???? ????	????? ??? ?????363? 12-10 (???)	ELIGIBLE
4605	????	????? ??? ???93? 15 (???)	UNKNOWN
4606	?????????	????? ??? ???? 216(???)	ELIGIBLE
4607	????????????	????? ??? ???63? 15 (???)	ELIGIBLE
4608	??	????? ??? ??? 223 (???)	ELIGIBLE
4609	???	????? ??? ???146? 18 (???, ?????)	ELIGIBLE
4610	?????????? ??	????? ??? ???37? 19 ???????(?)??	UNKNOWN
4611	???? ?? ???	????? ??? ???112? 5 (???)	UNKNOWN
4612	??????	????? ??? ???129? 26(???)	ELIGIBLE
4613	??? ????	????? ??? ???167? 15, 1? 2? (???)	UNKNOWN
4614	???	????? ??? ????7? 9 (???)	ELIGIBLE
4615	????????	????? ??? ???119? 14 (???)	UNKNOWN
4616	??	?? ??? ??? 164-10	ELIGIBLE
4617	???	????? ??? ???95? 10 (???)	ELIGIBLE
4618	??? ???????	????? ??? ???? 231 (???)	UNKNOWN
4619	(?)??? ???? ?????	????? ??? ???? 517(???)	UNKNOWN
4620	????	????? ??? ??? 826 (???)	ELIGIBLE
4621	???	????? ??? ????150? 10 (???)	UNKNOWN
4622	???? ??2??	????? ??? ???6? 12(???)	ELIGIBLE
4623	????? ????	????? ??? ????96? 11(???)	UNKNOWN
4624	???	????? ??? ????30? 23(???)	ELIGIBLE
4625	????	????? ??? ???? 513 129?	UNKNOWN
4626	???? ????	????? ??? ????78? 18 (???)	ELIGIBLE
4627	????	??? ??? ???25?6	ELIGIBLE
4628	??? ????	??? ??? ??? 93? 34	ELIGIBLE
4629	?? ????	????? ??? ????86? 28 1?  ??????	ELIGIBLE
4630	?????	??? ??? ????55? 25(???)	ELIGIBLE
4631	???	????? ??? ????36? 12 (???)	ELIGIBLE
4632	??????	????? ??? ????54? 14 (???)	ELIGIBLE
4633	?????	????? ??? ????114? 5 (???)	ELIGIBLE
4634	???? ???? ???	??? ??? ???111? 22	UNKNOWN
4635	???	????? ??? ???162? 27-3 (???)	ELIGIBLE
4636	????	????? ??? ???85? 38, ??1? 110? (???)	ELIGIBLE
4637	??????	????? ??? ????47? 17 (???)	ELIGIBLE
4638	??????? ????	????? ??? ????42? 42(???)	UNKNOWN
4639	?????	????? ??? ????122? 10	ELIGIBLE
4640	?????	?? ??? ??? 222	ELIGIBLE
4641	????	????? ??? ????29? 11 (???)	UNKNOWN
4642	?????	????? ??? ???? 503 (???)	ELIGIBLE
4643	?????	??? ??? ????33? 12	ELIGIBLE
4644	?????	????? ??? ???101? 7 (???)	UNKNOWN
4645	???	????? ??? ????27? 26, ??1? (???)	ELIGIBLE
4646	?????	????? ??? ????19? 20	UNKNOWN
4647	???? ???	????? ??? ????62? 26 (???, ??2?)	UNKNOWN
4648	???????	????? ??? ????114? 9 (???)	ELIGIBLE
4649	??	????? ??? ??? 401 ????? ?? 1? ??	ELIGIBLE
4650	?	????? ??? ????20? 13 ???? 2?	ELIGIBLE
4651	?????	????? ??? ????81? 62 (???)	UNKNOWN
4652	???????????	????? ??? ???51? 27	UNKNOWN
4653	??&??? ????	????? ??? ????39? 55(???)	UNKNOWN
4654	????????(?)	????? ??? ????8? 17 (???)	ELIGIBLE
4655	??	????? ??? ???151?30-5	UNKNOWN
4656	????? ??????	????? ??? ??? 819 (???)	UNKNOWN
4657	???????	????? ??? ???96? 26-6 (???, ??1,2,3?)	ELIGIBLE
4658	???	????? ??? ???18? 11 (???)	ELIGIBLE
4659	???? ???	??? ??? ???? 309	ELIGIBLE
4660	?????	????? ??? ??? 539 (???)	ELIGIBLE
4661	???	????? ??? ??? 620, B1? 104,105? (???, ??????)	ELIGIBLE
4662	???	??? ??? ???77? 18	ELIGIBLE
4663	???	????? ??? ???147? 18 ?1?	UNKNOWN
4664	???????	?? ??? ????25? 20	UNKNOWN
4665	?????? ???	????? ??? ???569? 21-30(???)	ELIGIBLE
4666	????(ALT.a) ?????	????? ??? ???164? 34-2(???)	UNKNOWN
4667	?????	????? ??? ????4? 13 (???)	ELIGIBLE
4668	??????	????? ??? ???76? 8, 1? (???)	ELIGIBLE
4669	???????	????? ??? ????86? 11(???)	UNKNOWN
4670	???	????? ??? ???97? 72 (???)	UNKNOWN
4671	????	??? ??? ????84? 33	ELIGIBLE
4672	?????	????? ??? ???76? 23 (???)	ELIGIBLE
4673	??? ?? ?????	????? ??? ??? 604 (???, ACROHILLS??)	UNKNOWN
4674	????? ???	????? ??? ????114? 38 (???)	ELIGIBLE
4675	??? ? ????	????? ??? ???34? 24, ??1? (???)	ELIGIBLE
4676	????(?????)	????? ??? ???171? 4 (???)	ELIGIBLE
4677	??????	??? ??? ???9? 74	ELIGIBLE
4678	?????	????? ??? ??? 307 (??3????)	UNKNOWN
4679	??? ???	????? ??? ???67? 33 (???)	ELIGIBLE
4680	????	????? ??? ???46? 7(???)	ELIGIBLE
4681	????	????? ??? ????19? 18 (???)	ELIGIBLE
4682	???	????? ??? ??? 38(???)	ELIGIBLE
4683	??	????? ??? ????? 2629 (???)	UNKNOWN
4684	????	??? ??? ????55? 31(???)	ELIGIBLE
4685	????	????? ??? ???164? 27 (???)	ELIGIBLE
4686	????????	????? ??? ????6? 29, 2? (???)	UNKNOWN
4687	???? ???	????? ??? ???161? 15-3(???)	UNKNOWN
4688	???? ????	????? ??? ????46? 75 2?	UNKNOWN
4689	????	????? ??? ???19? 15 (???, ???????)	ELIGIBLE
4690	????(The Key Food)	????? ??? ??? 823 (???)	ELIGIBLE
4691	????	????? ??? ????37? 29 (???, ??? ??)	UNKNOWN
4692	?????	????? ??? ???30? 56 (???, ?????I????102?)	UNKNOWN
4693	?????	????? ??? ???148? 52-10 (???)	ELIGIBLE
4694	???	????? ??? ???? 513 L-106	UNKNOWN
4695	???? ???????	????? ??? ???85? 70 (???)	UNKNOWN
4696	???	????? ??? ???136? 5-3 (???)	UNKNOWN
4697	???	????? ??? ??? 148? 14	ELIGIBLE
4698	????	????? ??? ??? 605 (???)	ELIGIBLE
4699	?????	????? ??? ????158? 16 (???)	ELIGIBLE
4700	?????	????? ??? ??? 161? 16	ELIGIBLE
4701	???????	????? ??? ????25? 36 (???)	UNKNOWN
4702	??????????	????? ??? ????1? 36 (???)	UNKNOWN
4703	????	??? ??? ????112?28	UNKNOWN
4704	???	????? ??? ??? 38 (???)	ELIGIBLE
4705	?????	????? ??? ????69? 16(???)	ELIGIBLE
4706	????	????? ??? ???168? 22(???)	ELIGIBLE
4707	????	????? ??? ???167? 12 (???)	ELIGIBLE
4708	??GFC	????? ??? ???? 152 (???, ????????)	UNKNOWN
4709	???? ???	????? ??? ????1? 10 (???)	ELIGIBLE
4710	?????????	????? ??? ???? 518 (???)	UNKNOWN
4711	???	????? ??? ???12? 18-4, ??1? (???)	ELIGIBLE
4712	??? ????	?? ??? ???4? 43	ELIGIBLE
4713	?????	????? ??? ???30? 13 (???, ??????, ??????)	ELIGIBLE
4714	????	????? ??? ???3? 14(???)	ELIGIBLE
4715	????	????? ??? ???100? 23-9 (???)	UNKNOWN
4716	??(HARU) ????	????? ??? ????34? 10 (???, 1)	ELIGIBLE
4717	????? ??????KAP International?	????? ??? ????156? 24, 403?? 4? (???, ????)	UNKNOWN
4718	???1???	????? ??? ???77? 35 (???)	ELIGIBLE
4719	?????	????? ??? ???63? 20 (???)	UNKNOWN
4720	????????	????? ??? ??? 180 (???)	ELIGIBLE
4721	??????703	????? ??? ???93? 20 (???)	ELIGIBLE
4722	????? ?????	????? ??? ????28? 22	ELIGIBLE
4723	???? ????	????? ??? ????63? 9 (???)	ELIGIBLE
4724	????	????? ??? ???93? 11 (???)	ELIGIBLE
4725	????????	??? ??? ????14? 13	ELIGIBLE
4726	???? ?	????? ??? ???161? 49 ?? 1? 101?	UNKNOWN
4727	?? ???? ??	????? ??? ???136? 5-7 (???)	UNKNOWN
4728	??????	????? ??? ???? 510(???)	ELIGIBLE
4729	???	????? ??? ??? 638 102?(???)	ELIGIBLE
4730	???	????? ??? ???85? 8(???)	UNKNOWN
4731	???	????? ??? ??? 166(???)	ELIGIBLE
4732	????	????? ??? ????36? 34 101?	ELIGIBLE
4733	?? ????(CAFE EliENA)	????? ??? ??? 645, ??1? (???, ??????)	UNKNOWN
4734	???	????? ??? ???86? 6 (???)	ELIGIBLE
4735	( ?)?????	????? ??? ????10? 26 (???)	UNKNOWN
4736	????	????? ??? ???30? 23 (???)	ELIGIBLE
4737	??	????? ??? ???146? 4 (???)	ELIGIBLE
4738	??????	??? ??? ???1? 18	ELIGIBLE
4739	???	????? ??? ???85? 13 (???, ?????)	ELIGIBLE
4740	????	????? ??? ????28? 14 (???)	ELIGIBLE
4741	????? ??	??? ??? ???9? 48(???)	ELIGIBLE
4742	?? ?????	????? ??? ???151? 11(???)	UNKNOWN
4743	88??????	????? ??? ???86? 40 (???)	ELIGIBLE
4744	?????	?? ??? ???16? 17	UNKNOWN
4745	?????	??? ??? ???140? 22	ELIGIBLE
4746	?????	??? ??? ????30? 23	ELIGIBLE
4747	???? ???	????? ??? ???28? 13	UNKNOWN
4748	????? ???	????? ??? ???132? 12 (???)	UNKNOWN
4749	?????	????? ??? ???111? 16 1? ?????	UNKNOWN
4750	???	??? ??? ????68? 15(???)	UNKNOWN
4751	????????	??? ??? ???63? 16(???)	ELIGIBLE
4752	?????? ???????	????? ??? ???69? 7 (???)	UNKNOWN
4753	????	????? ??? ????112? 13 (???)	UNKNOWN
4754	??, ????	????? ??? ????1? 33, 1? (???)	ELIGIBLE
4755	??????????	????? ??? ????114? 20(???)	UNKNOWN
4756	???	????? ??? ????72? 8 (???)	ELIGIBLE
4757	????? ??CGV?	????? ??? ????102? 13, ??2? (???)	UNKNOWN
4758	???	????? ??? ????30? 11(???)	ELIGIBLE
4759	???	??? ??? ????42? 54	UNKNOWN
4760	???????	??? ??? ???98? 18	ELIGIBLE
4761	??	????? ??? ????87? 22 (???, ????????? ??1? Q101?)	UNKNOWN
4762	???	????? ??? ????83? 46-1, 2? 203? (???)	UNKNOWN
4763	?	????? ??? ???87? 44 (???)	ELIGIBLE
4764	????	????? ??? ????1? 10(???,????????)	ELIGIBLE
4765	??	????? ??? ????118? 12 (???)	UNKNOWN
4766	????	????? ??? ????87? 17 (???)	ELIGIBLE
4767	?????	????? ??? ????87? 22 ???? ??1? Q-121	ELIGIBLE
4768	????	????? ??? ?????363? 12-7 (???)	UNKNOWN
4769	??????	????? ??? ??? 508(???)	ELIGIBLE
4770	???? ???	????? ??? ??? 569(???)	ELIGIBLE
4771	??	????? ??? ????46? 11 (???, ??????)	ELIGIBLE
4772	????	????? ??? ??? 455 (???)	ELIGIBLE
4773	????? ????	????? ??? ???64? 17 (???)	ELIGIBLE
4774	??????	????? ??? ??? 33 (???)	ELIGIBLE
4775	????	??? ??? ????103?8-8	UNKNOWN
4776	?????????	????? ??? ??? 815(???)	UNKNOWN
4777	?????? ????? ??? ???? ?????	????? ??? ???43? 38, 1? 113? (???, ?????)	UNKNOWN
4778	(?)???? ??	????? ??? ????98? 27(???)	ELIGIBLE
4779	???????	????? ??? ???94? 25-4 (???)	UNKNOWN
4780	??????	????? ??? ???101? 33(???)	ELIGIBLE
4781	??? ??	????? ??? ????44? 36 ??1?5??	UNKNOWN
4782	???	????? ??? ???58? 31 (???)	ELIGIBLE
4783	???????	????? ??? ??? 512 (???)	ELIGIBLE
4784	(?) ?	????? ??? ???3? 12 (???)	UNKNOWN
4785	???	????? ??? ???72? 16 (???)	ELIGIBLE
4786	????? ??1??	????? ??? ???93? 29 (???)	ELIGIBLE
4787	??????????	????? ??? ??? 520 1? ??? ?? ???	UNKNOWN
4788	????????	????? ??? ????45? 29 (???)	UNKNOWN
4789	????	????? ??? ????81? 56-6(???)	UNKNOWN
4790	????	????? ??? ???62? 9 (???)	ELIGIBLE
4791	????	????? ??? ??? 165 (???, ??????)	ELIGIBLE
4792	??(Humming)	????? ??? ??? 605	ELIGIBLE
4793	????	??? ??? ???63?21	UNKNOWN
4794	?????	????? ??? ??? 160 (???)	ELIGIBLE
4795	?.? ????	??? ??? ???9? 50	UNKNOWN
4796	???? ???????	????? ??? ????84? 36 ???? 1?	UNKNOWN
4797	??? ????	????? ??? ???157? 24 (???)	UNKNOWN
4798	???(5K)??	????? ??? ???78? 7 (???)	UNKNOWN
4799	????	????? ??? ????124? 20 (???)	ELIGIBLE
4800	???	??? ??? ??? 514	ELIGIBLE
4801	???	??? ??? ???? 423	ELIGIBLE
4802	????	????? ??? ???93? 32-3 (???)	ELIGIBLE
4803	???	????? ??? ???96? 2(???)	ELIGIBLE
4804	(?)????	????? ??? ???64? 11-2 (???)	UNKNOWN
4805	????	????? ??? ???93? 21 (???)	ELIGIBLE
4806	?????	????? ??? ????86? 10 (???)	UNKNOWN
4807	?????	????? ??? ??? 170	UNKNOWN
4808	???	????? ??? ??? 295	ELIGIBLE
4809	?????	??? ??? ???104? 24	ELIGIBLE
4810	??	????? ??? ????34? 14 (???)	ELIGIBLE
4811	??	????? ??? ???75? 7 (???)	ELIGIBLE
4812	????	????? ??? ????120? 40 (???)	UNKNOWN
4813	?????	????? ??? ???? 292	UNKNOWN
4814	???	?? ??? ????34? 4	ELIGIBLE
4815	?????	????? ??? ???68? 7 (???)	UNKNOWN
4816	???? ??	?? ??? ????34? 4	ELIGIBLE
4817	????	????? ??? ???? 390 (???, ??1?2? ~ 3?)	ELIGIBLE
4818	????????	??? ??? ??? 405	ELIGIBLE
4819	??	????? ??? ???175? 25(???)	ELIGIBLE
4820	????	????? ??? ???92? 23	ELIGIBLE
4821	?????????	??? ??? ????46?21(???,????????)	ELIGIBLE
4822	?????	????? ??? ???34? 24, ??1? (???)	UNKNOWN
4823	???	????? ??? ????29? 71 (????, ?????)	UNKNOWN
4824	???	????? ??? ???146? 13 (???)	ELIGIBLE
4825	????	????? ??? ??? 468, 1? (???)	UNKNOWN
4826	???????	????? ??? ???176? 28 (???)	UNKNOWN
4827	??	????? ??? ???164? 24, 3? (???, ???? ??)	ELIGIBLE
4828	?????	????? ??? ???? 158, 104? (???, ????????)	ELIGIBLE
4829	????	??? ??? ????154? 25	ELIGIBLE
4830	?????? ???	????? ??? ??? 115 (???)	ELIGIBLE
4831	????	????? ??? ???? 446 (???, ?????? 1? 15?)	UNKNOWN
4832	(???????	????? ??? ???? 721, 103? (???, ??????? 1?)	UNKNOWN
4833	????????	??? ??? ???84? 31	ELIGIBLE
4834	??	????? ??? ??? 615 (???)	ELIGIBLE
4835	??	??? ??? ???301(???)	ELIGIBLE
4836	?????	????? ??? ????29? 9 (???)	UNKNOWN
4837	??? ????	????? ??? ???1? 18	ELIGIBLE
4838	????	????? ??? ????87? 36 ?????? B-10	ELIGIBLE
4839	???????????	????? ??? ????10? 11 (???)	UNKNOWN
4840	???	????? ??? ????43? 17 (???)	ELIGIBLE
4841	????	????? ??? ????87? 46(???)	ELIGIBLE
4842	??? ???	????? ??? ????42? 16 1?	UNKNOWN
4843	???? ??	????? ??? ????47? 8 (???, 202?)	ELIGIBLE
4844	???	????? ??? ???51? 27 (???, ?????)	ELIGIBLE
4845	????? ???	????? ??? ???94? 11 (???)	ELIGIBLE
4846	??	????? ??? ????87? 36 (???)	ELIGIBLE
4847	??????? ????	????? ??? ????4? 40 (???)	ELIGIBLE
4848	????????	????? ??? ??? 155 (???)	ELIGIBLE
4849	???	????? ??? ???? 219 (???)	UNKNOWN
4850	??? ???	????? ??? ????10? 21 (???)	ELIGIBLE
4851	???	????? ??? ????152? 9 1?	ELIGIBLE
4852	????	??? ??? ???4? 31(???)	UNKNOWN
4853	???	????? ??? ?????2912	ELIGIBLE
4854	????	????? ??? ???86? 11(???, ?? ????)	UNKNOWN
4855	?????	????? ??? ???64? 41(???)	ELIGIBLE
4856	???????	?? ??? ??? 246	ELIGIBLE
4857	????	??? ??? ??? 314	ELIGIBLE
4858	???? ??????	????? ??? ????1? 39(???)	UNKNOWN
4859	??????	????? ??? ???? 216 (???)	ELIGIBLE
4860	????	????? ??? ???148? 52 (???)	UNKNOWN
4861	???(GOOGOOGOO)	????? ??? ???161? 37	UNKNOWN
4862	????? ???	????? ??? ????118? 12 (???)	ELIGIBLE
4863	?????	????? ??? ???175? 17 (???)	UNKNOWN
4864	????	????? ??? ???6? 13 (???)	ELIGIBLE
4865	???????	????? ??? ????103? 8-8(???)	UNKNOWN
4866	???? ??????	????? ??? ????? 2615(???, ???????)	UNKNOWN
4867	??(JUNA)	????? ??? ????56? 3 BistroJUNA 2?	UNKNOWN
4868	????	??? ??? ???112? 6	UNKNOWN
4869	??????	????? ??? ???71? 7 (???)	ELIGIBLE
4870	?? (MooAng)	?? ??? ??? 93? 12	UNKNOWN
4871	????? ???	????? ??? ???63? 14 (???)	ELIGIBLE
4872	????	????? ??? ???86? 16 (???)	ELIGIBLE
4873	?????	????? ??? ????4? 46 (???, ????????)	ELIGIBLE
4874	??BY???	????? ??? ??? 310(???)	UNKNOWN
4875	????????	????? ??? ????68? 49 (???, ???? 1?)	ELIGIBLE
4876	??????	????? ??? ???? 123 (???)	UNKNOWN
4877	????????	????? ??? ???149? 7, ??1? (???)	ELIGIBLE
4878	???????&??	????? ??? ???? 219 (???) ????	UNKNOWN
4879	?????? ???	????? ??? ????98? 8 (???)	UNKNOWN
4880	????	????? ??? ????29? 71 (????, ?????)	UNKNOWN
4881	???? ???	????? ??? ???149? 19 (???, ????)	UNKNOWN
4882	?????????	????? ??? ??? 534 (???)	UNKNOWN
4883	???	????? ??? ????37? 13-7	ELIGIBLE
4884	??????	????? ??? ???46? 5 (???)	ELIGIBLE
4885	???????	????? ??? ???? 322 (???)	ELIGIBLE
4886	????	????? ??? ??? 514, ??1? 8? (???)	ELIGIBLE
4887	? ??(The pizza)	????? ??? ???103? 35 (???)	UNKNOWN
4888	????	????? ??? ????30? 23(???)	UNKNOWN
4889	??1968 ??????	????? ??? ????160? 27 (???)	UNKNOWN
4890	???	????? ??? ????27? 25 (???, ???25 ??)	ELIGIBLE
4891	???	????? ??? ??? 323 (???)	UNKNOWN
4892	??	????? ??? ????2? 53, ??1? 103? (???)	ELIGIBLE
4893	????(Savory)	????? ??? ????19? 21 1?	ELIGIBLE
4894	????	??? ??? ???? 620	UNKNOWN
4895	????	?? ??? ???149? 13	ELIGIBLE
4896	???	????? ??? ????124? 49 (???)	ELIGIBLE
4897	????	????? ??? ???22? 22 (???)	ELIGIBLE
4898	??????	????? ??? ????114? 38 (???)	ELIGIBLE
4899	???	??? ??? ???5? 3(???)	ELIGIBLE
4900	???? ??????	????? ??? ??? 342 (???)	ELIGIBLE
4901	???	????? ??? ???? 214 (???)	ELIGIBLE
4902	??????	????? ??? ????107? 6 (???)	ELIGIBLE
4903	????	????? ??? ????25? 20, ??1? B110? (???, ???????)	ELIGIBLE
4904	(?)??	????? ??? ????156? 24 (???)	UNKNOWN
4905	???????? ???	????? ??? ????30? 74(???)	UNKNOWN
4906	???	????? ??? ???38? 38 (???)	ELIGIBLE
4907	????	????? ??? ????2? 29 (???)	ELIGIBLE
4908	??? ????	??? ??? ??? 81? 22	UNKNOWN
4909	???	??? ??? ???20? 6	ELIGIBLE
4910	???? ????	????? ??? ???86? 31 (???)	ELIGIBLE
4911	?????	????? ??? ???3? 26 (???, ????????)	ELIGIBLE
4912	??	????? ??? ???28? 34, ??1? (???)	ELIGIBLE
4913	?????	?? ??? ???? 158	ELIGIBLE
4914	??????	????? ??? ???64? 15 (???)	ELIGIBLE
4915	???	????? ??? ???64? 5 (???)	ELIGIBLE
4916	?? ???	??? ??? ???83? 5	UNKNOWN
4917	????	????? ??? ???134? 33, ??1? (???)	ELIGIBLE
4918	?????????	????? ??? ???87? 49 ????1?	ELIGIBLE
4919	???????	????? ??? ???? 517(???)	ELIGIBLE
4920	???? ??	????? ??? ???67? 25	ELIGIBLE
4921	???? ?????	????? ??? ????138? 9 (???)	ELIGIBLE
4922	???????	????? ??? ???132? 3-3 ??????1?	UNKNOWN
4923	??? ???	????? ??? ??? 165 (???, ??????)	UNKNOWN
4924	??	????? ??? ????34? 24 2?	UNKNOWN
4925	???	????? ??? ???85? 5-10 (???)	ELIGIBLE
4926	???? ?????	????? ??? ????26? 14(???)	UNKNOWN
4927	???? ?	????? ??? ???147? 9 ????	UNKNOWN
4928	????	????? ??? ????114? 30(???)	UNKNOWN
4929	????????	????? ??? ????43? 27 (???)	ELIGIBLE
4930	? ??	????? ??? ???157? 14-7, 1? (???)	UNKNOWN
4931	???? ???????????	????? ??? ???152? 11 (???)	UNKNOWN
4932	??	????? ??? ???107? 43(???)	UNKNOWN
4933	???	??? ??? ??? 148? 38	ELIGIBLE
4934	???	????? ??? ????1? 72 (???)	ELIGIBLE
4935	?) ???(????)	????? ??? ????13? 22, 1? (???)	UNKNOWN
4936	???	??? ??? ????11? 5	ELIGIBLE
4937	????????	?? ??? ????96? 18	UNKNOWN
4938	?????	????? ??? ????124? 23 (???)	ELIGIBLE
4939	??? ??	????? ??? ??? 343(???)	ELIGIBLE
4940	???	????? ??? ???93? 26 (???)	UNKNOWN
4941	?????? ?????	????? ??? ???126? 6 (???)	ELIGIBLE
4942	???	??? ??? ???? 313	ELIGIBLE
4943	??	????? ??? ????84? 24-2 (???)	ELIGIBLE
4944	?????(JVL) ???? ????	????? ??? ???90? 72 JVL????  (2?)	UNKNOWN
4945	??????	????? ??? ???569? 9 (???)	ELIGIBLE
4946	???	????? ??? ??? 240 (???)	ELIGIBLE
4947	???? ????	????? ??? ???? 129 (???)	UNKNOWN
4948	??	????? ??? ???64? 10-1 (???)	ELIGIBLE
4949	?????	????? ??? ???64? 5 (???)	ELIGIBLE
4950	????	????? ??? ????68? 10 (???)	UNKNOWN
4951	46?????	????? ??? ??? 628 (???)	UNKNOWN
4952	???? ?????	????? ??? ???? 627 (???)	ELIGIBLE
4953	????	????? ??? ???90? 70, ??1? (???)	ELIGIBLE
4954	???? ????	????? ??? ???? 228(???)	ELIGIBLE
4955	? ????	??? ??? ??? 225	ELIGIBLE
4956	???? ?????	??? ??? ????28? 13	ELIGIBLE
4957	???	????? ??? ??? 717(???)	ELIGIBLE
4958	?????	????? ??? ??? 670 (???)	ELIGIBLE
4959	?	????? ??? ???84? 28, ??1? (???)	ELIGIBLE
4960	????	????? ??? ???136? 12 (???)	ELIGIBLE
4961	????????? ??????	????? ??? ???131? 12(???)	ELIGIBLE
4962	???	????? ??? ????88? 22 (???)	UNKNOWN
4963	??????	????? ??? ???149? 51 (???)	UNKNOWN
4964	???????	????? ??? ???105? 5 (???)	ELIGIBLE
4965	?????? ???	????? ??? ???82? 28(???)	ELIGIBLE
4966	???	????? ??? ????25? 18 (???)	ELIGIBLE
4967	???????CGV?	????? ??? ????94? 9 (???)	UNKNOWN
4968	?? ???? ???	????? ??? ??? 202 (???)	ELIGIBLE
4969	????	????? ??? ???170? 11 (???)	UNKNOWN
4970	???(????)	????? ??? ??? 280(???)	ELIGIBLE
4971	??? ???	????? ??? ???132? 29 (???)	ELIGIBLE
4972	Hanoistory	??? ??? ???85?25(???)	UNKNOWN
4973	?????	??? ??? ????51? 18	UNKNOWN
4974	???????	????? ??? ???1? 8 (???)	UNKNOWN
4975	???,???	????? ??? ????34? 10 (???)	ELIGIBLE
4976	???? ???	????? ??? ????1? 28-9(???)	UNKNOWN
4977	??	????? ??? ???224	ELIGIBLE
4978	?????	??? ??? ???96? 15	ELIGIBLE
4979	???? ??	????? ??? ??? 835(???)	ELIGIBLE
4980	?????	??? ??? ????53? 15-5	ELIGIBLE
4981	???	????? ??? ??? 280(???,????????)	ELIGIBLE
4982	??????	????? ??? ???98? 15 (???)	ELIGIBLE
4983	?????	????? ??? ???77? 10	UNKNOWN
4984	????	????? ??? ????? 2927, 211? (???, ?? ????)	UNKNOWN
4985	??? ???	????? ??? ????1? 18(???)	ELIGIBLE
4986	?????	????? ??? ???4? 35(???)	ELIGIBLE
4987	??? ????	????? ??? ???63? 22 (???)	ELIGIBLE
4988	????	??? ??? ???147? 8	ELIGIBLE
4989	????	????? ??? ???104? 12(???)	ELIGIBLE
4990	????	????? ??? ???64? 1510 ???	UNKNOWN
4991	??????	????? ??? ???82? 7 (???)	ELIGIBLE
4992	????	????? ??? ???85? 52 (???)	UNKNOWN
4993	???	????? ??? ???152? 14 (???)	UNKNOWN
4994	?????	????? ??? ??? 333 (???)	ELIGIBLE
4995	????? ???	????? ??? ???63? 24 3? ???	UNKNOWN
4996	?????	????? ??? ????34? 11 (???)	ELIGIBLE
4997	???? ???	????? ??? ??? 427 (???, ?????)	ELIGIBLE
4998	????&??? ??????	????? ??? ???131? 24 (???)	UNKNOWN
4999	????	??? ??? ????156? 34	ELIGIBLE
5000	??	????? ??? ???1? 14 (???)	ELIGIBLE
5001	???	????? ??? ????83? 20,	ELIGIBLE
5002	?????	????? ??? ???36? 22 (???)	ELIGIBLE
5003	??? ????	????? ??? ???? 124 (???)	ELIGIBLE
5004	BBQ?????	????? ??? ??? 411 (???)	UNKNOWN
5005	???(????)	????? ??? ???94? 19, 2? (???)	UNKNOWN
5006	?? ???	????? ??? ????19? 5 (???, ??1?)	UNKNOWN
5007	????	??? ??? ???? 429	ELIGIBLE
5008	?????? ???????	????? ??? ????98? 20 (???)	UNKNOWN
5009	?? ????	????? ??? ???19? 5 1?	UNKNOWN
5010	??	????? ??? ???98? 5-4 (???)	ELIGIBLE
5011	?????	??? ??? ???64? 15-7(???)	ELIGIBLE
5012	???? ? ??? ???	????? ??? ???93? 28-6 (???)	UNKNOWN
5013	???	????? ??? ????62? 38 (???)	ELIGIBLE
5014	????? ???	????? ??? ???63? 31 (???)	UNKNOWN
5015	???	????? ??? ????124? 45 (???)	ELIGIBLE
5016	???	????? ??? ???113? 19 (???)	ELIGIBLE
5017	??? ??(Papis Taco)	????? ??? ????51? 40 (???)	UNKNOWN
5018	(?)????????	????? ??? ??? 224 (???)	UNKNOWN
5019	?????	????? ??? ???? 305(???)	UNKNOWN
5020	????	????? ??? ??? 84? 32	ELIGIBLE
5021	??	????? ??? ???175? 101-3(???)	ELIGIBLE
5022	??	????? ??? ????120? 48 2?	UNKNOWN
5023	??? ????	????? ??? ????37? 28, 1? (???)	ELIGIBLE
5024	????30000	????? ??? ????78? 31 (???)	UNKNOWN
5025	??????? ???	????? ??? ????4? 25 (???)	ELIGIBLE
5026	????	?? ??? ???20? 13	ELIGIBLE
5027	(?)????????	????? ??? ????87? 45 (???)	UNKNOWN
5028	?????	????? ??? ????29? 13 (???)	UNKNOWN
5029	??	????? ??? ??? 623 (???)	ELIGIBLE
5030	??????	????? ??? ????104? 6(???)	ELIGIBLE
5031	??? ???	??? ??? ???129? 26	UNKNOWN
5032	???	????? ??? ????48? 15 (???, ???????????)	ELIGIBLE
5033	??	????? ??? ???112? 38 (???)	ELIGIBLE
5034	???	????? ??? ???172? 60(???)	ELIGIBLE
5035	?????(??)	????? ??? ????? 2743(???)	ELIGIBLE
5036	????	??? ??? ????55? 10(???)	UNKNOWN
5037	??????	????? ??? ???? 146? 28	UNKNOWN
5038	???? ?? ???	????? ??? ??? 640 (???)	UNKNOWN
5039	?????	????? ??? ????28? 22 (???)	ELIGIBLE
5040	?????????	??? ??? ????636	ELIGIBLE
5041	????????	????? ??? ????25? 47 (???)	ELIGIBLE
5042	???	????? ??? ????1? 6 (???)	ELIGIBLE
5043	?	????? ??? ???150? 21, ??1,2? (???)	UNKNOWN
5044	???? ???	?? ??? ???88? 5 ????? 1?	ELIGIBLE
5045	???????? ??1??	????? ??? ???7? 25 (???)	UNKNOWN
5046	?????????	????? ??? ??? 175? 6	UNKNOWN
5047	????	????? ??? ????? 2917 (???)	ELIGIBLE
5048	?????	????? ??? ????88? 10 (???)	ELIGIBLE
5049	???	????? ??? ???85? 33 (???)	UNKNOWN
5050	??????	????? ??? ???? 124 (???)	ELIGIBLE
5051	BBQ?????	????? ??? ??? 569 (???)	ELIGIBLE
5052	(?)????	????? ??? ????114? 20(???)	UNKNOWN
5053	???????????	????? ??? ???? 252 (???)	UNKNOWN
5054	??	????? ??? ???2? 14 (???)	ELIGIBLE
5055	???	??? ??? ?????359? 19(???)	ELIGIBLE
5056	???????	????? ??? ???122? 10 (???)	UNKNOWN
5057	?? ??	????? ??? ???? ??396 (???)	UNKNOWN
5058	???	????? ??? ??? 833 (???)	ELIGIBLE
5059	????	????? ??? ????77? 11-13 1? ????	ELIGIBLE
5060	?? ???	????? ??? ???134? 9 (???)	ELIGIBLE
5061	??? ???	????? ??? ???24? 11(???)	UNKNOWN
5062	?????	????? ??? ???? 326 (???)	ELIGIBLE
5063	(?)??? ????	????? ??? ????87? 46(???)	UNKNOWN
5064	?? ???? ???	????? ??? ????160? 28(???)	UNKNOWN
5065	?????	????? ??? ????152? 23 (???)	ELIGIBLE
5066	?? ???	????? ??? ????37? 35 (???)	ELIGIBLE
5067	????	????? ??? ???64? 15-16 (???)	ELIGIBLE
5068	????	????? ??? ????83? 15 (???)	ELIGIBLE
5069	?????????	??? ??? ?????378? 18	ELIGIBLE
5070	????	????? ??? ???157? 11 (???)	ELIGIBLE
5071	??????	????? ??? ???31? 27 (???, ?????)	UNKNOWN
5072	???? ????	????? ??? ??? 808 (???)	UNKNOWN
5073	??? ???	????? ??? ???? ?? 396(???)	UNKNOWN
5074	??? ????	????? ??? ????30? 12 (???)	UNKNOWN
5075	??? ?????	????? ??? ????55? 15 (???)	ELIGIBLE
5076	???	????? ??? ???68? 9 (???)	ELIGIBLE
5077	????	????? ??? ???87? 12, 3? (???, ????)	UNKNOWN
5078	??????????	????? ??? ??? 310, 2? 17? (???)	UNKNOWN
5079	????????	??? ??? ???85?25	ELIGIBLE
5080	????	??? ??? ???30? 13	ELIGIBLE
5081	?????	??? ??? ???64?14	UNKNOWN
5082	????	??? ??? ???74? 5	ELIGIBLE
5083	??????? ????	????? ??? ??? 295 (???)	ELIGIBLE
5084	?????	????? ??? ???? 216 (???)	ELIGIBLE
5085	????	????? ??? ???135? 13 (???)	UNKNOWN
5086	(?)????? ????	????? ??? ???157? 23 (???)	UNKNOWN
5087	???????	??? ??? ???103? 6(???)	UNKNOWN
5088	????	??? ??? ????122?	UNKNOWN
5089	????????	????? ??? ???82? 13-15 (???)	UNKNOWN
5090	??????	??? ??? ??? 82? 7	UNKNOWN
5091	(?) ????????	????? ??? ???85? 52, 2? 205-1? (???, ????????)	UNKNOWN
5092	???	????? ??? ????128? 6, ??1? (???)	ELIGIBLE
5093	???????	????? ??? ???51? 6-5 (???)	ELIGIBLE
5094	??	????? ??? ????2? 15	ELIGIBLE
5095	???? ???	????? ??? ????57? 8(???)	UNKNOWN
5096	???????	????? ??? ???86? 40-3(???)	ELIGIBLE
5097	????	????? ??? ???4? 20 (???)	UNKNOWN
5098	???????	????? ??? ????27? 37 (???)	ELIGIBLE
5099	?????	????? ??? ???140? 6 (???)	ELIGIBLE
5100	??? ??	????? ??? ??? 244 (???)	ELIGIBLE
5101	????	????? ??? ???157? 33 (???)	ELIGIBLE
5102	??????? ???	????? ??? ???3? 13(???)	ELIGIBLE
5103	?????	????? ??? ????84? 32 (???)	ELIGIBLE
5104	yeon	????? ??? ????44? 61 (???)	UNKNOWN
5105	???????????	????? ??? ???10? 15 (???, ??????)	UNKNOWN
5106	??? ????	????? ??? ???? 438	ELIGIBLE
5107	??????? ?????	??? ??? ???? 199(???)	UNKNOWN
5108	???	????? ??? ???98? 21 (???)	ELIGIBLE
5109	?????	????? ??? ??? 660 (???, ????? ???)	ELIGIBLE
5110	???	????? ??? ???63? 15 (???)	ELIGIBLE
5111	?? ???	????? ??? ????30? 23(???)	ELIGIBLE
5112	??	????? ??? ????13? 21(???)	ELIGIBLE
5113	???????????	????? ??? ???64? 7 (???)	UNKNOWN
5114	????????	????? ??? ????? 2913 (???)	UNKNOWN
5115	???? ????	?? ??? ?????359? 10	ELIGIBLE
5116	???? ?????	????? ??? ???28? 40 (???)	UNKNOWN
5117	?????	????? ??? ???? 101	UNKNOWN
5118	???? ???	????? ??? ???164? 35-4, 1? (???)	UNKNOWN
5119	???	????? ??? ???151? 41 (???)	ELIGIBLE
5120	????? ??????	??? ??? ??? 25? 7	ELIGIBLE
5121	????	????? ??? ???1? 22 (???, ??1?)	UNKNOWN
5122	????? ???	?? ??? ????102? 29	UNKNOWN
5123	???????????	??? ??? ????29? 71	UNKNOWN
5124	?? ??? ????	????? ??? ????79? 49(???)	UNKNOWN
5125	???	????? ??? ???104? 14, 1? 101? (???)	ELIGIBLE
5126	???? ?? (???)	????? ??? ??? 517	ELIGIBLE
5127	????	????? ??? ???94? 32 (???)	ELIGIBLE
5128	????	????? ??? ???3? 17-4	ELIGIBLE
5129	??????	????? ??? ??? 428 (???)	ELIGIBLE
5130	???? ?????	????? ??? ????78? 16, ??1? (???)	ELIGIBLE
5131	???????????	????? ??? ???53? 3-12 (???)	UNKNOWN
5132	??? ?? ?????	????? ??? ??? 604	UNKNOWN
5133	?? ? ????	????? ??? ???86? 30, 1? (???)	ELIGIBLE
5134	????? ??AIRPORT	????? ??? ????17? 33(???)	UNKNOWN
5135	?????	????? ??? ???112? 14 (???)	ELIGIBLE
5136	??????	??? ??? ????156? 15	ELIGIBLE
5137	???????????	????? ??? ????25?11	UNKNOWN
5138	???? ????	????? ??? ????51? 33 (???)	ELIGIBLE
5139	??? ??	????? ??? ???9? 42 (???)	UNKNOWN
5140	(?)????? ??? ?????	????? ??? ??? ?? 102 (???)	UNKNOWN
5141	??? ??????	????? ??? ???? 521	UNKNOWN
5142	??? ???	????? ??? ????122? 12 (???)	ELIGIBLE
5143	???	????? ??? ????99? 47 (???)	ELIGIBLE
5144	?????	????? ??? ???155? 23-3 (???)	ELIGIBLE
5145	???? ???	????? ??? ????50? 7 1?11 ?	UNKNOWN
5146	?????????????	????? ??? ????72? 22 (???)	UNKNOWN
5147	????????	????? ??? ???28? 42 (???)	ELIGIBLE
5148	??	????? ??? ???86? 28, 2? (???)	ELIGIBLE
5149	?????	????? ??? ????4? 46, B124? (???, ????????)	ELIGIBLE
5150	??	????? ??? ??? 97? 7	ELIGIBLE
5151	?(POP)	????? ??? ????2? 60 2? 202? POP	ELIGIBLE
5152	????	????? ??? ??? 660 (???, ????? ???)	ELIGIBLE
5153	??????	????? ??? ???86? 8 (???)	ELIGIBLE
5154	????? ????	????? ??? ????18? 76 (???)	UNKNOWN
5155	???????	??? ??? ???148? 14	ELIGIBLE
5156	??????????	????? ??? ????34? 22(???)	UNKNOWN
5157	???	????? ??? ????108? 11 (???, ????B1)	ELIGIBLE
5158	?????	??? ??? ???100? 27	ELIGIBLE
5159	???	????? ??? ??? 516 (???)	ELIGIBLE
5160	??????? ??????	????? ??? ????66? 14 (???)	ELIGIBLE
5161	????	????? ??? ???155? 25, 1? 103? (???)	UNKNOWN
5162	??? ????	????? ??? ???22? 5 (???)	ELIGIBLE
5163	???? ??????? (????? ?????)	????? ??? ??? 352 (???)	UNKNOWN
5164	???	????? ??? ????34? 17	ELIGIBLE
5165	???	????? ??? ???133? 14(???)	UNKNOWN
5166	????	????? ??? ???93? 32 (???)	UNKNOWN
5167	?????????	??? ??? ??? 603	ELIGIBLE
5168	??????	????? ??? ???51? 33 (???)	UNKNOWN
5169	?????	??? ??? ????26?23(???)	ELIGIBLE
5170	??? ???	????? ??? ????83? 14 (???)	UNKNOWN
5171	?????	????? ??? ???85? 52 (???)	UNKNOWN
5172	?(Chill)	????? ??? ????122? 14, ??1? (???)	UNKNOWN
5173	????	????? ??? ????53? 32 (???)	ELIGIBLE
5174	???	????? ??? ????14? 13-48 (???)	ELIGIBLE
5175	???????	????? ??? ??? 133 (???)	UNKNOWN
5176	???	????? ??? ???86? 7 (???)	ELIGIBLE
5177	??	????? ??? ???? 510 (???)	ELIGIBLE
5178	????????	????? ??? ???5? 22 (???)	UNKNOWN
5179	???	????? ??? ???31? 8 (???, ???????)	UNKNOWN
5180	????	????? ??? ???136? 3	ELIGIBLE
5181	??	????? ??? ????70? 10 (???)	ELIGIBLE
5182	????	?? ??? ????43? 22	UNKNOWN
5183	??????	????? ??? ???? 522(???)	UNKNOWN
5184	???	????? ??? ???127? 16 (???, ????????)	ELIGIBLE
5185	????	????? ??? ???87? 8 (???)	ELIGIBLE
5186	?(Hee)	????? ??? ???145? 12 ???	ELIGIBLE
5187	??? ?? ???	????? ??? ???30? 21 (???, ???????)	ELIGIBLE
5188	????? ???	????? ??? ???? 510 (???)	UNKNOWN
5189	?? ????	????? ??? ??? 112 (???)	UNKNOWN
5190	????	????? ??? ????? 2936 (???)	ELIGIBLE
5191	??91???	????? ??? ????57? 8 (???)	ELIGIBLE
5192	????	????? ??? ????34? 11 (???)	UNKNOWN
5193	???? ???? ?	????? ??? ???1? 22 1??????????	ELIGIBLE
5194	??? ???	?? ??? ??? 264	UNKNOWN
5195	????? ???	????? ??? ???131? 24 (???)	UNKNOWN
5196	????????	????? ??? ??? 349 (???)	UNKNOWN
5197	???????	????? ??? ????2? 15	ELIGIBLE
5198	?????	????? ??? ???153? 21 (???)	UNKNOWN
5199	The A(???)	????? ??? ???150? 41 (???)	UNKNOWN
5200	?????	??? ??? ??? 504	ELIGIBLE
5201	??? ?? 1??	????? ??? ??? 64? 5	UNKNOWN
5202	??	????? ??? ????62? 13 (???)	ELIGIBLE
5203	???	????? ??? ????20? 54, ?? 1? 7? (???)	UNKNOWN
5204	?????	??? ??? ???57?26	UNKNOWN
5205	???	????? ??? ??? 652(???)	ELIGIBLE
5206	???? ?????? ???	????? ??? ???? 231(???)	UNKNOWN
5207	???	????? ??? ???58? 31 (???)	ELIGIBLE
5208	????	????? ??? ????33? 25 (???)	UNKNOWN
5209	??? ???	????? ??? ??? 526 (???, ????)	ELIGIBLE
5210	??	????? ??? ???16? 6 (???)	ELIGIBLE
5211	???????	????? ??? ???? 310 (???)	UNKNOWN
5212	?????	????? ??? ???63? 17 (???)	ELIGIBLE
5213	????	????? ??? ???129? 17 (???)	ELIGIBLE
5214	???? ????	????? ??? ??? 313 (???)	ELIGIBLE
5215	????	????? ??? ???9? 17, 301?(???)	UNKNOWN
5216	???	????? ??? ??? 874 2? ???	UNKNOWN
5217	?????? ????	?? ??? ??? 206	ELIGIBLE
5218	????? ????	????? ??? ????4? 46 (???, ????????)	UNKNOWN
5219	???????	????? ??? ????118? 19 (???)	UNKNOWN
5220	???	?? ??? ????118? 12	ELIGIBLE
5221	????	????? ??? ????103? 8-7 (???)	ELIGIBLE
5222	???????????	????? ??? ???163? 10 (???)	ELIGIBLE
5223	???	????? ??? ????19? 29 (???)	ELIGIBLE
5224	????	????? ??? ????18? 32	UNKNOWN
5225	???	????? ??? ???155? 11(???)	ELIGIBLE
5226	(?)???????	????? ??? ???30? 10 (???)	UNKNOWN
5227	?????? ???	????? ??? ????? 2927 (???)	ELIGIBLE
5228	???	??? ??? ????154? 13	ELIGIBLE
5229	??????	????? ??? ???87? 7 (???, ?????)	ELIGIBLE
5230	??????????	??? ??? ??? 338	UNKNOWN
5231	??? ???	????? ??? ???569? 39 (???)	ELIGIBLE
5232	3??	????? ??? ???112? 48 (???)	ELIGIBLE
5233	?????	????? ??? ???410	ELIGIBLE
5234	????? ????	????? ??? ????1? 10, ??2? B245? (???, ???????)	ELIGIBLE
5235	??(SIIO)	????? ??? ????54? 33 (???)	ELIGIBLE
5236	??? ???	????? ??? ????86? 28 (???)	UNKNOWN
5237	??????	????? ??? ????156? 41(???)	ELIGIBLE
5238	??	????? ??? ????6? 40 (???)	UNKNOWN
5239	28??	????? ??? ???4? 28 (???)	ELIGIBLE
5240	????	?? ??? ????114? 9	ELIGIBLE
5241	(?)?????	????? ??? ???38? 25 (???)	UNKNOWN
5242	????? ????	?? ??? ??? 532	ELIGIBLE
5243	??	??? ??? ??? 601	UNKNOWN
5244	??	????? ??? ???132? 13 (???)	ELIGIBLE
5245	???????????	????? ??? ???63? 25 (???)	UNKNOWN
5246	??????	????? ??? ???112? 58(???)	UNKNOWN
5247	???	????? ??? ????82? 11 (???)	UNKNOWN
5248	??????	??? ??? ???17? 3-10	UNKNOWN
5249	?????????	????? ??? ???22? 13 (???)	UNKNOWN
5250	????	????? ??? ???20? 7 (???)	ELIGIBLE
5251	?????	????? ??? ????114?17	ELIGIBLE
5252	????	????? ??? ????77? 6 (???)	ELIGIBLE
5253	??? ???????.???	????? ??? ????78? 24 (???)	UNKNOWN
5254	??????? ????(Project H LC.)	????? ??? ????21? 13 (???)	UNKNOWN
5255	??? ?????	????? ??? ??? 342(???)	ELIGIBLE
5256	???????	????? ??? ???132? 62(???)	ELIGIBLE
5257	????? ?? ??	?? ??? ??? 517	ELIGIBLE
5258	???	????? ??? ???51? 49 (???, ???????)	UNKNOWN
5259	???	????? ??? ???2? 58 (???)	UNKNOWN
5260	????? ???	????? ??? ???? 129 (???)	ELIGIBLE
5261	???	??? ??? ???20? 6	ELIGIBLE
5262	??? ?????	????? ??? ??? 180 (???)	ELIGIBLE
5263	????	????? ??? ????25? 9 (???, ??2?)	ELIGIBLE
5264	??? ???	????? ??? ???? 504 (???)	ELIGIBLE
5265	???? ??1??	????? ??? ???67? 48 (???)	ELIGIBLE
5266	???? ????	????? ??? ???151? 22 (???)	ELIGIBLE
5267	???? ??	????? ??? ??? 505 (???)	UNKNOWN
5268	??sfood	????? ??? ???? 374 (???)	UNKNOWN
5269	???? ???	????? ??? ???47? 17 (???, ??????)	UNKNOWN
5270	??? ?????	????? ??? ???63? 25 (???)	UNKNOWN
5271	????	????? ??? ???98? 14 (???)	ELIGIBLE
5272	???? ??? ? ??	????? ??? ??? 424 (???)	UNKNOWN
5273	???? ?? ?????	????? ??? ????10? 37, ??1? (???, ?? 1?) ????  b02?	ELIGIBLE
5274	??????? ????	????? ??? ????85? 6 (???)	ELIGIBLE
5275	??	????? ??? ???? 124 (???)	ELIGIBLE
5276	???????	????? ??? ????92? 11 (???, 1?)	ELIGIBLE
5277	??	????? ??? ???? 322 (???)	UNKNOWN
5278	?????? ????	????? ??? ????49? 47(???)	UNKNOWN
5279	???? ??, ?? ?????	????? ??? ???? 223 (???)	UNKNOWN
5280	????????	????? ??? ???? 513 B1 M102?(???? ?????n???	UNKNOWN
5281	????	????? ??? ???98? 22 (???)	ELIGIBLE
5282	?????	????? ??? ???129? 9-4 (???)	ELIGIBLE
5283	???2??	????? ??? ????98? 10 (???)	ELIGIBLE
5284	?????	????? ??? ??? 224 (???)	ELIGIBLE
5285	(?)??? ?????? ?????	????? ??? ???56? 26 (???)	UNKNOWN
5286	???	????? ??? ???57? 38 102?	ELIGIBLE
5287	????	????? ??? ??? 44 (???)	ELIGIBLE
5288	?? ???	????? ??? ??? 201 (???)	ELIGIBLE
5289	?? ?? ?	????? ??? ????124? 3-6 102?	ELIGIBLE
5290	???? ???	?? ??? ??? 68	ELIGIBLE
5291	???	????? ??? ????78? 12	UNKNOWN
5292	????	????? ??? ???? 214 (???)	ELIGIBLE
5293	?????	????? ??? ???63? 17(???)	ELIGIBLE
5294	??????	????? ??? ????98? 12-3 (???)	ELIGIBLE
5295	??????	????? ??? ???? 410 (???)	UNKNOWN
5296	???????????????	?? ??? ???51? 6-15	UNKNOWN
5297	?????	????? ??? ???148? 14 (???)	ELIGIBLE
5298	???????	??? ??? ????12? 7	UNKNOWN
5299	???????	??? ??? ???69? 9	ELIGIBLE
5300	??	????? ??? ????? 2917 (???)	UNKNOWN
5301	??	????? ??? ???1? 7 ??	ELIGIBLE
5302	??	????? ??? ????28? 18	ELIGIBLE
5303	???	??? ??? ????1? 10	ELIGIBLE
5304	?????	????? ??? ???114? 14(???)	UNKNOWN
5305	????	????? ??? ???130? 20 (???, ?????2????)	UNKNOWN
5306	??? RiaNe	????? ??? ???47? 17(???, ??????)	UNKNOWN
5307	????	????? ??? ??? 212-3(???)	UNKNOWN
5308	?????????	????? ??? ?????365? 36 (???)	UNKNOWN
5309	???	????? ??? ???36? 29 (???)	ELIGIBLE
5310	???? (???)	????? ??? ???85? 47 (???)	ELIGIBLE
5311	???	????? ??? ????42? 13 (???)	ELIGIBLE
5312	????	??? ??? ??? 725	ELIGIBLE
5313	??? ???	????? ??? ???20? 16 (???)	UNKNOWN
5314	??????	????? ??? ???89? 23(???)	ELIGIBLE
5315	??	????? ??? ??? 220-10 (???)	UNKNOWN
5316	?????	????? ??? ????124? 20	ELIGIBLE
5317	???????	????? ??? ??? 63 (???)	ELIGIBLE
5318	????????? ????	????? ??? ???? ??396(???)	UNKNOWN
5319	????	????? ??? ???63? 16 (???, ?????? ???)	ELIGIBLE
5320	???	????? ??? ????81? 52-4 (???)	UNKNOWN
5321	??????	?? ??? ????78? 16	ELIGIBLE
5322	?????? ???????	????? ??? ??? 712 (???)	UNKNOWN
5323	????	????? ??? ???? 513,	ELIGIBLE
5324	??? ????	????? ??? ???64? 15-6 (???)	ELIGIBLE
5325	????????	????? ??? ???7? 25 (???)	UNKNOWN
5326	?????	????? ??? ????4? 29 (???)	UNKNOWN
5327	???	????? ??? ???98? 12 (???)	ELIGIBLE
5328	????	????? ??? ????112? 49 (???)	UNKNOWN
5329	??	????? ??? ??? 417, 103, 104? (???)	ELIGIBLE
5330	????	????? ??? ???93? 12 (???)	ELIGIBLE
5331	?????????	????? ??? ???3? 24(???)	UNKNOWN
5332	???	??? ??? ????86? 17	UNKNOWN
5333	???? ???	????? ??? ???130? 56 (???)	ELIGIBLE
5334	???? ??N???	??? ??? ???? 129	UNKNOWN
5335	??? 1998	????? ??? ???64? 15-3(???)	ELIGIBLE
5336	??	????? ??? ???20? 14 (???)	UNKNOWN
5337	????? ?????????	????? ??? ???? 22(???, ???? ?? ??)	UNKNOWN
5338	????? ?????	????? ??? ????122? 39-9 (???)	ELIGIBLE
5339	??	????? ??? ???? 513 ??????1?O105	UNKNOWN
5340	????? ????	????? ??? ??? 509 (???)	UNKNOWN
5341	???	????? ??? ???90? 12 (???)	ELIGIBLE
5342	?????????	??? ??? ??? 427	ELIGIBLE
5343	?????	??? ??? ???? 510	ELIGIBLE
5344	???	????? ??? ????47? 17, ??1? (???)	ELIGIBLE
5345	?????????	??? ??? ??? 868	UNKNOWN
5346	?	????? ??? ???? 210, ??1? 108? (???)	ELIGIBLE
5347	?????	????? ??? ???125? 31(???)	UNKNOWN
5348	??????	??? ??? ???? 418	UNKNOWN
5349	???????	????? ??? ???86? 16 (???)	ELIGIBLE
5350	????????	????? ??? ??? 706(???)	UNKNOWN
5351	?????? (???)	????? ??? ???4? 16	UNKNOWN
5352	?? ???	??? ??? ????56? 22	ELIGIBLE
5353	??????? ???	????? ??? ??? 307 (???)	ELIGIBLE
5354	????	????? ??? ???2? 43 (???)	UNKNOWN
5355	??(?)?	????? ??? ???112? 36, 1? ?? (???)	UNKNOWN
5356	????????	????? ??? ??? 408 (???)	UNKNOWN
5357	?????	????? ??? ????37? 23(???)	UNKNOWN
5358	???????	????? ??? ????? 2927 (???)	UNKNOWN
5359	????? ???? ???	????? ??? ???132? 8 1?	ELIGIBLE
5360	???? ??? ??	????? ??? ??? 301 (???)	UNKNOWN
5361	(?)????	????? ??? ????30? 24 (???)	ELIGIBLE
5362	???	????? ??? ????160? 10	ELIGIBLE
5363	????	????? ??? ????21? 8 (???)	ELIGIBLE
5364	?? ???	????? ??? ????98? 28 (???)	UNKNOWN
5365	?????? ?????	????? ??? ????120? 18(???)	ELIGIBLE
5366	??????????	????? ??? ????84? 23 (???)	UNKNOWN
5367	??????	??? ??? ???82? 13-15(???)	UNKNOWN
5368	?????	????? ??? ??? 837(???)	UNKNOWN
5369	? 25 ????	????? ??? ????50? 28 ??????? 1? 104? pho25	UNKNOWN
5370	????	????? ??? ????1? 78(???)	ELIGIBLE
5371	?)????	????? ??? ???2? 47 (???)	UNKNOWN
5372	?????&???? ?????	????? ??? ??? 148 (???)	UNKNOWN
5373	????????	????? ??? ???? 211 (???)	UNKNOWN
5374	?????	????? ??? ??? 509 (???)	ELIGIBLE
5375	??	????? ??? ???76? 7 (???)	ELIGIBLE
5376	(?)??????(???)	????? ??? ????10? 14 2?	UNKNOWN
5377	?????	????? ??? ????112? 9 (???)	ELIGIBLE
5378	???	????? ??? ????23? 17 1,2?	ELIGIBLE
5379	??? ??? ??	????? ??? ????44? 7 (???)	UNKNOWN
5380	???	????? ??? ???93? 29 (???)	ELIGIBLE
5381	??????? ???	????? ??? ??? 654 (???)	UNKNOWN
5382	?????	????? ??? ???4? 32(???)	ELIGIBLE
5383	????? ??	????? ??? ???56? 10(???)	ELIGIBLE
5384	???	?? ??? ???161? 15-4	UNKNOWN
5385	???	??? ??? ???303	UNKNOWN
5386	??????	????? ??? ??? 660, ??1? B110? B111? ??5? (???)	UNKNOWN
5387	??(BONO)	????? ??? ????96? 22 (???)	ELIGIBLE
5388	????	??? ??? ???77? 7	ELIGIBLE
5389	?????	??? ??? ???9? 30(???)	ELIGIBLE
5390	????? ???	????? ??? ????74? 5 (???, ?????)	UNKNOWN
5391	?????	??? ??? ???? 20? 19	ELIGIBLE
5392	??????	??? ??? ??? 167? 21	ELIGIBLE
5393	??????	????? ??? ????? 2915(???)	ELIGIBLE
5394	???	??? ??? ???82? 20	ELIGIBLE
5395	???	????? ??? ???20? 6	ELIGIBLE
5396	????	????? ??? ???? 124 (???)	UNKNOWN
5397	?????	????? ??? ????89? 9(???)	UNKNOWN
5398	????	????? ??? ????57? 18 (???)	UNKNOWN
5399	?????	??? ??? ????152? 33	ELIGIBLE
5400	?? ???	????? ??? ???148? 46, 1? (???, ????)	ELIGIBLE
5401	??? ??????	????? ??? ??? 660 (???, ????? ???)	ELIGIBLE
5402	????	????? ??? ???? 537 (???)	UNKNOWN
5403	???	??? ??? ???71? 7(???)	ELIGIBLE
5404	????	????? ??? ???64? 7, ??1? 101? (???)	ELIGIBLE
5405	????	??? ??? ???101? 26	ELIGIBLE
5406	??????	????? ??? ???? 520 (???)	ELIGIBLE
5407	????? ???	????? ??? ???64? 26 (???)	ELIGIBLE
5408	?????	????? ??? ????25? 26 (???)	ELIGIBLE
5409	?????	????? ??? ???93? 18(???)	ELIGIBLE
5410	??? ???	????? ??? ????34? 4 (???)	ELIGIBLE
5411	?????	????? ??? ???? 219(???)	ELIGIBLE
5412	???? ????	????? ??? ????106? 23 (???)	UNKNOWN
5413	????	????? ??? ??? 53 (???)	ELIGIBLE
5414	????	????? ??? ???150? 24(???)	UNKNOWN
5415	?? ???	????? ??? ????30? 59 (???)	ELIGIBLE
5416	??? ?? ???	????? ??? ???176? 24	UNKNOWN
5417	??????????	????? ??? ??? 334 (???)	UNKNOWN
5418	????	????? ??? ????23? 20 (???)	ELIGIBLE
5419	???	????? ??? ????87? 46(???)	ELIGIBLE
5420	?????	????? ??? ???124? 27 (???)	UNKNOWN
5421	????	????? ??? ????81? 36(???)	UNKNOWN
5422	????? (COQ THE Grill)	?? ??? ????154? 10	UNKNOWN
5423	(?)??????	????? ??? ???92? 37-4 (???, ??? ???? ???)	UNKNOWN
5424	????	????? ??? ???108? 7(???)	ELIGIBLE
5425	?????	????? ??? ??? 38 (???)	ELIGIBLE
5426	????	????? ??? ????57? 13 (???)	ELIGIBLE
5427	? ?&??? ??????	????? ??? ????14? 8 (???)	UNKNOWN
5428	???	????? ??? ???170? 35 2?201?	ELIGIBLE
5429	???	????? ??? ?????361? 6	UNKNOWN
5430	????	????? ??? ???85? 23 (???, ????????)	ELIGIBLE
5431	???	????? ??? ????53? 29 (???)	ELIGIBLE
5432	?????(2)	????? ??? ????8? 46 1? ???	UNKNOWN
5433	???	????? ??? ????34? 11 (???)	ELIGIBLE
5434	???	????? ??? ????50? 7 (???)	ELIGIBLE
5435	???	????? ??? ??? 341(???)	ELIGIBLE
5436	???????	????? ??? ????62? 22 (???)	ELIGIBLE
5437	??? ??? ???	????? ??? ????57? 15 (???)	ELIGIBLE
5438	?????	????? ??? ????78? 12 (???)	ELIGIBLE
5439	?????????	????? ??? ???? 202 (???)	UNKNOWN
5440	????	????? ??? ??? 77? 49	UNKNOWN
5441	??????	????? ??? ???? 134, ??1? (???, ???P&S??)	ELIGIBLE
5442	???? ???	????? ??? ????68? 57 (???)	ELIGIBLE
5443	???? ?????	????? ??? ????11? 32(???)	UNKNOWN
5444	???????	????? ??? ????84? 15 (???)	ELIGIBLE
5445	???	????? ??? ???175? 11, 1? 102? (???, ????)	ELIGIBLE
5446	????	????? ??? ???85? 42(???, ???????????)	ELIGIBLE
5447	????????????(All About Home Baking Studio)	????? ??? ????24? 62-6,	UNKNOWN
5448	????	????? ??? ???146? 18 (???, ?????)	UNKNOWN
5449	????	????? ??? ???65? 15 (???)	ELIGIBLE
5450	?????	????? ??? ??? 212 (???, ?????)	UNKNOWN
5451	???????	????? ??? ???84? 6	ELIGIBLE
5452	??	????? ??? ????44? 70 (???, ?????)	ELIGIBLE
5453	??????	????? ??? ???? 240, ??1? 109?,110? (???, ??SK?????)	UNKNOWN
5454	?? ?	????? ??? ????30? 31 ??? (???)	UNKNOWN
5455	?????	????? ??? ????84? 34 (???)	ELIGIBLE
5456	??	????? ??? ????10? 25 (???, ???)	ELIGIBLE
5457	??	????? ??? ????4? 46(???, ????????)	UNKNOWN
5458	?????1??	????? ??? ???66? 6(???)	ELIGIBLE
5459	????	????? ??? ????1? 30 (???)	ELIGIBLE
5460	????????	????? ??? ????77? 13 (???)	UNKNOWN
5461	???????	??? ??? ????19? 13	ELIGIBLE
5462	?????	????? ??? ???2? 31 2?	UNKNOWN
5463	???????	????? ??? ????27? 25(???)	ELIGIBLE
5464	??? ???? ??2??	????? ??? ??? 514 (???)	ELIGIBLE
5465	????	??? ??? ???? 322	UNKNOWN
5466	???????	????? ??? ????124? 10 (???)	ELIGIBLE
5467	????	????? ??? ???2? 28 (???, ??1?)	ELIGIBLE
5468	????	????? ??? ???101? 26 (???)	UNKNOWN
5469	??	????? ??? ???162? 52(???)	ELIGIBLE
5470	????	????? ??? ??? 316 ?????? B-8	UNKNOWN
5471	????	????? ??? ???87? 10(???)	UNKNOWN
5472	????	????? ??? ????20? 54(???)	UNKNOWN
5473	??	????? ??? ???87? 24(???)	UNKNOWN
5474	???	????? ??? ???31? 27 (???, ?????)	UNKNOWN
5475	?????	????? ??? ???? 162 (???)	UNKNOWN
5476	???????	????? ??? ??? 512 (???)	UNKNOWN
5477	???? ??	????? ??? ????29? 72-1, ??? 2? 8? (????, ????)	UNKNOWN
5478	???????(R&H hair)	????? ??? ???112? 56 (???)	UNKNOWN
5479	???? ????????	????? ??? ???175? 75 (???)	UNKNOWN
5480	??	????? ??? ????66? 13 (???)	ELIGIBLE
5481	??????	????? ??? ???7? 2 (???)	ELIGIBLE
5482	?? ??	????? ??? ???88? 12(???)	ELIGIBLE
5483	????	????? ??? ????76? 12 (???)	ELIGIBLE
5484	??????(JAY'S COOKING FAM)	????? ??? ???114? 17(???)	UNKNOWN
5485	??????? ???	????? ??? ??? 64? 14	UNKNOWN
5486	???? ??????	????? ??? ???? 521, ??1? F-4? (???, ??????)	UNKNOWN
5487	???	????? ??? ??? 100? 8	ELIGIBLE
5488	??????	????? ??? ????94? 95 (???)	ELIGIBLE
5489	??	????? ??? ????4? 25 (???)	ELIGIBLE
5490	?? ????	??? ??? ???213	UNKNOWN
5491	??? ?????	?? ??? ???71? 14	ELIGIBLE
5492	???	????? ??? ????81? 36(???)	ELIGIBLE
5493	???? ???? ???(???)	????? ??? ???51? 6-9 (???)	UNKNOWN
5494	???(???)	????? ??? ???64? 14 (???)	UNKNOWN
5495	???????	????? ??? ??? 129	UNKNOWN
5496	?????	????? ??? ????6? 30 (???)	ELIGIBLE
5497	????	????? ??? ???30? 13, ??1? (???)	ELIGIBLE
5498	???	????? ??? ??? 664 (???)	ELIGIBLE
5499	??? ??	????? ??? ???30? 13 (???, ??????, ??????)	UNKNOWN
5500	???? ???????????	????? ??? ????136? 63 (???)	UNKNOWN
5501	???	????? ??? ????62? 23(???)	ELIGIBLE
5502	????	????? ??? ????43? 17 (???)	ELIGIBLE
5503	???	????? ??? ???125? 11, 1? ????? (???)	UNKNOWN
5504	???	????? ??? ???1? 7 (???)	ELIGIBLE
5505	????	????? ??? ??? ?? 2 (???)	UNKNOWN
5506	(?)????	????? ??? ????67? 26 (???)	UNKNOWN
5507	??????? ???	????? ??? ???? 732 (???)	ELIGIBLE
5508	?????	????? ??? ????120? 31 (???)	ELIGIBLE
5509	??? ???	????? ??? ????14? 32 1? ???	ELIGIBLE
5510	???? ??????	????? ???????30??56(???, ?????)	UNKNOWN
5511	???	????? ??? ???34? 7 (???)	ELIGIBLE
5512	???? ???	????? ??? ???34? 17 (???)	ELIGIBLE
5513	???	????? ??? ???2? 20 (???)	ELIGIBLE
5514	??? ???&???	????? ??? ????33? 26 (???)	ELIGIBLE
5515	???	????? ??? ????25? 12 (???)	ELIGIBLE
5516	????(MELTING PIZZA)	????? ??? ????62? 22(???)	ELIGIBLE
5517	??? ????	????? ??? ???82? 7, 1? 9?? (???, ????)	UNKNOWN
5518	??????	????? ??? ????79? 56 (???)	UNKNOWN
5519	(?)?????	????? ??? ????49? 10-3 (???)	UNKNOWN
5520	????? ????	????? ??? ???64? 24 (???)	ELIGIBLE
5521	??????? ???	????? ??? ???9? 55 (???)	ELIGIBLE
5522	67??	????? ??? ????30? 21-3 (???)	UNKNOWN
5523	(?)???	????? ??? ???170? 27(???)	ELIGIBLE
5524	?????? ??????	????? ??? ???129? 5, 1? 102? (???)	ELIGIBLE
5525	??? ??	????? ??? ???152? 37	ELIGIBLE
5526	??? ??	????? ??? ???? 534 ????? ??1? ?????	ELIGIBLE
5527	????? ????	????? ??? ???175? 111 (???, ??1?)	UNKNOWN
5528	??????	??? ??? ???? 338	ELIGIBLE
5529	?????	????? ??? ??? 212 (???, ?????)	UNKNOWN
5530	???? ?????	??? ??? ????122? 41	UNKNOWN
5531	?????	????? ??? ????94? 28 (???)	UNKNOWN
5532	??????????(?)????(???)	????? ??? ???30? 50 (???)	UNKNOWN
5533	???????????	????? ??? ???71? 45 (???)	UNKNOWN
5534	??????	????? ??? ????1? 20 (???)	UNKNOWN
5535	???	????? ??? ???164? 37 (???)	ELIGIBLE
5536	???? ?????? ????	????? ??? ????4? 32 (???, ????????1)	UNKNOWN
5537	???????	??? ??? ???16? 14-3	ELIGIBLE
5538	?????	????? ??? ????13? 8-3, ??1? (???)	UNKNOWN
5539	(?)????	?? ??? ???? 652	ELIGIBLE
5540	???? ???	?? ??? ??? 328 1?	ELIGIBLE
5541	?????? ?????	????? ??? ???68? 7 (???)	ELIGIBLE
5542	?????????	????? ??? ???3? 90 (???)	ELIGIBLE
5543	???? ???	????? ??? ??? 135 (???)	ELIGIBLE
5544	?????????	????? ??? ????24? 18 (???)	ELIGIBLE
5545	(?)?????	????? ??? ???153? 62, ?02?,102? (???, ????)	UNKNOWN
5546	????	????? ??? ????87? 46(???)	ELIGIBLE
5547	22FEB	????? ??? ???119? 6 (???)	UNKNOWN
5548	???	????? ??? ????152? 15	UNKNOWN
5549	???? ???	????? ??? ???71? 26 (???, 1?)	ELIGIBLE
5550	???? ??????	????? ??? ??? 78 (???)	ELIGIBLE
5551	?	????? ??? ????92? 42 (???)	UNKNOWN
5552	?????	????? ??? ???149? 27 (???)	ELIGIBLE
5553	?????	??? ??? ???38?46-9	ELIGIBLE
5554	?????? ?? (?) ???????	????? ??? ???85? 11 (???, ???????)	UNKNOWN
5555	?????	??? ??? ???175	ELIGIBLE
5556	???? ??	?? ??? ????84? 15	UNKNOWN
5557	?????????? ??????	????? ??? ???? 466 (???)	UNKNOWN
5558	????	????? ??? ????94? 95 (???)	ELIGIBLE
5559	??	??? ??? ????2? 46	ELIGIBLE
5560	?????????	????? ??? ????8? 21 (???)	ELIGIBLE
5561	???	????? ??? ??? 524 (???)	ELIGIBLE
5562	??&??? ???	????? ??? ???4? 15(???)	UNKNOWN
5563	??????????? ???	????? ??? ?????359? 8 (???)	UNKNOWN
5564	??	????? ??? ???2? 30 (???)	UNKNOWN
5565	????	??? ??? ???? 313	UNKNOWN
5566	???? ???	????? ??? ????8? 30 (???)	UNKNOWN
5567	????	????? ??? ???134? 31 (???)	UNKNOWN
5568	???? ????	????? ??? ???135? 28	ELIGIBLE
5569	????	????? ??? ???112? 26 (???)	ELIGIBLE
5570	??????	????? ??? ???115? 29 (???)	ELIGIBLE
5571	???????? ?????	????? ??? ????120? 62 (???)	UNKNOWN
5572	????	????? ??? ???? 256 (???, ???????)	ELIGIBLE
5573	???	????? ??? ????94? 75 (???)	ELIGIBLE
5574	???????	????? ??? ???100? 23-3 (???)	ELIGIBLE
5575	????? ???	????? ??? ????106? 14 (???)	UNKNOWN
5576	????(Clos de Yong)	????? ??? ???174? 22,	ELIGIBLE
5577	???	????? ??? ???? 219 (???)	ELIGIBLE
5578	??????	????? ??? ????28? 9-2, 1? (???)	ELIGIBLE
5579	?????	????? ??? ???129? 7 (???)	ELIGIBLE
5580	????	????? ??? ???? 22(???, ???? ?? ??)	UNKNOWN
5581	???? ????	????? ??? ??? 313 1?(??) ?????	UNKNOWN
5582	???	????? ??? ????106? 38 (???)	ELIGIBLE
5583	??? ????	????? ??? ???? 640 (???, ??????)	UNKNOWN
5584	????	????? ??? ???152? 3(???)	ELIGIBLE
5585	??? ????	????? ??? ???67? 63(???)	UNKNOWN
5586	??	????? ??? ????27? 25 (???, ???25 ??)	UNKNOWN
5587	???	????? ??? ???150? 19	UNKNOWN
5588	???????????	????? ??? ???86? 39 (???)	ELIGIBLE
5589	??	????? ??? ????19? 27(???)	ELIGIBLE
5590	????	????? ??? ??? 460 (???)	UNKNOWN
5591	???	??? ??? ???121? 4-3	ELIGIBLE
5592	???	????? ??? ??? 613 2?	UNKNOWN
5593	??????	????? ??? ???161? 21-4 (???)	ELIGIBLE
5594	????????	????? ??? ???100? 24 (???)	UNKNOWN
5595	???(De'cio)	????? ??? ???9? 28, ??1? 5? (???, ????)	UNKNOWN
5596	????	????? ??? ???? 309 (???)	ELIGIBLE
5597	???? ?????	????? ??? ????45? 8-1(???)	UNKNOWN
5598	???	????? ??? ????87? 11 (???)	UNKNOWN
5599	???????????	????? ??? ??? 569 (???)	UNKNOWN
5600	?????	????? ??? ????122? 6 (???)	ELIGIBLE
5601	????	??? ??? ???63? 12	ELIGIBLE
5602	??????????	????? ??? ???174? 26(???)	ELIGIBLE
5603	??? ??	????? ??? ???? 34? 16	ELIGIBLE
5604	???? ??????	????? ??? ???106? 54 (???)	UNKNOWN
5605	????? ??	????? ??? ????152? 23(???)	ELIGIBLE
5606	??????	????? ??? ???4? 28 (???)	ELIGIBLE
5607	??	????? ??? ???157? 29	ELIGIBLE
5608	????? ????	????? ??? ???109? 34 1??????	ELIGIBLE
5609	?????????	????? ??? ????2?49	UNKNOWN
5610	???	????? ??? ??? 421 (???)	ELIGIBLE
5611	???(????)	????? ??? ????6? 38 (???, ????)	UNKNOWN
5612	????	????? ??? ???175? 25(???)	ELIGIBLE
5613	???	??? ??? ???34? 25	ELIGIBLE
5614	????	????? ??? ???161? 7 (???)	ELIGIBLE
5615	??	????? ??? ???109? 9 (???, ?????)	UNKNOWN
5616	801	????? ??? ???? 520(???)	UNKNOWN
5617	????????? ????	????? ??? ????106? 33, 1? 102? (???, ????)	UNKNOWN
5618	???	????? ??? ???85? 11 (???, ???????)	UNKNOWN
5619	(?)???????? ??1???	????? ??? ???113? 10 (???)	UNKNOWN
5620	??????????	??? ??? ????124? 10	ELIGIBLE
5621	???? ???	????? ??? ????2? 27 (???)	ELIGIBLE
5622	????? ??	????? ??? ??? 338 (???, ?????)	ELIGIBLE
5623	???	????? ??? ???148? 14(???)	ELIGIBLE
5624	???????	????? ??? ???4? 38 (???)	ELIGIBLE
5625	?????	????? ??? ??? 519 (???)	UNKNOWN
5626	????	??? ??? ????82? 16	ELIGIBLE
5627	?????	??? ??? ????85?8	UNKNOWN
5628	????? 1??	????? ??? ???111? 10, 1? 101? (???)	ELIGIBLE
5629	?????	????? ??? ????4? 46(???, ????????)	ELIGIBLE
5630	?????? ??????	????? ??? ????4? 35(???)	ELIGIBLE
5631	????	????? ??? ???? 39? 38	ELIGIBLE
5632	??? ???	????? ??? ????1? 27 (???)	UNKNOWN
5633	????	????? ??? ????85? 17-5 (???)	ELIGIBLE
5634	??	??? ??? ????17?8(???)	UNKNOWN
5635	??	????? ??? ??? 815 (???)	ELIGIBLE
5636	???	????? ??? ????89? 24 (???)	ELIGIBLE
5637	???	????? ??? ????156? 28 (???)	UNKNOWN
5638	?????	????? ??? ????8? 7 (???)	ELIGIBLE
5639	??	??? ??? ????89? 18	ELIGIBLE
5640	?????	????? ??? ??? 510 (???)	UNKNOWN
5641	????? ???	????? ??? ???86? 12 (???)	UNKNOWN
5642	JVL???? ????	????? ??? ????81? 46 (???)	UNKNOWN
5643	???? ???	????? ??? ????106? 12 (???)	UNKNOWN
5644	???	????? ??? ???86? 18 (???)	ELIGIBLE
5645	???????(???)	????? ??? ??? 329 (???)	UNKNOWN
5646	???	????? ??? ????14? 11 (???)	UNKNOWN
5647	?????	????? ??? ????158? 12	UNKNOWN
5648	?? (Friend Pub)	????? ??? ???71? 8 (???)	UNKNOWN
5649	??? ???	????? ??? ???9? 28(???)	UNKNOWN
5650	???? ????	????? ??? ????100? 10 (???)	ELIGIBLE
5651	???? ??? JJ Ventures	????? ??? ????114? 20(???)	UNKNOWN
5652	????	????? ??? ???77? 5	ELIGIBLE
5653	????	????? ??? ????66? 11(???)	ELIGIBLE
5654	????	????? ??? ??? 181 1?	UNKNOWN
5655	?????	????? ??? ??? 109, 1? 109? (???)	UNKNOWN
5656	?? LEKKER	????? ??? ???146? 27-10	UNKNOWN
5657	???????	????? ??? ????53? 5 (???)	ELIGIBLE
5658	??????	????? ??? ???? 166 1?  ??????	UNKNOWN
5659	??????(?????)	????? ??? ???? 110? 12	ELIGIBLE
5660	???? ????	????? ??? ??? 129 101?	UNKNOWN
5661	(?)??????(????)	????? ??? ???152? 37 (???)	UNKNOWN
5662	???	????? ??? ???146? 27-3 (???)	ELIGIBLE
5663	??? ???? ?????	????? ??? ???? 150 (???)	ELIGIBLE
5664	????	????? ??? ????87? 17 1? 106?(???, ???21?????)	ELIGIBLE
5665	??????	??? ??? ???127? 5	UNKNOWN
5666	(?)???? ?????	????? ??? ??? 246 (???)	UNKNOWN
5667	noodle talk	????? ??? ???? ?? 102	UNKNOWN
5668	???? ? ???	????? ??? ????23? 22 (???)	UNKNOWN
5669	?????	????? ??? ????110? 62, ??1? (???)	ELIGIBLE
5670	??? ???	????? ??? ????2? 46(???, ---------)	ELIGIBLE
5671	??? ?	????? ??? ???? 510, 1? (???)	ELIGIBLE
5672	?? ???? ?????	????? ??? ???? 151, 115? 802? (????, ?????)	UNKNOWN
5673	??	????? ??? ????49? 6-7 (???)	UNKNOWN
5674	????	????? ??? ???20? 30 (???)	ELIGIBLE
5675	???????	????? ??? ???4? 12 (???)	UNKNOWN
5676	???	????? ??? ???1? 18 (???)	ELIGIBLE
5677	????	????? ??? ???? 610 (???)	ELIGIBLE
5678	????	????? ??? ????64? 27 (???)	ELIGIBLE
5679	??? ???	????? ??? ???68? 7 (???)	ELIGIBLE
5680	???	????? ??? ????30? 17 (???)	ELIGIBLE
5681	???	????? ??? ???20? 19-8 (???)	ELIGIBLE
5682	????	????? ??? ?????378? 36 (???)	ELIGIBLE
5683	??????	????? ??? ??? 171	ELIGIBLE
5684	??? ???	????? ??? ???148? 6 1?	UNKNOWN
5685	???	????? ??? ???? 420 (???)	ELIGIBLE
5686	??? ?????	????? ??? ???98? 20(???)	ELIGIBLE
5687	???? ???	????? ??? ????38? 40 (???)	UNKNOWN
5688	?????	????? ??? ????14? 13-50 (???)	ELIGIBLE
5689	?????	????? ??? ????11? 21(???)	ELIGIBLE
5690	????7???	????? ??? ???? 415	UNKNOWN
5691	????????	??? ??? ??? 512	UNKNOWN
5692	????	????? ??? ???132? 60 (???)	ELIGIBLE
5693	????	??? ??? ????49? 25	UNKNOWN
5694	????	????? ??? ?????361? 6 (???)	ELIGIBLE
5695	???????? ??????	??? ??? ????454 (???)	UNKNOWN
5696	???	????? ??? ????4? 46 (???, ????????)	ELIGIBLE
5697	????Lilliput?????	????? ??? ??? 820 ????? 2?	UNKNOWN
5698	?????	????? ??? ???745? 25 (???)	ELIGIBLE
5699	???	??? ??? ???? 309	UNKNOWN
5700	????	????? ??? ????36? 34, 102? (???, 1?)	ELIGIBLE
5701	???????	????? ??? ??? 264(???, ?? ??? ????)	ELIGIBLE
5702	???	????? ??? ????27? 8-4 (???)	ELIGIBLE
5703	??? ?????(????)	????? ??? ????122? 16 (???)	ELIGIBLE
5704	??????	????? ??? ????94? 28 (???)	ELIGIBLE
5705	???? ???	????? ??? ???26? 33 (???)	ELIGIBLE
5706	??	????? ??? ??? 516 (???)	ELIGIBLE
5707	???? ???????? ????	????? ??? ???? 513 E001?	UNKNOWN
5708	???105	????? ??? ????26? 11 (???)	ELIGIBLE
5709	??? ?????	????? ??? ????14? 33 (???)	ELIGIBLE
5710	??????1??	????? ??? ????66? 16 (???)	ELIGIBLE
5711	js garden  BLACK	????? ??? ???150? 32 (???)	UNKNOWN
5712	??(moomoo)	????? ??? ???148? 52-7, B1? (???)	UNKNOWN
5713	?? ?? ????	??? ??? ???91? 38.1?	UNKNOWN
5714	??????? ??????	????? ??? ????114? 40 (???)	ELIGIBLE
5715	?????	??? ??? ????34?11(???)	ELIGIBLE
5716	???	????? ??? ????102? 35 (???)	UNKNOWN
5717	???????	????? ??? ????115? 16 1?	ELIGIBLE
5718	???? ????	????? ??? ????94? 86 (???)	ELIGIBLE
5719	???	????? ??? ???? 343, ??1? (????, ???????)	ELIGIBLE
5720	????	????? ??? ????1? 32,	ELIGIBLE
5721	???	????? ??? ??? 524 (???)	ELIGIBLE
5722	??? ??	????? ??? ???56? 32 101?	ELIGIBLE
5723	(?)???????? ?????N???	????? ??? ???? 129(???)	UNKNOWN
5724	????	????? ??? ???86? 16-3 (???)	ELIGIBLE
5725	??????????	????? ??? ??? 874 (???)	ELIGIBLE
5726	??????????	????? ??? ?????365? 58 (???)	UNKNOWN
5727	???? ????	????? ??? ????89? 12 104? ????	UNKNOWN
5728	???? ?????	????? ??? ????4? 46	ELIGIBLE
5729	????? ??GFC	????? ??? ???? 152 (???, ????????)	UNKNOWN
5730	????	????? ??? ???115? 15 (???)	ELIGIBLE
5731	?????? ?? ????	????? ??? ????44? 78 (???)	UNKNOWN
5732	???	??? ??? ??? 212(???, ?????)	UNKNOWN
5733	?????	????? ??? ??? 280 (???)	UNKNOWN
5734	???24	????? ??? ???107? 6, ??2? (???)	UNKNOWN
5735	??? ??	??? ??? ???100? 30	ELIGIBLE
5736	????	????? ??? ????43? 28 (???, ??2?)	ELIGIBLE
5737	??	????? ??? ???? 322 (???)	ELIGIBLE
5738	????	????? ??? ???41? 10 (???, ?????)	UNKNOWN
5739	??????	????? ??? ???125? 3-10 1?	UNKNOWN
5740	??????	????? ??? ????90? 11 (???)	ELIGIBLE
5741	?????	????? ??? ???? 147 (???)	ELIGIBLE
5742	????????	????? ??? ???82? 13-9 (???)	ELIGIBLE
5743	??	????? ??? ????44? 36	UNKNOWN
5744	??? ??? ?? ???	????? ??? ?????365? 5 (???, ????????)	UNKNOWN
5745	???(YOUNGKASTU) ????	????? ??? ???51? 11(???)	UNKNOWN
5746	??????	??? ??? ???72? 20	ELIGIBLE
5747	????	????? ??? ???? 221	ELIGIBLE
5748	???? ??????	????? ??? ????87? 21 (???)	ELIGIBLE
5749	???	????? ??? ?????351? 4 ??1? B02? (???, ??? 77)	ELIGIBLE
5750	???????	????? ??? ???? 216 1? 15?	UNKNOWN
5751	?? ???&??	????? ??? ???30? 52 (???)	ELIGIBLE
5752	???	????? ??? ????4? 40	ELIGIBLE
5753	???	????? ??? ????21? 69 (???)	UNKNOWN
5754	????	????? ??? ???150? 22 (???)	UNKNOWN
5755	??	??? ??? ???112? 46	ELIGIBLE
5756	??(?????)	????? ??? ????103? 8 (???)	UNKNOWN
5757	??? ??	??? ??? ???28? 27	UNKNOWN
5758	???	????? ??? ????30? 23 (???, ?????? 1?)	ELIGIBLE
5759	??	??? ??? ????2? 46	UNKNOWN
5760	?????	????? ??? ???151? 26	UNKNOWN
5761	?? ????? ??1?	????? ??? ???86? 26 (???)	ELIGIBLE
5762	??? ????	????? ??? ????94? 66(???)	ELIGIBLE
5763	???	????? ??? ???43? 38 (???, ?????)	UNKNOWN
5764	??????????11????	????? ??? ????96? 18(???)	UNKNOWN
5765	???? ?????	????? ??? ???2? 31 (???)	ELIGIBLE
5766	?????	??? ??? ???? 25? 42	ELIGIBLE
5767	??????	??? ??? ????96? 37	ELIGIBLE
5768	????	????? ??? ???159? 27 (???)	ELIGIBLE
5769	60????	????? ??? ??? 38 (???)	UNKNOWN
5770	??? ?	????? ??? ???152? 8 (???)	ELIGIBLE
5771	??	????? ??? ???56? 11 (???, ??6?????)	ELIGIBLE
5772	??	????? ??? ???161? 37	ELIGIBLE
5773	????	????? ??? ????35? 6 (???)	ELIGIBLE
5774	???? ????	????? ??? ????2? 36 (???)	UNKNOWN
5775	???????	????? ??? ????86? 17 (???)	ELIGIBLE
5776	??	????? ??? ???20? 10	UNKNOWN
5777	??????	????? ??? ????27? 12	ELIGIBLE
5778	????? ?????	????? ??? ????33? 24 (???)	UNKNOWN
5779	??????99.9	????? ??? ???75? 26 (???)	ELIGIBLE
5780	??????	????? ??? ????1? 10 (???)	ELIGIBLE
5781	????	????? ??? ????26? 22 (???)	ELIGIBLE
5782	????	????? ??? ???112? 50, ??1? (???)	ELIGIBLE
5783	?? ? ?	????? ??? ????1? 10, B106? (???, ???????)	UNKNOWN
5784	??	????? ??? ???86? 18 (???, ?? 1)	ELIGIBLE
5785	?? ???????	????? ??? ???? 524 (???)	UNKNOWN
5786	???	????? ??? ??? 118 (???, ?????199)	ELIGIBLE
5787	??????? ???	????? ??? ??? 424 (???)	ELIGIBLE
5788	?? ????	????? ??? ???? 231(???)	UNKNOWN
5789	???	??? ??? ????107? 6(??	UNKNOWN
5790	??	????? ??? ???174? 30 (???)	UNKNOWN
5791	????/????	????? ??? ????? ??2744(???)	UNKNOWN
5792	???	????? ??? ???64? 18 (???)	ELIGIBLE
5793	???? ??(????)	????? ??? ???? 410(???)	UNKNOWN
5794	??1492??1??	??? ??? ???91? 36	UNKNOWN
5795	?? ??	????? ??? ???? 513 (???, ??1? M113)	UNKNOWN
5796	??	????? ??? ???148? 14 ?? 1? 113?	UNKNOWN
5797	????	????? ??? ????34? 11 (???)	ELIGIBLE
5798	???????	????? ??? ????17? 8 (???)	UNKNOWN
5799	????	????? ??? ????1? 10 10 17-8	ELIGIBLE
5800	???	????? ??? ???3? 22(???)	UNKNOWN
5801	(?) ??????	????? ??? ???164? 34-2, 2? (???)	UNKNOWN
5802	??(???)	????? ??? ???93? 21 (???)	UNKNOWN
5803	????	????? ??? ???96? 6(???)	ELIGIBLE
5804	?????	?? ??? ??? 340	ELIGIBLE
5805	???????	????? ??? ??? 407 103?	ELIGIBLE
5806	????? ???	??? ??? ??? 86? 11	UNKNOWN
5807	???(??2)	????? ??? ???2? 58, 2? (???)	UNKNOWN
5808	?????	????? ??? ???5? 51 (???)	ELIGIBLE
5809	???????	????? ??? ????27? 25	UNKNOWN
5810	????	????? ??? ????85? 20-5 (???)	ELIGIBLE
5811	?????	??? ??? ??? 555	ELIGIBLE
5812	?????? 1??	????? ??? ????122? 20 (???)	UNKNOWN
5813	?????	????? ??? ???36? 25(???)	ELIGIBLE
5814	???	????? ??? ???145? 5-12	ELIGIBLE
5815	???? ????????	????? ??? ??? 171 (???)	UNKNOWN
5816	??	????? ??? ????15? 32-10(???)	ELIGIBLE
5817	????	?? ??? ??? 516	ELIGIBLE
5818	?????????	????? ??? ????78? 14 (???)	ELIGIBLE
5819	??????	????? ??? ???68? 11 (???)	ELIGIBLE
5820	?????	????? ??? ??? 424 ???? 1?3? ?????	ELIGIBLE
5821	????????	??? ??? ??? 615	ELIGIBLE
5822	(?)?????	????? ??? ???64? 11-2(???)	UNKNOWN
5823	??????	????? ??? ???81? 39 (???)	ELIGIBLE
5824	??? ????	????? ??? ???63? 6 (???)	ELIGIBLE
5825	?????	????? ??? ????30? 16	ELIGIBLE
5826	???? ?, ????	????? ??? ???? 322	UNKNOWN
5827	????2003	??? ??? ????46? 51	UNKNOWN
5828	???	????? ??? ???85? 33 (???)	ELIGIBLE
5829	???	????? ??? ???82? 7 (???)	ELIGIBLE
5830	???????	????? ??? ???? 129 (???)	UNKNOWN
5831	????? ???	????? ??? ???96? 9 (???)	ELIGIBLE
5832	?????	????? ??? ???134? 29(???)	ELIGIBLE
5833	???????	??? ??? ??? 212	UNKNOWN
5834	???????	??? ??? ????8? 23	ELIGIBLE
5835	?????	????? ??? ???? 334 ???? ??	UNKNOWN
5836	????	????? ??? ????1? 28	UNKNOWN
5837	BBQ?? ???	????? ??? ??? 250(???)	ELIGIBLE
5838	????	????? ??? ???111? 43 (???)	ELIGIBLE
5839	??? ??1??	????? ??? ???34? 8(???)	ELIGIBLE
5840	???	????? ??? ????25? 9-10, 1? (???)	ELIGIBLE
5841	????	??? ??? ??? 157? 15	UNKNOWN
5842	???? ???	????? ??? ??? 508 (???)	UNKNOWN
5843	????	??? ??? ?????355? 13(???)	ELIGIBLE
5844	??????	????? ??? ??? 226(???)	ELIGIBLE
5845	??? ??	????? ??? ????78? 16(???)	ELIGIBLE
5846	??????? ???	????? ??? ???? 152,	ELIGIBLE
5847	3??????????	????? ??? ??? 145, 1? 102? (???)	UNKNOWN
5848	?????(?)	????? ??? ??? 711(???)	UNKNOWN
5849	???? ??????	????? ??? ????67? 30 (???)	UNKNOWN
5850	?????	????? ??? ?????370? 9	ELIGIBLE
5851	????	????? ??? ???56? 26 (???)	ELIGIBLE
5852	???	????? ??? ???? 446 (???)	ELIGIBLE
5853	????????	????? ??? ???? 442 (???)	UNKNOWN
5854	???? ????	????? ??? ??? 166 1? ??	UNKNOWN
5855	?????????	????? ??? ??? 192 (???)	UNKNOWN
5856	???? ???	????? ??? ????15? 40 (???)	UNKNOWN
5857	??????	????? ??? ????55? 15 (???)	ELIGIBLE
5858	?????????	??? ??? ???72? 64	ELIGIBLE
5859	???? ???	????? ??? ????2? 35 (???)	ELIGIBLE
5860	?? ??	??? ??? ???149? 35	ELIGIBLE
5861	?????	????? ??? ????30? 67 (???)	UNKNOWN
5862	????	??? ??? ????24? 52,??1?	ELIGIBLE
5863	?????	????? ??? ????34? 17 (???)	UNKNOWN
5864	??????????	????? ??? ???39? 3(???, ?????)	UNKNOWN
5865	???3? ???	????? ??? ??? 310(???)	UNKNOWN
5866	??? ??????	????? ??? ???30? 36-4 (???)	UNKNOWN
5867	??? ???	????? ??? ????112? 17 1?	ELIGIBLE
5868	???? 40??(40crew)	????? ??? ???96? 11, 1? (???)	UNKNOWN
5869	????	??? ??? ???20? 24-10	UNKNOWN
5870	???? ????	????? ??? ???? 594 (???)	UNKNOWN
5871	???	????? ??? ???? 240, B1? 107, 108? (???, ??SK?????)	ELIGIBLE
5872	????	????? ??? ???51? 22 (???, ??????)	ELIGIBLE
5873	?????	????? ??? ????84? 32(???)	ELIGIBLE
5874	????	????? ??? ????111? 7 B1	UNKNOWN
5875	??????	??? ??? ??? 628 (???)	ELIGIBLE
5876	????	????? ??? ????17? 9 B102	UNKNOWN
5877	???	????? ??? ????? 2733 (???)	ELIGIBLE
5878	?????????	????? ??? ?????378? 8 (???)	ELIGIBLE
5879	?????? ???	????? ??? ????? 2947 (???)	ELIGIBLE
5880	?????	??? ??? ???107?26	ELIGIBLE
5881	????????	????? ??? ????10? 25 (???, ???)	ELIGIBLE
5882	??(ON)	????? ??? ????11? 37-30(????)	ELIGIBLE
5883	????	????? ??? ???101? 7 (???)	ELIGIBLE
5884	?????	??? ??? ???150?41(???)	ELIGIBLE
5885	???????	????? ??? ????29? 12 (???)	ELIGIBLE
5886	?? ?	????? ??? ????5? 31, ??1? 102? (???)	ELIGIBLE
5887	????	????? ??? ??? 841 (???)	ELIGIBLE
5888	???? ??????	????? ??? ????45? 10-3, 2~3? (???)	UNKNOWN
5889	????	????? ??? ???164? 30 (???)	ELIGIBLE
5890	???	????? ??? ????82? 29 (???)	ELIGIBLE
5891	???	????? ??? ????4? 13-7 (???)	ELIGIBLE
5892	????? ????	????? ??? ??? 221 (???)	ELIGIBLE
5893	??? ????(Pacific Standard)	????? ??? ????4? 27-6	ELIGIBLE
5894	???	????? ??? ???106? 7 1?	ELIGIBLE
5895	?????? (???)	????? ??? ??? 86? 37	ELIGIBLE
5896	??????	????? ??? ??? 854 (???)	ELIGIBLE
5897	?????	????? ??? ????49? 15(???)	UNKNOWN
5898	????	????? ??? ??? 212, B?? ??1? 26? (???, ?????)	UNKNOWN
5899	???	??? ??? ???132? 24	UNKNOWN
5900	???21 ???	????? ??? ????86? 27 (???)	ELIGIBLE
5901	???	????? ??? ???114? 22 (???)	UNKNOWN
5902	???? ???	?? ??? ????? 2747	ELIGIBLE
5903	????? ???	????? ??? ??? 517(???, ?????)	ELIGIBLE
5904	??????	????? ??? ???134? 13(???)	ELIGIBLE
5905	???	????? ??? ????110? 86 1?	ELIGIBLE
5906	???????	????? ??? ??? 564, 1? 102? (???, ????)	ELIGIBLE
5907	????? ????????	????? ??? ???? 101 (???)	UNKNOWN
5908	???	????? ??? ????2? 46, 1? 3,4,7,8? (???, ????)	ELIGIBLE
5909	?? (can pick)	????? ??? ????79? 51 (???)	UNKNOWN
5910	????????	????? ??? ???53? 20 (???)	UNKNOWN
5911	?? ???(beans 412)	????? ??? ???38? 8 (???, ??1?)	ELIGIBLE
5912	???????	????? ??? ??? 323 (???)	ELIGIBLE
5913	??	????? ??? ???20? 46(???)	ELIGIBLE
5914	????	????? ??? ???? 147(???)	UNKNOWN
5915	?????	????? ??? ???100? 15 (???)	ELIGIBLE
5916	???	????? ??? ???93? 31 (???)	ELIGIBLE
5917	????	????? ??? ???121? 15 (???)	ELIGIBLE
5918	????	????? ??? ???30? 6 (???, ??1?)	ELIGIBLE
5919	???????	????? ??? ????152? 13 (???)	ELIGIBLE
5920	????	????? ??? ???134? 29 (???)	UNKNOWN
5921	??????	????? ??? ????50? 22 (???)	ELIGIBLE
5922	???	????? ??? ????84? 25 (???)	ELIGIBLE
5923	??	????? ??? ???151? 17 (???)	ELIGIBLE
5924	? ???? ??????	????? ??? ???92? 13	UNKNOWN
5925	??????	?? ??? ??? 301	ELIGIBLE
5926	?????? ?????	????? ??? ???30? 10 (???)	ELIGIBLE
5927	??????	????? ??? ???2? 6 (???)	ELIGIBLE
5928	(?)????????	????? ??? ??? 426 (???)	UNKNOWN
5929	???? ???	????? ??? ????58? 15(???)	ELIGIBLE
5930	????	????? ??? ????27?16	UNKNOWN
5931	???? ??1??	????? ??? ??? 242 (???, ???? 101?)	UNKNOWN
5932	(?)???????	????? ??? ????87? 58(???)	UNKNOWN
5933	??	????? ??? ????63? 7 (???)	ELIGIBLE
5934	????????	????? ??? ???171? 15(???)	ELIGIBLE
5935	???? ???	????? ??? ????46? 21(???, ????????)	ELIGIBLE
5936	???? ????	????? ??? ???176? 24 (???)	ELIGIBLE
5937	????	????? ??? ???25? 14 (???)	ELIGIBLE
5938	??????	????? ??? ???51? 49 (???, ?????)	ELIGIBLE
5939	???	????? ??? ???? 193 (???)	UNKNOWN
5940	??????	????? ??? ????1? 18 (???)	ELIGIBLE
5941	???? ???	????? ??? ???9? 30 (???)	ELIGIBLE
5942	????(???)	????? ??? ????16? 14, ??1? 5? (???)	UNKNOWN
5943	???? ???	????? ??? ????4? 27-3(???)	UNKNOWN
5944	????	????? ??? ????20? 20 (???, ???? 1?)	UNKNOWN
5945	?????? ???	????? ??? ???133? 18 (???)	UNKNOWN
5946	???????	????? ??? ???15? 14 (???)	ELIGIBLE
5947	???????????	??? ??? ????26? 23(???)	ELIGIBLE
5948	????? ??????	????? ??? ??? 340(???)	ELIGIBLE
5949	????	????? ??? ????27? 36 (???)	ELIGIBLE
5950	???? ??? ?????	????? ??? ????78? 14 ???? 1? ?????????	UNKNOWN
5951	??	????? ??? ???148? 7(???)	ELIGIBLE
5952	???	????? ??? ????28? 42 (???)	ELIGIBLE
5953	?????	????? ??? ???51? 8 (???)	UNKNOWN
5954	??	????? ??? ????162? 41-15(???)	UNKNOWN
5955	????	????? ??? ??? 517 (???, ??1?)	ELIGIBLE
5956	??????	????? ??? ???125? 5 (???)	ELIGIBLE
5957	???	????? ??? ????46? 5-14(???)	ELIGIBLE
5958	???	????? ??? ???36? 29 (???)	ELIGIBLE
5959	?? ??	????? ??? ???81? 7 (???)	UNKNOWN
5960	??? ??? ???	????? ??? ???57? 22 (???)	ELIGIBLE
5961	?	????? ??? ???85? 22 (???)	ELIGIBLE
5962	???	??? ??? ???150?28(???)	ELIGIBLE
5963	(?) ???	????? ??? ????83? 40(???)	UNKNOWN
5964	??? ??	????? ??? ???170? 23 (???)	UNKNOWN
5965	??? ???	????? ??? ????94? 21 (???)	ELIGIBLE
5966	???	????? ??? ?????355? 14 (???)	ELIGIBLE
5967	??? ??	????? ??? ????64? 26	ELIGIBLE
5968	?????	????? ??? ????102? 25 (???)	UNKNOWN
5969	?????? ??????	????? ??? ???145? 21 (???)	ELIGIBLE
5970	????	????? ??? ???2? 57(???)	ELIGIBLE
5971	?????	????? ??? ????48? 36,	UNKNOWN
5972	???? ????	????? ??? ??? 518, 2?,3? (???)	ELIGIBLE
5973	????	????? ??? ????120? 42 (???)	ELIGIBLE
5974	??	????? ??? ???157?12	ELIGIBLE
5975	????????	????? ??? ???20? 17 (???)	ELIGIBLE
5976	???	????? ??? ???67? 7 (???)	ELIGIBLE
5977	??	????? ??? ???175? 40 (???)	ELIGIBLE
5978	????	????? ??? ???86? 40-3 (???)	ELIGIBLE
5979	?????	????? ??? ???129? 20 (???)	ELIGIBLE
5980	???	????? ??? ??? 433 (???)	UNKNOWN
5981	(?)???????? ??????	????? ??? ???113? 10 (???)	UNKNOWN
5982	???????  GS???	????? ??? ????27? 26 (???)	ELIGIBLE
5983	?????? ??????	????? ??? ????42? 30 (???)	UNKNOWN
5984	????	??? ??? ???? 19? 18	ELIGIBLE
5985	?????	????? ??? ???4? 45 (???, ??1?)	UNKNOWN
5986	??? ??????	????? ??? ???? 231	ELIGIBLE
5987	???? ?????	????? ??? ????104? 12 (???)	ELIGIBLE
5988	??????	????? ??? ????64? 24(???)	UNKNOWN
5989	???	????? ??? ????128? 27	ELIGIBLE
5990	????? ?????	????? ??? ????152? 55 (???)	ELIGIBLE
5991	???? ????????	????? ??? ???? 147(???)	UNKNOWN
5992	?????? ??????????	????? ??? ???? ?? 396 (???)	UNKNOWN
5993	???	????? ??? ????1? 16 1?	UNKNOWN
5994	?????	????? ??? ????64? 13 (???, ??? ???????)	ELIGIBLE
5995	????????? ???	????? ??? ???97? 36-4 (???)	ELIGIBLE
5996	??? ????	????? ??? ???? ?? 396 (???)	ELIGIBLE
5997	60? ?? ????	????? ??? ????42? 36, 1? 104? (???, ?????)	ELIGIBLE
5998	????? ????	????? ??? ????4? 40 (???)	ELIGIBLE
5999	?????	????? ??? ???2? 50 (???)	ELIGIBLE
6000	?????	????? ??? ???118? 21 (???)	ELIGIBLE
6001	???? ???	????? ??? ???? 512(???)	UNKNOWN
6002	????	????? ??? ????25? 15(???)	ELIGIBLE
6003	????	????? ??? ??? 615(???)	ELIGIBLE
6004	????	????? ??? ???93? 18 (???)	ELIGIBLE
6005	?? ????(Y-Steak)	????? ??? ??? 408, ??1? B21? (???)	ELIGIBLE
6006	?????	????? ??? ???? 224 (???)	ELIGIBLE
6007	??	????? ??? ??? 430 (???)	ELIGIBLE
6008	??? ???	????? ??? ????81? 56 (???)	ELIGIBLE
6009	?????&???	????? ??? ????82? 25 (???)	ELIGIBLE
6010	??? ??? ??	????? ??? ???107? 48 (???)	UNKNOWN
6011	??	????? ??? ???161? 15 (???)	UNKNOWN
6012	??????	????? ??? ????86? 10 (???)	ELIGIBLE
6013	????	????? ??? ??? 406 (???)	UNKNOWN
6014	?? (???)	????? ??? ????78? 14 (???)	UNKNOWN
6015	???? ???????	????? ??? ???167? 21, 1? (???)	UNKNOWN
6016	???	????? ??? ????50? 7 (???)	ELIGIBLE
6017	??????	??? ??? ???? 87? 22	UNKNOWN
6018	?????? ???	????? ??? ????78? 14-15 (???)	UNKNOWN
6019	????? ???	????? ??? ???148? 21	UNKNOWN
6020	??? ?? ???	????? ??? ???93? 18 (???)	ELIGIBLE
6021	???	??? ??? ??? 638	ELIGIBLE
6022	????	????? ??? ???65? 33 (???)	ELIGIBLE
6023	????	????? ??? ????10? 40 (???)	ELIGIBLE
6024	???? ???	????? ??? ????73? 48, ??1?? (???)	ELIGIBLE
6025	????	????? ??? ???173? 19 (???)	ELIGIBLE
6026	????????(MY WHISKY TABLE)	????? ??? ????82? 15(???)	UNKNOWN
6027	???? ??	????? ??? ????4? 6(???)	UNKNOWN
6028	?????	????? ??? ????5? 24 (???)	ELIGIBLE
6029	???? ????	????? ??? ??? ??102(???)	UNKNOWN
6030	???? ????	?? ??? ????92? 19	UNKNOWN
6031	????	????? ??? ???10? 4-6 (???)	ELIGIBLE
6032	??????????	??? ??? ??? 240	ELIGIBLE
6033	???	????? ??? ????2? 46 (???, ???????)	ELIGIBLE
6034	????(cbellcoffee)	????? ??? ???136? 26(???, ?????)	ELIGIBLE
6035	???	????? ??? ????74? 18 (???)	ELIGIBLE
6036	??? ???? ????	????? ??? ???? 152? 64	UNKNOWN
6037	?????? ?????	????? ??? ???86? 31(???)	UNKNOWN
6038	??????	????? ??? ????77? 22 (???, ?????)	ELIGIBLE
6039	??? ???	????? ??? ???132? 13 (???)	UNKNOWN
6040	?????	????? ??? ??? 815 (???)	ELIGIBLE
6041	????	??? ??? ???4? 8	ELIGIBLE
6042	??????	????? ??? ???121? 22, B01?? ??1? (???, ???)	UNKNOWN
6043	?????	????? ??? ????114? 32 (???)	UNKNOWN
6044	???? ??	????? ??? ???72? 19 (???)	ELIGIBLE
6045	???? ????	????? ??? ????108? 22 (???)	UNKNOWN
6046	?????	????? ??? ???9? 12(???)	UNKNOWN
6047	??	????? ??? ????49? 31, 1? 106? (???, ?????)	ELIGIBLE
6048	??	????? ??? ????63? 12 (???, LG ?????? B)	ELIGIBLE
6049	(?)??????? ??????	????? ??? ???93? 7 (???)	UNKNOWN
6050	???	????? ??? ???103? 5, 1? 101? (???)	ELIGIBLE
6051	????	??? ??? ??? 234	ELIGIBLE
6052	??? ????	????? ??? ????22? 15 (???)	UNKNOWN
6053	??	????? ??? ???94? 24 (???)	ELIGIBLE
6054	?????	????? ??? ???30? 6(???)	ELIGIBLE
6055	??	????? ???  ???109? 34	UNKNOWN
6056	????(giovane)	????? ??? ???98? 5 (???)	UNKNOWN
6057	????	????? ??? ???107? 34, 1? 101? (???, ????3)	ELIGIBLE
6058	??	??? ??? ????53? 20	UNKNOWN
6059	?????	????? ??? ???76? 34(???)	ELIGIBLE
6060	???????	????? ??? ????? 2911 (???)	UNKNOWN
6061	??????	????? ??? ????33? 15 (???)	ELIGIBLE
6062	?????	????? ??? ??? 130	ELIGIBLE
6063	???	????? ??? ???22? 41 (???)	ELIGIBLE
6064	?? ???????	?? ??? ???571? 46-8	ELIGIBLE
6065	???	????? ??? ???101? 7(???)	UNKNOWN
6066	JS??[????]	??? ??? ???174? 13(???)	ELIGIBLE
6067	?????  ??	?? ??? ???146? 25	UNKNOWN
6068	(?)??? ????	????? ??? ???? ??102(???)	UNKNOWN
6069	???	????? ??? ????14? 6 (???, 25)	ELIGIBLE
6070	????	????? ??? ???72? 5 (???)	UNKNOWN
6071	?????? ???	????? ??? ???? 219 (???)	UNKNOWN
6072	???? ????	????? ??? ????1? 10 ??????? ??1? 26? ????	ELIGIBLE
6073	????	????? ??? ???136? 5-3	ELIGIBLE
6074	?????	????? ??? ???15? 5 (???)	ELIGIBLE
6075	???? ????	????? ??? ????39? 73 (???)	ELIGIBLE
6076	????	????? ??? ????14? 8, ??1? ?101?? (???, ??????????)	ELIGIBLE
6077	?36??(???)	??? ??? ??? 141	ELIGIBLE
6078	?? ????????	????? ??? ???? 474 (???, ?? ????)	ELIGIBLE
6079	?? ???	??? ??? ???22? 31	UNKNOWN
6080	?????	????? ??? ???2? 15 (???)	ELIGIBLE
6081	????????	????? ??? ??? 508(???)	ELIGIBLE
6082	????812	????? ??? ????4? 29 (???)	ELIGIBLE
6083	??? ??	??? ??? ???? 532	ELIGIBLE
6084	???	????? ??? ???134? 11(???)	UNKNOWN
6085	??? ??? ??????	????? ??? ????152? 34	UNKNOWN
6086	??????	????? ??? ??? 621 (???)	ELIGIBLE
6087	??? ?????	????? ??? ????36? 6, 3,4? (???)	UNKNOWN
6088	???? ????	????? ??? ???132? 29, 1? (???)	ELIGIBLE
6089	???? ???????	????? ??? ???148? 14 (???)	UNKNOWN
6090	??????? ???	????? ??? ???571? 7 (???)	ELIGIBLE
6091	???	????? ??? ??? 150 (???, ??????)	ELIGIBLE
6092	????	????? ??? ???30? 13 (???, ??????, ??????)	ELIGIBLE
6093	?????????.???	????? ??? ??? 657 (???)	UNKNOWN
6094	????? ???&???? ???	????? ??? ??? 420(???)	UNKNOWN
6095	???? ???	????? ??? ???175? 61(???)	UNKNOWN
6096	???	??? ??? ???103? 12	ELIGIBLE
6097	???	??? ??? ???98? 22	ELIGIBLE
6098	???? ?????	????? ??? ????4? 6, 203? (???, ?????????)	UNKNOWN
6099	????	??? ??? ????19? 13	ELIGIBLE
6100	????? ?????	????? ??? ??? 280 (???)	ELIGIBLE
6101	??	??? ??? ???? 310	ELIGIBLE
6102	(?)??????	????? ??? ????38? 39(???)	UNKNOWN
6103	????? ???	????? ??? ????1? 10, ??1? 123?,125? (???, ???????)	UNKNOWN
6104	????????????	????? ??? ???66? 8, 1?? (???)	UNKNOWN
6105	??	????? ??? ???? 626 (???)	UNKNOWN
6106	?? ???	????? ??? ????85? 30 (???, ??????????)	ELIGIBLE
6107	???	??? ??? ????1? 24	ELIGIBLE
6108	????????	????? ??? ????84? 15 (???)	ELIGIBLE
6109	BHC ?????	????? ??? ???31? 27(???, ?????)	UNKNOWN
6110	???? ????	????? ??? ????156? 35(???)	UNKNOWN
6111	????	????? ??? ????82? 29 ???????????149-23	UNKNOWN
6112	????	????? ??? ???6? 9 (???)	UNKNOWN
6113	???????(?)	????? ??? ???? 304 (???)	ELIGIBLE
6114	????	????? ??? ????156? 20(???)	ELIGIBLE
6115	???	??? ??? ???149? 31	ELIGIBLE
6116	???? ???	????? ??? ??? 545(???)	UNKNOWN
6117	(?)???????	????? ??? ????98? 11 (???)	UNKNOWN
6118	??????????	????? ??? ??? 660 (???, ????? ???)	UNKNOWN
6119	???? ????? ????	????? ??? ????4? 6 ????????? B227?,B228?	ELIGIBLE
6120	??? ??&????	????? ??? ???25? 11 (???)	UNKNOWN
6121	???	????? ??? ???22? 10 (???)	ELIGIBLE
6122	?????	????? ??? ???30? 10 (???)	ELIGIBLE
6123	??????? ????	????? ??? ???? 620 (???)	ELIGIBLE
6124	??????? ???	????? ??? ???? 110	ELIGIBLE
6125	????	????? ??? ???? 322 (???)	ELIGIBLE
6126	????	????? ??? ????2? 19 (???, ???????)	UNKNOWN
6127	?(??)	????? ??? ????20? 19 (???)	UNKNOWN
6128	???? ??50 ???	????? ??? ???? 503 (???)	UNKNOWN
6129	???????????	????? ??? ????44? 1 (???)	UNKNOWN
6130	???????	????? ??? ??? 212	UNKNOWN
6131	????	????? ??? ??? 224(???)	ELIGIBLE
6132	??????	??? ??? ???1? 14	ELIGIBLE
6133	????????(SH Partners)	????? ??? ????99? 28-4, ??1? 102? (???, ?? ????)	UNKNOWN
6134	?????????	????? ??? ??? 301 (???)	UNKNOWN
6135	??? ???	????? ??? ???2? 17 (???)	UNKNOWN
6136	????? ????	????? ??? ????94? 21(???)	ELIGIBLE
6137	????? ???	????? ??? ????118? 60(???)	ELIGIBLE
6138	???	????? ??? ????77? 11-9 (???)	ELIGIBLE
6139	???	????? ??? ???106? 26 (???)	ELIGIBLE
6140	???? ??? ????	????? ??? ???569? 13 (???)	UNKNOWN
6141	????	????? ??? ???85? 13 (???, ?????)	ELIGIBLE
6142	???	????? ??? ???38? 32-11 (???)	ELIGIBLE
6143	22??	????? ??? ??? 82? 15	ELIGIBLE
6144	??	????? ??? ???129? 5 (???)	UNKNOWN
6145	????	????? ??? ???? 542 (???)	ELIGIBLE
6146	502?????	?? ??? ???20? 32	ELIGIBLE
6147	????	????? ??? ???132? 3-3	ELIGIBLE
6148	????	????? ??? ????51? 10 (???)	ELIGIBLE
6149	?? ??1??	????? ??? ????87? 53	ELIGIBLE
6150	??????	????? ??? ???158? 31 (???)	ELIGIBLE
6151	???????	????? ??? ????? 2936 (???)	ELIGIBLE
6152	????	????? ??? ???20? 24 (???)	ELIGIBLE
6153	???	????? ??? ???45? 3-4	UNKNOWN
6154	?????? ?????????	?? ??? ???? 22	ELIGIBLE
6155	??	????? ??? ???9? 28(???)	UNKNOWN
6156	??????	????? ??? ????25? 35 (???)	ELIGIBLE
6157	??????	????? ??? ???77? 7(???)	ELIGIBLE
6158	???	????? ??? ???67? 19, ??1? 101? (???)	ELIGIBLE
6159	????? ?????	??? ??? ??? 118	ELIGIBLE
6160	??????	????? ??? ??? 402(???)	ELIGIBLE
6161	?????????	????? ??? ????94? 19(???)	UNKNOWN
6162	(?)????	????? ??? ???93? 28-2(???)	UNKNOWN
6163	???	????? ??? ???119? 8(???)	ELIGIBLE
6164	?????	??? ??? ??? 623	ELIGIBLE
6165	????	????? ??? ???45? 3, ??1? (???)	ELIGIBLE
6166	??????	????? ??? ????55? 20 (???)	ELIGIBLE
6167	??	????? ??? ????18? 4 (???)	ELIGIBLE
6168	????	????? ??? ???98? 9 (???)	ELIGIBLE
6169	???? ? ??	????? ??? ???136? 5-3, 1? 103? (???)	UNKNOWN
6170	?? ? (Concept B)	????? ??? ???174? 30, 1? 103? (???)	UNKNOWN
6171	????	????? ??? ???151?26	UNKNOWN
6172	(?)?????????	????? ??? ????102? 29 (???)	UNKNOWN
6173	????? ???	????? ??? ???77? 3(???)	ELIGIBLE
6174	?? ???	????? ??? ????26? 21 1? ?????	ELIGIBLE
6175	???	????? ??? ???? 128, ??1? (???)	ELIGIBLE
6176	?????? ?????	????? ??? ???148? 14 (???)	ELIGIBLE
6177	???	????? ??? ????104? 6 (???)	ELIGIBLE
6178	????	????? ??? ????28? 22(???)	UNKNOWN
6179	????	????? ??? ??? 642 1? 103?	ELIGIBLE
6180	?????????? ???	????? ??? ???85? 5-5 (???)	ELIGIBLE
6181	???	????? ??? ???99? 16 (???)	UNKNOWN
6182	????	????? ??? ???85? 23	ELIGIBLE
6183	????? ?????	????? ??? ????118? 17 (???)	UNKNOWN
6184	?????	????? ??? ???? 504 (???)	ELIGIBLE
6185	?? ????	????? ??? ???170? 37(???)	UNKNOWN
6186	???? ????	?? ??? ??? 808	UNKNOWN
6187	???? ?????	????? ??? ????78? 12 (???)	ELIGIBLE
6188	??????????	????? ??? ????55? 13 (???)	ELIGIBLE
6189	?????	????? ??? ???84? 6 2? 202?	ELIGIBLE
6190	????????	????? ??? ???571? 46-5 (???)	UNKNOWN
6191	????	????? ??? ????33? 11 (???)	ELIGIBLE
6192	??????	??? ??? ????474	UNKNOWN
6193	???????(???? ????)	????? ??? ????85? 34, 1? 101? (???, ??2?????)	UNKNOWN
6194	????	????? ??? ???? 322 (???)	ELIGIBLE
6195	???	??? ??? ???20? 4-36	UNKNOWN
6196	????(2020)	????? ??? ????80? 19-1, 1? (???)	ELIGIBLE
6197	????? ??GS???	????? ??? ??? 508 (???)	UNKNOWN
6198	???	????? ??? ????49? 5(???)	ELIGIBLE
6199	????? ?????	????? ??? ???? 532 (???)	ELIGIBLE
6200	? ?&??? ???	????? ??? ??? 424 (???)	UNKNOWN
6201	???	????? ??? ??? 280(???)	ELIGIBLE
6202	????	??? ??? ???? 322	UNKNOWN
6203	????? ???	????? ??? ??? 344 (???)	UNKNOWN
6204	????	????? ??? ???94? 15 (???)	ELIGIBLE
6205	????	????? ??? ????6? 42	ELIGIBLE
6206	?????	??? ??? ??? 212	UNKNOWN
6207	???? ?????	????? ??? ????4? 19 (???)	ELIGIBLE
6208	???	????? ??? ???82? 25	ELIGIBLE
6209	??	????? ??? ???150? 48 (???)	ELIGIBLE
6210	???	????? ??? ???100? 13 (???, ????)	ELIGIBLE
6211	? ???(D RESORT)	????? ??? ????51? 34(???)	UNKNOWN
6212	???????(???)	????? ??? ??? 520,	UNKNOWN
6213	???	????? ??? ???61? 22 (???)	ELIGIBLE
6214	?? ?????	????? ??? ???171? 16 (???)	UNKNOWN
6215	????	????? ??? ???? 466 (???)	UNKNOWN
6216	?????	????? ??? ????106? 29 (???)	ELIGIBLE
6217	??????? ????	????? ??? ????49? 6 (???)	ELIGIBLE
6218	????	??? ??? ???9? 40	ELIGIBLE
6219	??????	????? ??? ???4? 16(???)	UNKNOWN
6220	SIDE A	????? ??? ???? 507 (???)	UNKNOWN
6221	???? ??1??	????? ??? ???? 451 (???)	ELIGIBLE
6222	????	??? ??? ????156? 17	ELIGIBLE
6223	?????????	??? ??? ??? 705	UNKNOWN
6224	???????	????? ??? ???146? 18 (???, ?????)	UNKNOWN
6225	???	????? ??? ??? 719 (???)	UNKNOWN
6226	?????	????? ??? ????110? 15(???)	ELIGIBLE
6227	??? ??	????? ??? ???569? 21-30	UNKNOWN
6228	????? ???	????? ??? ??? 333(???)	ELIGIBLE
6229	??????	?? ??? ???51? 27	UNKNOWN
6230	?????	????? ??? ???130? 57 (???)	ELIGIBLE
6231	(?)??? ???	????? ??? ????81? 22(???)	UNKNOWN
6232	?????? ????	????? ??? ???38? 26(???)	ELIGIBLE
6233	????	????? ??? ??? 508 (???, ???????)	UNKNOWN
6234	?? ?? ?? ?? ?????	????? ??? ???75? 17 (???)	UNKNOWN
6235	??????????	????? ??? ????84? 23 (???)	UNKNOWN
6236	????	??? ??? ????43? 56	ELIGIBLE
6237	???? ??????	????? ??? ??? 342, 1? 105? (???, ????? SK????)	ELIGIBLE
6238	???	??? ??? ??? 524(???, ????????)	ELIGIBLE
6239	???? ??????	????? ??? ???159? 5 (???)	UNKNOWN
6240	?????	????? ??? ???569? 13 (???)	ELIGIBLE
6241	???	????? ??? ????27? 40 (???)	UNKNOWN
6242	???	????? ??? ???38? 14 (???)	ELIGIBLE
6243	????	????? ??? ???153? 45 (???)	UNKNOWN
6244	??????	????? ??? ???4? 32	ELIGIBLE
6245	???	????? ??? ???19? 31 (???)	ELIGIBLE
6246	?????????	??? ??? ????92? 29(???)	ELIGIBLE
6247	????	????? ??? ???82? 7 (???)	ELIGIBLE
6248	???? ??	????? ??? ???? 240 ??SK????? 1?  ??????	ELIGIBLE
6249	????? ??????	????? ??? ???85? 11 (???, ???????)	UNKNOWN
6250	??	????? ??? ????10? 30-9 (???)	UNKNOWN
6251	????	????? ??? ????42? 36(???, ?????1)	ELIGIBLE
6252	??????? ???????	????? ??? ????32? 11(???)	UNKNOWN
6253	???	????? ??? ???101? 21 (???)	ELIGIBLE
6254	???? ????	????? ??? ????32? 11, ??1? 107? (???, ??????)	ELIGIBLE
6255	????	????? ??? ????124? 39 ?? 1? 102?	ELIGIBLE
6256	???????	?? ??? ????92? 13	UNKNOWN
6257	????	????? ??? ????108? 12(???)	UNKNOWN
6258	??? ????	????? ??? ????? 2615, 116?, 117? (???, ???????)	UNKNOWN
6259	??You?	????? ??? ???94? 9, ??1?? (???)	UNKNOWN
6260	?????	????? ??? ????85? 20-7 1?	ELIGIBLE
6261	???	????? ??? ???63? 24 (???)	ELIGIBLE
6262	??????	????? ??? ????79? 54(???)	UNKNOWN
6263	???	????? ??? ???? 513 ???	UNKNOWN
6264	???	??? ??? ???45? 7	UNKNOWN
6265	????(???)	????? ??? ???85? 39 (???)	ELIGIBLE
6266	?? ???	??? ??? ????86? 18	ELIGIBLE
6267	???(ZEST)	????? ??? ????55? 26 (???)	ELIGIBLE
6268	?????	????? ??? ??? 638-17	UNKNOWN
6269	????? ?????	????? ??? ????28? 14 (???)	ELIGIBLE
6270	?????	????? ??? ????89? 12 (???, ????????)	UNKNOWN
6271	?????	????? ??? ????122? 17 (???)	ELIGIBLE
6272	???	????? ??? ??? 512 (???)	ELIGIBLE
6273	???? ???	????? ??? ????124? 36 (???)	UNKNOWN
6274	??	????? ??? ???? 211 (???)	ELIGIBLE
6275	?? ????	????? ??? ??? 165 (???, ??????)	UNKNOWN
6276	???	????? ??? ???16? 17 (???)	ELIGIBLE
6277	????? ?????	????? ??? ??? 50 (???)	ELIGIBLE
6278	???????????	??? ??? ????50? 13	UNKNOWN
6279	????????	????? ??? ????22? 10(???)	ELIGIBLE
6280	????? ??????	????? ??? ??? 339 (???)	ELIGIBLE
6281	????	????? ??? ???? 214 (???)	ELIGIBLE
6282	?????	????? ??? ???86? 34 (???)	ELIGIBLE
6283	??? ????	??? ??? ??? 620	ELIGIBLE
6284	??? ??	????? ??? ????54? 14 (???)	UNKNOWN
6285	??????? ?? ???	????? ??? ????83? 46(???)	UNKNOWN
6286	?????	????? ??? ???175? 63, ?? 1? (???)	UNKNOWN
6287	???????	??? ??? ???82? 15	ELIGIBLE
6288	????????	????? ??? ???  97? 29	UNKNOWN
6289	??82	????? ??? ???? 167 (???)	UNKNOWN
6290	???? ???	????? ??? ????70? 12 (???)	UNKNOWN
6291	???? ??	?? ??? ????60? 18	ELIGIBLE
6292	?????	????? ??? ???1? 14 (???)	ELIGIBLE
6293	??????	????? ??? ???85? 32, B1? B109? (???, ??????????)	ELIGIBLE
6294	??? ????	????? ??? ???87? 15 (???)	ELIGIBLE
6295	?????	??? ??? ???9? 10	ELIGIBLE
6296	???? ???	????? ??? ??? 428 (???)	ELIGIBLE
6297	???	????? ??? ????54? 17 (???)	ELIGIBLE
6298	????	????? ??? ????156? 24 (???)	UNKNOWN
6299	???? ??????	????? ??? ???100? 23-8 (???)	UNKNOWN
6300	?????	??? ??? ???174? 26	ELIGIBLE
6301	??????	????? ??? ????66? 11 (???)	ELIGIBLE
6302	????	?? ??? ????51? 3-3	UNKNOWN
6303	??????	????? ??? ??? 428 (???)	ELIGIBLE
6304	????????(????)	????? ??? ????8? 11 (???)	ELIGIBLE
6305	????	????? ??? ????1? 17 (???)	ELIGIBLE
6306	?????	????? ??? ????92? 38 (???, ???????? 3?)	ELIGIBLE
6307	??????? ???????	????? ??? ????2? 46 (???, ---------)	ELIGIBLE
6308	?????	????? ??? ????33? 25 (???)	ELIGIBLE
6309	??? ???????	????? ??? ????? 2913(???)	ELIGIBLE
6310	???	????? ??? ????59? 12 (???)	ELIGIBLE
6311	????? ????	????? ??? ????50? 28(???, ????????)	ELIGIBLE
6312	?????	????? ??? ????89? 13 ???? ??1?	ELIGIBLE
6313	??????	??? ??? ????45? 6(???)	ELIGIBLE
6314	???	????? ??? ???28? 20 (???)	ELIGIBLE
6315	(?)????	????? ??? ???99? 16 (???)	UNKNOWN
6316	?????	????? ??? ???19? 10 (???, ???????)	ELIGIBLE
6317	???	??? ??? ???149? 32	ELIGIBLE
6318	???	????? ??? ??? 225, ??1? ?141? (???, ??????)	ELIGIBLE
6319	?????	??? ??? ????86? 18	ELIGIBLE
6320	???? ????	????? ??? ???96? 26-12 (???)	UNKNOWN
6321	??	????? ??? ???95? 14 (???)	ELIGIBLE
6322	??	????? ??? ??? 201 (???)	ELIGIBLE
6323	????&??	????? ??? ????83? 14 (???)	UNKNOWN
6324	????	??? ??? ???4? 28(???)	UNKNOWN
6325	???	??? ??? ???99? 12	ELIGIBLE
6326	??? ???	????? ??? ????30? 64 (???, ????)	UNKNOWN
6327	????	??? ??? ??? 652(???)	UNKNOWN
6328	????? ?????	????? ??? ???58? 9(???)	ELIGIBLE
6329	??????????	????? ??? ???94? 9-5(???)	UNKNOWN
6330	?????	????? ??? ???109? 5 (???, ?????)	UNKNOWN
6331	?????	??? ??? ????108?3-10	UNKNOWN
6332	???	????? ??? ????2? 35	ELIGIBLE
6333	?????.???????	????? ??? ???1? 8 (???)	ELIGIBLE
6334	????????? ???	????? ??? ???63? 16 104? ?????????	ELIGIBLE
6335	BOSEKTT (???)	????? ??? ????20? 18(???)	UNKNOWN
6336	????	????? ??? ??? 642	UNKNOWN
6337	????? ?????????	????? ??? ???? 152 (???, ????????)	ELIGIBLE
6338	???? ??????	?? ??? ???85? 11	ELIGIBLE
6339	???	????? ??? ???75? 26	ELIGIBLE
6340	????	??? ??? ???63? 13	ELIGIBLE
6341	???	????? ??? ???38? 38-3 (???)	ELIGIBLE
6342	(?)??????	????? ??? ???? 512 (???)	ELIGIBLE
6343	???? ?????	????? ??? ????156? 35, 1? (???)	UNKNOWN
6344	??????? ?????(????????)	????? ??? ??? 323 (???)	UNKNOWN
6345	????	????? ??? ???43? 38 (???, ?????)	UNKNOWN
6346	?????	??? ??? ????2? 60  101	ELIGIBLE
6347	????	????? ??? ???84? 31	UNKNOWN
6348	(?)???	????? ??? ???148? 7 1?	UNKNOWN
6349	???????	????? ??? ??? 520 (???)	ELIGIBLE
6350	????	??? ??? ???? 113-22	UNKNOWN
6351	?? ??? ?? ?????	????? ??? ????112? 30 1?	UNKNOWN
6352	???	????? ??? ????108? 28 (???)	ELIGIBLE
6353	????	????? ??? ???130? 5 (???)	ELIGIBLE
6354	????	??? ??? ????112? 61	ELIGIBLE
6355	???	????? ??? ???87? 7 (???)	UNKNOWN
6356	?????? ????	????? ??? ???? 134 (???)	UNKNOWN
6357	????????????	????? ??? ???85? 42 (???, ???????????)	ELIGIBLE
6358	??????	??? ??? ????36? 6	ELIGIBLE
6359	??? ??	????? ??? ????77? 22 (???, ?????)	ELIGIBLE
6360	???????	????? ??? ???? 124 (???)	ELIGIBLE
6361	???????	??? ??? ???142? 13	ELIGIBLE
6362	?????	????? ??? ??? 614(???)	ELIGIBLE
6363	???	????? ??? ????30? 73 (???)	ELIGIBLE
6364	???	????? ??? ??? 510 (???)	ELIGIBLE
6365	????	????? ??? ???81? 7(???)	UNKNOWN
6366	???? ??	????? ??? ????48? 23 (???)	ELIGIBLE
6367	??	??? ??? ???20? 26(???)	ELIGIBLE
6368	???? ??358?	??? ??? ???? 358	UNKNOWN
6369	???? ???5??	??? ??? ???? 94?10	UNKNOWN
6370	????	????? ??? ???82? 5-8 (???)	ELIGIBLE
6371	???	????? ??? ???? 428(???, ???? ?? ???)	ELIGIBLE
6372	???????? ????	????? ??? ???152? 18(???)	UNKNOWN
6373	???	????? ??? ??? 202 (???)	ELIGIBLE
6374	???	????? ??? ???150? 7 (???)	ELIGIBLE
6375	????	????? ??? ??? 133 (???)	UNKNOWN
6376	????? ???	????? ??? ???64? 11-4 (???)	ELIGIBLE
6377	?????	??? ??? ???24? 6	ELIGIBLE
6378	??	????? ??? ???62? 5 (???)	UNKNOWN
6379	????????	????? ??? ???51? 8 (???)	ELIGIBLE
6380	?	????? ??? ???86? 5-4(???)	UNKNOWN
6381	???	????? ??? ???107? 30 (???)	ELIGIBLE
6382	??? ???? ???	????? ??? ????70? 25 (???, ???)	UNKNOWN
6383	???? ??????	????? ??? ??? 161? 10	UNKNOWN
6384	????	????? ??? ??? 508 (???)	ELIGIBLE
6385	????	????? ??? ??? 636	UNKNOWN
6386	???	????? ??? ???153? 24, 1? (???)	ELIGIBLE
6387	?? ???	????? ??? ????110? 21, 1? (???)	UNKNOWN
6388	???????	????? ??? ????29? 68 (????, ?????)	UNKNOWN
6389	???? ????????	????? ??? ????106? 29, 1? (???)	UNKNOWN
6390	(?)???????	????? ??? ??? 534 (???)	UNKNOWN
6391	Heya	????? ??? ???138? 4 (???)	UNKNOWN
6392	????	????? ??? ???9? 24 (???)	ELIGIBLE
6393	????	????? ??? ????122? 14 (???)	ELIGIBLE
6394	????????????	????? ??? ?????365? 22 (???)	UNKNOWN
6395	?????????	????? ??? ???20? 8 (???, ???? 103?)	ELIGIBLE
6396	??????	????? ??? ???104? 12 (???)	UNKNOWN
6397	?? ???	????? ??? ????110? 26(???)	ELIGIBLE
6398	???	????? ??? ???109? 34 (???)	ELIGIBLE
6399	????	????? ??? ???? 221	ELIGIBLE
6400	???????	????? ??? ???152? 28 (???)	ELIGIBLE
6401	????	??? ??? ????107? 10	ELIGIBLE
6402	?????	????? ??? ???86? 31 ??????2? ??1? ??????	UNKNOWN
6403	????	????? ??? ???151? 26, 1? (???)	ELIGIBLE
6404	???	????? ??? ???? 210 (???, ?????)	UNKNOWN
6405	?????	????? ??? ???17? 13(???, ??)	ELIGIBLE
6406	????	????? ??? ???82? 5-8 (???)	ELIGIBLE
6407	??????	??? ??? ???9? 28	ELIGIBLE
6408	??	????? ??? ???103? 12 (???, ?????????)	UNKNOWN
6409	???????	??? ??? ????108? 19	ELIGIBLE
6410	??	????? ??? ????98? 28 (???)	ELIGIBLE
6411	????	????? ??? ???76? 22	ELIGIBLE
6412	???	????? ??? ????75? 28 (???)	ELIGIBLE
6413	???? ???	????? ??? ??? 420 (???)	ELIGIBLE
6414	????? ????? ??? ????	????? ??? ???86? 28(???)	UNKNOWN
6415	??????	????? ??? ??? 106(???)	ELIGIBLE
6416	????	????? ??? ???30? 25 (???)	ELIGIBLE
6417	??	????? ??? ???130? 57 (???)	UNKNOWN
6418	???????	??? ??? ??? 421	UNKNOWN
6419	????	????? ??? ????7? 8 (???)	ELIGIBLE
6420	????	????? ??? ???3? 22 (???)	ELIGIBLE
6421	??	????? ??? ????66? 8 (???)	UNKNOWN
6422	???	????? ??? ??? 280(???,????????)	ELIGIBLE
6423	??????	??? ??? ???? 13? 8-10	ELIGIBLE
6424	???????? ???	????? ??? ???1? 14(???)	ELIGIBLE
6425	??	????? ??? ???94? 24, ??1?? 1? (???)	ELIGIBLE
6426	(?)???	????? ??? ???79? 62 (???)	UNKNOWN
6427	??????	????? ??? ??? 526(???)	UNKNOWN
6428	????	????? ??? ???148? 14 (???)	ELIGIBLE
6429	??? ?? ???	????? ??? ???110? 50, 112? 1404?(???, ??? ?? ????)	UNKNOWN
6430	????	????? ??? ???52? 14 (???)	ELIGIBLE
6431	????????	??? ??? ???30? 26	UNKNOWN
6432	???	????? ??? ???96? 13 (???)	ELIGIBLE
6433	??	????? ??? ???58? 13 (???)	ELIGIBLE
6434	(?)????	?? ??? ???93? 25	UNKNOWN
6435	?????1??	????? ??? ??? 204-5 (???)	ELIGIBLE
6436	????	????? ??? ???85? 13 (???, ?????)	ELIGIBLE
6437	????	????? ??? ???20? 14 (???)	ELIGIBLE
6438	???	????? ??? ??? 535 (???)	UNKNOWN
6439	?? ? ?	?? ??? ????30? 69	ELIGIBLE
6440	???????_?????????	????? ??? ??? 628 (???)	UNKNOWN
6441	???????	????? ??? ???569? 9 (???)	ELIGIBLE
6442	??? ??	????? ??? ???77? 6 (???)	ELIGIBLE
6443	?? ????	????? ??? ????107? 11 (???)	ELIGIBLE
6444	??2??????	????? ??? ????65? 24 (???)	UNKNOWN
6445	??(CHAEYUM)	????? ??? ???132? 50, 3? (???, ?????)	UNKNOWN
6446	?????	????? ??? ???91? 28 (???)	UNKNOWN
6447	????	??? ??? ???41? 23	ELIGIBLE
6448	??? ???	????? ??? ???150? 18 (???)	ELIGIBLE
6449	??? ????(NATURE STUDIOS?	????? ??? ???151? 26, B02? (???)	UNKNOWN
6450	???	????? ??? ???99? 23 (???)	ELIGIBLE
6451	??????	????? ??? ????4? 11 (???)	UNKNOWN
6452	?????	????? ??? ????78? 8, ??2? (???)	ELIGIBLE
6453	?????????TAISHO BASEMENT?	????? ??? ????42? 16, ??1?? ??1? (???, ????)	UNKNOWN
6454	???? ???	????? ??? ???28? 50(???)	ELIGIBLE
6455	???	????? ??? ???? 167 (???)	ELIGIBLE
6456	????	??? ??? ???24? 5	UNKNOWN
6457	????????????? ???	????? ??? ???64? 20(???)	ELIGIBLE
6458	??????????	????? ??? ???121? 18 (???)	UNKNOWN
6459	???	????? ??? ???95? 29-16 (???)	ELIGIBLE
6460	???	????? ??? ????94? 73 (???)	UNKNOWN
6461	?????	????? ??? ??? 212 (???, ?????)	ELIGIBLE
6462	??????	????? ??? ?????365? 17 (???)	ELIGIBLE
6463	?????	????? ??? ??? 79? 69	UNKNOWN
6464	??????	??? ??? ???45?7(???)	ELIGIBLE
6465	????????	????? ??? ???146? 13 (???)	ELIGIBLE
6466	????	??? ??? ??? 150	UNKNOWN
6467	???	????? ??? ??? 508(???)	ELIGIBLE
6468	???? ???	????? ??? ???104? 8(???)	UNKNOWN
6469	??	????? ??? ????27? 22 ???? ??1?	ELIGIBLE
6470	????	????? ??? ????25? 20 (???)	ELIGIBLE
6471	SH?????????	????? ??? ??? 621	UNKNOWN
6472	???	????? ??? ???4? 9 (???, 1?)	UNKNOWN
6473	?????	????? ??? ????25? 20	ELIGIBLE
6474	??	????? ??? ??? 234(???)	UNKNOWN
6475	?????	??? ??? ???9? 12(???)	ELIGIBLE
6476	???	????? ??? ????59? 15 (???, ????)	ELIGIBLE
6477	??????	????? ??? ????1? 10 (???)	ELIGIBLE
6478	??? ?????	????? ??? ????2? 15 1?	ELIGIBLE
6479	???? ????	????? ??? ????78? 22,1? (???)	UNKNOWN
6480	??????	????? ??? ???10? 50 (???, ?????)	UNKNOWN
6481	???????	????? ??? ???81? 8 ?? 1?	UNKNOWN
6482	???? ?????????	????? ??? ????56? 16 1?(???, ????)	UNKNOWN
6483	?????	????? ??? ???132? 3-4 (???)	ELIGIBLE
6484	????? ?????	????? ??? ??? 569 (???)	UNKNOWN
6485	???	????? ??? ???? 333(???, ????)	ELIGIBLE
6486	??	????? ??? ???172? 66(???)	ELIGIBLE
6487	??????	?? ??? ??? 638	ELIGIBLE
6488	???????	????? ??? ???9? 60 (???)	ELIGIBLE
6489	??????FNB	????? ??? ??? 815(???)	UNKNOWN
6490	????	??? ??? ???77? 52	ELIGIBLE
6491	???1??	????? ??? ????1? 30 (???)	UNKNOWN
6492	(?)???	????? ??? ????81? 25 (???)	UNKNOWN
6493	?????? ????	????? ??? ????61? 17(???)	UNKNOWN
6494	??	????? ??? ???152? 23(???)	ELIGIBLE
6495	?????	????? ??? ????84? 33 (???)	UNKNOWN
6496	???	????? ??? ????19? 20(???)	ELIGIBLE
6497	???	????? ??? ????1? 9 (???)	ELIGIBLE
6498	???	????? ??? ???1? 14 (???)	UNKNOWN
6499	?????	??? ??? ????96? 37	ELIGIBLE
6500	???? ???	????? ??? ???6? 17 (???)	ELIGIBLE
6501	??????	??? ??? ??? 520	ELIGIBLE
6502	??? ???	????? ??? ???34? 16 (???)	UNKNOWN
6503	?????	????? ??? ????126? 17(???)	UNKNOWN
6504	???????	????? ??? ???4? 12 (???)	ELIGIBLE
6505	???	????? ??? ???98? 22 (???)	ELIGIBLE
6506	??????	??? ??? ??? 232	ELIGIBLE
6507	???? ???	??? ??? ??? 127	UNKNOWN
6508	????	????? ??? ????? 2803 (???, ????????)	UNKNOWN
6509	?????	????? ??? ??? 255(???)	ELIGIBLE
6510	????	????? ??? ??? 5? 6	ELIGIBLE
6511	??? ???????	??? ??? ??? 344	ELIGIBLE
6512	????	????? ??? ???30? 36 (???)	ELIGIBLE
6513	?????	????? ??? ???131? 24(???)	ELIGIBLE
6514	???	????? ??? ???172? 26(???)	ELIGIBLE
6515	????	????? ??? ???66? 8(???)	ELIGIBLE
6516	?????	????? ??? ???81? 37 (???)	ELIGIBLE
6517	??????? ????	????? ??? ????152? 30 (???)	ELIGIBLE
6518	????	????? ??? ????122? 16, 1? 1? (???)	UNKNOWN
6519	???	????? ??? ????85? 13 (???)	ELIGIBLE
6520	???	????? ??? ???165? 7-4 (???)	ELIGIBLE
6521	????	????? ??? ???30? 41 (???)	ELIGIBLE
6522	????	????? ??? ???85? 43 (???)	ELIGIBLE
6523	????(?????)	????? ??? ???31? 27 (???, ?????)	UNKNOWN
6524	???????	??? ??? ???108? 8	ELIGIBLE
6525	??BAB???	????? ??? ???590? 63	UNKNOWN
6526	??????????	????? ??? ???6? 3(???)	UNKNOWN
6527	?????	????? ??? ???147? 28(???)	ELIGIBLE
6528	??(GR) ???	????? ??? ??? 623 2? ??? ???	UNKNOWN
6529	????	????? ??? ???? 212 (???)	ELIGIBLE
6530	????????	????? ??? ??? 201(???)	UNKNOWN
6531	????(EHAN COFFEE)	????? ??? ???34? 5-1, 101? (???)	UNKNOWN
6532	???	??? ??? ???9? 42(???)	ELIGIBLE
6533	???	????? ??? ???77? 8(???)	ELIGIBLE
6534	????	????? ??? ????79? 32 (???)	ELIGIBLE
6535	?????	????? ??? ????124? 35(???)	UNKNOWN
6536	???? ??????	????? ??? ????70? 9(???)	UNKNOWN
6537	????	????? ??? ???28? 29	ELIGIBLE
6538	?? ?	????? ??? ???136? 12 (???, ??1?)	ELIGIBLE
6539	???	????? ??? ????62? 28	ELIGIBLE
6540	??	????? ??? ????87? 51(???)	UNKNOWN
6541	???????? ???	????? ??? ??? 184	ELIGIBLE
6542	?????????????	????? ??? ????51? 36(???)	ELIGIBLE
6543	???? ???	????? ??? ???22? 46(???)	UNKNOWN
6544	?????? ????	????? ??? ???1? 14, 1505? (???, ?????????)	UNKNOWN
6545	???? ?????	????? ??? ???? 113 (???)	UNKNOWN
6546	??????	????? ??? ???159? 10 (???)	UNKNOWN
6547	?????	????? ??? ???104? 18 2?	ELIGIBLE
6548	??? ???	????? ??? ???86? 16-3, 2? (???)	ELIGIBLE
6549	????????	????? ??? ????78? 14-14 B1F	UNKNOWN
6550	?????	????? ??? ??? 106 (???)	ELIGIBLE
6551	????	????? ??? ???81? 21(???)	ELIGIBLE
6552	??? ???	??? ??? ????79? 36	ELIGIBLE
6553	?????	????? ??? ???212	UNKNOWN
6554	??????????	????? ??? ??? 317 (???)	UNKNOWN
6555	? ???	????? ??? ????106? 33(???)	UNKNOWN
6556	???	????? ??? ???150? 26 1?	ELIGIBLE
6557	????	????? ??? ????46? 21 (???, ????? ??? 101? B124,B126)	UNKNOWN
6558	????	??? ??? ???77? 18	UNKNOWN
6559	??	????? ??? ???148? 28, 5? (???, ??217)	ELIGIBLE
6560	????	????? ??? ???10? 4, 1? (???)	ELIGIBLE
6561	??	????? ??? ???3? 20 (???, ??1?)	UNKNOWN
6562	??(COMMA)22	????? ??? ???153? 20-1 (???)	UNKNOWN
6563	????&????	????? ??? ???105? 21 (???)	UNKNOWN
6564	?????	??? ??? ??? 220	ELIGIBLE
6565	????	????? ??? ????124? 22(???)	ELIGIBLE
6566	???? ???	????? ??? ???38? 30 (???)	ELIGIBLE
6567	???	??? ??? ????156? 8	ELIGIBLE
6568	????	????? ??? ?????363? 15 (???)	ELIGIBLE
6569	??	????? ??? ???? 513 (???)	UNKNOWN
6570	????? ????	????? ??? ????28? 22-10 (???)	ELIGIBLE
6571	??	??? ??? ????84? 13(???)	ELIGIBLE
6572	???? ????	????? ??? ????86? 14(???)	UNKNOWN
6573	???	????? ??? ????34? 7	ELIGIBLE
6574	????	????? ??? ???82? 45 (???)	UNKNOWN
6575	?????	????? ??? ????4? 37 3?	ELIGIBLE
6576	????	????? ??? ????11? 28, 1? 101? (???)	ELIGIBLE
6577	???? ?????????	????? ??? ???? 322, 2?	UNKNOWN
6578	???	????? ??? ??? 511 Y	ELIGIBLE
6579	???? ??????????	????? ??? ????152? 19, 101? (???, ????)	ELIGIBLE
6580	???????	????? ??? ??? 712 (???)	UNKNOWN
6581	?????	????? ??? ???618? 11(???, ??? 171-8 ????)	UNKNOWN
6582	???(Saluzzo)	????? ??? ????57? 6(???)	ELIGIBLE
6583	?????????	????? ??? ???? 513, L103?? (???, ????)	UNKNOWN
6584	????	????? ??? ????26? 23 (???)	UNKNOWN
6585	???? ????	????? ??? ????20? 9,	ELIGIBLE
6586	???????? ????	????? ??? ????98? 28 ???? 2?	ELIGIBLE
6587	???? ????????	????? ??? ????34? 11 (???)	UNKNOWN
6588	????(???)	????? ??? ???98? 19 103? 1? ????(???)	ELIGIBLE
6589	????????	????? ??? ????1? 52 (???)	UNKNOWN
6590	????????	????? ??? ????1? 10 (???)	UNKNOWN
6591	?????(ALL DAY PIZZA)	????? ??? ????23? 17 (???)	UNKNOWN
6592	????	????? ??? ??? 441 (???)	UNKNOWN
6593	????	??? ??? ???449	UNKNOWN
6594	???? ????	????? ??? ????79? 8, 4? (???)	UNKNOWN
6595	??????	????? ??? ????122? 6 (???, 1?)	ELIGIBLE
6596	???	?? ??? ???? 22	UNKNOWN
6597	???	????? ??? ????48? 25 (???, ???)	ELIGIBLE
6598	???	????? ??? ????30? 21-4 (???)	ELIGIBLE
6599	????	????? ??? ???6? 8, 2? 201? (???)	UNKNOWN
6600	(?)????	????? ??? ????108? 19(???)	ELIGIBLE
6601	?????	????? ??? ??? 401 (???)	ELIGIBLE
6602	??	????? ??? ????19? 21-5 (???)	UNKNOWN
6603	?????? ??????	????? ??? ????49? 10 1? ??????	ELIGIBLE
6604	???	????? ??? ????112? 5 1?	ELIGIBLE
6605	????	????? ??? ????10? 11(???)	ELIGIBLE
6606	????? ????	????? ??? ???? 424, 1? (???)	ELIGIBLE
6607	????	????? ??? ???112? 31 (???, ??)	ELIGIBLE
6608	???? ??2??	????? ??? ????79? 18(???)	ELIGIBLE
6609	???? ??	????? ??? ????156? 31-3 (???)	ELIGIBLE
6610	?????	????? ??? ???78? 15(???)	UNKNOWN
6611	????	????? ??? ????1? 10 (???)	ELIGIBLE
6612	??	????? ??? ????42? 13 (???)	ELIGIBLE
6613	???	??? ??? ????124? 74	ELIGIBLE
6614	?????	????? ??? ????2? 62 (???)	ELIGIBLE
6615	????(STAR COFFEE)	????? ??? ???? 322 ??????24  ?? B152? ????(star coffee)	UNKNOWN
6616	?????	????? ??? ???85? 13 (???, ?????)	UNKNOWN
6617	??&??? ???	????? ??? ????11? 5 (???)	UNKNOWN
6618	(?)?????	????? ??? ???112? 13 (???)	UNKNOWN
6619	??????	????? ??? ???? ?? 396(???)	UNKNOWN
6620	???? ???	????? ??? ????86? 14, ??1? (???)	ELIGIBLE
6621	??	????? ??? ????15? 11(???)	ELIGIBLE
6622	?????	????? ??? ????106? 19, ??1? (???)	UNKNOWN
6623	?????????	????? ??? ????108? 5 (???)	ELIGIBLE
6624	(?)??????? ???	????? ??? ???? 419(???)	UNKNOWN
6625	?????(???)	????? ??? ????94?59	ELIGIBLE
6626	????? ???????	????? ??? ??? 659 (???)	ELIGIBLE
6627	??	????? ??? ???122? 8 (???)	ELIGIBLE
6628	??????	????? ??? ????4? 6(???)	ELIGIBLE
6629	??? ????	????? ??? ????86? 30 (???)	UNKNOWN
6630	???????	????? ??? ????28? 25 (???)	ELIGIBLE
6631	????	??? ??? ???4? 47	ELIGIBLE
6632	???????? ???	????? ??? ????22? 69(???)	UNKNOWN
6633	????	????? ??? ????84? 33 (???)	UNKNOWN
6634	???	??? ??? ????29? 6(???)	ELIGIBLE
6635	?????(?????)	????? ??? ????124? 67(???)	UNKNOWN
6636	?????	??? ??? ???? 110? 12	ELIGIBLE
6637	???? ???	????? ??? ????106? 41 (???)	UNKNOWN
6638	????	????? ??? ???95? 34 (???)	UNKNOWN
6639	???? ???	????? ??? ????8? 11(???)	UNKNOWN
6640	?????	????? ??? ????34? 4 (???)	ELIGIBLE
6641	??	????? ??? ????46? 21 (???, ????????)	UNKNOWN
6642	????????(????)	????? ??? ????64? 13 ??? ???????	UNKNOWN
6643	???????	????? ??? ???129? 11(???)	ELIGIBLE
6644	???	????? ??? ????50? 7(???)	ELIGIBLE
6645	????????(????)	????? ??? ???569? 37 (???)	UNKNOWN
6646	?????	????? ??? ????156? 17-1(???)	ELIGIBLE
6647	????? ???	????? ??? ???71? 3(???)	UNKNOWN
6648	???????	????? ??? ???63? 17 (???)	UNKNOWN
6649	?????	??? ??? ???? 478	UNKNOWN
6650	??? ??	?? ??? ????1? 30	ELIGIBLE
6651	???? 11????	????? ??? ????6? 38 (???, ????)	UNKNOWN
6652	?????????	????? ??? ????94? 83 (???)	ELIGIBLE
6653	????? ?????	????? ??? ???14? 25(???, ???????)	ELIGIBLE
6654	????? ???	????? ??? ??? 181 (???)	UNKNOWN
6655	??? ???	????? ??? ???153? 54 (???)	UNKNOWN
6656	?????	????? ??? ???2? 15 (???)	ELIGIBLE
6657	???? ?????	????? ??? ??? 708 (???)	UNKNOWN
6658	?????	????? ??? ??? 138 (???)	ELIGIBLE
6659	????	????? ??? ???3? 18 (???)	ELIGIBLE
6660	???? ????	????? ??? ???85? 5-15(???)	UNKNOWN
6661	????	????? ??? ??? 621	ELIGIBLE
6662	??????, ????	????? ??? ???65? 7(???)	ELIGIBLE
6663	?????	????? ??? ???71? 3(???)	ELIGIBLE
6664	?????	??? ??? ????25? 4	ELIGIBLE
6665	????????	????? ??? ???85? 13 1??? 112?	UNKNOWN
6666	??? ???	????? ??? ??? 664 (???)	ELIGIBLE
6667	???	????? ??? ????54? 6 5?	ELIGIBLE
6668	???????	????? ??? ??? 323 (???)	UNKNOWN
6669	??????	????? ??? ???81? 37(???)	ELIGIBLE
6670	??????????	????? ??? ????25? 35 (???)	ELIGIBLE
6671	??? ???	????? ??? ???? 506 ? ???2?	ELIGIBLE
6672	???? ?	??? ??? ??? 608	ELIGIBLE
6673	????	??? ??? ??? 517(???, ?????)	ELIGIBLE
6674	???????	??? ??? ???83? 24	ELIGIBLE
6675	???	????? ??? ???150? 24 (???)	ELIGIBLE
6676	?????	????? ??? ????18? 76 (???)	ELIGIBLE
6677	??? ?????	????? ??? ???171? 15 (???)	ELIGIBLE
6678	???????	????? ??? ????33? 34(???)	ELIGIBLE
6679	???????	????? ??? ???5? 22 (???)	ELIGIBLE
6680	??	????? ??? ???87? 41 (???)	ELIGIBLE
6681	????25	??? ??? ???51? 8	ELIGIBLE
6682	????? ???????	????? ??? ????118? 12 (???)	ELIGIBLE
6683	??? ???	????? ??? ??? 771 (???)	ELIGIBLE
6684	??? ??	????? ??? ???86? 37(???)	UNKNOWN
6685	???? ???	????? ??? ??? 429	UNKNOWN
6686	?????	????? ??? ???85? 52 (???)	UNKNOWN
6687	??? ??	????? ??? ????14? 31, 1? (???, ????)	ELIGIBLE
6688	??	????? ??? ???? 216 (???)	ELIGIBLE
6689	??? ???	????? ??? ???101? 15 (???)	UNKNOWN
6690	????????	??? ??? ????94? 83	UNKNOWN
6691	????	??? ??? ????94? 88	UNKNOWN
6692	??1??	????? ??? ???19? 5 (???)	UNKNOWN
6693	??? ??? ?????	????? ??? ??? 569? 23	ELIGIBLE
6694	?????????	????? ??? ???? 328 (???)	ELIGIBLE
6695	???	??? ??? ???46? 5-6	ELIGIBLE
6696	????	??? ??? ???153? 13	UNKNOWN
6697	?????	????? ??? ???146? 27-10 (???)	ELIGIBLE
6698	??? ???	????? ??? ????44? 64 (???)	ELIGIBLE
6699	?????	????? ??? ???98? 23	ELIGIBLE
6700	(?)??? ????	????? ??? ????87? 46(???)	UNKNOWN
6701	????MINOS?	????? ??? ???? 80 ???? 2?  ???	UNKNOWN
6702	???? ????	????? ??? ????? 2732(???)	ELIGIBLE
6703	???	????? ??? ????83? 29, 1? (???)	ELIGIBLE
6704	???? ???	????? ??? ???20? 22 (???)	ELIGIBLE
6705	??	????? ??? ???? 147 (???)	ELIGIBLE
6706	?????	????? ??? ????50? 7 (???)	UNKNOWN
6707	??????	????? ??? ??? 526 (???)	UNKNOWN
6708	???? ???	????? ??? ???63? 15, 2? 3? (???)	UNKNOWN
6709	???	????? ??? ???64? 17 (???)	ELIGIBLE
6710	???&??? ???	?? ??? ????26? 50	UNKNOWN
6711	???? ???????	????? ??? ???150? 51 ??1?	UNKNOWN
6712	??????	????? ??? ????96? 15 ?? 1?	ELIGIBLE
6713	(?)??????	????? ??? ????2? 20 (???)	UNKNOWN
6714	????	????? ??? ???? 502 (???)	UNKNOWN
6715	???(???)	????? ??? ??? 555 (???, ??? ??? ??)	UNKNOWN
6716	?????	??? ??? ????108?3-14	ELIGIBLE
6717	???	????? ??? ???86? 16 (???)	ELIGIBLE
6718	?????	????? ??? ????108? 11 1?	ELIGIBLE
6719	(?)??? ???	????? ??? ????87? 46(???)	UNKNOWN
6720	????	????? ??? ????15? 11(???)	ELIGIBLE
6721	? ?? ? & ???????	????? ??? ???86? 17 ??1?	UNKNOWN
6722	?????	????? ??? ???5? 3 (???)	UNKNOWN
6723	?? ???	????? ??? ????81? 56-6(???)	UNKNOWN
6724	??????	????? ??? ???22? 23 (???)	UNKNOWN
6725	??????????	????? ??? ????84? 23 (???)	UNKNOWN
6726	?	????? ??? ???? 445 (???)	ELIGIBLE
6727	???	????? ??? ??? 623 (???)	ELIGIBLE
6728	??1957??	????? ??? ??? 338 ??1?s109?	UNKNOWN
6729	?????	????? ??? ????64? 26	ELIGIBLE
6730	??????	????? ??? ???85? 47(???)	ELIGIBLE
6731	?? ???? ANSIC	????? ??? ???99? 31 (???)	ELIGIBLE
6732	????	????? ??? ???96? 3 (???)	ELIGIBLE
6733	?????????	????? ??? ???82? 15 (???)	UNKNOWN
6734	??(LEA)	????? ??? ???26? 12-4, 1? (???)	UNKNOWN
6735	?????GFC	????? ??? ???? 152 (???, ????????)	ELIGIBLE
6736	???? ?????	????? ??? ????27? 23(???)	UNKNOWN
6737	(?)???	????? ??? ????4? 37 (???)	UNKNOWN
6738	??	????? ??? ??? 38 (???)	ELIGIBLE
6739	????	????? ??? ???167? 19 (???)	ELIGIBLE
6740	????	????? ??? ????4? 38-5 (???)	ELIGIBLE
6741	?????? ????	????? ??? ???16? 10, 1? 101? (???, ????)	ELIGIBLE
6742	?????????	????? ??? ???? 39? 40	UNKNOWN
6743	??	????? ??? ????94? 70 (???)	UNKNOWN
6744	??	????? ??? ???93? 32-8 (???)	ELIGIBLE
6745	????	????? ??? ???4? 41	ELIGIBLE
6746	???	????? ??? ????114? 16 ??1?	ELIGIBLE
6747	???	????? ??? ??? 338 (???, ?????)	ELIGIBLE
6748	????	??? ??? ??? 621(???)	ELIGIBLE
6749	????? ????	?? ??? ????32? 11	ELIGIBLE
6750	???????????? ???	????? ??? ???62? 13 (???)	UNKNOWN
6751	?????	??? ??? ???8? 5	ELIGIBLE
6752	?????????????	????? ??? ???34? 55 (???, ??????????)	UNKNOWN
6753	??	????? ??? ???569? 21-30 (???)	ELIGIBLE
6754	59? ?????	????? ??? ??? 280(???)	ELIGIBLE
6755	???????	????? ??? ???? 240 (???, ??????????? ??2? ?224?)	UNKNOWN
6756	(?)?????	????? ??? ????23? 22 (???)	UNKNOWN
6757	???? ???????	????? ??? ????5? 24(???)	UNKNOWN
6758	??&??	????? ??? ???82? 45 (???)	UNKNOWN
6759	??	??? ??? ????138? 21	ELIGIBLE
6760	???	????? ??? ???56? 14 (???)	ELIGIBLE
6761	????by??	????? ??? ????33? 22 (???)	UNKNOWN
6762	????	????? ??? ???72? 26(???)	UNKNOWN
6763	??????	????? ??? ??? 516 (???)	ELIGIBLE
6764	? ??	????? ??? ???149? 17 1? ???	ELIGIBLE
6765	?? ?????	????? ??? ???121? 4-5, 1? 2? (???)	ELIGIBLE
6766	?????? ???	????? ??? ??? 295 (???)	ELIGIBLE
6767	???????	??? ??? ???82? 13-11	UNKNOWN
6768	? ????	????? ??? ??? 109 ??1? B01?	UNKNOWN
6769	????????	????? ??? ???121? 7 (???)	UNKNOWN
6770	?? ???	????? ??? ????23? 20	ELIGIBLE
6771	????	??? ??? ????? 359?27	UNKNOWN
6772	?????	????? ??? ???153? 46 (???)	ELIGIBLE
6773	??	????? ??? ???95? 9 (???)	UNKNOWN
6774	????????	??? ??? ????39? 37	ELIGIBLE
6775	?????? ????	????? ??? ??? 203(???)	UNKNOWN
6776	?????	????? ??? ???63? 21 (???)	ELIGIBLE
6777	??? ??	????? ??? ????? 2615 (???, ??????? 132?, 133?)	ELIGIBLE
6778	??	????? ??? ???171? 12(???)	ELIGIBLE
6779	?????	??? ??? ????124? 20	ELIGIBLE
6780	????	????? ??? ??? 708 (???)	UNKNOWN
6781	???? ?	????? ??? ??? 150(???, ??????)	UNKNOWN
6782	??????	????? ??? ???? 322(???)	UNKNOWN
6783	???	????? ??? ????? 2942 (???)	ELIGIBLE
6784	??????	????? ??? ????100? 13 (???)	ELIGIBLE
6785	???	????? ??? ????14? 32, 201? (???)	ELIGIBLE
6786	????	????? ??? ??? 212	UNKNOWN
6787	????????	????? ??? ????22? 46 (???)	UNKNOWN
6788	??????&???????	????? ??? ??? 212(???, ?????)	UNKNOWN
6789	????	????? ??? ????86? 11 (???)	ELIGIBLE
6790	???????	????? ??? ???63? 14 302?	UNKNOWN
6791	???? ????	????? ??? ???28? 47(???)	UNKNOWN
6792	????	??? ??? ????63? 6	ELIGIBLE
6793	?????	????? ??? ???9? 22(???)	ELIGIBLE
6794	?????	????? ??? ???104? 16 (???)	ELIGIBLE
6795	??? ?????	????? ??? ????124? 68 (???)	ELIGIBLE
6796	????	????? ??? ???98? 32 1? ???	UNKNOWN
6797	???? ???	????? ??? ???109? 9 (???, ?????)	UNKNOWN
6798	???? ??	????? ??? ??? 106 (???)	UNKNOWN
6799	??? ?	????? ??? ???4? 43, 1? (???)	UNKNOWN
6800	?????	????? ??? ????6? 5 (???)	ELIGIBLE
6801	???	????? ??? ????1? 10 (???)	ELIGIBLE
6802	???	????? ??? ?????359? 29 (???)	UNKNOWN
6803	???? ??	????? ??? ????15? 18 (???)	UNKNOWN
6804	e-????	????? ??? ????156? 18 (???)	ELIGIBLE
6805	?????	????? ??? ???? 156? 17-1	ELIGIBLE
6806	????? ?? ????	????? ??? ???571? 50-1 (???)	UNKNOWN
6807	???? ??	??? ??? ???6? 16	UNKNOWN
6808	butter and shelter	????? ??? ??? 513(???, ?????)	UNKNOWN
6809	(?)???????	????? ??? ???? 124 (???)	UNKNOWN
6810	?????	????? ??? ????124? 20	ELIGIBLE
6811	???	????? ??? ???? 195 (???)	ELIGIBLE
6812	????	????? ??? ????1? 30 (???)	ELIGIBLE
6813	???	????? ??? ???38? 38-5 (???)	ELIGIBLE
6814	??????(????)	????? ??? ????48? 15(???, ???????????)	ELIGIBLE
6815	?????	??? ??? ??? 529	ELIGIBLE
6816	??????? ?????	????? ??? ???? 513 (???, ???? L105?)	UNKNOWN
6817	???? ??1??	????? ??? ???2? 50 (???)	ELIGIBLE
6818	GRILL640	????? ??? ????16? 13 (???)	UNKNOWN
6819	???	????? ??? ???46? 5-4 (???)	UNKNOWN
6820	????	????? ??? ???? 322 (???)	ELIGIBLE
6821	???	??? ??? ??? 508(???)	ELIGIBLE
6822	?? ????	??? ??? ???46? 5	ELIGIBLE
6823	(?)???	????? ??? ???168? 30 (???)	UNKNOWN
6824	?????	????? ??? ???1? 11 201?	ELIGIBLE
6825	?	????? ??? ???9? 26 (???)	UNKNOWN
6826	???? ??????	????? ??? ???? 337 (???)	UNKNOWN
6827	??	??? ??? ????112?10	ELIGIBLE
6828	??????	????? ??? ???148? 14 (???)	UNKNOWN
6829	????	??? ??? ??? 133	ELIGIBLE
6830	????	????? ??? ????81? 52(???)	ELIGIBLE
6831	????	????? ??? ???167? 38 (???)	UNKNOWN
6832	???	????? ??? ???148? 48 (???)	ELIGIBLE
6833	???? ????????	????? ??? ????42? 25-8 (???)	UNKNOWN
6834	??????? ????	????? ??? ????108? 3-10 (???)	ELIGIBLE
6835	????	????? ??? ??? 117, 2? (???)	UNKNOWN
6836	???	????? ??? ????90? 7 (???)	ELIGIBLE
6837	??? ??	????? ??? ???? 167(???)	UNKNOWN
6838	? ?????	????? ??? ????51? 40, 4? (???)	UNKNOWN
6839	???	????? ??? ????82? 31 (???)	ELIGIBLE
6840	???	????? ??? ????108? 15 (???)	ELIGIBLE
6841	????	????? ??? ???148? 14 (???)	UNKNOWN
6842	???	??? ??? ???113? 14	ELIGIBLE
6843	?????(????)	????? ??? ??? 155 (???)	UNKNOWN
6844	???? ?????	????? ??? ???? 471(???)	ELIGIBLE
6845	???? ??????	????? ??? ??? 184(???)	UNKNOWN
6846	????	????? ??? ??? 621(???)	ELIGIBLE
6847	???	??? ??? ???? 240(???)	ELIGIBLE
6848	?????? ???	????? ??? ???90? 70	UNKNOWN
6849	?????	????? ??? ??? 175? 61	ELIGIBLE
6850	????? ????	????? ??? ??? 115 (???)	ELIGIBLE
6851	TAANGO	????? ??? ???? 224(???)	ELIGIBLE
6852	???	??? ??? ????152? 67	ELIGIBLE
6853	??	????? ??? ???81? 19 (???)	ELIGIBLE
6854	????	????? ??? ???? 608-10 (???)	ELIGIBLE
6855	????	????? ??? ???157? 29 (???)	ELIGIBLE
6856	??	????? ??? ????112? 15(???)	ELIGIBLE
6857	????(Fish Star)	????? ??? ???81? 6 102???????	UNKNOWN
6858	?	????? ??? ????152? 64 (???, ???? 1?)	UNKNOWN
6859	??? ???	????? ??? ???93? 26 (???)	UNKNOWN
6860	????????? ???	????? ??? ????1? 10 (???)	ELIGIBLE
6861	???????	????? ??? ???24? 25 (???)	UNKNOWN
6862	????	??? ??? ????156?13	UNKNOWN
6863	??????? ?????	????? ??? ??? 664 (???)	ELIGIBLE
6864	????	????? ??? ????1? 30 (???)	ELIGIBLE
6865	???? ???	????? ??? ???? 31-3 2?	UNKNOWN
6866	?????	????? ??? ???145? 14 (???)	ELIGIBLE
6867	???	??? ??? ???77? 17	ELIGIBLE
6868	????	????? ??? ???37? 14 (???)	ELIGIBLE
6869	????	????? ??? ????37? 11(???)	ELIGIBLE
6870	??????	????? ??? ????85? 8(???)	UNKNOWN
6871	???? ?????	????? ??? ???85? 70 (???)	UNKNOWN
6872	??	??? ??? ??? 348	ELIGIBLE
6873	???????	??? ??? ????114? 22	ELIGIBLE
6874	????	????? ??? ???? 216 (???)	UNKNOWN
6875	????	????? ??? ???104? 17 (???)	ELIGIBLE
6876	??? GFC?	????? ??? ???? 152, ??2? (???, ????????)	ELIGIBLE
6877	???????	????? ??? ????33? 21(???)	ELIGIBLE
6878	?????	?? ??? ????17? 30-1	UNKNOWN
6879	???? ?? ?? ???	????? ??? ????120? 9 (???)	UNKNOWN
6880	???	????? ??? ??? 280(???,????????)	ELIGIBLE
6881	??????? ???	????? ??? ???63? 5 (???)	ELIGIBLE
6882	????	????? ??? ????106? 14 (???)	UNKNOWN
6883	???? ???	????? ??? ???569? 13 (???)	ELIGIBLE
6884	????	??? ??? ????? 3032	UNKNOWN
6885	??????	????? ??? ???? 164	UNKNOWN
6886	????????	??? ??? ???63? 13	ELIGIBLE
6887	MORO	????? ??? ????68? 21	ELIGIBLE
6888	??	??? ??? ????2? 46	ELIGIBLE
6889	??	????? ??? ????11? 31-7	ELIGIBLE
6890	??	??? ??? ???? 210	ELIGIBLE
6891	???????????	????? ??? ??? 109 (???, ???????)	UNKNOWN
6892	??? ???? ??? ???	????? ??? ??? 521 (???)	UNKNOWN
6893	???????	??? ??? ???3? 19(???)	ELIGIBLE
6894	??? ????	????? ??? ??? 320(???)	ELIGIBLE
6895	?????	????? ??? ???86? 10 (???)	UNKNOWN
6896	??? ???	????? ??? ???101? 7 (???)	ELIGIBLE
6897	?? ???holic holic?	????? ??? ????118? 35 1?104	UNKNOWN
6898	??????	??? ??? ????50?47(???)	ELIGIBLE
6899	??????	????? ??? ???149? 19 (???, ????)	ELIGIBLE
6900	????	????? ??? ???107? 43	ELIGIBLE
6901	???	????? ??? ???148? 14 (???)	ELIGIBLE
6902	???	????? ??? ??? 416 (???)	ELIGIBLE
6903	???	????? ??? ????94? 27 (???)	ELIGIBLE
6904	?????	????? ??? ????12? 6 (???)	UNKNOWN
6905	???????	????? ??? ????58? 12 (???)	ELIGIBLE
6906	????? ???????	????? ??? ???86? 6, 1? (???)	UNKNOWN
6907	?????????	????? ??? ??? 115 (???)	UNKNOWN
6908	???????	????? ??? ???569? 27	UNKNOWN
6909	????	????? ??? ???163? 11(???)	ELIGIBLE
6910	???????	????? ??? ??? 103? 19	UNKNOWN
6911	??	??? ??? ???131? 20	ELIGIBLE
6912	?????	????? ??? ????? 2915 (???)	ELIGIBLE
6913	?????	????? ??? ????14? 28 (???)	UNKNOWN
6914	??????(?)	????? ??? ???3? 20-10, 108? (???, ????)	ELIGIBLE
6915	?????	????? ??? ????50? 22 (???)	ELIGIBLE
6916	?????	??? ??? ????114?42	ELIGIBLE
6917	????	??? ??? ???16? 9	UNKNOWN
6918	????	??? ??? ????? 2927	ELIGIBLE
6919	????	????? ??? ???? 467, ??1? (???, ????)	ELIGIBLE
6920	(?)??????	????? ??? ????46? 77(???)	UNKNOWN
6921	???	????? ??? ???86? 38 (???)	ELIGIBLE
6922	?????	????? ??? ???158	UNKNOWN
6923	??	????? ??? ???114? 17 (???)	ELIGIBLE
6924	???	????? ??? ???? 272 (???, ??????)	ELIGIBLE
6925	???	????? ??? ??? 310 (???)	ELIGIBLE
6926	????(???)	????? ??? ??? 636, 4? (???, ????)	UNKNOWN
6927	??????	????? ??? ???19? 10 (???, ???????)	UNKNOWN
6928	?????????	????? ??? ???98? 9 (???)	UNKNOWN
6929	??????????2??	????? ??? ???85? 5-9 (???)	UNKNOWN
6930	(?)????	????? ??? ????42? 17(???)	ELIGIBLE
6931	????	????? ??? ???2? 40(???)	ELIGIBLE
6932	?????	??? ??? ???115? 14	ELIGIBLE
6933	??????	??? ??? ???64? 22	ELIGIBLE
6934	???	????? ??? ???172? 4 (???)	ELIGIBLE
6935	?????(?)	????? ??? ???? 616 (???)	UNKNOWN
6936	????&????	????? ??? ???107? 30(???)	ELIGIBLE
6937	????	????? ??? ???22? 10 (???)	ELIGIBLE
6938	? ?&??? ????	????? ??? ????30? 78 (???)	UNKNOWN
6939	??????	????? ??? ????25? 20(???)	ELIGIBLE
6940	??????	????? ??? ????66? 11	ELIGIBLE
6941	?????	????? ??? ???28? 45 1?	UNKNOWN
6942	????????	????? ??? ????? 2615 (???, ???????)	ELIGIBLE
6943	??175	????? ??? ????? 2942 (???)	ELIGIBLE
6944	?????	????? ??? ???94? 9 b02?	ELIGIBLE
6945	???????	??? ??? ???172	UNKNOWN
6946	???	????? ??? ??? 555 (???, ??? ??? ??)	ELIGIBLE
6947	????	????? ??? ???? 644 (???)	ELIGIBLE
6948	????	????? ??? ????34? 21 (???)	UNKNOWN
6949	??	????? ??? ??? 841(???)	ELIGIBLE
6950	?????	????? ??? ???9? 63 (???, 1?)	ELIGIBLE
6951	???? ??	????? ??? ???3? 17	UNKNOWN
6952	?? ????	????? ??? ???82? 9-15 (???)	ELIGIBLE
6953	? ????	????? ??? ????88? 10 (???)	ELIGIBLE
6954	????	????? ??? ??? 401 (???)	ELIGIBLE
6955	????	????? ??? ????53? 22 (???)	ELIGIBLE
6956	???	????? ??? ???26? 52, 1? (???, ????)	ELIGIBLE
6957	????	????? ??? ??? 514 (???)	ELIGIBLE
6958	????? ??	????? ??? ??? 832 (???)	UNKNOWN
6959	??????	????? ??? ???38? 46	ELIGIBLE
6960	?????	????? ??? ???53? 3-10 (???)	ELIGIBLE
6961	?????????????(????	????? ??? ??? 323, ?? 1? 101-1? (???)	UNKNOWN
6962	?????? ????	????? ??? ????79? 20(???)	UNKNOWN
6963	????	??? ??? ????16? 22	ELIGIBLE
6964	?????????	????? ??? ????? 2720 (???)	UNKNOWN
6965	????(???)	????? ??? ??? 128 1? ????	ELIGIBLE
6966	?? ???? ????	????? ??? ????1? 10 (???)	ELIGIBLE
6967	(?)???????	????? ??? ??? 606 (???)	UNKNOWN
6968	???	????? ??? ????51? 40, ?? 1?2? (???)	ELIGIBLE
6969	?????	????? ??? ????37? 12 (???)	ELIGIBLE
6970	?????	????? ??? ???82? 9-17	ELIGIBLE
6971	?????	????? ??? ??? 427 (???, ?????)	ELIGIBLE
6972	????	??? ??? ???112? 19	ELIGIBLE
6973	??? ???? ???	????? ??? ???? 313 (???)	ELIGIBLE
6974	????(???)	????? ??? ???85? 42 (???, ???????????)	ELIGIBLE
6975	????	????? ??? ???20? 59 (???)	UNKNOWN
6976	?? ??????????	????? ??? ???57? 22 (???)	ELIGIBLE
6977	???	????? ??? ????77? 17 (???)	ELIGIBLE
6978	????	????? ??? ????? 2806 (???)	ELIGIBLE
6979	????	????? ??? ???152? 15-4 (???, 1?)	ELIGIBLE
6980	?? ????? ??4??	????? ??? ??? 405 (???)	ELIGIBLE
6981	??????????	????? ??? ???84? 6 (???)	ELIGIBLE
6982	?????????	?? ??? ????25? 43	UNKNOWN
6983	???	????? ??? ???? 240 (???)	ELIGIBLE
6984	??	??? ??? ???41? 14	ELIGIBLE
6985	???? ????	????? ??? ???64? 11-2(???)	ELIGIBLE
6986	???? ??? ??	????? ??? ???94? 15, B1? (???)	ELIGIBLE
6987	??? ?	????? ??? ???? 101 (???)	UNKNOWN
6988	????	????? ??? ???? 147	ELIGIBLE
6989	???	????? ??? ???4? 26	ELIGIBLE
6990	???	????? ??? ???103? 12(???, ?????????)	ELIGIBLE
6991	????????2??	????? ??? ???64? 5 (???)	ELIGIBLE
6992	??????	????? ??? ??? 621 (???)	UNKNOWN
6993	????(???)	????? ??? ???6? 10 (???)	UNKNOWN
6994	??	????? ??? ???121? 13 (???)	ELIGIBLE
6995	????	????? ??? ??? 133 (???)	ELIGIBLE
6996	???	????? ??? ???81? 34 (???)	ELIGIBLE
6997	????	????? ??? ????69? 10 (???)	ELIGIBLE
6998	???	????? ??? ???? 336(???)	ELIGIBLE
6999	???	????? ??? ???115? 37 (???)	ELIGIBLE
7000	???? ?????	????? ??? ???168? 25(???)	UNKNOWN
7001	??? ??	????? ??? ????160? 19 (???)	UNKNOWN
7002	??	????? ??? ????13? 17(???)	ELIGIBLE
7003	????	????? ??? ???148? 11(???)	ELIGIBLE
7004	????????	????? ??? ????96? 37 (???)	UNKNOWN
7005	??	????? ??? ????104? 8(???)	ELIGIBLE
7006	???, ??? ??GS?	????? ??? ????30? 73 (???)	UNKNOWN
7007	??????	????? ??? ???149? 36 (???)	UNKNOWN
7008	???	????? ??? ???172? 54 (???)	ELIGIBLE
7009	???	????? ??? ????81? 16(???)	ELIGIBLE
7010	??? ????	????? ??? ????1? 10 (???)	UNKNOWN
7011	???? ???	????? ??? ???10? 30(???)	ELIGIBLE
7012	???	????? ??? ???26? 56 (???)	ELIGIBLE
7013	?????????	??? ??? ???6?	UNKNOWN
7014	????	????? ??? ??? 338(???, ?????)	UNKNOWN
7015	???? ??	????? ??? ???1? 21 (???)	ELIGIBLE
7016	??	????? ??? ????19? 12 (???)	ELIGIBLE
7017	??????????	????? ??? ???34? 8 (???)	UNKNOWN
7018	???	????? ??? ??? 212 (???, ?????)	UNKNOWN
7019	??? INASE	????? ??? ???? 521 (???)	UNKNOWN
7020	??	????? ??? ?????363? 9-4 (???)	ELIGIBLE
7021	??????????	????? ??? ???2? 11 (???)	UNKNOWN
7022	????	??? ??? ????138? 6	UNKNOWN
7023	????	??? ??? ???19? 15	ELIGIBLE
7024	????	????? ??? ???157? 15 (???, ???? 1?2?)	UNKNOWN
7025	???? ????????	????? ??? ????96? 11 (???)	UNKNOWN
7026	??? ???	????? ??? ????22? 14 (???)	UNKNOWN
7027	?????	????? ??? ???82? 19 (???)	ELIGIBLE
7028	??	????? ??? ????122? 26(???)	ELIGIBLE
7029	?????	????? ??? ???86? 15 (???)	ELIGIBLE
7030	????	????? ??? ???? 113	ELIGIBLE
7031	??	??? ??? ????78? 8	UNKNOWN
7032	(?)???????	????? ??? ??? 831 (???)	UNKNOWN
7033	???? ???	????? ??? ???? 445 (???)	ELIGIBLE
7034	???	????? ??? ???81? 22 (???)	ELIGIBLE
7035	????	????? ??? ???86? 16-5 (???)	ELIGIBLE
7036	???	????? ??? ????118? 8 (???)	UNKNOWN
7037	????	????? ??? ??? 404 (???)	UNKNOWN
7038	??????	????? ??? ???95? 28 (???, ?????)	UNKNOWN
7039	????? ???? 8???GRAM?	????? ??? ????2? 37 ???? 5? ????8??	UNKNOWN
7040	?????	????? ??? ???31? 27	ELIGIBLE
7041	?? ????	?????  ??? ???9? 27, 1? (???, ????)	UNKNOWN
7042	??? ??2??	????? ??? ???? 423, B103? (???, ????)	UNKNOWN
7043	????	????? ??? ???71? 19 (???)	ELIGIBLE
7044	????????(???)	????? ??? ???84? 15 (???)	ELIGIBLE
7045	??? ???	????? ??? ???113? 16 (???)	ELIGIBLE
7046	?????	??? ??? ???? 124	ELIGIBLE
7047	????	????? ??? ???23? 7 (???, ??1?)	ELIGIBLE
7048	?????	????? ??? ????72? 7	UNKNOWN
7049	???????	??? ??? ????4? 12	UNKNOWN
7050	??????	????? ??? ???148? 29 (???)	UNKNOWN
7051	??	????? ??? ????160? 23 1?	ELIGIBLE
7052	???(???)	????? ??? ???63? 31, 1? (???)	ELIGIBLE
7053	??? ???&????	????? ??? ???13? 19	UNKNOWN
7054	?????	????? ??? ??? 212 (???, ?????)	UNKNOWN
7055	????	????? ??? ????124? 48 (???)	ELIGIBLE
7056	? ??(The wine)	????? ??? ??? 605(???)	UNKNOWN
7057	??	????? ??? ????58? 21 (???)	ELIGIBLE
7058	?????	????? ??? ????36? 6,	ELIGIBLE
7059	???	?? ??? ???164? 27	UNKNOWN
7060	?????	????? ??? ???? 440 (???)	ELIGIBLE
7061	??????????	????? ??? ???19? 10 (???, ???????)	UNKNOWN
7062	??	??? ??? ???133? 8	ELIGIBLE
7063	????	????? ??? ???100? 34 (???)	ELIGIBLE
7064	???	????? ??? ????101? 28	ELIGIBLE
7065	????? ???	????? ??? ???34? 21 (???)	ELIGIBLE
7066	?????	????? ??? ???134? 13 (???)	UNKNOWN
7067	????? ???	????? ??? ????87? 21 (???)	ELIGIBLE
7068	???? ?????	????? ??? ??? 521 (???)	ELIGIBLE
7069	????	????? ??? ???151?11	ELIGIBLE
7070	??797 ??GFC?	????? ??? ???? 152	UNKNOWN
7071	?????	??? ??? ????12?7(???)	UNKNOWN
7072	???????(???)	????? ??? ????94? 71 (???)	UNKNOWN
7073	???	????? ??? ????156? 14(???)	UNKNOWN
7074	??? ????	????? ??? ????19? 19 1?  ???	UNKNOWN
7075	???? ?????	????? ??? ??? 158(???)	UNKNOWN
7076	???	????? ??? ????25? 20 (???)	ELIGIBLE
7077	???GFC	????? ??? ???? 152 (???, ????????)	UNKNOWN
7078	?????	????? ??? ????25? 15(???)	ELIGIBLE
7079	?????De la mano?	????? ??? ????44? 59 (???, ??1? B101?)	UNKNOWN
7080	???????	????? ??? ????69? 16	UNKNOWN
7081	????	??? ??? ???9? 22(???)	ELIGIBLE
7082	????	??? ??? ??? 557	ELIGIBLE
7083	??????	????? ??? ???9? 58 (???)	ELIGIBLE
7084	????????	????? ??? ??? 38 (???)	UNKNOWN
7085	???	????? ??? ???38? 36 (???)	UNKNOWN
7086	??(Sevva)	????? ??? ???151? 21(???)	ELIGIBLE
7087	??????????	????? ??? ???569? 21-30 (???)	ELIGIBLE
7088	?????	??? ??? ????63? 7,A?103?	ELIGIBLE
7089	???	????? ??? ??? 310 (???)	ELIGIBLE
7090	??? ????	????? ??? ??? 280 (???)	ELIGIBLE
7091	??????	??? ??? ???13? 19	ELIGIBLE
7092	???? ???	????? ??? ??? 711 (???)	ELIGIBLE
7093	?????	????? ??? ????96? 11 (???)	ELIGIBLE
7094	??????	????? ??? ???6? 18 (???)	UNKNOWN
7095	??????	????? ??? ????43? 8(???)	UNKNOWN
7096	???	????? ??? ????? 2722 (???)	ELIGIBLE
7097	???	????? ??? ???152? 38,	ELIGIBLE
7098	?????? ? ??	????? ??? ????118? 17 (???)	ELIGIBLE
7099	???	????? ??? ???85? 47	UNKNOWN
7100	?????1??	????? ??? ???13? 8(???)	ELIGIBLE
7101	????	????? ??? ????78? 27, 1? (???, ????)	ELIGIBLE
7102	??	??? ??? ???? 124	ELIGIBLE
7103	???	????? ??? ???77? 19(???)	ELIGIBLE
7104	??	????? ??? ??? 143 (???)	ELIGIBLE
7105	????	??? ??? ????31? 5(???)	ELIGIBLE
7106	???????????	????? ??? ????34? 9, 1? 101? (???)	ELIGIBLE
7107	?? (PAL:DO) ???	????? ??? ??? 135 (???)	UNKNOWN
7108	??? ???	????? ??? ??? 334(???)	UNKNOWN
7109	???	????? ??? ????77? 11-10 (???)	ELIGIBLE
7110	???	????? ??? ????94? 59 (???)	UNKNOWN
7111	??????????	????? ??? ???87? 23 (???)	ELIGIBLE
7112	???	????? ??? ????17? 4(???)	ELIGIBLE
7113	???	????? ??? ????124? 5 (???)	ELIGIBLE
7114	??? ??? ???	????? ??? ????55? 21 (???)	UNKNOWN
7115	??????	??? ??? ??? 646 (???)	ELIGIBLE
7116	????? ????	????? ??? ??? 319 (???)	UNKNOWN
7117	???? ???(OY)	????? ??? ???148? 48-12 (???)	ELIGIBLE
7118	?????	????? ??? ???? 521 (???)	UNKNOWN
7119	?? ?? ??	????? ??? ????116? 8	ELIGIBLE
7120	???	??? ??? ????152? 11	ELIGIBLE
7121	??	????? ??? ???146? 23,	ELIGIBLE
7122	????? ??????	????? ??? ???? 440 (???)	ELIGIBLE
7123	????	????? ??? ????112? 28 (???)	UNKNOWN
7124	????	????? ??? ????4? 6 ????????? ??2? 207?	ELIGIBLE
7125	???	????? ??? ????33? 24 (???)	ELIGIBLE
7126	????	????? ??? ???129? 5 (???)	ELIGIBLE
7127	??????	????? ??? ???99? 23, 1? 102? (???, 1?)	ELIGIBLE
7128	??? ??	???????? ??? 109? 5	UNKNOWN
7129	???? ????	????? ??? ????29? 5 (???)	ELIGIBLE
7130	????	????? ??? ????1? 40, ??1? (???)	ELIGIBLE
7131	????? ???	????? ??? ????96? 9(???)	ELIGIBLE
7132	made	????? ??? ???175? 17(???)	UNKNOWN
7133	??????????	????? ??? ???5? 50 (???)	UNKNOWN
7134	??????	????? ??? ????16? 31, ??1? (???)	UNKNOWN
7135	??????	??? ??? ????111?18	UNKNOWN
7136	????? ?????	????? ??? ????13? 16 (???)	UNKNOWN
7137	????(Puff Town)	????? ??? ???170? 28(???)	UNKNOWN
7138	????? ????? ??	????? ??? ????25? 20 (???)	ELIGIBLE
7139	?????	????? ??? ????62? 31,	UNKNOWN
7140	?????	????? ??? ???150? 45 (???)	ELIGIBLE
7141	??? ??	????? ??? ????87? 41, 1?, 2? (???)	ELIGIBLE
7142	???????	????? ??? ????2? 37 (???)	ELIGIBLE
7143	???	????? ??? ???? 123 (???)	UNKNOWN
7144	????	????? ??? ???5? 9 (???)	UNKNOWN
7145	????????	????? ??? ???113? 5 (???, ??????)	ELIGIBLE
7146	????	????? ??? ????51? 16,	ELIGIBLE
7147	?????????	??? ??? ??? 10? 4	UNKNOWN
7148	(?)???	????? ??? ???? 317 (???)	UNKNOWN
7149	???	????? ??? ???170? 37 (???)	ELIGIBLE
7150	???? ???	????? ??? ???3? 26 (???, ????????)	UNKNOWN
7151	????	????? ??? ???81? 43 (???, ??1?,??1?)	ELIGIBLE
7152	?????	???  ???  ??? 212, ?????? ??B?? 48-2?	UNKNOWN
7153	?? ???	????? ??? ???149? 51-1	ELIGIBLE
7154	?(THE)??	????? ??? ???28? 48 (???)	ELIGIBLE
7155	????????	??? ??? ??? 52(???)	UNKNOWN
7156	???? ??1??	????? ??? ???9? 48 (???)	ELIGIBLE
7157	???? ??? ????	?? ??? ????53? 32	UNKNOWN
7158	??? ???	????? ??? ??? 712(???)	ELIGIBLE
7159	??????	????? ??? ????11? 6 (???)	UNKNOWN
7160	???? ??13??	????? ??? ?????361? 6(???)	UNKNOWN
7161	??? ???? ??	????? ??? ????118? 35 (???)	ELIGIBLE
7162	??????????????2	????? ??? ??? 421	UNKNOWN
7163	???	????? ??? ???85? 13	ELIGIBLE
7164	???	????? ??? ??? 237, 102? (???)	ELIGIBLE
7165	????	??? ??? ???27? 5	ELIGIBLE
7166	?? ???	????? ??? ???? 322 (???)	ELIGIBLE
7167	?????	????? ??? ??? 623 (???)	ELIGIBLE
7168	????	????? ??? ???85? 47 (???)	ELIGIBLE
7169	(?) ??????	????? ??? ???? 412(???)	UNKNOWN
7170	????????????????	??? ??? ????86? 16	UNKNOWN
7171	????????7??	????? ??? ????118? 59 (???)	UNKNOWN
7172	?????	??? ??? ???4? 41	ELIGIBLE
7173	????? ??2?? ???	????? ??? ???51? 25 (???, ??SK-VIEW???)	UNKNOWN
7174	??????1??	????? ??? ??? 312 (???)	UNKNOWN
7175	???	????? ??? ????103? 8-7 (???)	UNKNOWN
7176	?????? ????	????? ??? ??? 420	ELIGIBLE
7177	????	??? ??? ????20? 15	ELIGIBLE
7178	??????	????? ??? ???152? 36(???)	ELIGIBLE
7179	????	????? ??? ???? 313 (???)	ELIGIBLE
7180	?????	??? ??? ????1? 20(???)	ELIGIBLE
7181	???????	????? ??? ????5? 7 B1	ELIGIBLE
7182	????	????? ??? ????4? 6(???)	ELIGIBLE
7183	????	????? ??? ????94? 14 (???)	UNKNOWN
7184	?????	????? ??? ???148? 14(???)	ELIGIBLE
7185	????	??? ??? ????18? 14(???)	ELIGIBLE
7186	??? ???	????? ??? ???86? 12 (???)	ELIGIBLE
7187	????	??? ??? ???77? 19(???)	ELIGIBLE
7188	???? ???	????? ??? ???? ?? 396(???)	UNKNOWN
7189	???? ???	????? ??? ??? 133 (???)	ELIGIBLE
7190	???	????? ??? ????81? 47(???)	ELIGIBLE
7191	???????? ???????????	????? ??? ??? 623 (???)	UNKNOWN
7192	?????	????? ??? ???? 214 (???)	ELIGIBLE
7193	?????	????? ??? ???93? 31 (???)	UNKNOWN
7194	???	????? ??? ????71? 31 (???)	ELIGIBLE
7195	????	????? ??? ????17? 4(???)	ELIGIBLE
7196	????	??? ??? ????20? 19	ELIGIBLE
7197	??????	????? ??? ????81? 62(???)	UNKNOWN
7198	???	????? ??? ???43? 7 (???)	ELIGIBLE
7199	???????	????? ??? ????? 2615 (???, ???????)	UNKNOWN
7200	????	????? ??? ????85? 6 (???)	ELIGIBLE
7201	???????	????? ??? ???82? 13-9 (???)	ELIGIBLE
7202	????	????? ??? ???82? 9-11(???)	ELIGIBLE
7203	????	????? ??? ???129? 3-6 (???)	ELIGIBLE
7204	??	????? ??? ???6? 10 (???)	ELIGIBLE
7205	?? ???	????? ??? ??? 204-5 (???)	ELIGIBLE
7206	????	????? ??? ????128? 27 (???, ?????????)	ELIGIBLE
7207	????	????? ??? ??? 192	ELIGIBLE
7208	???????	????? ??? ????2? 28 (???)	UNKNOWN
7209	(?)????? ????	????? ??? ???569? 13 (???)	UNKNOWN
7210	???????	????? ??? ????46? 14 ??1?	ELIGIBLE
7211	???	????? ??? ???84? 22	ELIGIBLE
7212	????	????? ??? ???? 210 (???)	ELIGIBLE
7213	???	????? ??? ???82? 13-17 (???)	ELIGIBLE
7214	?????? ???	????? ??? ????94? 67 (???)	UNKNOWN
7215	???? ???????	????? ??? ???63? 25 (???)	UNKNOWN
7216	?????? ???	????? ??? ???4? 13 (???)	ELIGIBLE
7217	????	??? ??? ????96? 37	UNKNOWN
7218	???? ??????	????? ??? ??? 343 (???)	ELIGIBLE
7219	????-????	????? ??? ???? 144 (???)	ELIGIBLE
7220	??	????? ??? ???98? 23 (???)	ELIGIBLE
7221	?? ?(HELLO PHO)	??? ??? ????128? 20	UNKNOWN
7222	???? ??1,2??	????? ??? ???9? 63(???)	UNKNOWN
7223	?????????	????? ??? ???? 230 (???, ???? 1?)	UNKNOWN
7224	???????	????? ??? ???150? 35 1? MK????	UNKNOWN
7225	??????	????? ??? ???158? 12 (???)	ELIGIBLE
7226	??????? ???	????? ??? ??? 510(???)	ELIGIBLE
7227	??????	????? ??? ???? 513, ??1? O - 110? (???, ???? ????)	ELIGIBLE
7228	??????	????? ??? ???96? 6 (???)	UNKNOWN
7229	?? ?	????? ??? ???107? 3-4	ELIGIBLE
7230	???	????? ??? ???150? 17(???)	ELIGIBLE
7231	???? ???? ??? ???	????? ??? ???93? 18 (???)	UNKNOWN
7232	?????? ???	????? ??? ??? 30 1? ??????	ELIGIBLE
7233	????	????? ??? ???67? 5 (???)	ELIGIBLE
7234	????? ????	????? ??? ???86? 24 (???)	ELIGIBLE
7235	???	????? ??? ????30? 51 (???)	ELIGIBLE
7236	??????? ???	????? ??? ???149? 73 (???)	ELIGIBLE
7237	???? ????	????? ??? ???85? 5-10 (???)	UNKNOWN
7238	?????	????? ??? ???9? 8 (???)	ELIGIBLE
7239	???? ????	????? ??? ???147? 36 (???)	UNKNOWN
7240	?????	????? ??? ???28? 5 (???)	ELIGIBLE
7241	??	????? ??? ???? 418 (???)	ELIGIBLE
7242	????	????? ??? ????28?13	ELIGIBLE
7243	?????	??? ??? ????84? 23(???)	UNKNOWN
7244	?????	????? ??? ????20? 13 (???)	ELIGIBLE
7245	??	??? ??? ???30? 49	ELIGIBLE
7246	????	????? ??? ??? 11 (???, ???? ????)	ELIGIBLE
7247	????	????? ??? ???28? 48(???)	ELIGIBLE
7248	????	????? ??? ????99? 47	ELIGIBLE
7249	?????	????? ??? ????156? 22(???)	UNKNOWN
7250	????	??? ??? ??? 81?5	ELIGIBLE
7251	???	????? ??? ?????378? 18 (???)	ELIGIBLE
7252	?? ??? ????	????? ??? ????112? 6 (???)	ELIGIBLE
7253	????  ???	????? ??? ??? 418 (???)	UNKNOWN
7254	???? ????? ????	????? ??? ????8? 36 (???)	UNKNOWN
7255	????	????? ??? ???14? 14 (???)	ELIGIBLE
7256	????? ????	????? ??? ??? 215 (???)	ELIGIBLE
7257	???? ????	????? ??? ????85? 17(???, ?????)	ELIGIBLE
7258	????	????? ??? ???121? 7 (???)	ELIGIBLE
7259	???	????? ??? ????92? 26 (???)	UNKNOWN
7260	????	????? ??? ????1? 26(???)	ELIGIBLE
7261	????	????? ??? ????16? 13-7 B201?	UNKNOWN
7262	??? ???	????? ??? ???30? 24 (???)	ELIGIBLE
7263	???	??? ??? ???85? 39	ELIGIBLE
7264	?? ???????	????? ??? ???? 330 (???)	ELIGIBLE
7265	????????	????? ??? ???111? 18, 1? (???)	UNKNOWN
7266	????	????? ??? ????30? 64(???, ????)	UNKNOWN
7267	????	????? ??? ???88? 5 (???, ?????)	ELIGIBLE
7268	???? ?? ? ???? (THE PRIVATE)	????? ??? ????87? 35 (???)	UNKNOWN
7269	????????	????? ??? ??? 224 (???)	UNKNOWN
7270	????4??	????? ??? ????8? 11-4 (???)	UNKNOWN
7271	????	????? ??? ???4? 16(???)	ELIGIBLE
7272	??????	????? ??? ??? 206 (???, ??????)	UNKNOWN
7273	???	????? ??? ???175? 25 (???)	ELIGIBLE
7274	???? ??	??? ??? ???? 210	UNKNOWN
7275	????	??? ??? ??? 10? 30	ELIGIBLE
7276	??????	????? ??? ???64? 49 (???)	ELIGIBLE
7277	???? ????	????? ??? ??? 520(???)	UNKNOWN
7278	???? ?????	????? ??? ???4? 15, 1? 107,108,109? (???, ??????)	UNKNOWN
7279	??? ??	????? ??? ????81? 51 (???)	UNKNOWN
7280	?????	????? ??? ????66? 6 (???)	UNKNOWN
7281	???? ?????	????? ??? ????53? 14 (???)	UNKNOWN
7282	???	??? ??? ??? 81? 22	ELIGIBLE
7283	????	????? ??? ??? 555 (???, ??? ??? ??)	ELIGIBLE
7284	?????The???	????? ??? ???132? 29 (???, 1?)	UNKNOWN
7285	???	????? ??? ???71? 11 (???)	ELIGIBLE
7286	?? ??? ???????	????? ??? ???148? 19 (???)	ELIGIBLE
7287	??????	??? ??? ???81? 29(1F)	UNKNOWN
7288	?????	????? ??? ????97? 4 (???)	UNKNOWN
7289	?????	??? ??? ???9? 8	UNKNOWN
7290	???	??? ????37? 13	ELIGIBLE
7291	???	????? ??? ???134? 17(???)	ELIGIBLE
7292	???	????? ??? ????? 2726 (???)	ELIGIBLE
7293	????	????? ??? ??? 333 (???)	ELIGIBLE
7294	????(???)	????? ??? ??? 711 (???)	ELIGIBLE
7295	???? ????	??? ??? ???? 94?10	UNKNOWN
7296	??? ??	????? ??? ???64? 23 (???)	ELIGIBLE
7297	?? ???	????? ??? ??? 340(???)	UNKNOWN
7298	?????????(???)	????? ??? ????4? 25(???)	UNKNOWN
7299	??? ????	????? ??? ????94? 89 (???)	ELIGIBLE
7300	???? ?????	????? ??? ???153? 10-5 (???)	UNKNOWN
7301	(?)????	????? ??? ????83? 33 (???)	UNKNOWN
7302	???	????? ??? ???51? 6 (???)	UNKNOWN
7303	???????	????? ??? ?????359? 20 (???)	UNKNOWN
7304	?? ???	????? ??? ??? 338 (???, ?????)	ELIGIBLE
7305	????	????? ??? ???89? 16 (???)	ELIGIBLE
7306	?????	????? ??? ???6? 37 (???)	ELIGIBLE
7307	???	??? ??? ????4?13-17	ELIGIBLE
7308	???? ?????	????? ??? ????62? 38 (???)	ELIGIBLE
7309	?????	????? ??? ???? 147 (???)	UNKNOWN
7310	?? ??	????? ??? ????53? 22, 1? (???)	ELIGIBLE
7311	?????????	????? ??? ???146? 11 (???)	ELIGIBLE
7312	???	??? ??? ????11? 18	ELIGIBLE
7313	???	????? ??? ????81? 56-6 (???)	UNKNOWN
7314	???	????? ??? ????87? 36 (???)	UNKNOWN
7315	??? ?????	????? ??? ???136? 10 (???)	UNKNOWN
7316	??????(???)	????? ??? ???82? 13-9 (???)	ELIGIBLE
7317	???????????	?? ??? ????15? 9	ELIGIBLE
7318	??? ???? ???	????? ??? ??? 218(???)	ELIGIBLE
7319	?	????? ??? ????42? 32 (???)	ELIGIBLE
7320	????	????? ??? ???85? 39 (???)	UNKNOWN
7321	????	????? ??? ????10? 36 ???? 1?	UNKNOWN
7322	??? ???	????? ??? ????156? 24(???)	ELIGIBLE
7323	???	????? ??? ???63? 23 (???)	ELIGIBLE
7324	??(PEAHEN)	????? ??? ????30? 39 (???)	ELIGIBLE
7325	????	??? ??? ????92? 6(???)	ELIGIBLE
7326	????	??? ??? ??? 405	ELIGIBLE
7327	?????(Jimmy's taco)	????? ??? ??? 452 (???)	UNKNOWN
7328	???	????? ??? ???94? 11, 2?? (???, ????)	ELIGIBLE
7329	?? ? ????	????? ??? ????128? 6 (???)	UNKNOWN
7330	????????	?? ??? ??? 425	UNKNOWN
7331	??	??? ??? ???129? 24	ELIGIBLE
7332	????	????? ??? ???? 510 (???)	ELIGIBLE
7333	?????	????? ??? ???3? 20-10(???)	ELIGIBLE
7334	???? ??	????? ??? ???5? 43(???)	ELIGIBLE
7335	????	????? ??? ???? 231 (???)	ELIGIBLE
7336	???????? ?????	????? ??? ???134? 25 (???)	ELIGIBLE
7337	???? ??????	????? ??? ??? 664 (???)	ELIGIBLE
7338	?? ?? ??	????? ??? ??? 615(???)	ELIGIBLE
7339	??	????? ??? ??? 621 (???)	ELIGIBLE
7340	????(??1??)	????? ??? ??? 129 (???)	ELIGIBLE
7341	????	????? ??? ???17? 64 (???)	UNKNOWN
7342	????????	????? ??? ????81? 46-3(???)	ELIGIBLE
7343	?????	????? ??? ????5? 11 (???)	ELIGIBLE
7344	(?)?????? ????	????? ??? ??? 634(???)	UNKNOWN
7345	??? ???24????	????? ??? ????57? 22 ???24 ? ???	ELIGIBLE
7346	(?)??????????	????? ??? ????57? 13 (???)	UNKNOWN
7347	????	??? ??? ????16? 16	UNKNOWN
7348	???? ?????	????? ??? ??? 319(???)	UNKNOWN
7349	????	????? ??? ????38? 29 ??1?  ????? ????	UNKNOWN
7350	??	????? ??? ??? 323 (???)	UNKNOWN
7351	???? ????? ?????	????? ??? ???135? 6(???)	UNKNOWN
7352	?? ???	????? ??? ????20? 11-1 ?????	ELIGIBLE
7353	?? ????	????? ??? ???31? 5 1? ??????	ELIGIBLE
7354	????	????? ??? ?????365? 17 (???)	ELIGIBLE
7355	??? ???	????? ??? ??? 420 (???)	ELIGIBLE
7356	???24??????? ??	??? ??? ???134? 35	ELIGIBLE
7357	???	????? ??? ????154? 33, 1? 101? (???)	UNKNOWN
7358	????? ???	????? ??? ???64? 9(???)	ELIGIBLE
7359	?????	????? ??? ????4? 46(???, ????????)	ELIGIBLE
7360	????.????	????? ??? ???136? 6 (???)	ELIGIBLE
7361	???	????? ??? ??? 125 ???????? 102?	ELIGIBLE
7362	??????	??? ??? ??? 4? 32	ELIGIBLE
7363	????	????? ??? ????118? 70, ??1? 102,103? (???)	ELIGIBLE
7364	????	????? ??? ???152? 26(???)	ELIGIBLE
7365	????	????? ??? ???17? 60, ??1? (???, ??? 738 ??)	ELIGIBLE
7366	?????	????? ??? ???97? 20, 1? 102? (???, ????)	ELIGIBLE
7367	????	????? ??? ????45? 5, 1? 1? (???)	ELIGIBLE
7368	magoggoro	????? ??? ????89? 19-4(???)	UNKNOWN
7369	????	??? ??? ??? 280	ELIGIBLE
7370	??????	????? ??? ??? 854 (???)	ELIGIBLE
7371	??	????? ??? ???93? 6 (???)	ELIGIBLE
7372	????	??? ??? ????152? 67	ELIGIBLE
7373	????	????? ??? ???82? 5-8 (???)	ELIGIBLE
7374	????	????? ??? ???4? 17 505? 707? ?????	UNKNOWN
7375	???	????? ??? ???133? 31 (???)	ELIGIBLE
7376	???	????? ??? ????2? 57	ELIGIBLE
7377	? ?? ????	????? ??? ???? 482(???)	ELIGIBLE
7378	?????	????? ??? ???93? 22-5 (???)	ELIGIBLE
7379	?????	????? ??? ???? 323 (???)	UNKNOWN
7380	?????	??? ??? ??? 726	ELIGIBLE
7381	????	????? ??? ???157? 27, 2? (???)	UNKNOWN
7382	??????????	??? ??? ????64? 24	ELIGIBLE
7383	????? ??	????? ??? ??? 280 (???)	ELIGIBLE
7384	???	????? ??? ????50? 5-12 (???)	ELIGIBLE
7385	????? ?????	????? ??? ???? 478 (???)	ELIGIBLE
7386	???????	????? ??? ???22? 14 (???)	ELIGIBLE
7387	????	????? ??? ???127? 7 (???)	ELIGIBLE
7388	???? ??	????? ??? ????1? 42-8 ????	UNKNOWN
7389	????	??? ??? ???? 124? 11	UNKNOWN
7390	???	????? ??? ???151? 17(???)	UNKNOWN
7391	??? ???	????? ??? ???? 308(???)	UNKNOWN
7392	???? ???	????? ??? ????118? 51 (???)	ELIGIBLE
7393	??????? ???	????? ??? ???104? 16 (???)	ELIGIBLE
7394	??????	????? ??? ???75? 4 (???)	ELIGIBLE
7395	????	????? ??? ????69? 30 (???)	ELIGIBLE
7396	????? ??????	????? ??? ????81? 53 (???)	UNKNOWN
7397	??? ??	????? ??? ????79? 38, 1? 101? (???, ????)	UNKNOWN
7398	???	????? ??? ???150? 37 (???)	ELIGIBLE
7399	???	????? ??? ????37? 5 (???)	ELIGIBLE
7400	?????????	????? ??? ???127? 5 (???)	UNKNOWN
7401	???	????? ??? ???93? 14-3 (???)	UNKNOWN
7402	????	????? ??? ???81? 3 (???)	ELIGIBLE
7403	???????	????? ??? ????68? 25 1?	ELIGIBLE
7404	??????? ???????	????? ??? ????112? 6 (???)	ELIGIBLE
7405	????? ????	????? ??? ???133? 18(???)	ELIGIBLE
7406	???? ????	????? ??? ????1? 48 (???)	UNKNOWN
7407	????	??? ??? ??? 350	ELIGIBLE
7408	??????	????? ??? ??? 514, 2? (???)	ELIGIBLE
7409	??? ??	????? ??? ????78? 16(???)	UNKNOWN
7410	??	????? ??? ????150? 10 (???)	ELIGIBLE
7411	????	????? ??? ??? 623 (???)	ELIGIBLE
7412	????	??? ??? ????152? 15	ELIGIBLE
7413	????	????? ??? ???? 103 (???)	ELIGIBLE
7414	???	????? ??? ???94? 28 (???)	ELIGIBLE
7415	???? ???	????? ??? ???96? 7 (???)	UNKNOWN
7416	??????	????? ??? ????136? 5-4(???)	ELIGIBLE
7417	???????	????? ??? ???4? 6 (???)	ELIGIBLE
7418	???????	????? ??? ????94? 28 (???)	UNKNOWN
7419	??? ???????	????? ??? ???? 113-22, ??1? 25? (????, ????)	UNKNOWN
7420	??????	????? ??? ????109? 35 101?(???)	UNKNOWN
7421	????????	????? ??? ??? 717(???)	UNKNOWN
7422	??????	??? ??? ??? 82? 13-9	ELIGIBLE
7423	????	????? ??? ????158? 15(???)	UNKNOWN
7424	????	????? ??? ???173? 13 (???)	ELIGIBLE
7425	????? ??	????? ??? ???56? 10, ??1? (???)	ELIGIBLE
7426	????	????? ??? ???? 721 1? ????	UNKNOWN
7427	????	????? ??? ??? 510 (???)	UNKNOWN
7428	???	????? ??? ????120? 40 (???)	ELIGIBLE
7429	??????2??	????? ??? ???58? 7 (???)	ELIGIBLE
7430	???? ????	????? ??? ????81? 13	UNKNOWN
7431	???????	????? ??? ????1? 34(???)	ELIGIBLE
7432	???	??? ??? ???98? 21	ELIGIBLE
7433	????????????	??? ??? ???569? 13	ELIGIBLE
7434	???	????? ??? ????58? 11(???)	ELIGIBLE
7435	???? ??	????? ??? ????120? 30 (???)	ELIGIBLE
7436	??24	????? ??? ????24? 11 (???)	UNKNOWN
7437	????? ??	?? ??? ???22? 12	ELIGIBLE
7438	????? ????	????? ??? ???9? 22 (???)	UNKNOWN
7439	?????	??? ??? ????232(???,?????)	ELIGIBLE
7440	????	????? ??? ??? 405, ??1? 108? (???)	ELIGIBLE
7441	?????	????? ??? ???85? 32(???)	UNKNOWN
7442	?????	????? ??? ????100? 12 (???)	UNKNOWN
7443	?????????	????? ??? ???2? 39 (???)	UNKNOWN
7444	?????	????? ??? ???? 415, ??1? ??9? (???, ????)	UNKNOWN
7445	???	??? ??? ???36? 21	ELIGIBLE
7446	??	????? ??? ???81? 44(???)	UNKNOWN
7447	???? ???	????? ??? ???? 94? 9	UNKNOWN
7448	??	????? ??? ????83? 17 (???)	ELIGIBLE
7449	?????	????? ??? ????118? 62 (???)	ELIGIBLE
7450	????	????? ??? ???75? 16 (???)	ELIGIBLE
7451	ebt(???)	????? ??? ???157? 55 (???)	UNKNOWN
7452	??	????? ??? ????20? 54(???)	UNKNOWN
7453	??? DeuxAmis	????? ??? ????11? 28 (???)	UNKNOWN
7454	(?)????????(??????)	????? ??? ???152? 37(???)	UNKNOWN
7455	???????	????? ??? ????51? 34(???)	ELIGIBLE
7456	??????	????? ??? ???131? 7	ELIGIBLE
7457	????	????? ??? ???64? 12 (???)	UNKNOWN
7458	?????????	????? ??? ??? 604 ?????1? ????	ELIGIBLE
7459	?????	??? ??? ???150? 48	UNKNOWN
7460	???	????? ??? ????30? 23 (???)	ELIGIBLE
7461	?????	????? ??? ??? 535(???)	ELIGIBLE
7462	???? ???	????? ??? ???95? 27(???)	ELIGIBLE
7463	(?)??????	????? ??? ???? 513 (???)	UNKNOWN
7464	????	??? ??? ???19?15	UNKNOWN
7465	??? ???	??? ??? ????37? 28	UNKNOWN
7466	???	????? ??? ??? 220-12 (???)	ELIGIBLE
7467	???	????? ??? ???5? 5 (???)	ELIGIBLE
7468	????????	????? ??? ??? 309 (???)	UNKNOWN
7469	?????	????? ??? ????88? 10 (???)	ELIGIBLE
7470	??????31 ?? ???	????? ??? ??? 196	UNKNOWN
7471	?????	????? ??? ???? 124 (???)	ELIGIBLE
7472	???????	????? ??? ????83? 29 (???)	ELIGIBLE
7473	???? ?? 13 (BBLO 13)	????? ??? ????8? 13, 1? (???)	UNKNOWN
7474	???	????? ??? ???167? 15 (???)	ELIGIBLE
7475	??	????? ??? ????29? 68 (????, ?????)	ELIGIBLE
7476	??????(?????)	????? ??? ????8? 11-7 (???)	UNKNOWN
7477	???? ???	????? ??? ????101? 9 (???)	UNKNOWN
7478	???? ???	????? ??? ???85? 23 (???)	ELIGIBLE
7479	????	????? ??? ????124? 3-6 3?	ELIGIBLE
7480	???	????? ??? ??? ? 721 ???????	UNKNOWN
7481	js garden	????? ??? ???? 318 (???)	UNKNOWN
7482	????	????? ??? ???42? 25	ELIGIBLE
7483	?????	????? ??? ??? 295 (???, ???? 103?)	UNKNOWN
7484	?????	??? ??? ???3? 14(???)	ELIGIBLE
7485	????	????? ??? ???75? 9 (???)	UNKNOWN
7486	??????(???)	????? ??? ????83? 14(???)	ELIGIBLE
7487	???? ?????	????? ??? ????128? 84, 1? (???, ????)	UNKNOWN
7488	????	????? ??? ??? 521 (???)	ELIGIBLE
7489	????	????? ??? ???9? 28 (???, ????) 5-1?	UNKNOWN
7490	(?)???? ???	????? ??? ???149? 12(???)	UNKNOWN
7491	??? ??? ???	????? ??? ???? 221 1???????	UNKNOWN
7492	?? ???	????? ??? ????100? 12 (???)	ELIGIBLE
7493	? ??? ??	????? ??? ???? 106?11	UNKNOWN
7494	???	????? ??? ???67? 50 (???)	ELIGIBLE
7495	??? ?? ???(Treats by Eunice)	????? ??? ???24? 37 ???? 102?	UNKNOWN
7496	?????	????? ??? ???82? 43 (???)	ELIGIBLE
7497	?????????	????? ??? ??? 414 ????1?	UNKNOWN
7498	???? ????	????? ??? ??? 338	UNKNOWN
7499	??? ????	??? ??? ??? 196	UNKNOWN
7500	?? ??? ??	??? ??? ????57? 5	ELIGIBLE
7501	???????	????? ??? ????51? 41 1?	ELIGIBLE
7502	??? ??????	????? ??? ???? 440 (???)	UNKNOWN
7503	????	????? ??? ????10? 30-10 (???)	ELIGIBLE
7504	(?)APO13	????? ??? ????14? 30 (???)	UNKNOWN
7505	??????	??? ??? ??? 454	UNKNOWN
7506	???	????? ??? ????33? 19 (???)	ELIGIBLE
7507	?????	????? ??? ??? 235, 2? (???)	ELIGIBLE
7508	?????	????? ??? ???63? 22 (???)	ELIGIBLE
7509	???(trid)	????? ??? ???162? 16, 2? (???)	ELIGIBLE
7510	??? ???	????? ??? ????55? 18(???)	ELIGIBLE
7511	(?)???????	????? ??? ????158? 46(???)	UNKNOWN
7512	????	????? ??? ???161? 27 (???)	ELIGIBLE
7513	???	????? ??? ???176? 28 (???)	ELIGIBLE
7514	???? ?????	????? ??? ???? 31-3(???)	UNKNOWN
7515	????	????? ??? ???? 521(???)	ELIGIBLE
7516	??????	??? ??? ???63? 23	UNKNOWN
7517	??????	????? ??? ???34? 8 (???)	ELIGIBLE
7518	?????	????? ??? ???101? 7 (???)	ELIGIBLE
7519	????? ????	????? ??? ????85? 9(???)	UNKNOWN
7520	??? ????	??? ??? ???16? 23	ELIGIBLE
7521	????? ????	????? ??? ???51? 22 (???, ??????)	UNKNOWN
7522	??? 1987	????? ??? ???85? 52(???)	ELIGIBLE
7523	?????(???)	????? ??? ????103? 6 ?????	UNKNOWN
7524	????	????? ??? ???86? 32(???)	ELIGIBLE
7525	???? ????	????? ??? ???148? 27 (???)	ELIGIBLE
7526	???	????? ??? ???2? 9 (???)	ELIGIBLE
7527	????????	??? ??? ??? 513	UNKNOWN
7528	?????? ????	????? ??? ???93? 12 (???)	UNKNOWN
7529	???????	????? ??? ??? 506, ??1? (???)	UNKNOWN
7530	????	????? ??? ????124? 23(???)	ELIGIBLE
7531	???????	????? ??? ????2? 53	ELIGIBLE
7532	(?) ????(???)	????? ??? ????79? 36 (???)	UNKNOWN
7533	??? ????	????? ??? ???63? 22 (???)	ELIGIBLE
7534	???????	????? ??? ???113? 12(???)	ELIGIBLE
7535	???	??? ??? ????25? 42	ELIGIBLE
7536	?????	????? ??? ????50? 10 (???, ??1?)	ELIGIBLE
7537	????	????? ??? ???152? 34 (???)	ELIGIBLE
7538	???????	????? ??? ???64? 11-5 (???)	ELIGIBLE
7539	??????	????? ??? ??? 180 (???)	UNKNOWN
7540	???(890)	????? ??? ????152? 26(???)	UNKNOWN
7541	???	????? ??? ????18? 12	ELIGIBLE
7542	????	??? ??? ???133? 8	UNKNOWN
7543	?????	??? ??? ???714	ELIGIBLE
7544	????????	????? ??? ???? 101	UNKNOWN
7545	???????	????? ??? ????81? 37(???)	ELIGIBLE
7546	???	????? ??? ????78? 26(???)	ELIGIBLE
7547	??	????? ??? ???? 308(???)	ELIGIBLE
