restaurant_id,external_merchant_id,komsco_name,komsco_address,komsco_lat,komsco_lon,kakao_candidate_count,kakao_candidates_json,naver_candidate_count,naver_candidates_json,kakao_no_result,naver_no_result,kakao_error,naver_error,kakao_gold_rank,naver_gold_rank,reviewer_note
9559,d060db16e889916add491c4defce1605,모우리,서울특별시 강남구 학동로2길 20 (논현동) 논현동 142-9번지 2층,37.5100543,127.0226261,5,"[{""provider"":""KAKAO"",""external_place_id"":""1285514239"",""name"":""모우리한우"",""category"":""음식점 > 한식 > 육류,고기"",""address"":""서울 강남구 논현동 142-9"",""road_address"":""서울 강남구 학동로2길 20"",""longitude"":127.022625475584,""latitude"":37.5100339202079,""phone"":""02-512-9291"",""detail_url"":""http://place.map.kakao.com/1285514239"",""distance"":""2"",""raw_metadata"":{""address_name"":""서울 강남구 논현동 142-9"",""category_group_code"":""FD6"",""category_group_name"":""음식점"",""category_name"":""음식점 > 한식 > 육류,고기"",""distance"":""2"",""id"":""1285514239"",""phone"":""02-512-9291"",""place_name"":""모우리한우"",""place_url"":""http://place.map.kakao.com/1285514239"",""road_address_name"":""서울 강남구 학동로2길 20"",""x"":""127.022625475584"",""y"":""37.5100339202079""}},{""provider"":""KAKAO"",""external_place_id"":""9003699"",""name"":""모우리직업소개소"",""category"":""서비스,산업 > 전문대행 > 직업소개,인력파견"",""address"":""서울 종로구 종로5가 58"",""road_address"":""서울 종로구 종로 225-1"",""longitude"":127.002838986624,""latitude"":37.5712283629408,""phone"":""02-764-0581"",""detail_url"":""http://place.map.kakao.com/9003699"",""distance"":""7011"",""raw_metadata"":{""address_name"":""서울 종로구 종로5가 58"",""category_group_code"":"""",""category_group_name"":"""",""category_name"":""서비스,산업 > 전문대행 > 직업소개,인력파견"",""distance"":""7011"",""id"":""9003699"",""phone"":""02-764-0581"",""place_name"":""모우리직업소개소"",""place_url"":""http://place.map.kakao.com/9003699"",""road_address_name"":""서울 종로구 종로 225-1"",""x"":""127.002838986624"",""y"":""37.5712283629408""}},{""provider"":""KAKAO"",""external_place_id"":""13727164"",""name"":""모우리 인테리어디자인스튜디오"",""category"":""서비스,산업 > 건설,건축 > 인테리어"",""address"":""서울 종로구 평창동 576-3"",""road_address"":""서울 종로구 평창길 59"",""longitude"":126.962802979152,""latitude"":37.6084551442488,""phone"":""02-545-5788"",""detail_url"":""http://place.map.kakao.com/13727164"",""distance"":""12133"",""raw_metadata"":{""address_name"":""서울 종로구 평창동 576-3"",""category_group_code"":"""",""category_group_name"":"""",""category_name"":""서비스,산업 > 건설,건축 > 인테리어"",""distance"":""12133"",""id"":""13727164"",""phone"":""02-545-5788"",""place_name"":""모우리 인테리어디자인스튜디오"",""place_url"":""http://place.map.kakao.com/13727164"",""road_address_name"":""서울 종로구 평창길 59"",""x"":""126.962802979152"",""y"":""37.6084551442488""}},{""provider"":""KAKAO"",""external_place_id"":""25233249"",""name"":""모우리골"",""category"":""여행 > 관광,명소 > 계곡"",""address"":""강원특별자치도 강릉시 사천면 노동리"",""road_address"":"""",""longitude"":128.832679390037,""latitude"":37.8181105713402,""phone"":"""",""detail_url"":""http://place.map.kakao.com/25233249"",""distance"":""163337"",""raw_metadata"":{""address_name"":""강원특별자치도 강릉시 사천면 노동리"",""category_group_code"":""AT4"",""category_group_name"":""관광명소"",""category_name"":""여행 > 관광,명소 > 계곡"",""distance"":""163337"",""id"":""25233249"",""phone"":"""",""place_name"":""모우리골"",""place_url"":""http://place.map.kakao.com/25233249"",""road_address_name"":"""",""x"":""128.832679390037"",""y"":""37.8181105713402""}},{""provider"":""KAKAO"",""external_place_id"":""23681174"",""name"":""모우리주유소"",""category"":""교통,수송 > 자동차 > 주유,가스 > 주유소 > 알뜰주유소"",""address"":""전남광주통합특별시 광산구 소촌동 378-2"",""road_address"":""전남광주통합특별시 광산구 소촌로 68"",""longitude"":126.793540011307,""latitude"":35.1504751148976,""phone"":""062-944-9553"",""detail_url"":""http://place.map.kakao.com/23681174"",""distance"":""262637"",""raw_metadata"":{""address_name"":""전남광주통합특별시 광산구 소촌동 378-2"",""category_group_code"":""OL7"",""category_group_name"":""주유소,충전소"",""category_name"":""교통,수송 > 자동차 > 주유,가스 > 주유소 > 알뜰주유소"",""distance"":""262637"",""id"":""23681174"",""phone"":""062-944-9553"",""place_name"":""모우리주유소"",""place_url"":""http://place.map.kakao.com/23681174"",""road_address_name"":""전남광주통합특별시 광산구 소촌로 68"",""x"":""126.793540011307"",""y"":""35.1504751148976""}}]",3,"[{""provider"":""NAVER_LOCAL"",""external_place_id"":"""",""name"":""모우리 한우"",""category"":""한식>소고기구이"",""address"":""서울특별시 강남구 논현동 142-9 2층"",""road_address"":""서울특별시 강남구 학동로2길 20 2층"",""longitude"":127.0226261,""latitude"":37.5100543,""phone"":"""",""detail_url"":""https://www.instagram.com/mo_woori"",""distance"":"""",""raw_metadata"":{""title"":""<b>모우리</b> 한우"",""link"":""https://www.instagram.com/mo_woori"",""category"":""한식>소고기구이"",""description"":"""",""telephone"":"""",""address"":""서울특별시 강남구 논현동 142-9 2층"",""roadAddress"":""서울특별시 강남구 학동로2길 20 2층"",""mapx"":""1270226261"",""mapy"":""375100543""}},{""provider"":""NAVER_LOCAL"",""external_place_id"":"""",""name"":""모우리"",""category"":""쇼핑,유통>화장품,향수"",""address"":""서울특별시 종로구 가회동 11-40"",""road_address"":""서울특별시 종로구 북촌로12길 5-10"",""longitude"":126.9855551,""latitude"":37.5822369,""phone"":"""",""detail_url"":"""",""distance"":"""",""raw_metadata"":{""title"":""<b>모우리</b>"",""link"":"""",""category"":""쇼핑,유통>화장품,향수"",""description"":"""",""telephone"":"""",""address"":""서울특별시 종로구 가회동 11-40"",""roadAddress"":""서울특별시 종로구 북촌로12길 5-10"",""mapx"":""1269855551"",""mapy"":""375822369""}},{""provider"":""NAVER_LOCAL"",""external_place_id"":"""",""name"":""모우리직업소개소"",""category"":""인력공급,고용알선>직업안내"",""address"":""서울특별시 종로구 종로5가 58 평창빌딩 302호 모우리직업소개소"",""road_address"":""서울특별시 종로구 종로 225-1 평창빌딩 302호 모우리직업소개소"",""longitude"":127.0028532,""latitude"":37.5712517,""phone"":"""",""detail_url"":""https://blog.naver.com/ahdnfl7094"",""distance"":"""",""raw_metadata"":{""title"":""<b>모우리</b>직업소개소"",""link"":""https://blog.naver.com/ahdnfl7094"",""category"":""인력공급,고용알선>직업안내"",""description"":"""",""telephone"":"""",""address"":""서울특별시 종로구 종로5가 58 평창빌딩 302호 모우리직업소개소"",""roadAddress"":""서울특별시 종로구 종로 225-1 평창빌딩 302호 모우리직업소개소"",""mapx"":""1270028532"",""mapy"":""375712517""}}]",false,false,,,,,
9571,6e5772191bbe0e83289a4e6fe8cbd3fd,피자스쿨 강남논현점,서울시 강남구 강남대로122길 41 102호,37.5088137,127.0262907,1,"[{""provider"":""KAKAO"",""external_place_id"":""23258691"",""name"":""피자스쿨 논현점"",""category"":""음식점 > 양식 > 피자 > 피자스쿨"",""address"":""서울 강남구 논현동 159-20"",""road_address"":""서울 강남구 강남대로122길 41"",""longitude"":127.026334871921,""latitude"":37.5087825569823,""phone"":""02-514-2500"",""detail_url"":""http://place.map.kakao.com/23258691"",""distance"":""5"",""raw_metadata"":{""address_name"":""서울 강남구 논현동 159-20"",""category_group_code"":""FD6"",""category_group_name"":""음식점"",""category_name"":""음식점 > 양식 > 피자 > 피자스쿨"",""distance"":""5"",""id"":""23258691"",""phone"":""02-514-2500"",""place_name"":""피자스쿨 논현점"",""place_url"":""http://place.map.kakao.com/23258691"",""road_address_name"":""서울 강남구 강남대로122길 41"",""x"":""127.026334871921"",""y"":""37.5087825569823""}}]",2,"[{""provider"":""NAVER_LOCAL"",""external_place_id"":"""",""name"":""피자스쿨 논현점"",""category"":""음식점>피자"",""address"":""서울특별시 강남구 논현동 159-20"",""road_address"":""서울특별시 강남구 강남대로122길 41"",""longitude"":127.026334,""latitude"":37.5087937,""phone"":"""",""detail_url"":"""",""distance"":"""",""raw_metadata"":{""title"":""<b>피자스쿨</b> <b>논현점</b>"",""link"":"""",""category"":""음식점>피자"",""description"":"""",""telephone"":"""",""address"":""서울특별시 강남구 논현동 159-20"",""roadAddress"":""서울특별시 강남구 강남대로122길 41"",""mapx"":""1270263340"",""mapy"":""375087937""}},{""provider"":""NAVER_LOCAL"",""external_place_id"":"""",""name"":""피자스쿨 에이플러스 청담점"",""category"":""음식점>피자"",""address"":""서울특별시 강남구 청담동 32-5 청수빌딩 2층"",""road_address"":""서울특별시 강남구 삼성로133길 12 청수빌딩 2층"",""longitude"":127.0485957,""latitude"":37.5196146,""phone"":"""",""detail_url"":""https://www.instagram.com/pizzaschool_official"",""distance"":"""",""raw_metadata"":{""title"":""<b>피자스쿨</b> 에이플러스 청담점"",""link"":""https://www.instagram.com/pizzaschool_official"",""category"":""음식점>피자"",""description"":"""",""telephone"":"""",""address"":""서울특별시 강남구 청담동 32-5 청수빌딩 2층"",""roadAddress"":""서울특별시 강남구 삼성로133길 12 청수빌딩 2층"",""mapx"":""1270485957"",""mapy"":""375196146""}}]",false,false,,,,,
9583,d76087fc516a1b7954eee6703a195ec5,파파존스 논현점,서울 강남구 학동로 328 1층 1층,37.516233,127.0389427,2,"[{""provider"":""KAKAO"",""external_place_id"":""1374795022"",""name"":""파파존스 논현점"",""category"":""음식점 > 양식 > 피자 > 파파존스"",""address"":""서울 강남구 논현동 240-3"",""road_address"":""서울 강남구 학동로 328"",""longitude"":127.038924821719,""latitude"":37.516221373551,""phone"":""02-511-8757"",""detail_url"":""http://place.map.kakao.com/1374795022"",""distance"":""2"",""raw_metadata"":{""address_name"":""서울 강남구 논현동 240-3"",""category_group_code"":""FD6"",""category_group_name"":""음식점"",""category_name"":""음식점 > 양식 > 피자 > 파파존스"",""distance"":""2"",""id"":""1374795022"",""phone"":""02-511-8757"",""place_name"":""파파존스 논현점"",""place_url"":""http://place.map.kakao.com/1374795022"",""road_address_name"":""서울 강남구 학동로 328"",""x"":""127.038924821719"",""y"":""37.516221373551""}},{""provider"":""KAKAO"",""external_place_id"":""26810274"",""name"":""파파존스 인천논현점"",""category"":""음식점 > 양식 > 피자 > 파파존스"",""address"":""인천 남동구 논현동 751-1"",""road_address"":""인천 남동구 소래역남로 40"",""longitude"":126.73213967672972,""latitude"":37.40013166805555,""phone"":""032-425-0140"",""detail_url"":""http://place.map.kakao.com/26810274"",""distance"":""30047"",""raw_metadata"":{""address_name"":""인천 남동구 논현동 751-1"",""category_group_code"":""FD6"",""category_group_name"":""음식점"",""category_name"":""음식점 > 양식 > 피자 > 파파존스"",""distance"":""30047"",""id"":""26810274"",""phone"":""032-425-0140"",""place_name"":""파파존스 인천논현점"",""place_url"":""http://place.map.kakao.com/26810274"",""road_address_name"":""인천 남동구 소래역남로 40"",""x"":""126.73213967672972"",""y"":""37.40013166805555""}}]",1,"[{""provider"":""NAVER_LOCAL"",""external_place_id"":"""",""name"":""파파존스 논현점"",""category"":""음식점>피자"",""address"":""서울특별시 강남구 논현동 240-3 1층"",""road_address"":""서울특별시 강남구 학동로 328 1층"",""longitude"":127.0389172,""latitude"":37.516249,""phone"":"""",""detail_url"":""https://blog.naver.com/papa_mania"",""distance"":"""",""raw_metadata"":{""title"":""<b>파파존스 논현점</b>"",""link"":""https://blog.naver.com/papa_mania"",""category"":""음식점>피자"",""description"":"""",""telephone"":"""",""address"":""서울특별시 강남구 논현동 240-3 1층"",""roadAddress"":""서울특별시 강남구 학동로 328 1층"",""mapx"":""1270389172"",""mapy"":""375162490""}}]",false,false,,,,,
9594,984ee758a63777ed63a09ffe745f58c7,돼지가엔푸드,서울특별시 강남구 봉은사로11길 6 (논현동) 지하1층,37.506358,127.0288218,0,[],1,"[{""provider"":""NAVER_LOCAL"",""external_place_id"":"""",""name"":""돼지가엔푸드"",""category"":""음식점>한식"",""address"":""서울특별시 강남구 논현동 180-13 1층/ 101호 돼지가바다에빠진날"",""road_address"":""서울특별시 강남구 강남대로118길 61 1층/ 101호 돼지가바다에빠진날"",""longitude"":127.0279026,""latitude"":37.5073154,""phone"":"""",""detail_url"":"""",""distance"":"""",""raw_metadata"":{""title"":""<b>돼지가엔푸드</b>"",""link"":"""",""category"":""음식점>한식"",""description"":"""",""telephone"":"""",""address"":""서울특별시 강남구 논현동 180-13 1층/ 101호 돼지가바다에빠진날"",""roadAddress"":""서울특별시 강남구 강남대로118길 61 1층/ 101호 돼지가바다에빠진날"",""mapx"":""1270279026"",""mapy"":""375073154""}}]",true,false,,,,,
9606,8b0e09234362e7a8c36322cfa0a01205,제이콥스플래닝앤디자인,서울특별시 강남구 학동로53길 3-12 (논현동) 제이콥스플래닝앤디자인,37.5171393,127.0394058,2,"[{""provider"":""KAKAO"",""external_place_id"":""2056521840"",""name"":""제이콥스플래닝앤디자인"",""category"":""문화,예술 > 공연,연극 > 공연기획"",""address"":""서울 강남구 논현동 119"",""road_address"":""서울 강남구 학동로 343"",""longitude"":127.04061314572309,""latitude"":37.51744256583398,""phone"":""02-6203-7329"",""detail_url"":""http://place.map.kakao.com/2056521840"",""distance"":""111"",""raw_metadata"":{""address_name"":""서울 강남구 논현동 119"",""category_group_code"":"""",""category_group_name"":"""",""category_name"":""문화,예술 > 공연,연극 > 공연기획"",""distance"":""111"",""id"":""2056521840"",""phone"":""02-6203-7329"",""place_name"":""제이콥스플래닝앤디자인"",""place_url"":""http://place.map.kakao.com/2056521840"",""road_address_name"":""서울 강남구 학동로 343"",""x"":""127.04061314572309"",""y"":""37.51744256583398""}},{""provider"":""KAKAO"",""external_place_id"":""776670227"",""name"":""제이콥스플래닝앤디자인"",""category"":""문화,예술 > 공연,연극 > 공연기획"",""address"":""서울 강동구 암사동 502-6"",""road_address"":""서울 강동구 상암로 29"",""longitude"":127.126959762641,""latitude"":37.5505723650668,""phone"":"""",""detail_url"":""http://place.map.kakao.com/776670227"",""distance"":""8582"",""raw_metadata"":{""address_name"":""서울 강동구 암사동 502-6"",""category_group_code"":"""",""category_group_name"":"""",""category_name"":""문화,예술 > 공연,연극 > 공연기획"",""distance"":""8582"",""id"":""776670227"",""phone"":"""",""place_name"":""제이콥스플래닝앤디자인"",""place_url"":""http://place.map.kakao.com/776670227"",""road_address_name"":""서울 강동구 상암로 29"",""x"":""127.126959762641"",""y"":""37.5505723650668""}}]",1,"[{""provider"":""NAVER_LOCAL"",""external_place_id"":"""",""name"":""제이콥스플래닝앤디자인"",""category"":""지원,대행>전시,행사대행"",""address"":""서울특별시 강남구 논현동 119 포바강남타워 8층"",""road_address"":""서울특별시 강남구 학동로 343 포바강남타워 8층"",""longitude"":127.0406303,""latitude"":37.5174481,""phone"":"""",""detail_url"":""https://www.jacops-pnd.com/"",""distance"":"""",""raw_metadata"":{""title"":""<b>제이콥스플래닝앤디자인</b>"",""link"":""https://www.jacops-pnd.com/"",""category"":""지원,대행>전시,행사대행"",""description"":"""",""telephone"":"""",""address"":""서울특별시 강남구 논현동 119 포바강남타워 8층"",""roadAddress"":""서울특별시 강남구 학동로 343 포바강남타워 8층"",""mapx"":""1270406303"",""mapy"":""375174481""}}]",false,false,,,,,
9617,941c1e1a6327a290d00c58b738ccd8c3,(주)에스지푸드 논현역 마성떡볶이,서울특별시 강남구 학동로 지하 102 (논현동) 지하 1층 732-102호 (논현역),,,0,[],0,[],true,true,,,,,
9619,9f8d1a40c78ab764c0aeac0bf3d72af8,우정양곱창,서울시 강남구 도산대로30길 23 1층,37.5184384,127.0301249,1,"[{""provider"":""KAKAO"",""external_place_id"":""1120567503"",""name"":""우정양곱창"",""category"":""음식점 > 한식 > 육류,고기 > 곱창,막창"",""address"":""서울 강남구 논현동 67-11"",""road_address"":""서울 강남구 도산대로30길 23"",""longitude"":127.030107335874,""latitude"":37.5184332106763,""phone"":"""",""detail_url"":""http://place.map.kakao.com/1120567503"",""distance"":""1"",""raw_metadata"":{""address_name"":""서울 강남구 논현동 67-11"",""category_group_code"":""FD6"",""category_group_name"":""음식점"",""category_name"":""음식점 > 한식 > 육류,고기 > 곱창,막창"",""distance"":""1"",""id"":""1120567503"",""phone"":"""",""place_name"":""우정양곱창"",""place_url"":""http://place.map.kakao.com/1120567503"",""road_address_name"":""서울 강남구 도산대로30길 23"",""x"":""127.030107335874"",""y"":""37.5184332106763""}}]",2,"[{""provider"":""NAVER_LOCAL"",""external_place_id"":"""",""name"":""우정양곱창"",""category"":""한식>곱창,막창,양"",""address"":""서울특별시 강남구 논현동 67-11 1층 우정양곱창"",""road_address"":""서울특별시 강남구 도산대로30길 23 1층 우정양곱창"",""longitude"":127.0300737,""latitude"":37.5184492,""phone"":"""",""detail_url"":""http://app.catchtable.co.kr/ct/shop/woojung"",""distance"":"""",""raw_metadata"":{""title"":""<b>우정양곱창</b>"",""link"":""http://app.catchtable.co.kr/ct/shop/woojung"",""category"":""한식>곱창,막창,양"",""description"":"""",""telephone"":"""",""address"":""서울특별시 강남구 논현동 67-11 1층 우정양곱창"",""roadAddress"":""서울특별시 강남구 도산대로30길 23 1층 우정양곱창"",""mapx"":""1270300737"",""mapy"":""375184492""}},{""provider"":""NAVER_LOCAL"",""external_place_id"":"""",""name"":""우정소곱창 부평 청천동"",""category"":""한식>곱창,막창,양"",""address"":""인천광역시 부평구 청천동 190-17 1층 우정소곱창"",""road_address"":""인천광역시 부평구 세월천로 35 1층 우정소곱창"",""longitude"":126.7055945,""latitude"":37.5127456,""phone"":"""",""detail_url"":"""",""distance"":"""",""raw_metadata"":{""title"":""<b>우정</b>소<b>곱창</b> 부평 청천동"",""link"":"""",""category"":""한식>곱창,막창,양"",""description"":"""",""telephone"":"""",""address"":""인천광역시 부평구 청천동 190-17 1층 우정소곱창"",""roadAddress"":""인천광역시 부평구 세월천로 35 1층 우정소곱창"",""mapx"":""1267055945"",""mapy"":""375127456""}}]",false,false,,,,,
9631,171bfc5a110b3b2f4d9fa86b416b3b92,"오늘, 와인한잔","서울특별시 강남구 봉은사로1길 33, 1층 (논현동) 오늘, 와인한잔",37.5068332,127.0241392,15,"[{""provider"":""KAKAO"",""external_place_id"":""788788934"",""name"":""오늘와인한잔 논현점"",""category"":""음식점 > 술집 > 와인바"",""address"":""서울 강남구 논현동 165-13"",""road_address"":""서울 강남구 봉은사로1길 33"",""longitude"":127.02418078257469,""latitude"":37.50688910526204,""phone"":""0507-1324-5156"",""detail_url"":""http://place.map.kakao.com/788788934"",""distance"":""7"",""raw_metadata"":{""address_name"":""서울 강남구 논현동 165-13"",""category_group_code"":""FD6"",""category_group_name"":""음식점"",""category_name"":""음식점 > 술집 > 와인바"",""distance"":""7"",""id"":""788788934"",""phone"":""0507-1324-5156"",""place_name"":""오늘와인한잔 논현점"",""place_url"":""http://place.map.kakao.com/788788934"",""road_address_name"":""서울 강남구 봉은사로1길 33"",""x"":""127.02418078257469"",""y"":""37.50688910526204""}},{""provider"":""KAKAO"",""external_place_id"":""433057894"",""name"":""오늘와인 한잔 강남역1번출구점"",""category"":""음식점 > 술집 > 와인바"",""address"":""서울 강남구 역삼동 825-20"",""road_address"":""서울 강남구 테헤란로4길 6"",""longitude"":127.029298371216,""latitude"":37.4977283224454,""phone"":""02-555-9132"",""detail_url"":""http://place.map.kakao.com/433057894"",""distance"":""1108"",""raw_metadata"":{""address_name"":""서울 강남구 역삼동 825-20"",""category_group_code"":""FD6"",""category_group_name"":""음식점"",""category_name"":""음식점 > 술집 > 와인바"",""distance"":""1108"",""id"":""433057894"",""phone"":""02-555-9132"",""place_name"":""오늘와인 한잔 강남역1번출구점"",""place_url"":""http://place.map.kakao.com/433057894"",""road_address_name"":""서울 강남구 테헤란로4길 6"",""x"":""127.029298371216"",""y"":""37.4977283224454""}},{""provider"":""KAKAO"",""external_place_id"":""1175392479"",""name"":""오늘와인한잔 매봉역점"",""category"":""음식점 > 양식"",""address"":""서울 강남구 도곡동 416-1"",""road_address"":""서울 강남구 논현로38길 26"",""longitude"":127.043693775914,""latitude"":37.485279161596,""phone"":""02-6953-4161"",""detail_url"":""http://place.map.kakao.com/1175392479"",""distance"":""2951"",""raw_metadata"":{""address_name"":""서울 강남구 도곡동 416-1"",""category_group_code"":""FD6"",""category_group_name"":""음식점"",""category_name"":""음식점 > 양식"",""distance"":""2951"",""id"":""1175392479"",""phone"":""02-6953-4161"",""place_name"":""오늘와인한잔 매봉역점"",""place_url"":""http://place.map.kakao.com/1175392479"",""road_address_name"":""서울 강남구 논현로38길 26"",""x"":""127.043693775914"",""y"":""37.485279161596""}},{""provider"":""KAKAO"",""external_place_id"":""980574900"",""name"":""오늘와인한잔 사당점"",""category"":""음식점 > 술집 > 와인바"",""address"":""서울 서초구 방배동 451-11"",""road_address"":""서울 서초구 방배천로4길 15"",""longitude"":126.98354462581399,""latitude"":37.4780293692269,""phone"":""02-6465-9555"",""detail_url"":""http://place.map.kakao.com/980574900"",""distance"":""4807"",""raw_metadata"":{""address_name"":""서울 서초구 방배동 451-11"",""category_group_code"":""FD6"",""category_group_name"":""음식점"",""category_name"":""음식점 > 술집 > 와인바"",""distance"":""4807"",""id"":""980574900"",""phone"":""02-6465-9555"",""place_name"":""오늘와인한잔 사당점"",""place_url"":""http://place.map.kakao.com/980574900"",""road_address_name"":""서울 서초구 방배천로4길 15"",""x"":""126.98354462581399"",""y"":""37.4780293692269""}},{""provider"":""KAKAO"",""external_place_id"":""1172827902"",""name"":""오늘와인한잔 신림역"",""category"":""음식점 > 술집 > 와인바"",""address"":""서울 관악구 신림동 1639-27"",""road_address"":""서울 관악구 남부순환로176길 8"",""longitude"":126.928208371302,""latitude"":37.4835436024679,""phone"":""070-7543-5031"",""detail_url"":""http://place.map.kakao.com/1172827902"",""distance"":""8868"",""raw_metadata"":{""address_name"":""서울 관악구 신림동 1639-27"",""category_group_code"":""FD6"",""category_group_name"":""음식점"",""category_name"":""음식점 > 술집 > 와인바"",""distance"":""8868"",""id"":""1172827902"",""phone"":""070-7543-5031"",""place_name"":""오늘와인한잔 신림역"",""place_url"":""http://place.map.kakao.com/1172827902"",""road_address_name"":""서울 관악구 남부순환로176길 8"",""x"":""126.928208371302"",""y"":""37.4835436024679""}},{""provider"":""KAKAO"",""external_place_id"":""2017093554"",""name"":""오늘와인한잔 과천중앙점"",""category"":""음식점 > 술집 > 와인바"",""address"":""경기 과천시 중앙동 38"",""road_address"":""경기 과천시 관문로 92"",""longitude"":126.99029581065834,""latitude"":37.42979437663336,""phone"":"""",""detail_url"":""http://place.map.kakao.com/2017093554"",""distance"":""9059"",""raw_metadata"":{""address_name"":""경기 과천시 중앙동 38"",""category_group_code"":""FD6"",""category_group_name"":""음식점"",""category_name"":""음식점 > 술집 > 와인바"",""distance"":""9059"",""id"":""2017093554"",""phone"":"""",""place_name"":""오늘와인한잔 과천중앙점"",""place_url"":""http://place.map.kakao.com/2017093554"",""road_address_name"":""경기 과천시 관문로 92"",""x"":""126.99029581065834"",""y"":""37.42979437663336""}},{""provider"":""KAKAO"",""external_place_id"":""1185614071"",""name"":""오늘와인한잔 오목교가든점"",""category"":""음식점 > 술집 > 와인바"",""address"":""서울 양천구 목동 406-180"",""road_address"":""서울 양천구 오목로 337"",""longitude"":126.874935806967,""latitude"":37.5248039916435,""phone"":"""",""detail_url"":""http://place.map.kakao.com/1185614071"",""distance"":""13340"",""raw_metadata"":{""address_name"":""서울 양천구 목동 406-180"",""category_group_code"":""FD6"",""category_group_name"":""음식점"",""category_name"":""음식점 > 술집 > 와인바"",""distance"":""13340"",""id"":""1185614071"",""phone"":"""",""place_name"":""오늘와인한잔 오목교가든점"",""place_url"":""http://place.map.kakao.com/1185614071"",""road_address_name"":""서울 양천구 오목로 337"",""x"":""126.874935806967"",""y"":""37.5248039916435""}},{""provider"":""KAKAO"",""external_place_id"":""435458500"",""name"":""오늘와인한잔 상암점"",""category"":""음식점 > 술집 > 와인바"",""address"":""서울 마포구 상암동 14-3"",""road_address"":""서울 마포구 월드컵북로48길 38"",""longitude"":126.89562696573573,""latitude"":37.57738740714372,""phone"":""02-304-5152"",""detail_url"":""http://place.map.kakao.com/435458500"",""distance"":""13795"",""raw_metadata"":{""address_name"":""서울 마포구 상암동 14-3"",""category_group_code"":""FD6"",""category_group_name"":""음식점"",""category_name"":""음식점 > 술집 > 와인바"",""distance"":""13795"",""id"":""435458500"",""phone"":""02-304-5152"",""place_name"":""오늘와인한잔 상암점"",""place_url"":""http://place.map.kakao.com/435458500"",""road_address_name"":""서울 마포구 월드컵북로48길 38"",""x"":""126.89562696573573"",""y"":""37.57738740714372""}},{""provider"":""KAKAO"",""external_place_id"":""1429477107"",""name"":""오늘와인한잔 야탑점"",""category"":""음식점 > 술집 > 와인바"",""address"":""경기 성남시 분당구 야탑동 372-1"",""road_address"":""경기 성남시 분당구 장미로100번길 29"",""longitude"":127.13064581705494,""latitude"":37.41174457524113,""phone"":""031-708-1306"",""detail_url"":""http://place.map.kakao.com/1429477107"",""distance"":""14147"",""raw_metadata"":{""address_name"":""경기 성남시 분당구 야탑동 372-1"",""category_group_code"":""FD6"",""category_group_name"":""음식점"",""category_name"":""음식점 > 술집 > 와인바"",""distance"":""14147"",""id"":""1429477107"",""phone"":""031-708-1306"",""place_name"":""오늘와인한잔 야탑점"",""place_url"":""http://place.map.kakao.com/1429477107"",""road_address_name"":""경기 성남시 분당구 장미로100번길 29"",""x"":""127.13064581705494"",""y"":""37.41174457524113""}},{""provider"":""KAKAO"",""external_place_id"":""140099846"",""name"":""오늘와인한잔 판교점"",""category"":""음식점 > 술집 > 와인바"",""address"":""경기 성남시 분당구 삼평동 653"",""road_address"":""경기 성남시 분당구 대왕판교로606번길 45"",""longitude"":127.11206502988446,""latitude"":37.39697790439434,""phone"":"""",""detail_url"":""http://place.map.kakao.com/140099846"",""distance"":""14463"",""raw_metadata"":{""address_name"":""경기 성남시 분당구 삼평동 653"",""category_group_code"":""FD6"",""category_group_name"":""음식점"",""category_name"":""음식점 > 술집 > 와인바"",""distance"":""14463"",""id"":""140099846"",""phone"":"""",""place_name"":""오늘와인한잔 판교점"",""place_url"":""http://place.map.kakao.com/140099846"",""road_address_name"":""경기 성남시 분당구 대왕판교로606번길 45"",""x"":""127.11206502988446"",""y"":""37.39697790439434""}},{""provider"":""KAKAO"",""external_place_id"":""1580685083"",""name"":""오늘와인 한잔 광명역점"",""category"":""음식점 > 술집 > 와인바"",""address"":""경기 광명시 일직동 510-10"",""road_address"":""경기 광명시 일직로12번길 19"",""longitude"":126.88272278769212,""latitude"":37.42105079476925,""phone"":""070-8836-3988"",""detail_url"":""http://place.map.kakao.com/1580685083"",""distance"":""15721"",""raw_metadata"":{""address_name"":""경기 광명시 일직동 510-10"",""category_group_code"":""FD6"",""category_group_name"":""음식점"",""category_name"":""음식점 > 술집 > 와인바"",""distance"":""15721"",""id"":""1580685083"",""phone"":""070-8836-3988"",""place_name"":""오늘와인 한잔 광명역점"",""place_url"":""http://place.map.kakao.com/1580685083"",""road_address_name"":""경기 광명시 일직로12번길 19"",""x"":""126.88272278769212"",""y"":""37.42105079476925""}},{""provider"":""KAKAO"",""external_place_id"":""439263522"",""name"":""오늘와인한잔 서현에스점"",""category"":""음식점 > 술집 > 와인바"",""address"":""경기 성남시 분당구 서현동 88"",""road_address"":""경기 성남시 분당구 중앙공원로39번길 49"",""longitude"":127.125132184212,""latitude"":37.3837648214078,""phone"":"""",""detail_url"":""http://place.map.kakao.com/439263522"",""distance"":""16322"",""raw_metadata"":{""address_name"":""경기 성남시 분당구 서현동 88"",""category_group_code"":""FD6"",""category_group_name"":""음식점"",""category_name"":""음식점 > 술집 > 와인바"",""distance"":""16322"",""id"":""439263522"",""phone"":"""",""place_name"":""오늘와인한잔 서현에스점"",""place_url"":""http://place.map.kakao.com/439263522"",""road_address_name"":""경기 성남시 분당구 중앙공원로39번길 49"",""x"":""127.125132184212"",""y"":""37.3837648214078""}},{""provider"":""KAKAO"",""external_place_id"":""13663915"",""name"":""오늘와인한잔 양천향교역점"",""category"":""음식점 > 술집 > 와인바"",""address"":""서울 강서구 마곡동 776"",""road_address"":""서울 강서구 마곡동로10길 23"",""longitude"":126.83924642734047,""latitude"":37.568581749084714,""phone"":""02-3665-4294"",""detail_url"":""http://place.map.kakao.com/13663915"",""distance"":""17719"",""raw_metadata"":{""address_name"":""서울 강서구 마곡동 776"",""category_group_code"":""FD6"",""category_group_name"":""음식점"",""category_name"":""음식점 > 술집 > 와인바"",""distance"":""17719"",""id"":""13663915"",""phone"":""02-3665-4294"",""place_name"":""오늘와인한잔 양천향교역점"",""place_url"":""http://place.map.kakao.com/13663915"",""road_address_name"":""서울 강서구 마곡동로10길 23"",""x"":""126.83924642734047"",""y"":""37.568581749084714""}},{""provider"":""KAKAO"",""external_place_id"":""1980508369"",""name"":""오늘와인한잔 별내로데오점"",""category"":""음식점 > 술집 > 와인바"",""address"":""경기 남양주시 별내동 1022-1"",""road_address"":""경기 남양주시 별내중앙로57번길 3"",""longitude"":127.123001040872,""latitude"":37.6474546515242,""phone"":"""",""detail_url"":""http://place.map.kakao.com/1980508369"",""distance"":""17884"",""raw_metadata"":{""address_name"":""경기 남양주시 별내동 1022-1"",""category_group_code"":""FD6"",""category_group_name"":""음식점"",""category_name"":""음식점 > 술집 > 와인바"",""distance"":""17884"",""id"":""1980508369"",""phone"":"""",""place_name"":""오늘와인한잔 별내로데오점"",""place_url"":""http://place.map.kakao.com/1980508369"",""road_address_name"":""경기 남양주시 별내중앙로57번길 3"",""x"":""127.123001040872"",""y"":""37.6474546515242""}},{""provider"":""KAKAO"",""external_place_id"":""611548625"",""name"":""오늘와인한잔 용인보정동점"",""category"":""음식점 > 술집 > 와인바"",""address"":""경기 용인시 기흥구 보정동 1193-4"",""road_address"":""경기 용인시 기흥구 죽전로15번길 7-9"",""longitude"":127.1095492530017,""latitude"":37.321149810832466,""phone"":"""",""detail_url"":""http://place.map.kakao.com/611548625"",""distance"":""21951"",""raw_metadata"":{""address_name"":""경기 용인시 기흥구 보정동 1193-4"",""category_group_code"":""FD6"",""category_group_name"":""음식점"",""category_name"":""음식점 > 술집 > 와인바"",""distance"":""21951"",""id"":""611548625"",""phone"":"""",""place_name"":""오늘와인한잔 용인보정동점"",""place_url"":""http://place.map.kakao.com/611548625"",""road_address_name"":""경기 용인시 기흥구 죽전로15번길 7-9"",""x"":""127.1095492530017"",""y"":""37.321149810832466""}}]",1,"[{""provider"":""NAVER_LOCAL"",""external_place_id"":"""",""name"":""오늘와인한잔 강남역1번출구점"",""category"":""술집>와인"",""address"":""서울특별시 강남구 역삼동 825-20 센트럴푸루지오시티 2층 217호 오늘와인한잔"",""road_address"":""서울특별시 강남구 테헤란로4길 6 센트럴푸루지오시티 2층 217호 오늘와인한잔"",""longitude"":127.0295869,""latitude"":37.4976863,""phone"":"""",""detail_url"":""https://www.instagram.com/oneul_wine/"",""distance"":"""",""raw_metadata"":{""title"":""<b>오늘</b><b>와인한잔</b> 강남역1번출구점"",""link"":""https://www.instagram.com/oneul_wine/"",""category"":""술집>와인"",""description"":"""",""telephone"":"""",""address"":""서울특별시 강남구 역삼동 825-20 센트럴푸루지오시티 2층 217호 오늘와인한잔"",""roadAddress"":""서울특별시 강남구 테헤란로4길 6 센트럴푸루지오시티 2층 217호 오늘와인한잔"",""mapx"":""1270295869"",""mapy"":""374976863""}}]",false,false,,,,,
9643,3a403f5d0faadbc5036cf975188bd18e,반포식스선정릉역점,서울시 강남구 선릉로 603 2층,37.5107792,127.0434777,1,"[{""provider"":""KAKAO"",""external_place_id"":""26101395"",""name"":""반포식스 선정릉역점"",""category"":""음식점 > 아시아음식 > 동남아음식"",""address"":""서울 강남구 논현동 278-7"",""road_address"":""서울 강남구 선릉로 603"",""longitude"":127.04347789294,""latitude"":37.5107669091551,""phone"":""02-542-7678"",""detail_url"":""http://place.map.kakao.com/26101395"",""distance"":""1"",""raw_metadata"":{""address_name"":""서울 강남구 논현동 278-7"",""category_group_code"":""FD6"",""category_group_name"":""음식점"",""category_name"":""음식점 > 아시아음식 > 동남아음식"",""distance"":""1"",""id"":""26101395"",""phone"":""02-542-7678"",""place_name"":""반포식스 선정릉역점"",""place_url"":""http://place.map.kakao.com/26101395"",""road_address_name"":""서울 강남구 선릉로 603"",""x"":""127.04347789294"",""y"":""37.5107669091551""}}]",1,"[{""provider"":""NAVER_LOCAL"",""external_place_id"":"""",""name"":""반포식스 선정릉역점"",""category"":""음식점>베트남음식"",""address"":""서울특별시 강남구 논현동 278-7 2층"",""road_address"":""서울특별시 강남구 선릉로 603 2층"",""longitude"":127.0434756,""latitude"":37.5108012,""phone"":"""",""detail_url"":""http://www.banhpho6.com/"",""distance"":"""",""raw_metadata"":{""title"":""<b>반포식스 선정릉역점</b>"",""link"":""http://www.banhpho6.com/"",""category"":""음식점>베트남음식"",""description"":"""",""telephone"":"""",""address"":""서울특별시 강남구 논현동 278-7 2층"",""roadAddress"":""서울특별시 강남구 선릉로 603 2층"",""mapx"":""1270434756"",""mapy"":""375108012""}}]",false,false,,,,,
9654,41fce4115743043e1bbc31eb1a3b5dcd,지리산,서울특별시 강남구 학동로43길 7 (논현동) 지상,37.5165902,127.0372315,15,"[{""provider"":""KAKAO"",""external_place_id"":""16475071"",""name"":""지리산"",""category"":""음식점 > 한식"",""address"":""서울 강남구 논현동 115-6"",""road_address"":""서울 강남구 학동로43길 7"",""longitude"":127.037228291482,""latitude"":37.5165859258998,""phone"":""02-546-3120"",""detail_url"":""http://place.map.kakao.com/16475071"",""distance"":""0"",""raw_metadata"":{""address_name"":""서울 강남구 논현동 115-6"",""category_group_code"":""FD6"",""category_group_name"":""음식점"",""category_name"":""음식점 > 한식"",""distance"":""0"",""id"":""16475071"",""phone"":""02-546-3120"",""place_name"":""지리산"",""place_url"":""http://place.map.kakao.com/16475071"",""road_address_name"":""서울 강남구 학동로43길 7"",""x"":""127.037228291482"",""y"":""37.5165859258998""}},{""provider"":""KAKAO"",""external_place_id"":""16037952"",""name"":""유정식당"",""category"":""음식점 > 한식"",""address"":""서울 강남구 논현동 8-8"",""road_address"":""서울 강남구 도산대로28길 14"",""longitude"":127.028093809321,""latitude"":37.5183363984135,""phone"":""02-511-4592"",""detail_url"":""http://place.map.kakao.com/16037952"",""distance"":""830"",""raw_metadata"":{""address_name"":""서울 강남구 논현동 8-8"",""category_group_code"":""FD6"",""category_group_name"":""음식점"",""category_name"":""음식점 > 한식"",""distance"":""830"",""id"":""16037952"",""phone"":""02-511-4592"",""place_name"":""유정식당"",""place_url"":""http://place.map.kakao.com/16037952"",""road_address_name"":""서울 강남구 도산대로28길 14"",""x"":""127.028093809321"",""y"":""37.5183363984135""}},{""provider"":""KAKAO"",""external_place_id"":""1099519916"",""name"":""지리산꿀통갈비 자양점"",""category"":""음식점 > 한식 > 육류,고기 > 갈비"",""address"":""서울 광진구 자양동 601-9"",""road_address"":""서울 광진구 자양번영로 26"",""longitude"":127.075521767063,""latitude"":37.5319486575411,""phone"":""02-6401-0365"",""detail_url"":""http://place.map.kakao.com/1099519916"",""distance"":""3789"",""raw_metadata"":{""address_name"":""서울 광진구 자양동 601-9"",""category_group_code"":""FD6"",""category_group_name"":""음식점"",""category_name"":""음식점 > 한식 > 육류,고기 > 갈비"",""distance"":""3789"",""id"":""1099519916"",""phone"":""02-6401-0365"",""place_name"":""지리산꿀통갈비 자양점"",""place_url"":""http://place.map.kakao.com/1099519916"",""road_address_name"":""서울 광진구 자양번영로 26"",""x"":""127.075521767063"",""y"":""37.5319486575411""}},{""provider"":""KAKAO"",""external_place_id"":""1459407554"",""name"":""청정지리산흑돈"",""category"":""음식점 > 한식 > 육류,고기"",""address"":""서울 광진구 자양동 605-4"",""road_address"":""서울 광진구 자양번영로4길 59-14"",""longitude"":127.07900928838345,""latitude"":37.53145803326685,""phone"":""02-457-5751"",""detail_url"":""http://place.map.kakao.com/1459407554"",""distance"":""4044"",""raw_metadata"":{""address_name"":""서울 광진구 자양동 605-4"",""category_group_code"":""FD6"",""category_group_name"":""음식점"",""category_name"":""음식점 > 한식 > 육류,고기"",""distance"":""4044"",""id"":""1459407554"",""phone"":""02-457-5751"",""place_name"":""청정지리산흑돈"",""place_url"":""http://place.map.kakao.com/1459407554"",""road_address_name"":""서울 광진구 자양번영로4길 59-14"",""x"":""127.07900928838345"",""y"":""37.53145803326685""}},{""provider"":""KAKAO"",""external_place_id"":""13508959"",""name"":""지리산쌍계한의원"",""category"":""의료,건강 > 병원 > 한의원"",""address"":""서울 강남구 개포동 158-12"",""road_address"":""서울 강남구 선릉로 26"",""longitude"":127.06148697713105,""latitude"":37.482253764118376,""phone"":""02-3462-1075"",""detail_url"":""http://place.map.kakao.com/13508959"",""distance"":""4372"",""raw_metadata"":{""address_name"":""서울 강남구 개포동 158-12"",""category_group_code"":"""",""category_group_name"":"""",""category_name"":""의료,건강 > 병원 > 한의원"",""distance"":""4372"",""id"":""13508959"",""phone"":""02-3462-1075"",""place_name"":""지리산쌍계한의원"",""place_url"":""http://place.map.kakao.com/13508959"",""road_address_name"":""서울 강남구 선릉로 26"",""x"":""127.06148697713105"",""y"":""37.482253764118376""}},{""provider"":""KAKAO"",""external_place_id"":""20943302"",""name"":""지리산스님철학"",""category"":""가정,생활 > 운명감정 > 철학원"",""address"":""서울 중구 신당동 369-83"",""road_address"":""서울 중구 다산로 124"",""longitude"":127.011004880226,""latitude"":37.5547865003031,""phone"":"""",""detail_url"":""http://place.map.kakao.com/20943302"",""distance"":""4831"",""raw_metadata"":{""address_name"":""서울 중구 신당동 369-83"",""category_group_code"":"""",""category_group_name"":"""",""category_name"":""가정,생활 > 운명감정 > 철학원"",""distance"":""4831"",""id"":""20943302"",""phone"":"""",""place_name"":""지리산스님철학"",""place_url"":""http://place.map.kakao.com/20943302"",""road_address_name"":""서울 중구 다산로 124"",""x"":""127.011004880226"",""y"":""37.5547865003031""}},{""provider"":""KAKAO"",""external_place_id"":""16298434"",""name"":""지리산청정흑돼지 방배점"",""category"":""음식점 > 한식 > 육류,고기"",""address"":""서울 서초구 방배동 915-7"",""road_address"":""서울 서초구 효령로27길 7"",""longitude"":126.995255952263,""latitude"":37.4811425057799,""phone"":""02-588-2364"",""detail_url"":""http://place.map.kakao.com/16298434"",""distance"":""5408"",""raw_metadata"":{""address_name"":""서울 서초구 방배동 915-7"",""category_group_code"":""FD6"",""category_group_name"":""음식점"",""category_name"":""음식점 > 한식 > 육류,고기"",""distance"":""5408"",""id"":""16298434"",""phone"":""02-588-2364"",""place_name"":""지리산청정흑돼지 방배점"",""place_url"":""http://place.map.kakao.com/16298434"",""road_address_name"":""서울 서초구 효령로27길 7"",""x"":""126.995255952263"",""y"":""37.4811425057799""}},{""provider"":""KAKAO"",""external_place_id"":""55239899"",""name"":""지리산정육식당"",""category"":""음식점 > 한식 > 육류,고기"",""address"":""서울 광진구 구의동 199-22"",""road_address"":""서울 광진구 광나루로54길 38"",""longitude"":127.095135558903,""latitude"":37.5392479060184,""phone"":""02-477-2378"",""detail_url"":""http://place.map.kakao.com/55239899"",""distance"":""5702"",""raw_metadata"":{""address_name"":""서울 광진구 구의동 199-22"",""category_group_code"":""FD6"",""category_group_name"":""음식점"",""category_name"":""음식점 > 한식 > 육류,고기"",""distance"":""5702"",""id"":""55239899"",""phone"":""02-477-2378"",""place_name"":""지리산정육식당"",""place_url"":""http://place.map.kakao.com/55239899"",""road_address_name"":""서울 광진구 광나루로54길 38"",""x"":""127.095135558903"",""y"":""37.5392479060184""}},{""provider"":""KAKAO"",""external_place_id"":""1094233126"",""name"":""지리산흑돼지"",""category"":""음식점 > 한식 > 육류,고기"",""address"":""서울 동작구 사당동 139-51"",""road_address"":""서울 동작구 동작대로27다길 5"",""longitude"":126.980579014469,""latitude"":37.4873039032062,""phone"":""02-532-8411"",""detail_url"":""http://place.map.kakao.com/1094233126"",""distance"":""5971"",""raw_metadata"":{""address_name"":""서울 동작구 사당동 139-51"",""category_group_code"":""FD6"",""category_group_name"":""음식점"",""category_name"":""음식점 > 한식 > 육류,고기"",""distance"":""5971"",""id"":""1094233126"",""phone"":""02-532-8411"",""place_name"":""지리산흑돼지"",""place_url"":""http://place.map.kakao.com/1094233126"",""road_address_name"":""서울 동작구 동작대로27다길 5"",""x"":""126.980579014469"",""y"":""37.4873039032062""}},{""provider"":""KAKAO"",""external_place_id"":""9951169"",""name"":""지리산"",""category"":""음식점 > 한식 > 육류,고기"",""address"":""서울 용산구 후암동 55-48"",""road_address"":""서울 용산구 후암로28길 15"",""longitude"":126.97826666832181,""latitude"":37.54989709824953,""phone"":""02-777-9533"",""detail_url"":""http://place.map.kakao.com/9951169"",""distance"":""6389"",""raw_metadata"":{""address_name"":""서울 용산구 후암동 55-48"",""category_group_code"":""FD6"",""category_group_name"":""음식점"",""category_name"":""음식점 > 한식 > 육류,고기"",""distance"":""6389"",""id"":""9951169"",""phone"":""02-777-9533"",""place_name"":""지리산"",""place_url"":""http://place.map.kakao.com/9951169"",""road_address_name"":""서울 용산구 후암로28길 15"",""x"":""126.97826666832181"",""y"":""37.54989709824953""}},{""provider"":""KAKAO"",""external_place_id"":""287732664"",""name"":""지리산약명도사"",""category"":""가정,생활 > 운명감정"",""address"":""서울 용산구 남영동 40-1"",""road_address"":""서울 용산구 한강대로88길 18"",""longitude"":126.973340264026,""latitude"":37.544478382442,""phone"":"""",""detail_url"":""http://place.map.kakao.com/287732664"",""distance"":""6440"",""raw_metadata"":{""address_name"":""서울 용산구 남영동 40-1"",""category_group_code"":"""",""category_group_name"":"""",""category_name"":""가정,생활 > 운명감정"",""distance"":""6440"",""id"":""287732664"",""phone"":"""",""place_name"":""지리산약명도사"",""place_url"":""http://place.map.kakao.com/287732664"",""road_address_name"":""서울 용산구 한강대로88길 18"",""x"":""126.973340264026"",""y"":""37.544478382442""}},{""provider"":""KAKAO"",""external_place_id"":""16555202"",""name"":""지리산흑돼지생고기전문점"",""category"":""음식점 > 한식 > 육류,고기"",""address"":""서울 종로구 숭인동 1375"",""road_address"":""서울 종로구 난계로29길 14"",""longitude"":127.022395933926,""latitude"":37.5745455381759,""phone"":"""",""detail_url"":""http://place.map.kakao.com/16555202"",""distance"":""6564"",""raw_metadata"":{""address_name"":""서울 종로구 숭인동 1375"",""category_group_code"":""FD6"",""category_group_name"":""음식점"",""category_name"":""음식점 > 한식 > 육류,고기"",""distance"":""6564"",""id"":""16555202"",""phone"":"""",""place_name"":""지리산흑돼지생고기전문점"",""place_url"":""http://place.map.kakao.com/16555202"",""road_address_name"":""서울 종로구 난계로29길 14"",""x"":""127.022395933926"",""y"":""37.5745455381759""}},{""provider"":""KAKAO"",""external_place_id"":""636089982"",""name"":""지리산약초장어 서울본점"",""category"":""음식점 > 한식 > 해물,생선 > 장어"",""address"":""서울 강남구 수서동 716"",""road_address"":""서울 강남구 광평로 295"",""longitude"":127.1046234862189,""latitude"":37.4884854466339,""phone"":""02-3411-0999"",""detail_url"":""http://place.map.kakao.com/636089982"",""distance"":""6725"",""raw_metadata"":{""address_name"":""서울 강남구 수서동 716"",""category_group_code"":""FD6"",""category_group_name"":""음식점"",""category_name"":""음식점 > 한식 > 해물,생선 > 장어"",""distance"":""6725"",""id"":""636089982"",""phone"":""02-3411-0999"",""place_name"":""지리산약초장어 서울본점"",""place_url"":""http://place.map.kakao.com/636089982"",""road_address_name"":""서울 강남구 광평로 295"",""x"":""127.1046234862189"",""y"":""37.4884854466339""}},{""provider"":""KAKAO"",""external_place_id"":""20942921"",""name"":""지리산숯불갈비"",""category"":""음식점 > 한식 > 육류,고기 > 갈비"",""address"":""서울 용산구 신계동 25-4"",""road_address"":""서울 용산구 새창로45길 31"",""longitude"":126.963943849374,""latitude"":37.5348225730129,""phone"":""02-706-6880"",""detail_url"":""http://place.map.kakao.com/20942921"",""distance"":""6787"",""raw_metadata"":{""address_name"":""서울 용산구 신계동 25-4"",""category_group_code"":""FD6"",""category_group_name"":""음식점"",""category_name"":""음식점 > 한식 > 육류,고기 > 갈비"",""distance"":""6787"",""id"":""20942921"",""phone"":""02-706-6880"",""place_name"":""지리산숯불갈비"",""place_url"":""http://place.map.kakao.com/20942921"",""road_address_name"":""서울 용산구 새창로45길 31"",""x"":""126.963943849374"",""y"":""37.5348225730129""}},{""provider"":""KAKAO"",""external_place_id"":""23294605"",""name"":""지리산"",""category"":""가정,생활 > 식품판매 > 과일,채소가게"",""address"":""서울 동대문구 제기동 1000"",""road_address"":""서울 동대문구 왕산로 159-1"",""longitude"":127.04102810702506,""latitude"":37.57906352452724,""phone"":""02-969-6728"",""detail_url"":""http://place.map.kakao.com/23294605"",""distance"":""6941"",""raw_metadata"":{""address_name"":""서울 동대문구 제기동 1000"",""category_group_code"":"""",""category_group_name"":"""",""category_name"":""가정,생활 > 식품판매 > 과일,채소가게"",""distance"":""6941"",""id"":""23294605"",""phone"":""02-969-6728"",""place_name"":""지리산"",""place_url"":""http://place.map.kakao.com/23294605"",""road_address_name"":""서울 동대문구 왕산로 159-1"",""x"":""127.04102810702506"",""y"":""37.57906352452724""}}]",4,"[{""provider"":""NAVER_LOCAL"",""external_place_id"":"""",""name"":""지리산"",""category"":""여행,명소>산"",""address"":""경상남도 함양군 마천면 추성리 1"",""road_address"":"""",""longitude"":127.7306228,""latitude"":35.3369097,""phone"":"""",""detail_url"":""http://www.knps.or.kr/jiri"",""distance"":"""",""raw_metadata"":{""title"":""<b>지리산</b>"",""link"":""http://www.knps.or.kr/jiri"",""category"":""여행,명소>산"",""description"":"""",""telephone"":"""",""address"":""경상남도 함양군 마천면 추성리 1"",""roadAddress"":"""",""mapx"":""1277306228"",""mapy"":""353369097""}},{""provider"":""NAVER_LOCAL"",""external_place_id"":"""",""name"":""지리산 국립공원"",""category"":""여행,명소>국립공원"",""address"":""경상남도 하동군 화개면"",""road_address"":"""",""longitude"":127.6489959,""latitude"":35.3227093,""phone"":"""",""detail_url"":""http://jiri.knps.or.kr/"",""distance"":"""",""raw_metadata"":{""title"":""<b>지리산</b> 국립공원"",""link"":""http://jiri.knps.or.kr/"",""category"":""여행,명소>국립공원"",""description"":"""",""telephone"":"""",""address"":""경상남도 하동군 화개면"",""roadAddress"":"""",""mapx"":""1276489959"",""mapy"":""353227093""}},{""provider"":""NAVER_LOCAL"",""external_place_id"":"""",""name"":""지리산"",""category"":""여행,명소>산"",""address"":""경상남도 통영시 사량면 돈지리"",""road_address"":"""",""longitude"":128.1824723,""latitude"":34.8458436,""phone"":"""",""detail_url"":"""",""distance"":"""",""raw_metadata"":{""title"":""<b>지리산</b>"",""link"":"""",""category"":""여행,명소>산"",""description"":"""",""telephone"":"""",""address"":""경상남도 통영시 사량면 돈지리"",""roadAddress"":"""",""mapx"":""1281824723"",""mapy"":""348458436""}},{""provider"":""NAVER_LOCAL"",""external_place_id"":"""",""name"":""뱀사골계곡"",""category"":""여행,명소>계곡"",""address"":""전북특별자치도 남원시 산내면"",""road_address"":"""",""longitude"":127.588968,""latitude"":35.348062,""phone"":"""",""detail_url"":""http://www.baemsagol.com/"",""distance"":"""",""raw_metadata"":{""title"":""뱀사골계곡"",""link"":""http://www.baemsagol.com/"",""category"":""여행,명소>계곡"",""description"":"""",""telephone"":"""",""address"":""전북특별자치도 남원시 산내면"",""roadAddress"":"""",""mapx"":""1275889680"",""mapy"":""353480620""}}]",false,false,,,,,
9666,7b1ef64a327db61923ab2c3390cdae5b,봉추찜닭 강남구청역점,서울특별시 강남구 학동로 343 (논현동) 지하2층,37.5174482,127.0406303,1,"[{""provider"":""KAKAO"",""external_place_id"":""2133265891"",""name"":""봉추찜닭 강남구청역점"",""category"":""음식점 > 한식 > 육류,고기 > 닭요리 > 봉추찜닭"",""address"":""서울 강남구 논현동 119"",""road_address"":""서울 강남구 학동로 343"",""longitude"":127.040622191089,""latitude"":37.5174353546962,""phone"":""02-6004-3275"",""detail_url"":""http://place.map.kakao.com/2133265891"",""distance"":""1"",""raw_metadata"":{""address_name"":""서울 강남구 논현동 119"",""category_group_code"":""FD6"",""category_group_name"":""음식점"",""category_name"":""음식점 > 한식 > 육류,고기 > 닭요리 > 봉추찜닭"",""distance"":""1"",""id"":""2133265891"",""phone"":""02-6004-3275"",""place_name"":""봉추찜닭 강남구청역점"",""place_url"":""http://place.map.kakao.com/2133265891"",""road_address_name"":""서울 강남구 학동로 343"",""x"":""127.040622191089"",""y"":""37.5174353546962""}}]",1,"[{""provider"":""NAVER_LOCAL"",""external_place_id"":"""",""name"":""봉추찜닭 강남구청역점"",""category"":""한식>찜닭"",""address"":""서울특별시 강남구 논현동 119 더피나클강남 지하2층"",""road_address"":""서울특별시 강남구 학동로 343 (논현동, 더피나클강남) 지하2층"",""longitude"":127.0406219,""latitude"":37.5174346,""phone"":"""",""detail_url"":""http://www.bongchu.com/"",""distance"":"""",""raw_metadata"":{""title"":""<b>봉추찜닭 강남구청역점</b>"",""link"":""http://www.bongchu.com/"",""category"":""한식>찜닭"",""description"":"""",""telephone"":"""",""address"":""서울특별시 강남구 논현동 119 더피나클강남 지하2층"",""roadAddress"":""서울특별시 강남구 학동로 343 (논현동, 더피나클강남) 지하2층"",""mapx"":""1270406219"",""mapy"":""375174346""}}]",false,false,,,,,
9678,b22d6080c568c44452c1b43fa60e47ac,The A(더에이),서울특별시 강남구 언주로150길 41 (논현동) The A(더에이),37.5219282,127.037628,14,"[{""provider"":""KAKAO"",""external_place_id"":""12777918"",""name"":""더에이"",""category"":""가정,생활 > 미용 > 미용실"",""address"":""서울 강남구 논현동 93-10"",""road_address"":""서울 강남구 언주로150길 41"",""longitude"":127.037615569509,""latitude"":37.5219413658008,""phone"":"""",""detail_url"":""http://place.map.kakao.com/12777918"",""distance"":""2"",""raw_metadata"":{""address_name"":""서울 강남구 논현동 93-10"",""category_group_code"":"""",""category_group_name"":"""",""category_name"":""가정,생활 > 미용 > 미용실"",""distance"":""2"",""id"":""12777918"",""phone"":"""",""place_name"":""더에이"",""place_url"":""http://place.map.kakao.com/12777918"",""road_address_name"":""서울 강남구 언주로150길 41"",""x"":""127.037615569509"",""y"":""37.5219413658008""}},{""provider"":""KAKAO"",""external_place_id"":""573236786"",""name"":""더에이랩 스포츠과학연구소"",""category"":""스포츠,레저 > 스포츠시설"",""address"":""서울 강남구 대치동 891-54"",""road_address"":""서울 강남구 삼성로85길 28"",""longitude"":127.05499331171,""latitude"":37.5047524070355,""phone"":""010-9050-0853"",""detail_url"":""http://place.map.kakao.com/573236786"",""distance"":""2447"",""raw_metadata"":{""address_name"":""서울 강남구 대치동 891-54"",""category_group_code"":"""",""category_group_name"":"""",""category_name"":""스포츠,레저 > 스포츠시설"",""distance"":""2447"",""id"":""573236786"",""phone"":""010-9050-0853"",""place_name"":""더에이랩 스포츠과학연구소"",""place_url"":""http://place.map.kakao.com/573236786"",""road_address_name"":""서울 강남구 삼성로85길 28"",""x"":""127.05499331171"",""y"":""37.5047524070355""}},{""provider"":""KAKAO"",""external_place_id"":""17011185"",""name"":""더플랜에이"",""category"":""문화,예술 > 음악 > 악기판매점"",""address"":""서울 서초구 반포동 19-1"",""road_address"":""서울 서초구 신반포로 162"",""longitude"":127.002293610284,""latitude"":37.504994040973,""phone"":"""",""detail_url"":""http://place.map.kakao.com/17011185"",""distance"":""3645"",""raw_metadata"":{""address_name"":""서울 서초구 반포동 19-1"",""category_group_code"":"""",""category_group_name"":"""",""category_name"":""문화,예술 > 음악 > 악기판매점"",""distance"":""3645"",""id"":""17011185"",""phone"":"""",""place_name"":""더플랜에이"",""place_url"":""http://place.map.kakao.com/17011185"",""road_address_name"":""서울 서초구 신반포로 162"",""x"":""127.002293610284"",""y"":""37.504994040973""}},{""provider"":""KAKAO"",""external_place_id"":""1243226925"",""name"":""필라테스더에이"",""category"":""스포츠,레저 > 요가,필라테스 > 필라테스"",""address"":""서울 서대문구 대현동 90-67"",""road_address"":""서울 서대문구 신촌로 165-1"",""longitude"":126.944340255673,""latitude"":37.5569110601545,""phone"":""02-335-4787"",""detail_url"":""http://place.map.kakao.com/1243226925"",""distance"":""9113"",""raw_metadata"":{""address_name"":""서울 서대문구 대현동 90-67"",""category_group_code"":"""",""category_group_name"":"""",""category_name"":""스포츠,레저 > 요가,필라테스 > 필라테스"",""distance"":""9113"",""id"":""1243226925"",""phone"":""02-335-4787"",""place_name"":""필라테스더에이"",""place_url"":""http://place.map.kakao.com/1243226925"",""road_address_name"":""서울 서대문구 신촌로 165-1"",""x"":""126.944340255673"",""y"":""37.5569110601545""}},{""provider"":""KAKAO"",""external_place_id"":""1552070144"",""name"":""더라인컴퍼니에이"",""category"":""서비스,산업 > 기업"",""address"":""서울 금천구 가산동 50-3"",""road_address"":""서울 금천구 벚꽃로 298"",""longitude"":126.883872147891,""latitude"":37.4814387278239,""phone"":""1544-3991"",""detail_url"":""http://place.map.kakao.com/1552070144"",""distance"":""14319"",""raw_metadata"":{""address_name"":""서울 금천구 가산동 50-3"",""category_group_code"":"""",""category_group_name"":"""",""category_name"":""서비스,산업 > 기업"",""distance"":""14319"",""id"":""1552070144"",""phone"":""1544-3991"",""place_name"":""더라인컴퍼니에이"",""place_url"":""http://place.map.kakao.com/1552070144"",""road_address_name"":""서울 금천구 벚꽃로 298"",""x"":""126.883872147891"",""y"":""37.4814387278239""}},{""provider"":""KAKAO"",""external_place_id"":""1228584520"",""name"":""더프로젝트살롱에이 판교점"",""category"":""가정,생활 > 미용 > 미용실"",""address"":""경기 성남시 분당구 운중동 922"",""road_address"":""경기 성남시 분당구 판교원로 68"",""longitude"":127.07341720315725,""latitude"":37.389543246874524,""phone"":""031-732-7889"",""detail_url"":""http://place.map.kakao.com/1228584520"",""distance"":""15030"",""raw_metadata"":{""address_name"":""경기 성남시 분당구 운중동 922"",""category_group_code"":"""",""category_group_name"":"""",""category_name"":""가정,생활 > 미용 > 미용실"",""distance"":""15030"",""id"":""1228584520"",""phone"":""031-732-7889"",""place_name"":""더프로젝트살롱에이 판교점"",""place_url"":""http://place.map.kakao.com/1228584520"",""road_address_name"":""경기 성남시 분당구 판교원로 68"",""x"":""127.07341720315725"",""y"":""37.389543246874524""}},{""provider"":""KAKAO"",""external_place_id"":""246460331"",""name"":""더에이"",""category"":""음식점 > 카페 > 테마카페"",""address"":""경기 남양주시 수동면 내방리 229-3"",""road_address"":""경기 남양주시 수동면 비룡로 1438-67"",""longitude"":127.27784085978777,""latitude"":37.747821295607714,""phone"":""031-592-4949"",""detail_url"":""http://place.map.kakao.com/246460331"",""distance"":""32835"",""raw_metadata"":{""address_name"":""경기 남양주시 수동면 내방리 229-3"",""category_group_code"":""CE7"",""category_group_name"":""카페"",""category_name"":""음식점 > 카페 > 테마카페"",""distance"":""32835"",""id"":""246460331"",""phone"":""031-592-4949"",""place_name"":""더에이"",""place_url"":""http://place.map.kakao.com/246460331"",""road_address_name"":""경기 남양주시 수동면 비룡로 1438-67"",""x"":""127.27784085978777"",""y"":""37.747821295607714""}},{""provider"":""KAKAO"",""external_place_id"":""324509467"",""name"":""더에이공인중개사"",""category"":""부동산 > 부동산서비스 > 부동산중개업"",""address"":""경기 평택시 신장동 52-2"",""road_address"":""경기 평택시 목천로 98-7"",""longitude"":127.053482735333,""latitude"":37.0895372310866,""phone"":"""",""detail_url"":""http://place.map.kakao.com/324509467"",""distance"":""48008"",""raw_metadata"":{""address_name"":""경기 평택시 신장동 52-2"",""category_group_code"":""AG2"",""category_group_name"":""중개업소"",""category_name"":""부동산 > 부동산서비스 > 부동산중개업"",""distance"":""48008"",""id"":""324509467"",""phone"":"""",""place_name"":""더에이공인중개사"",""place_url"":""http://place.map.kakao.com/324509467"",""road_address_name"":""경기 평택시 목천로 98-7"",""x"":""127.053482735333"",""y"":""37.0895372310866""}},{""provider"":""KAKAO"",""external_place_id"":""20886212"",""name"":""에이인더티앤에스 아산공장"",""category"":""서비스,산업 > 건설,건축"",""address"":""충남 아산시 둔포면 석곡리 1507"",""road_address"":""충남 아산시 둔포면 아산밸리남로 142"",""longitude"":127.060016641723,""latitude"":36.9167552775114,""phone"":"""",""detail_url"":""http://place.map.kakao.com/20886212"",""distance"":""67192"",""raw_metadata"":{""address_name"":""충남 아산시 둔포면 석곡리 1507"",""category_group_code"":"""",""category_group_name"":"""",""category_name"":""서비스,산업 > 건설,건축"",""distance"":""67192"",""id"":""20886212"",""phone"":"""",""place_name"":""에이인더티앤에스 아산공장"",""place_url"":""http://place.map.kakao.com/20886212"",""road_address_name"":""충남 아산시 둔포면 아산밸리남로 142"",""x"":""127.060016641723"",""y"":""36.9167552775114""}},{""provider"":""KAKAO"",""external_place_id"":""27393064"",""name"":""더에이짐"",""category"":""스포츠,레저 > 스포츠시설 > 헬스클럽"",""address"":""경남 창원시 성산구 반림동 14-9"",""road_address"":""경남 창원시 성산구 원이대로473번길 13"",""longitude"":128.669816143207,""latitude"":35.235334018186,""phone"":""055-263-6695"",""detail_url"":""http://place.map.kakao.com/27393064"",""distance"":""292983"",""raw_metadata"":{""address_name"":""경남 창원시 성산구 반림동 14-9"",""category_group_code"":"""",""category_group_name"":"""",""category_name"":""스포츠,레저 > 스포츠시설 > 헬스클럽"",""distance"":""292983"",""id"":""27393064"",""phone"":""055-263-6695"",""place_name"":""더에이짐"",""place_url"":""http://place.map.kakao.com/27393064"",""road_address_name"":""경남 창원시 성산구 원이대로473번길 13"",""x"":""128.669816143207"",""y"":""35.235334018186""}},{""provider"":""KAKAO"",""external_place_id"":""1379396394"",""name"":""더에이짐 2호점"",""category"":""스포츠,레저 > 스포츠시설 > 헬스클럽"",""address"":""경남 창원시 성산구 상남동 45-1"",""road_address"":""경남 창원시 성산구 동산로 124"",""longitude"":128.691593800411,""latitude"":35.2193683892338,""phone"":"""",""detail_url"":""http://place.map.kakao.com/1379396394"",""distance"":""295503"",""raw_metadata"":{""address_name"":""경남 창원시 성산구 상남동 45-1"",""category_group_code"":"""",""category_group_name"":"""",""category_name"":""스포츠,레저 > 스포츠시설 > 헬스클럽"",""distance"":""295503"",""id"":""1379396394"",""phone"":"""",""place_name"":""더에이짐 2호점"",""place_url"":""http://place.map.kakao.com/1379396394"",""road_address_name"":""경남 창원시 성산구 동산로 124"",""x"":""128.691593800411"",""y"":""35.2193683892338""}},{""provider"":""KAKAO"",""external_place_id"":""2026239144"",""name"":""더에이짐기능운동센터"",""category"":""스포츠,레저 > 스포츠시설 > 헬스클럽"",""address"":""경남 창원시 성산구 가음동 21-8"",""road_address"":""경남 창원시 성산구 원이대로863번길 32"",""longitude"":128.698348990832,""latitude"":35.2078823920682,""phone"":""010-9246-2828"",""detail_url"":""http://place.map.kakao.com/2026239144"",""distance"":""296916"",""raw_metadata"":{""address_name"":""경남 창원시 성산구 가음동 21-8"",""category_group_code"":"""",""category_group_name"":"""",""category_name"":""스포츠,레저 > 스포츠시설 > 헬스클럽"",""distance"":""296916"",""id"":""2026239144"",""phone"":""010-9246-2828"",""place_name"":""더에이짐기능운동센터"",""place_url"":""http://place.map.kakao.com/2026239144"",""road_address_name"":""경남 창원시 성산구 원이대로863번길 32"",""x"":""128.698348990832"",""y"":""35.2078823920682""}},{""provider"":""KAKAO"",""external_place_id"":""2114059269"",""name"":""더에이짐"",""category"":""스포츠,레저 > 스포츠시설 > 헬스클럽"",""address"":""경남 창원시 성산구 성주동 126"",""road_address"":""경남 창원시 성산구 삼정자로51번길 7"",""longitude"":128.71146607168,""latitude"":35.1988188503874,""phone"":"""",""detail_url"":""http://place.map.kakao.com/2114059269"",""distance"":""298381"",""raw_metadata"":{""address_name"":""경남 창원시 성산구 성주동 126"",""category_group_code"":"""",""category_group_name"":"""",""category_name"":""스포츠,레저 > 스포츠시설 > 헬스클럽"",""distance"":""298381"",""id"":""2114059269"",""phone"":"""",""place_name"":""더에이짐"",""place_url"":""http://place.map.kakao.com/2114059269"",""road_address_name"":""경남 창원시 성산구 삼정자로51번길 7"",""x"":""128.71146607168"",""y"":""35.1988188503874""}},{""provider"":""KAKAO"",""external_place_id"":""1102403252"",""name"":""프롭에이 올오브더빈티지"",""category"":""서비스,산업 > 제조업 > 가구"",""address"":""부산 강서구 강동동 1511-3"",""road_address"":""부산 강서구 평강로 11"",""longitude"":128.928066272063,""latitude"":35.1992180595769,""phone"":"""",""detail_url"":""http://place.map.kakao.com/1102403252"",""distance"":""308596"",""raw_metadata"":{""address_name"":""부산 강서구 강동동 1511-3"",""category_group_code"":"""",""category_group_name"":"""",""category_name"":""서비스,산업 > 제조업 > 가구"",""distance"":""308596"",""id"":""1102403252"",""phone"":"""",""place_name"":""프롭에이 올오브더빈티지"",""place_url"":""http://place.map.kakao.com/1102403252"",""road_address_name"":""부산 강서구 평강로 11"",""x"":""128.928066272063"",""y"":""35.1992180595769""}}]",3,"[{""provider"":""NAVER_LOCAL"",""external_place_id"":"""",""name"":""더에이에이랩"",""category"":""쇼핑,유통>화장품,향수"",""address"":""서울특별시 종로구 신문로2가 171"",""road_address"":""서울특별시 종로구 새문안로2길 10"",""longitude"":126.9720297,""latitude"":37.5686731,""phone"":"""",""detail_url"":"""",""distance"":"""",""raw_metadata"":{""title"":""<b>더에이</b><b>에이</b>랩"",""link"":"""",""category"":""쇼핑,유통>화장품,향수"",""description"":"""",""telephone"":"""",""address"":""서울특별시 종로구 신문로2가 171"",""roadAddress"":""서울특별시 종로구 새문안로2길 10"",""mapx"":""1269720297"",""mapy"":""375686731""}},{""provider"":""NAVER_LOCAL"",""external_place_id"":"""",""name"":""비이케이 프렙에이 학원"",""category"":""어학교육"",""address"":""서울특별시 강남구 역삼동 771-6"",""road_address"":""서울특별시 강남구 역삼로 244"",""longitude"":127.0429971,""latitude"":37.4975234,""phone"":"""",""detail_url"":""http://www.bek.co.kr/"",""distance"":"""",""raw_metadata"":{""title"":""비이케이 프렙<b>에이</b> 학원"",""link"":""http://www.bek.co.kr/"",""category"":""어학교육"",""description"":"""",""telephone"":"""",""address"":""서울특별시 강남구 역삼동 771-6"",""roadAddress"":""서울특별시 강남구 역삼로 244"",""mapx"":""1270429971"",""mapy"":""374975234""}},{""provider"":""NAVER_LOCAL"",""external_place_id"":"""",""name"":""더에이"",""category"":""카페,디저트>카페"",""address"":""경기도 남양주시 수동면 내방리 229-3"",""road_address"":""경기도 남양주시 수동면 비룡로 1438-67"",""longitude"":127.2778436,""latitude"":37.7478357,""phone"":"""",""detail_url"":""https://blog.naver.com/theapicnic"",""distance"":"""",""raw_metadata"":{""title"":""<b>더에이</b>"",""link"":""https://blog.naver.com/theapicnic"",""category"":""카페,디저트>카페"",""description"":"""",""telephone"":"""",""address"":""경기도 남양주시 수동면 내방리 229-3"",""roadAddress"":""경기도 남양주시 수동면 비룡로 1438-67"",""mapx"":""1272778436"",""mapy"":""377478357""}}]",false,false,,,,,
9690,402d56a0708840cbd307c3471ce8cb59,단스시,서울특별시 강남구 언주로 652(논현동) 쿠쿠빌딩2층,37.5151352,127.0358028,4,"[{""provider"":""KAKAO"",""external_place_id"":""8306074"",""name"":""단스시 논현본점"",""category"":""음식점 > 일식 > 초밥,롤"",""address"":""서울 강남구 논현동 238"",""road_address"":""서울 강남구 언주로 652"",""longitude"":127.035766141908,""latitude"":37.5151015236742,""phone"":""02-3445-1114"",""detail_url"":""http://place.map.kakao.com/8306074"",""distance"":""4"",""raw_metadata"":{""address_name"":""서울 강남구 논현동 238"",""category_group_code"":""FD6"",""category_group_name"":""음식점"",""category_name"":""음식점 > 일식 > 초밥,롤"",""distance"":""4"",""id"":""8306074"",""phone"":""02-3445-1114"",""place_name"":""단스시 논현본점"",""place_url"":""http://place.map.kakao.com/8306074"",""road_address_name"":""서울 강남구 언주로 652"",""x"":""127.035766141908"",""y"":""37.5151015236742""}},{""provider"":""KAKAO"",""external_place_id"":""2091181792"",""name"":""임병진단스시 본점"",""category"":""음식점 > 일식 > 초밥,롤"",""address"":""경기 수원시 장안구 송죽동 514"",""road_address"":""경기 수원시 장안구 송정로 83"",""longitude"":127.00613541481499,""latitude"":37.29589928831803,""phone"":""031-252-1205"",""detail_url"":""http://place.map.kakao.com/2091181792"",""distance"":""24473"",""raw_metadata"":{""address_name"":""경기 수원시 장안구 송죽동 514"",""category_group_code"":""FD6"",""category_group_name"":""음식점"",""category_name"":""음식점 > 일식 > 초밥,롤"",""distance"":""24473"",""id"":""2091181792"",""phone"":""031-252-1205"",""place_name"":""임병진단스시 본점"",""place_url"":""http://place.map.kakao.com/2091181792"",""road_address_name"":""경기 수원시 장안구 송정로 83"",""x"":""127.00613541481499"",""y"":""37.29589928831803""}},{""provider"":""KAKAO"",""external_place_id"":""1028107365"",""name"":""단스시"",""category"":""음식점 > 일식 > 초밥,롤"",""address"":""인천 영종구 중산동 1882-12"",""road_address"":""인천 영종구 하늘별빛로 71"",""longitude"":126.5630388045476,""latitude"":37.48949147861784,""phone"":""0507-1388-3129"",""detail_url"":""http://place.map.kakao.com/1028107365"",""distance"":""41899"",""raw_metadata"":{""address_name"":""인천 영종구 중산동 1882-12"",""category_group_code"":""FD6"",""category_group_name"":""음식점"",""category_name"":""음식점 > 일식 > 초밥,롤"",""distance"":""41899"",""id"":""1028107365"",""phone"":""0507-1388-3129"",""place_name"":""단스시"",""place_url"":""http://place.map.kakao.com/1028107365"",""road_address_name"":""인천 영종구 하늘별빛로 71"",""x"":""126.5630388045476"",""y"":""37.48949147861784""}},{""provider"":""KAKAO"",""external_place_id"":""1777634324"",""name"":""대기수산 단스시"",""category"":""음식점 > 일식 > 초밥,롤"",""address"":""대구 중구 동성로3가 16-10"",""road_address"":""대구 중구 중앙대로 394-8"",""longitude"":128.59424569077055,""latitude"":35.86806011220189,""phone"":"""",""detail_url"":""http://place.map.kakao.com/1777634324"",""distance"":""229807"",""raw_metadata"":{""address_name"":""대구 중구 동성로3가 16-10"",""category_group_code"":""FD6"",""category_group_name"":""음식점"",""category_name"":""음식점 > 일식 > 초밥,롤"",""distance"":""229807"",""id"":""1777634324"",""phone"":"""",""place_name"":""대기수산 단스시"",""place_url"":""http://place.map.kakao.com/1777634324"",""road_address_name"":""대구 중구 중앙대로 394-8"",""x"":""128.59424569077055"",""y"":""35.86806011220189""}}]",1,"[{""provider"":""NAVER_LOCAL"",""external_place_id"":"""",""name"":""단스시"",""category"":""음식점>일식>초밥,롤"",""address"":""서울특별시 강남구 논현동 238 쿠쿠빌딩"",""road_address"":""서울특별시 강남구 언주로 652 쿠쿠빌딩"",""longitude"":127.0357409,""latitude"":37.5151729,""phone"":"""",""detail_url"":"""",""distance"":"""",""raw_metadata"":{""title"":""<b>단스시</b>"",""link"":"""",""category"":""음식점>일식>초밥,롤"",""description"":"""",""telephone"":"""",""address"":""서울특별시 강남구 논현동 238 쿠쿠빌딩"",""roadAddress"":""서울특별시 강남구 언주로 652 쿠쿠빌딩"",""mapx"":""1270357409"",""mapy"":""375151729""}}]",false,false,,,,,
9701,46423f0bfb39b3a0113a536bc387504c,사계절투어,"서울특별시 강남구 학동로 170 410호(논현동, 베트라이프빌딩)",37.5133409,127.0296751,3,"[{""provider"":""KAKAO"",""external_place_id"":""2090404803"",""name"":""사계절투어"",""category"":""서비스,산업 > 여행사"",""address"":""서울 성동구 성수동2가 289-21"",""road_address"":""서울 성동구 아차산로7길 15-1"",""longitude"":127.05445246633664,""latitude"":37.54644202498463,""phone"":""02-541-2345"",""detail_url"":""http://place.map.kakao.com/2090404803"",""distance"":""4277"",""raw_metadata"":{""address_name"":""서울 성동구 성수동2가 289-21"",""category_group_code"":"""",""category_group_name"":"""",""category_name"":""서비스,산업 > 여행사"",""distance"":""4277"",""id"":""2090404803"",""phone"":""02-541-2345"",""place_name"":""사계절투어"",""place_url"":""http://place.map.kakao.com/2090404803"",""road_address_name"":""서울 성동구 아차산로7길 15-1"",""x"":""127.05445246633664"",""y"":""37.54644202498463""}},{""provider"":""KAKAO"",""external_place_id"":""541374594"",""name"":""하나투어 사계절여행사 부여"",""category"":""서비스,산업 > 여행사 > 하나투어"",""address"":""충남 부여군 규암면 규암리 99-18"",""road_address"":""충남 부여군 규암면 수북로 37-1"",""longitude"":126.88860417807805,""latitude"":36.272442103047176,""phone"":""041-835-4290"",""detail_url"":""http://place.map.kakao.com/541374594"",""distance"":""138282"",""raw_metadata"":{""address_name"":""충남 부여군 규암면 규암리 99-18"",""category_group_code"":"""",""category_group_name"":"""",""category_name"":""서비스,산업 > 여행사 > 하나투어"",""distance"":""138282"",""id"":""541374594"",""phone"":""041-835-4290"",""place_name"":""하나투어 사계절여행사 부여"",""place_url"":""http://place.map.kakao.com/541374594"",""road_address_name"":""충남 부여군 규암면 수북로 37-1"",""x"":""126.88860417807805"",""y"":""36.272442103047176""}},{""provider"":""KAKAO"",""external_place_id"":""847569485"",""name"":""사계절투어"",""category"":""서비스,산업 > 여행사"",""address"":""경북 구미시 원평동 1065-11"",""road_address"":""경북 구미시 송원서로2길 53"",""longitude"":128.348675552681,""latitude"":36.1224812993272,""phone"":""054-451-0101"",""detail_url"":""http://place.map.kakao.com/847569485"",""distance"":""194104"",""raw_metadata"":{""address_name"":""경북 구미시 원평동 1065-11"",""category_group_code"":"""",""category_group_name"":"""",""category_name"":""서비스,산업 > 여행사"",""distance"":""194104"",""id"":""847569485"",""phone"":""054-451-0101"",""place_name"":""사계절투어"",""place_url"":""http://place.map.kakao.com/847569485"",""road_address_name"":""경북 구미시 송원서로2길 53"",""x"":""128.348675552681"",""y"":""36.1224812993272""}}]",4,"[{""provider"":""NAVER_LOCAL"",""external_place_id"":"""",""name"":""사계절투어"",""category"":""서비스,산업>여행사"",""address"":""서울특별시 강남구 논현동 128-7 410호"",""road_address"":""서울특별시 강남구 학동로 170 410호"",""longitude"":127.0296751,""latitude"":37.5133409,""phone"":"""",""detail_url"":""http://www.4s-tour.com"",""distance"":"""",""raw_metadata"":{""title"":""<b>사계절투어</b>"",""link"":""http://www.4s-tour.com"",""category"":""서비스,산업>여행사"",""description"":"""",""telephone"":"""",""address"":""서울특별시 강남구 논현동 128-7 410호"",""roadAddress"":""서울특별시 강남구 학동로 170 410호"",""mapx"":""1270296751"",""mapy"":""375133409""}},{""provider"":""NAVER_LOCAL"",""external_place_id"":"""",""name"":""사계절투어"",""category"":""서비스,산업>여행사"",""address"":""경상북도 구미시 원평동 1065-11"",""road_address"":""경상북도 구미시 송원서로2길 53"",""longitude"":128.3486711,""latitude"":36.1224738,""phone"":"""",""detail_url"":"""",""distance"":"""",""raw_metadata"":{""title"":""<b>사계절투어</b>"",""link"":"""",""category"":""서비스,산업>여행사"",""description"":"""",""telephone"":"""",""address"":""경상북도 구미시 원평동 1065-11"",""roadAddress"":""경상북도 구미시 송원서로2길 53"",""mapx"":""1283486711"",""mapy"":""361224738""}},{""provider"":""NAVER_LOCAL"",""external_place_id"":"""",""name"":""사계절24시투어"",""category"":""컴퓨터프로그래밍,정보서비스업>인터넷상거래"",""address"":""경기도 수원시 장안구 송죽동 441-15 1층"",""road_address"":""경기도 수원시 장안구 만석로209번길 12 1층"",""longitude"":127.0006398,""latitude"":37.3053936,""phone"":"""",""detail_url"":""https://www.화성투어.com"",""distance"":"""",""raw_metadata"":{""title"":""<b>사계절</b>24시<b>투어</b>"",""link"":""https://www.화성투어.com"",""category"":""컴퓨터프로그래밍,정보서비스업>인터넷상거래"",""description"":"""",""telephone"":"""",""address"":""경기도 수원시 장안구 송죽동 441-15 1층"",""roadAddress"":""경기도 수원시 장안구 만석로209번길 12 1층"",""mapx"":""1270006398"",""mapy"":""373053936""}},{""provider"":""NAVER_LOCAL"",""external_place_id"":"""",""name"":""하나투어 사계절여행사"",""category"":""서비스,산업>여행사"",""address"":""충청남도 부여군 규암면 규암리 99-18"",""road_address"":""충청남도 부여군 규암면 수북로 37-1"",""longitude"":126.8885998,""latitude"":36.2724454,""phone"":"""",""detail_url"":""https://fourseasons.hanatour.com/"",""distance"":"""",""raw_metadata"":{""title"":""하나<b>투어</b> <b>사계절</b>여행사"",""link"":""https://fourseasons.hanatour.com/"",""category"":""서비스,산업>여행사"",""description"":"""",""telephone"":"""",""address"":""충청남도 부여군 규암면 규암리 99-18"",""roadAddress"":""충청남도 부여군 규암면 수북로 37-1"",""mapx"":""1268885998"",""mapy"":""362724454""}}]",false,false,,,,,
9713,1b1736d2b6361417c420646737839343,김밥나라,서울특별시 강남구 강남대로120길 40 (논현동) 1층,37.5076344,127.0266038,15,"[{""provider"":""KAKAO"",""external_place_id"":""18865893"",""name"":""김밥천국"",""category"":""음식점 > 분식"",""address"":""서울 서초구 반포동 19-4"",""road_address"":""서울 서초구 신반포로 194"",""longitude"":127.0053495407665,""latitude"":37.5056300518603,""phone"":"""",""detail_url"":""http://place.map.kakao.com/18865893"",""distance"":""1892"",""raw_metadata"":{""address_name"":""서울 서초구 반포동 19-4"",""category_group_code"":""FD6"",""category_group_name"":""음식점"",""category_name"":""음식점 > 분식"",""distance"":""1892"",""id"":""18865893"",""phone"":"""",""place_name"":""김밥천국"",""place_url"":""http://place.map.kakao.com/18865893"",""road_address_name"":""서울 서초구 신반포로 194"",""x"":""127.0053495407665"",""y"":""37.5056300518603""}},{""provider"":""KAKAO"",""external_place_id"":""20749275"",""name"":""김밥나라"",""category"":""음식점 > 분식"",""address"":""서울 성동구 옥수동 364-2"",""road_address"":""서울 성동구 한림말5길 15-1"",""longitude"":127.01661100033,""latitude"":37.5426115507009,""phone"":""02-2291-0249"",""detail_url"":""http://place.map.kakao.com/20749275"",""distance"":""3981"",""raw_metadata"":{""address_name"":""서울 성동구 옥수동 364-2"",""category_group_code"":""FD6"",""category_group_name"":""음식점"",""category_name"":""음식점 > 분식"",""distance"":""3981"",""id"":""20749275"",""phone"":""02-2291-0249"",""place_name"":""김밥나라"",""place_url"":""http://place.map.kakao.com/20749275"",""road_address_name"":""서울 성동구 한림말5길 15-1"",""x"":""127.01661100033"",""y"":""37.5426115507009""}},{""provider"":""KAKAO"",""external_place_id"":""875834486"",""name"":""어묵나라 뚝섬점"",""category"":""음식점 > 분식"",""address"":""서울 성동구 성수동1가 656-745"",""road_address"":""서울 성동구 아차산로 18"",""longitude"":127.047364612422,""latitude"":37.5471875038436,""phone"":"""",""detail_url"":""http://place.map.kakao.com/875834486"",""distance"":""4758"",""raw_metadata"":{""address_name"":""서울 성동구 성수동1가 656-745"",""category_group_code"":""FD6"",""category_group_name"":""음식점"",""category_name"":""음식점 > 분식"",""distance"":""4758"",""id"":""875834486"",""phone"":"""",""place_name"":""어묵나라 뚝섬점"",""place_url"":""http://place.map.kakao.com/875834486"",""road_address_name"":""서울 성동구 아차산로 18"",""x"":""127.047364612422"",""y"":""37.5471875038436""}},{""provider"":""KAKAO"",""external_place_id"":""1837187035"",""name"":""어묵나라"",""category"":""음식점 > 분식"",""address"":""서울 성동구 성수동2가 276-5"",""road_address"":""서울 성동구 아차산로 100"",""longitude"":127.056089565901,""latitude"":37.544502308735,""phone"":"""",""detail_url"":""http://place.map.kakao.com/1837187035"",""distance"":""4851"",""raw_metadata"":{""address_name"":""서울 성동구 성수동2가 276-5"",""category_group_code"":""FD6"",""category_group_name"":""음식점"",""category_name"":""음식점 > 분식"",""distance"":""4851"",""id"":""1837187035"",""phone"":"""",""place_name"":""어묵나라"",""place_url"":""http://place.map.kakao.com/1837187035"",""road_address_name"":""서울 성동구 아차산로 100"",""x"":""127.056089565901"",""y"":""37.544502308735""}},{""provider"":""KAKAO"",""external_place_id"":""8710025"",""name"":""김밥나라 사당점"",""category"":""음식점 > 분식"",""address"":""서울 서초구 방배동 2525"",""road_address"":""서울 서초구 과천대로 946"",""longitude"":126.982119676729,""latitude"":37.4751189008753,""phone"":""02-588-0076"",""detail_url"":""http://place.map.kakao.com/8710025"",""distance"":""5338"",""raw_metadata"":{""address_name"":""서울 서초구 방배동 2525"",""category_group_code"":""FD6"",""category_group_name"":""음식점"",""category_name"":""음식점 > 분식"",""distance"":""5338"",""id"":""8710025"",""phone"":""02-588-0076"",""place_name"":""김밥나라 사당점"",""place_url"":""http://place.map.kakao.com/8710025"",""road_address_name"":""서울 서초구 과천대로 946"",""x"":""126.982119676729"",""y"":""37.4751189008753""}},{""provider"":""KAKAO"",""external_place_id"":""17304590"",""name"":""김밥나라 남성역점"",""category"":""음식점 > 분식"",""address"":""서울 동작구 사당동 248-5"",""road_address"":""서울 동작구 사당로 196"",""longitude"":126.96980317993331,""latitude"":37.48503650581963,""phone"":""02-598-7182"",""detail_url"":""http://place.map.kakao.com/17304590"",""distance"":""5614"",""raw_metadata"":{""address_name"":""서울 동작구 사당동 248-5"",""category_group_code"":""FD6"",""category_group_name"":""음식점"",""category_name"":""음식점 > 분식"",""distance"":""5614"",""id"":""17304590"",""phone"":""02-598-7182"",""place_name"":""김밥나라 남성역점"",""place_url"":""http://place.map.kakao.com/17304590"",""road_address_name"":""서울 동작구 사당로 196"",""x"":""126.96980317993331"",""y"":""37.48503650581963""}},{""provider"":""KAKAO"",""external_place_id"":""18754045"",""name"":""싱싱나라김밥"",""category"":""음식점 > 분식"",""address"":""서울 용산구 용문동 28-55"",""road_address"":""서울 용산구 새창로 112"",""longitude"":126.96026766459647,""latitude"":37.537323471928524,""phone"":""02-715-1329"",""detail_url"":""http://place.map.kakao.com/18754045"",""distance"":""6726"",""raw_metadata"":{""address_name"":""서울 용산구 용문동 28-55"",""category_group_code"":""FD6"",""category_group_name"":""음식점"",""category_name"":""음식점 > 분식"",""distance"":""6726"",""id"":""18754045"",""phone"":""02-715-1329"",""place_name"":""싱싱나라김밥"",""place_url"":""http://place.map.kakao.com/18754045"",""road_address_name"":""서울 용산구 새창로 112"",""x"":""126.96026766459647"",""y"":""37.537323471928524""}},{""provider"":""KAKAO"",""external_place_id"":""21409953"",""name"":""김밥나라 봉천점"",""category"":""음식점 > 분식"",""address"":""서울 관악구 봉천동 1672-24"",""road_address"":""서울 관악구 행운1길 24"",""longitude"":126.957873956292,""latitude"":37.4801511894256,""phone"":""02-876-4918"",""detail_url"":""http://place.map.kakao.com/21409953"",""distance"":""6800"",""raw_metadata"":{""address_name"":""서울 관악구 봉천동 1672-24"",""category_group_code"":""FD6"",""category_group_name"":""음식점"",""category_name"":""음식점 > 분식"",""distance"":""6800"",""id"":""21409953"",""phone"":""02-876-4918"",""place_name"":""김밥나라 봉천점"",""place_url"":""http://place.map.kakao.com/21409953"",""road_address_name"":""서울 관악구 행운1길 24"",""x"":""126.957873956292"",""y"":""37.4801511894256""}},{""provider"":""KAKAO"",""external_place_id"":""15753755"",""name"":""김밥나라 충무로점"",""category"":""음식점 > 분식"",""address"":""서울 중구 충무로3가 28-5"",""road_address"":""서울 중구 수표로6길 35"",""longitude"":126.992416631214,""latitude"":37.5628849317855,""phone"":""02-2266-0775"",""detail_url"":""http://place.map.kakao.com/15753755"",""distance"":""6836"",""raw_metadata"":{""address_name"":""서울 중구 충무로3가 28-5"",""category_group_code"":""FD6"",""category_group_name"":""음식점"",""category_name"":""음식점 > 분식"",""distance"":""6836"",""id"":""15753755"",""phone"":""02-2266-0775"",""place_name"":""김밥나라 충무로점"",""place_url"":""http://place.map.kakao.com/15753755"",""road_address_name"":""서울 중구 수표로6길 35"",""x"":""126.992416631214"",""y"":""37.5628849317855""}},{""provider"":""KAKAO"",""external_place_id"":""1845361245"",""name"":""임도영의 현미자연나라"",""category"":""음식점 > 한식"",""address"":""서울 중구 을지로2가 149-10"",""road_address"":""서울 중구 을지로 지하 88"",""longitude"":126.989303593595,""latitude"":37.5661084553924,""phone"":"""",""detail_url"":""http://place.map.kakao.com/1845361245"",""distance"":""7279"",""raw_metadata"":{""address_name"":""서울 중구 을지로2가 149-10"",""category_group_code"":""FD6"",""category_group_name"":""음식점"",""category_name"":""음식점 > 한식"",""distance"":""7279"",""id"":""1845361245"",""phone"":"""",""place_name"":""임도영의 현미자연나라"",""place_url"":""http://place.map.kakao.com/1845361245"",""road_address_name"":""서울 중구 을지로 지하 88"",""x"":""126.989303593595"",""y"":""37.5661084553924""}},{""provider"":""KAKAO"",""external_place_id"":""16876788"",""name"":""김밥사랑 창신본점"",""category"":""음식점 > 분식"",""address"":""서울 종로구 창신동 651-48"",""road_address"":""서울 종로구 창신길 19"",""longitude"":127.01063168494758,""latitude"":37.572640678695805,""phone"":""02-3672-1980"",""detail_url"":""http://place.map.kakao.com/16876788"",""distance"":""7351"",""raw_metadata"":{""address_name"":""서울 종로구 창신동 651-48"",""category_group_code"":""FD6"",""category_group_name"":""음식점"",""category_name"":""음식점 > 분식"",""distance"":""7351"",""id"":""16876788"",""phone"":""02-3672-1980"",""place_name"":""김밥사랑 창신본점"",""place_url"":""http://place.map.kakao.com/16876788"",""road_address_name"":""서울 종로구 창신길 19"",""x"":""127.01063168494758"",""y"":""37.572640678695805""}},{""provider"":""KAKAO"",""external_place_id"":""16327632"",""name"":""김밥나라"",""category"":""음식점 > 분식"",""address"":""서울 종로구 창신동 80-8"",""road_address"":""서울 종로구 지봉로 49"",""longitude"":127.01551777460477,""latitude"":37.5745916924111,""phone"":""02-747-1164"",""detail_url"":""http://place.map.kakao.com/16327632"",""distance"":""7496"",""raw_metadata"":{""address_name"":""서울 종로구 창신동 80-8"",""category_group_code"":""FD6"",""category_group_name"":""음식점"",""category_name"":""음식점 > 분식"",""distance"":""7496"",""id"":""16327632"",""phone"":""02-747-1164"",""place_name"":""김밥나라"",""place_url"":""http://place.map.kakao.com/16327632"",""road_address_name"":""서울 종로구 지봉로 49"",""x"":""127.01551777460477"",""y"":""37.5745916924111""}},{""provider"":""KAKAO"",""external_place_id"":""1706237260"",""name"":""어묵나라 공덕역점"",""category"":""음식점 > 분식"",""address"":""서울 마포구 공덕동 438-5"",""road_address"":""서울 마포구 백범로 지하 200"",""longitude"":126.951949719999,""latitude"":37.5435255664496,""phone"":"""",""detail_url"":""http://place.map.kakao.com/1706237260"",""distance"":""7708"",""raw_metadata"":{""address_name"":""서울 마포구 공덕동 438-5"",""category_group_code"":""FD6"",""category_group_name"":""음식점"",""category_name"":""음식점 > 분식"",""distance"":""7708"",""id"":""1706237260"",""phone"":"""",""place_name"":""어묵나라 공덕역점"",""place_url"":""http://place.map.kakao.com/1706237260"",""road_address_name"":""서울 마포구 백범로 지하 200"",""x"":""126.951949719999"",""y"":""37.5435255664496""}},{""provider"":""KAKAO"",""external_place_id"":""721515928"",""name"":""김밥나라 송파본점"",""category"":""음식점 > 분식"",""address"":""서울 송파구 송파동 103"",""road_address"":""서울 송파구 가락로 176"",""longitude"":127.114554892947,""latitude"":37.5042123079868,""phone"":""02-416-7377"",""detail_url"":""http://place.map.kakao.com/721515928"",""distance"":""7785"",""raw_metadata"":{""address_name"":""서울 송파구 송파동 103"",""category_group_code"":""FD6"",""category_group_name"":""음식점"",""category_name"":""음식점 > 분식"",""distance"":""7785"",""id"":""721515928"",""phone"":""02-416-7377"",""place_name"":""김밥나라 송파본점"",""place_url"":""http://place.map.kakao.com/721515928"",""road_address_name"":""서울 송파구 가락로 176"",""x"":""127.114554892947"",""y"":""37.5042123079868""}},{""provider"":""KAKAO"",""external_place_id"":""16877067"",""name"":""오가네 김밥나라"",""category"":""음식점 > 분식"",""address"":""서울 동대문구 답십리동 66-43"",""road_address"":""서울 동대문구 답십리로51길 3-2"",""longitude"":127.058515436895,""latitude"":37.5731780641941,""phone"":"""",""detail_url"":""http://place.map.kakao.com/16877067"",""distance"":""7802"",""raw_metadata"":{""address_name"":""서울 동대문구 답십리동 66-43"",""category_group_code"":""FD6"",""category_group_name"":""음식점"",""category_name"":""음식점 > 분식"",""distance"":""7802"",""id"":""16877067"",""phone"":"""",""place_name"":""오가네 김밥나라"",""place_url"":""http://place.map.kakao.com/16877067"",""road_address_name"":""서울 동대문구 답십리로51길 3-2"",""x"":""127.058515436895"",""y"":""37.5731780641941""}}]",1,"[{""provider"":""NAVER_LOCAL"",""external_place_id"":"""",""name"":""김밥나라 충무로점"",""category"":""음식점>분식"",""address"":""서울특별시 중구 충무로3가 28-5"",""road_address"":""서울특별시 중구 수표로6길 35"",""longitude"":126.9924156,""latitude"":37.5628636,""phone"":"""",""detail_url"":"""",""distance"":"""",""raw_metadata"":{""title"":""<b>김밥나라</b> 충무로점"",""link"":"""",""category"":""음식점>분식"",""description"":"""",""telephone"":"""",""address"":""서울특별시 중구 충무로3가 28-5"",""roadAddress"":""서울특별시 중구 수표로6길 35"",""mapx"":""1269924156"",""mapy"":""375628636""}}]",false,false,,,,,
9722,c8171f72d52e8df2543d7ff7165965fc,호두당 신사점,서울특별시 강남구 도산대로 지하102(신사동) 327-114호,,,1,"[{""provider"":""KAKAO"",""external_place_id"":""689203779"",""name"":""호두당"",""category"":""음식점 > 간식"",""address"":""서울 강남구 논현동 279"",""road_address"":""서울 강남구 도산대로 지하 102"",""longitude"":127.0203289221,""latitude"":37.516431466794,""phone"":"""",""detail_url"":""http://place.map.kakao.com/689203779"",""distance"":"""",""raw_metadata"":{""address_name"":""서울 강남구 논현동 279"",""category_group_code"":""FD6"",""category_group_name"":""음식점"",""category_name"":""음식점 > 간식"",""distance"":"""",""id"":""689203779"",""phone"":"""",""place_name"":""호두당"",""place_url"":""http://place.map.kakao.com/689203779"",""road_address_name"":""서울 강남구 도산대로 지하 102"",""x"":""127.0203289221"",""y"":""37.516431466794""}}]",0,[],false,true,,,,,
9726,64bfcff15437895ed6cbd6c9bd790178,알잘딱깔센,"서울특별시 강남구 학동로34길 24, 지상1층 (논현동) 알잘딱깔센",37.5129878,127.033737,0,[],1,"[{""provider"":""NAVER_LOCAL"",""external_place_id"":"""",""name"":""알잘딱깔센 르지"",""category"":""서비스,산업>컴퓨터프로그래밍,정보서비스업"",""address"":""서울특별시 양천구 신정동 1320-8 양천청년창업허브 7호"",""road_address"":""서울특별시 양천구 신정로7길 75 양천청년창업허브 7호"",""longitude"":126.8340792,""latitude"":37.5130488,""phone"":"""",""detail_url"":""http://ljjy-care.com"",""distance"":"""",""raw_metadata"":{""title"":""<b>알잘딱깔센</b> 르지"",""link"":""http://ljjy-care.com"",""category"":""서비스,산업>컴퓨터프로그래밍,정보서비스업"",""description"":"""",""telephone"":"""",""address"":""서울특별시 양천구 신정동 1320-8 양천청년창업허브 7호"",""roadAddress"":""서울특별시 양천구 신정로7길 75 양천청년창업허브 7호"",""mapx"":""1268340792"",""mapy"":""375130488""}}]",true,false,,,,,
9738,73ecb9ef9521fd867e83beeff538fdf2,오수양푼이동태탕,"서울특별시 강남구 논현로111길 18, 1층 (논현동) 오수양푼이동태탕",37.5075539,127.032051,2,"[{""provider"":""KAKAO"",""external_place_id"":""21511571"",""name"":""지사식당"",""category"":""음식점 > 한식"",""address"":""전북특별자치도 임실군 지사면 방계리 556-8"",""road_address"":""전북특별자치도 임실군 지사면 충효로 2435"",""longitude"":127.35740675758508,""latitude"":35.563563199447266,""phone"":"""",""detail_url"":""http://place.map.kakao.com/21511571"",""distance"":""217681"",""raw_metadata"":{""address_name"":""전북특별자치도 임실군 지사면 방계리 556-8"",""category_group_code"":""FD6"",""category_group_name"":""음식점"",""category_name"":""음식점 > 한식"",""distance"":""217681"",""id"":""21511571"",""phone"":"""",""place_name"":""지사식당"",""place_url"":""http://place.map.kakao.com/21511571"",""road_address_name"":""전북특별자치도 임실군 지사면 충효로 2435"",""x"":""127.35740675758508"",""y"":""35.563563199447266""}},{""provider"":""KAKAO"",""external_place_id"":""1567557436"",""name"":""오수양푼이동태찌개 논현본점"",""category"":""음식점 > 한식 > 해물,생선"",""address"":""서울 강남구 논현동 193-33"",""road_address"":""서울 강남구 논현로111길 18"",""longitude"":127.03201664402812,""latitude"":37.50757470813821,""phone"":""02-539-8282"",""detail_url"":""http://place.map.kakao.com/1567557436"",""distance"":""4"",""raw_metadata"":{""address_name"":""서울 강남구 논현동 193-33"",""category_group_code"":""FD6"",""category_group_name"":""음식점"",""category_name"":""음식점 > 한식 > 해물,생선"",""distance"":""4"",""id"":""1567557436"",""phone"":""02-539-8282"",""place_name"":""오수양푼이동태찌개 논현본점"",""place_url"":""http://place.map.kakao.com/1567557436"",""road_address_name"":""서울 강남구 논현로111길 18"",""x"":""127.03201664402812"",""y"":""37.50757470813821""}}]",0,[],false,true,,,,,
9750,6bbe35c681ddf05895a74b466598acfb,종로떡폐백,서울시 강남구 강남대로124길 19 1층 101-2호,37.5092777,127.0241371,1,"[{""provider"":""KAKAO"",""external_place_id"":""10806656"",""name"":""종로떡집"",""category"":""음식점 > 간식 > 떡,한과"",""address"":""서울 강남구 논현동 145-14"",""road_address"":""서울 강남구 강남대로124길 19"",""longitude"":127.02418266432468,""latitude"":37.509216400472106,""phone"":""02-541-6936"",""detail_url"":""http://place.map.kakao.com/10806656"",""distance"":""7"",""raw_metadata"":{""address_name"":""서울 강남구 논현동 145-14"",""category_group_code"":""FD6"",""category_group_name"":""음식점"",""category_name"":""음식점 > 간식 > 떡,한과"",""distance"":""7"",""id"":""10806656"",""phone"":""02-541-6936"",""place_name"":""종로떡집"",""place_url"":""http://place.map.kakao.com/10806656"",""road_address_name"":""서울 강남구 강남대로124길 19"",""x"":""127.02418266432468"",""y"":""37.509216400472106""}}]",2,"[{""provider"":""NAVER_LOCAL"",""external_place_id"":"""",""name"":""종로예당"",""category"":""연애,결혼>폐백,이바지음식"",""address"":""대구광역시 중구 동성로3가 47 대구광역시 중구 동성로47번지"",""road_address"":""대구광역시 중구 남성로 52 대구광역시 중구 동성로47번지"",""longitude"":128.592326,""latitude"":35.8669749,""phone"":"""",""detail_url"":""http://www.종로예당.kr/"",""distance"":"""",""raw_metadata"":{""title"":""<b>종로</b>예당"",""link"":""http://www.종로예당.kr/"",""category"":""연애,결혼>폐백,이바지음식"",""description"":"""",""telephone"":"""",""address"":""대구광역시 중구 동성로3가 47 대구광역시 중구 동성로47번지"",""roadAddress"":""대구광역시 중구 남성로 52 대구광역시 중구 동성로47번지"",""mapx"":""1285923260"",""mapy"":""358669749""}},{""provider"":""NAVER_LOCAL"",""external_place_id"":"""",""name"":""현대떡집"",""category"":""전통식품>떡,한과"",""address"":""대구광역시 중구 종로2가 75-1"",""road_address"":""대구광역시 중구 종로 22-1"",""longitude"":128.5920889,""latitude"":35.8678833,""phone"":"""",""detail_url"":"""",""distance"":"""",""raw_metadata"":{""title"":""현대떡집"",""link"":"""",""category"":""전통식품>떡,한과"",""description"":"""",""telephone"":"""",""address"":""대구광역시 중구 종로2가 75-1"",""roadAddress"":""대구광역시 중구 종로 22-1"",""mapx"":""1285920889"",""mapy"":""358678833""}}]",false,false,,,,,
9761,63b5b0be639f418bacd2904b75172483,도리토리본점,서울시 강남구 선릉로127길 5 1동,37.5153857,127.0414267,1,"[{""provider"":""KAKAO"",""external_place_id"":""1396220227"",""name"":""도리토리 강남구청본점"",""category"":""음식점 > 술집 > 일본식주점"",""address"":""서울 강남구 논현동 254-20"",""road_address"":""서울 강남구 선릉로121길 8"",""longitude"":127.04166212418647,""latitude"":37.51408145685993,""phone"":""02-545-5792"",""detail_url"":""http://place.map.kakao.com/1396220227"",""distance"":""145"",""raw_metadata"":{""address_name"":""서울 강남구 논현동 254-20"",""category_group_code"":""FD6"",""category_group_name"":""음식점"",""category_name"":""음식점 > 술집 > 일본식주점"",""distance"":""145"",""id"":""1396220227"",""phone"":""02-545-5792"",""place_name"":""도리토리 강남구청본점"",""place_url"":""http://place.map.kakao.com/1396220227"",""road_address_name"":""서울 강남구 선릉로121길 8"",""x"":""127.04166212418647"",""y"":""37.51408145685993""}}]",1,"[{""provider"":""NAVER_LOCAL"",""external_place_id"":"""",""name"":""도리토리 본점"",""category"":""술집>요리주점"",""address"":""서울특별시 강남구 논현동 254-20 1층"",""road_address"":""서울특별시 강남구 선릉로121길 8 1층"",""longitude"":127.0417833,""latitude"":37.5140806,""phone"":"""",""detail_url"":""https://doritori.com/"",""distance"":"""",""raw_metadata"":{""title"":""<b>도리토리 본점</b>"",""link"":""https://doritori.com/"",""category"":""술집>요리주점"",""description"":"""",""telephone"":"""",""address"":""서울특별시 강남구 논현동 254-20 1층"",""roadAddress"":""서울특별시 강남구 선릉로121길 8 1층"",""mapx"":""1270417833"",""mapy"":""375140806""}}]",false,false,,,,,
9763,2ed6c72256d7ed707b7a9176ce3739f9,noodle talk,"서울특별시 강남구 봉은사로 지하 102 지하2층, 4-2호 누들톡 (논현동, 9호선 신논현역)",,,1,"[{""provider"":""KAKAO"",""external_place_id"":""1523639799"",""name"":""누들톡 신논현역점"",""category"":""음식점 > 한식 > 국수"",""address"":""서울 강남구 역삼동 800"",""road_address"":""서울 강남구 봉은사로 지하 102"",""longitude"":127.0250305418975,""latitude"":37.50463452309615,""phone"":""02-567-1654"",""detail_url"":""http://place.map.kakao.com/1523639799"",""distance"":"""",""raw_metadata"":{""address_name"":""서울 강남구 역삼동 800"",""category_group_code"":""FD6"",""category_group_name"":""음식점"",""category_name"":""음식점 > 한식 > 국수"",""distance"":"""",""id"":""1523639799"",""phone"":""02-567-1654"",""place_name"":""누들톡 신논현역점"",""place_url"":""http://place.map.kakao.com/1523639799"",""road_address_name"":""서울 강남구 봉은사로 지하 102"",""x"":""127.0250305418975"",""y"":""37.50463452309615""}}]",0,[],false,true,,,,,
9772,bea2bde91c804f96a699c37d71404a28,핫브레드 논현역점,서울특별시 강남구 학동로 지하102(논현동) 지하2층 731-201호,,,2,"[{""provider"":""KAKAO"",""external_place_id"":""662220091"",""name"":""핫브레드 논현역점"",""category"":""음식점 > 간식 > 제과,베이커리"",""address"":""서울 강남구 논현동 279-67"",""road_address"":""서울 강남구 학동로 지하 102"",""longitude"":127.02142235494185,""latitude"":37.51113246900528,""phone"":"""",""detail_url"":""http://place.map.kakao.com/662220091"",""distance"":"""",""raw_metadata"":{""address_name"":""서울 강남구 논현동 279-67"",""category_group_code"":""FD6"",""category_group_name"":""음식점"",""category_name"":""음식점 > 간식 > 제과,베이커리"",""distance"":"""",""id"":""662220091"",""phone"":"""",""place_name"":""핫브레드 논현역점"",""place_url"":""http://place.map.kakao.com/662220091"",""road_address_name"":""서울 강남구 학동로 지하 102"",""x"":""127.02142235494185"",""y"":""37.51113246900528""}},{""provider"":""KAKAO"",""external_place_id"":""530613768"",""name"":""핫브레드 학동역점"",""category"":""음식점 > 간식 > 제과,베이커리"",""address"":""서울 강남구 논현동 279-67"",""road_address"":""서울 강남구 학동로 지하 102"",""longitude"":127.031774065823,""latitude"":37.5143007716116,""phone"":"""",""detail_url"":""http://place.map.kakao.com/530613768"",""distance"":"""",""raw_metadata"":{""address_name"":""서울 강남구 논현동 279-67"",""category_group_code"":""FD6"",""category_group_name"":""음식점"",""category_name"":""음식점 > 간식 > 제과,베이커리"",""distance"":"""",""id"":""530613768"",""phone"":"""",""place_name"":""핫브레드 학동역점"",""place_url"":""http://place.map.kakao.com/530613768"",""road_address_name"":""서울 강남구 학동로 지하 102"",""x"":""127.031774065823"",""y"":""37.5143007716116""}}]",1,"[{""provider"":""NAVER_LOCAL"",""external_place_id"":"""",""name"":""핫브레드 논현역점"",""category"":""카페,디저트>베이커리"",""address"":""서울특별시 강남구 논현동 279-67 논현역"",""road_address"":""서울특별시 강남구 학동로 102 논현역"",""longitude"":127.0216578,""latitude"":37.5111987,""phone"":"""",""detail_url"":"""",""distance"":"""",""raw_metadata"":{""title"":""<b>핫브레드 논현역점</b>"",""link"":"""",""category"":""카페,디저트>베이커리"",""description"":"""",""telephone"":"""",""address"":""서울특별시 강남구 논현동 279-67 논현역"",""roadAddress"":""서울특별시 강남구 학동로 102 논현역"",""mapx"":""1270216578"",""mapy"":""375111987""}}]",false,false,,,,,
9775,49ba7d653ad34a7806f948c086ffa139,일언족발,서울특별시 강남구 봉은사로37길 11(논현동) 1층,37.5090308,127.0365751,1,"[{""provider"":""KAKAO"",""external_place_id"":""19635600"",""name"":""일언족발 본점"",""category"":""음식점 > 한식 > 육류,고기 > 족발,보쌈"",""address"":""서울 강남구 논현동 232-17"",""road_address"":""서울 강남구 봉은사로37길 11"",""longitude"":127.0366171867282,""latitude"":37.5090555245193,""phone"":""02-547-1319"",""detail_url"":""http://place.map.kakao.com/19635600"",""distance"":""4"",""raw_metadata"":{""address_name"":""서울 강남구 논현동 232-17"",""category_group_code"":""FD6"",""category_group_name"":""음식점"",""category_name"":""음식점 > 한식 > 육류,고기 > 족발,보쌈"",""distance"":""4"",""id"":""19635600"",""phone"":""02-547-1319"",""place_name"":""일언족발 본점"",""place_url"":""http://place.map.kakao.com/19635600"",""road_address_name"":""서울 강남구 봉은사로37길 11"",""x"":""127.0366171867282"",""y"":""37.5090555245193""}}]",1,"[{""provider"":""NAVER_LOCAL"",""external_place_id"":"""",""name"":""일언족발"",""category"":""한식>족발,보쌈"",""address"":""서울특별시 강남구 논현동 232-17 우정빌딩 1층"",""road_address"":""서울특별시 강남구 봉은사로37길 11 우정빌딩 1층"",""longitude"":127.0366347,""latitude"":37.5090491,""phone"":"""",""detail_url"":""https://www.instagram.com/illunjokbal"",""distance"":"""",""raw_metadata"":{""title"":""<b>일언족발</b>"",""link"":""https://www.instagram.com/illunjokbal"",""category"":""한식>족발,보쌈"",""description"":"""",""telephone"":"""",""address"":""서울특별시 강남구 논현동 232-17 우정빌딩 1층"",""roadAddress"":""서울특별시 강남구 봉은사로37길 11 우정빌딩 1층"",""mapx"":""1270366347"",""mapy"":""375090491""}}]",false,false,,,,,
9787,eb55facccc6a5ab3eacda382443e07e8,한옥집 김치찜,서울특별시 강남구 언주로148길 6 1층 한옥집 김치찜,37.5202022,127.0351511,15,"[{""provider"":""KAKAO"",""external_place_id"":""1714382034"",""name"":""한옥집김치찜 GFC몰점"",""category"":""음식점 > 한식"",""address"":""서울 강남구 역삼동 737"",""road_address"":""서울 강남구 테헤란로 152"",""longitude"":127.036546053913,""latitude"":37.5000256705937,""phone"":""02-211-2977"",""detail_url"":""http://place.map.kakao.com/1714382034"",""distance"":""2242"",""raw_metadata"":{""address_name"":""서울 강남구 역삼동 737"",""category_group_code"":""FD6"",""category_group_name"":""음식점"",""category_name"":""음식점 > 한식"",""distance"":""2242"",""id"":""1714382034"",""phone"":""02-211-2977"",""place_name"":""한옥집김치찜 GFC몰점"",""place_url"":""http://place.map.kakao.com/1714382034"",""road_address_name"":""서울 강남구 테헤란로 152"",""x"":""127.036546053913"",""y"":""37.5000256705937""}},{""provider"":""KAKAO"",""external_place_id"":""750435019"",""name"":""한옥집김치찜 용산점"",""category"":""음식점 > 한식"",""address"":""서울 용산구 신계동 24-12"",""road_address"":""서울 용산구 원효로58길 39"",""longitude"":126.96378672815473,""latitude"":37.53451978867593,""phone"":"""",""detail_url"":""http://place.map.kakao.com/750435019"",""distance"":""6505"",""raw_metadata"":{""address_name"":""서울 용산구 신계동 24-12"",""category_group_code"":""FD6"",""category_group_name"":""음식점"",""category_name"":""음식점 > 한식"",""distance"":""6505"",""id"":""750435019"",""phone"":"""",""place_name"":""한옥집김치찜 용산점"",""place_url"":""http://place.map.kakao.com/750435019"",""road_address_name"":""서울 용산구 원효로58길 39"",""x"":""126.96378672815473"",""y"":""37.53451978867593""}},{""provider"":""KAKAO"",""external_place_id"":""22320232"",""name"":""한옥집 종로5가점"",""category"":""음식점 > 한식 > 찌개,전골"",""address"":""서울 종로구 종로5가 112"",""road_address"":""서울 종로구 대학로1길 39"",""longitude"":127.000194700781,""latitude"":37.5718194497579,""phone"":""02-742-3002"",""detail_url"":""http://place.map.kakao.com/22320232"",""distance"":""6508"",""raw_metadata"":{""address_name"":""서울 종로구 종로5가 112"",""category_group_code"":""FD6"",""category_group_name"":""음식점"",""category_name"":""음식점 > 한식 > 찌개,전골"",""distance"":""6508"",""id"":""22320232"",""phone"":""02-742-3002"",""place_name"":""한옥집 종로5가점"",""place_url"":""http://place.map.kakao.com/22320232"",""road_address_name"":""서울 종로구 대학로1길 39"",""x"":""127.000194700781"",""y"":""37.5718194497579""}},{""provider"":""KAKAO"",""external_place_id"":""16732242"",""name"":""한옥집김치찜 서대문본점"",""category"":""음식점 > 한식 > 찌개,전골"",""address"":""서울 서대문구 냉천동 20-1"",""road_address"":""서울 서대문구 통일로9길 12"",""longitude"":126.96443532198145,""latitude"":37.567248748966584,""phone"":""02-362-8653"",""detail_url"":""http://place.map.kakao.com/16732242"",""distance"":""8143"",""raw_metadata"":{""address_name"":""서울 서대문구 냉천동 20-1"",""category_group_code"":""FD6"",""category_group_name"":""음식점"",""category_name"":""음식점 > 한식 > 찌개,전골"",""distance"":""8143"",""id"":""16732242"",""phone"":""02-362-8653"",""place_name"":""한옥집김치찜 서대문본점"",""place_url"":""http://place.map.kakao.com/16732242"",""road_address_name"":""서울 서대문구 통일로9길 12"",""x"":""126.96443532198145"",""y"":""37.567248748966584""}},{""provider"":""KAKAO"",""external_place_id"":""1424348538"",""name"":""한옥집김치찜 스타필드시티 위례점"",""category"":""음식점 > 한식"",""address"":""경기 하남시 학암동 660"",""road_address"":""경기 하남시 위례대로 200"",""longitude"":127.1486128631008,""latitude"":37.47980845018126,""phone"":""031-8097-1059"",""detail_url"":""http://place.map.kakao.com/1424348538"",""distance"":""10988"",""raw_metadata"":{""address_name"":""경기 하남시 학암동 660"",""category_group_code"":""FD6"",""category_group_name"":""음식점"",""category_name"":""음식점 > 한식"",""distance"":""10988"",""id"":""1424348538"",""phone"":""031-8097-1059"",""place_name"":""한옥집김치찜 스타필드시티 위례점"",""place_url"":""http://place.map.kakao.com/1424348538"",""road_address_name"":""경기 하남시 위례대로 200"",""x"":""127.1486128631008"",""y"":""37.47980845018126""}},{""provider"":""KAKAO"",""external_place_id"":""844765261"",""name"":""한옥집김치찜 영등포점"",""category"":""음식점 > 한식"",""address"":""서울 영등포구 영등포동 618-496"",""road_address"":""서울 영등포구 경인로 지하 843"",""longitude"":126.90703523475058,""latitude"":37.51597496171286,""phone"":""02-2164-5007"",""detail_url"":""http://place.map.kakao.com/844765261"",""distance"":""11335"",""raw_metadata"":{""address_name"":""서울 영등포구 영등포동 618-496"",""category_group_code"":""FD6"",""category_group_name"":""음식점"",""category_name"":""음식점 > 한식"",""distance"":""11335"",""id"":""844765261"",""phone"":""02-2164-5007"",""place_name"":""한옥집김치찜 영등포점"",""place_url"":""http://place.map.kakao.com/844765261"",""road_address_name"":""서울 영등포구 경인로 지하 843"",""x"":""126.90703523475058"",""y"":""37.51597496171286""}},{""provider"":""KAKAO"",""external_place_id"":""1224440470"",""name"":""한옥집김치찜"",""category"":""음식점 > 한식"",""address"":""서울 마포구 망원동 416-34"",""road_address"":""서울 마포구 망원로 50"",""longitude"":126.902442929631,""latitude"":37.5567108843011,""phone"":"""",""detail_url"":""http://place.map.kakao.com/1224440470"",""distance"":""12409"",""raw_metadata"":{""address_name"":""서울 마포구 망원동 416-34"",""category_group_code"":""FD6"",""category_group_name"":""음식점"",""category_name"":""음식점 > 한식"",""distance"":""12409"",""id"":""1224440470"",""phone"":"""",""place_name"":""한옥집김치찜"",""place_url"":""http://place.map.kakao.com/1224440470"",""road_address_name"":""서울 마포구 망원로 50"",""x"":""126.902442929631"",""y"":""37.5567108843011""}},{""provider"":""KAKAO"",""external_place_id"":""137522659"",""name"":""한옥집김치찜 신구로nc점"",""category"":""음식점 > 한식"",""address"":""서울 구로구 구로동 573"",""road_address"":""서울 구로구 구로중앙로 152"",""longitude"":126.882905487578,""latitude"":37.5009860211495,""phone"":"""",""detail_url"":""http://place.map.kakao.com/137522659"",""distance"":""13628"",""raw_metadata"":{""address_name"":""서울 구로구 구로동 573"",""category_group_code"":""FD6"",""category_group_name"":""음식점"",""category_name"":""음식점 > 한식"",""distance"":""13628"",""id"":""137522659"",""phone"":"""",""place_name"":""한옥집김치찜 신구로nc점"",""place_url"":""http://place.map.kakao.com/137522659"",""road_address_name"":""서울 구로구 구로중앙로 152"",""x"":""126.882905487578"",""y"":""37.5009860211495""}},{""provider"":""KAKAO"",""external_place_id"":""530067236"",""name"":""한옥집김치찜 역촌점"",""category"":""음식점 > 한식"",""address"":""서울 은평구 역촌동 31-26"",""road_address"":""서울 은평구 진흥로5길 14"",""longitude"":126.919550707983,""latitude"":37.6028114097709,""phone"":""02-6083-8585"",""detail_url"":""http://place.map.kakao.com/530067236"",""distance"":""13725"",""raw_metadata"":{""address_name"":""서울 은평구 역촌동 31-26"",""category_group_code"":""FD6"",""category_group_name"":""음식점"",""category_name"":""음식점 > 한식"",""distance"":""13725"",""id"":""530067236"",""phone"":""02-6083-8585"",""place_name"":""한옥집김치찜 역촌점"",""place_url"":""http://place.map.kakao.com/530067236"",""road_address_name"":""서울 은평구 진흥로5길 14"",""x"":""126.919550707983"",""y"":""37.6028114097709""}},{""provider"":""KAKAO"",""external_place_id"":""152955640"",""name"":""한옥집김치찜 롯데몰김포공항점"",""category"":""음식점 > 한식"",""address"":""서울 강서구 방화동 886"",""road_address"":""서울 강서구 하늘길 38"",""longitude"":126.80341478604342,""latitude"":37.56398470648027,""phone"":""02-312-5573"",""detail_url"":""http://place.map.kakao.com/152955640"",""distance"":""21048"",""raw_metadata"":{""address_name"":""서울 강서구 방화동 886"",""category_group_code"":""FD6"",""category_group_name"":""음식점"",""category_name"":""음식점 > 한식"",""distance"":""21048"",""id"":""152955640"",""phone"":""02-312-5573"",""place_name"":""한옥집김치찜 롯데몰김포공항점"",""place_url"":""http://place.map.kakao.com/152955640"",""road_address_name"":""서울 강서구 하늘길 38"",""x"":""126.80341478604342"",""y"":""37.56398470648027""}},{""provider"":""KAKAO"",""external_place_id"":""879317730"",""name"":""한옥집고깃간"",""category"":""음식점 > 한식 > 육류,고기"",""address"":""경기 부천시 원미구 춘의동 200-1"",""road_address"":""경기 부천시 원미구 부천로198번길 36"",""longitude"":126.78883961333813,""latitude"":37.501855444306976,""phone"":""032-714-0909"",""detail_url"":""http://place.map.kakao.com/879317730"",""distance"":""21872"",""raw_metadata"":{""address_name"":""경기 부천시 원미구 춘의동 200-1"",""category_group_code"":""FD6"",""category_group_name"":""음식점"",""category_name"":""음식점 > 한식 > 육류,고기"",""distance"":""21872"",""id"":""879317730"",""phone"":""032-714-0909"",""place_name"":""한옥집고깃간"",""place_url"":""http://place.map.kakao.com/879317730"",""road_address_name"":""경기 부천시 원미구 부천로198번길 36"",""x"":""126.78883961333813"",""y"":""37.501855444306976""}},{""provider"":""KAKAO"",""external_place_id"":""642713519"",""name"":""한옥집김치찜 부천중동점"",""category"":""음식점 > 한식"",""address"":""경기 부천시 원미구 중동 1300"",""road_address"":""경기 부천시 원미구 소향로 181"",""longitude"":126.76856214633,""latitude"":37.5018670127402,""phone"":"""",""detail_url"":""http://place.map.kakao.com/642713519"",""distance"":""23657"",""raw_metadata"":{""address_name"":""경기 부천시 원미구 중동 1300"",""category_group_code"":""FD6"",""category_group_name"":""음식점"",""category_name"":""음식점 > 한식"",""distance"":""23657"",""id"":""642713519"",""phone"":"""",""place_name"":""한옥집김치찜 부천중동점"",""place_url"":""http://place.map.kakao.com/642713519"",""road_address_name"":""경기 부천시 원미구 소향로 181"",""x"":""126.76856214633"",""y"":""37.5018670127402""}},{""provider"":""KAKAO"",""external_place_id"":""68347859"",""name"":""한옥집"",""category"":""음식점 > 한식 > 육류,고기"",""address"":""경기 부천시 원미구 중동 597-4"",""road_address"":""경기 부천시 원미구 부흥로207번길 7"",""longitude"":126.765603914622,""latitude"":37.4963569447965,""phone"":""032-612-4940"",""detail_url"":""http://place.map.kakao.com/68347859"",""distance"":""23978"",""raw_metadata"":{""address_name"":""경기 부천시 원미구 중동 597-4"",""category_group_code"":""FD6"",""category_group_name"":""음식점"",""category_name"":""음식점 > 한식 > 육류,고기"",""distance"":""23978"",""id"":""68347859"",""phone"":""032-612-4940"",""place_name"":""한옥집"",""place_url"":""http://place.map.kakao.com/68347859"",""road_address_name"":""경기 부천시 원미구 부흥로207번길 7"",""x"":""126.765603914622"",""y"":""37.4963569447965""}},{""provider"":""KAKAO"",""external_place_id"":""904173765"",""name"":""한옥집김치찜찌개전문점"",""category"":""음식점 > 한식 > 찌개,전골"",""address"":""경기 수원시 팔달구 인계동 1008-27"",""road_address"":""경기 수원시 팔달구 효원로193번길 5"",""longitude"":127.023115441341,""latitude"":37.2643220561067,""phone"":"""",""detail_url"":""http://place.map.kakao.com/904173765"",""distance"":""28418"",""raw_metadata"":{""address_name"":""경기 수원시 팔달구 인계동 1008-27"",""category_group_code"":""FD6"",""category_group_name"":""음식점"",""category_name"":""음식점 > 한식 > 찌개,전골"",""distance"":""28418"",""id"":""904173765"",""phone"":"""",""place_name"":""한옥집김치찜찌개전문점"",""place_url"":""http://place.map.kakao.com/904173765"",""road_address_name"":""경기 수원시 팔달구 효원로193번길 5"",""x"":""127.023115441341"",""y"":""37.2643220561067""}},{""provider"":""KAKAO"",""external_place_id"":""545979140"",""name"":""한옥집김치찜 인천공항제1터미널점"",""category"":""음식점 > 한식"",""address"":""인천 영종구 운서동 2840"",""road_address"":""인천 영종구 공항로 272"",""longitude"":126.45001806547457,""latitude"":37.449232139708826,""phone"":"""",""detail_url"":""http://place.map.kakao.com/545979140"",""distance"":""52347"",""raw_metadata"":{""address_name"":""인천 영종구 운서동 2840"",""category_group_code"":""FD6"",""category_group_name"":""음식점"",""category_name"":""음식점 > 한식"",""distance"":""52347"",""id"":""545979140"",""phone"":"""",""place_name"":""한옥집김치찜 인천공항제1터미널점"",""place_url"":""http://place.map.kakao.com/545979140"",""road_address_name"":""인천 영종구 공항로 272"",""x"":""126.45001806547457"",""y"":""37.449232139708826""}}]",4,"[{""provider"":""NAVER_LOCAL"",""external_place_id"":"""",""name"":""한옥집김치찜 서대문본점"",""category"":""음식점>한식"",""address"":""서울특별시 서대문구 냉천동 20-1 1층 한옥집김치찜 서대문본점"",""road_address"":""서울특별시 서대문구 통일로9길 12 1층 한옥집김치찜 서대문본점"",""longitude"":126.964422,""latitude"":37.5672532,""phone"":"""",""detail_url"":""http://www.instagram.com/hanokjib_official"",""distance"":"""",""raw_metadata"":{""title"":""<b>한옥집김치찜</b> 서대문본점"",""link"":""http://www.instagram.com/hanokjib_official"",""category"":""음식점>한식"",""description"":"""",""telephone"":"""",""address"":""서울특별시 서대문구 냉천동 20-1 1층 한옥집김치찜 서대문본점"",""roadAddress"":""서울특별시 서대문구 통일로9길 12 1층 한옥집김치찜 서대문본점"",""mapx"":""1269644220"",""mapy"":""375672532""}},{""provider"":""NAVER_LOCAL"",""external_place_id"":"""",""name"":""한옥집김치찜 GFC몰점"",""category"":""음식점>한식"",""address"":""서울특별시 강남구 역삼동 737 B1 한옥집김치찜"",""road_address"":""서울특별시 강남구 테헤란로 152 B1 한옥집김치찜"",""longitude"":127.0365456,""latitude"":37.5000262,""phone"":"""",""detail_url"":""https://instagram.com/hanokjib_official"",""distance"":"""",""raw_metadata"":{""title"":""<b>한옥집김치찜</b> GFC몰점"",""link"":""https://instagram.com/hanokjib_official"",""category"":""음식점>한식"",""description"":"""",""telephone"":"""",""address"":""서울특별시 강남구 역삼동 737 B1 한옥집김치찜"",""roadAddress"":""서울특별시 강남구 테헤란로 152 B1 한옥집김치찜"",""mapx"":""1270365456"",""mapy"":""375000262""}},{""provider"":""NAVER_LOCAL"",""external_place_id"":"""",""name"":""한옥집김치찜 롯데몰김포공항점"",""category"":""음식점>한식"",""address"":""서울특별시 강서구 방화동 886 롯데몰 김포공항점 GF"",""road_address"":""서울특별시 강서구 하늘길 77 롯데몰 김포공항점 GF"",""longitude"":126.8033939,""latitude"":37.5640619,""phone"":"""",""detail_url"":""https://www.instagram.com/hanokjib_official/"",""distance"":"""",""raw_metadata"":{""title"":""<b>한옥집김치찜</b> 롯데몰김포공항점"",""link"":""https://www.instagram.com/hanokjib_official/"",""category"":""음식점>한식"",""description"":"""",""telephone"":"""",""address"":""서울특별시 강서구 방화동 886 롯데몰 김포공항점 GF"",""roadAddress"":""서울특별시 강서구 하늘길 77 롯데몰 김포공항점 GF"",""mapx"":""1268033939"",""mapy"":""375640619""}},{""provider"":""NAVER_LOCAL"",""external_place_id"":"""",""name"":""광화문한옥집"",""category"":""음식점>한식"",""address"":""서울특별시 종로구 내수동 1 B1층"",""road_address"":""서울특별시 종로구 새문안로5가길 7 B1층"",""longitude"":126.9741711,""latitude"":37.5727071,""phone"":"""",""detail_url"":""https://www.instagram.com/sejongclubs/"",""distance"":"""",""raw_metadata"":{""title"":""광화문<b>한옥집</b>"",""link"":""https://www.instagram.com/sejongclubs/"",""category"":""음식점>한식"",""description"":"""",""telephone"":"""",""address"":""서울특별시 종로구 내수동 1 B1층"",""roadAddress"":""서울특별시 종로구 새문안로5가길 7 B1층"",""mapx"":""1269741711"",""mapy"":""375727071""}}]",false,false,,,,,
9799,bfbdf58e6f501d52f66c0d2e3dcf64e6,술이 그린 밤,서울특별시 강남구 강남대로124길 3-6 102호 술이 그린 밤,37.509078,127.0230903,2,"[{""provider"":""KAKAO"",""external_place_id"":""765927863"",""name"":""술이그린밤"",""category"":""음식점 > 술집 > 호프,요리주점"",""address"":""서울 강남구 논현동 143-16"",""road_address"":""서울 강남구 강남대로124길 3-6"",""longitude"":127.0231296386315,""latitude"":37.50911299581089,""phone"":""02-543-8766"",""detail_url"":""http://place.map.kakao.com/765927863"",""distance"":""5"",""raw_metadata"":{""address_name"":""서울 강남구 논현동 143-16"",""category_group_code"":""FD6"",""category_group_name"":""음식점"",""category_name"":""음식점 > 술집 > 호프,요리주점"",""distance"":""5"",""id"":""765927863"",""phone"":""02-543-8766"",""place_name"":""술이그린밤"",""place_url"":""http://place.map.kakao.com/765927863"",""road_address_name"":""서울 강남구 강남대로124길 3-6"",""x"":""127.0231296386315"",""y"":""37.50911299581089""}},{""provider"":""KAKAO"",""external_place_id"":""786276495"",""name"":""술이 그린 이밤"",""category"":""음식점 > 술집 > 호프,요리주점"",""address"":""서울 성북구 정릉동 892"",""road_address"":""서울 성북구 정릉로10길 36"",""longitude"":126.999750843568,""latitude"":37.6079906894567,""phone"":""010-5545-9738"",""detail_url"":""http://place.map.kakao.com/786276495"",""distance"":""11170"",""raw_metadata"":{""address_name"":""서울 성북구 정릉동 892"",""category_group_code"":""FD6"",""category_group_name"":""음식점"",""category_name"":""음식점 > 술집 > 호프,요리주점"",""distance"":""11170"",""id"":""786276495"",""phone"":""010-5545-9738"",""place_name"":""술이 그린 이밤"",""place_url"":""http://place.map.kakao.com/786276495"",""road_address_name"":""서울 성북구 정릉로10길 36"",""x"":""126.999750843568"",""y"":""37.6079906894567""}}]",2,"[{""provider"":""NAVER_LOCAL"",""external_place_id"":"""",""name"":""술이 그린 밤"",""category"":""술집>요리주점"",""address"":""서울특별시 강남구 논현동 143-16 1층"",""road_address"":""서울특별시 강남구 강남대로124길 3-6 1층"",""longitude"":127.0231764,""latitude"":37.5091258,""phone"":"""",""detail_url"":""https://www.instagram.com/sulbam__official"",""distance"":"""",""raw_metadata"":{""title"":""<b>술이 그린 밤</b>"",""link"":""https://www.instagram.com/sulbam__official"",""category"":""술집>요리주점"",""description"":"""",""telephone"":"""",""address"":""서울특별시 강남구 논현동 143-16 1층"",""roadAddress"":""서울특별시 강남구 강남대로124길 3-6 1층"",""mapx"":""1270231764"",""mapy"":""375091258""}},{""provider"":""NAVER_LOCAL"",""external_place_id"":"""",""name"":""술이그린이밤"",""category"":""술집>요리주점"",""address"":""서울특별시 성북구 정릉동 892-9 1층 술이 그린 이밤"",""road_address"":""서울특별시 성북구 정릉로10길 36 1층 술이 그린 이밤"",""longitude"":126.9998382,""latitude"":37.6079083,""phone"":"""",""detail_url"":""https://www.instagram.com/2baaam/"",""distance"":"""",""raw_metadata"":{""title"":""<b>술이그린</b>이밤"",""link"":""https://www.instagram.com/2baaam/"",""category"":""술집>요리주점"",""description"":"""",""telephone"":"""",""address"":""서울특별시 성북구 정릉동 892-9 1층 술이 그린 이밤"",""roadAddress"":""서울특별시 성북구 정릉로10길 36 1층 술이 그린 이밤"",""mapx"":""1269998382"",""mapy"":""376079083""}}]",false,false,,,,,
9807,c3cf4ce0e1ad31be42f903b5c938ed03,(주)마리킹 신사역점,서울특별시 강남구 도산대로 지하102(신사동) 327-113호,,,0,[],0,[],true,true,,,,,
9812,c57f70384745663fc8740d4ed332501f,테이블105,서울특별시 강남구 도산대로26길 11 (논현동) 1층 테이블105,37.5185138,127.0278244,1,"[{""provider"":""KAKAO"",""external_place_id"":""2057040497"",""name"":""테이블105"",""category"":""음식점 > 한식 > 해물,생선"",""address"":""서울 강남구 논현동 8"",""road_address"":""서울 강남구 도산대로26길 11"",""longitude"":127.02783596084,""latitude"":37.5184950360404,""phone"":""02-518-0780"",""detail_url"":""http://place.map.kakao.com/2057040497"",""distance"":""2"",""raw_metadata"":{""address_name"":""서울 강남구 논현동 8"",""category_group_code"":""FD6"",""category_group_name"":""음식점"",""category_name"":""음식점 > 한식 > 해물,생선"",""distance"":""2"",""id"":""2057040497"",""phone"":""02-518-0780"",""place_name"":""테이블105"",""place_url"":""http://place.map.kakao.com/2057040497"",""road_address_name"":""서울 강남구 도산대로26길 11"",""x"":""127.02783596084"",""y"":""37.5184950360404""}}]",5,"[{""provider"":""NAVER_LOCAL"",""external_place_id"":"""",""name"":""테이블105 논현8번지"",""category"":""음식점>한식"",""address"":""서울특별시 강남구 논현동 8"",""road_address"":""서울특별시 강남구 도산대로26길 11"",""longitude"":127.0278506,""latitude"":37.518534,""phone"":"""",""detail_url"":"""",""distance"":"""",""raw_metadata"":{""title"":""<b>테이블105</b> 논현8번지"",""link"":"""",""category"":""음식점>한식"",""description"":"""",""telephone"":"""",""address"":""서울특별시 강남구 논현동 8"",""roadAddress"":""서울특별시 강남구 도산대로26길 11"",""mapx"":""1270278506"",""mapy"":""375185340""}},{""provider"":""NAVER_LOCAL"",""external_place_id"":"""",""name"":""원효로105 로스터리"",""category"":""카페,디저트>카페"",""address"":""서울특별시 용산구 원효로3가 277-29 1층"",""road_address"":""서울특별시 용산구 원효로 105 1층"",""longitude"":126.9553749,""latitude"":37.5326224,""phone"":"""",""detail_url"":""https://smartstore.naver.com/wonhyoro105"",""distance"":"""",""raw_metadata"":{""title"":""원효로<b>105</b> 로스터리"",""link"":""https://smartstore.naver.com/wonhyoro105"",""category"":""카페,디저트>카페"",""description"":"""",""telephone"":"""",""address"":""서울특별시 용산구 원효로3가 277-29 1층"",""roadAddress"":""서울특별시 용산구 원효로 105 1층"",""mapx"":""1269553749"",""mapy"":""375326224""}},{""provider"":""NAVER_LOCAL"",""external_place_id"":"""",""name"":""파리바게뜨 용산후암점"",""category"":""카페,디저트>베이커리"",""address"":""서울특별시 용산구 후암동 105-3"",""road_address"":""서울특별시 용산구 후암로 47"",""longitude"":126.9771986,""latitude"":37.5500455,""phone"":"""",""detail_url"":""http://www.paris.co.kr/"",""distance"":"""",""raw_metadata"":{""title"":""파리바게뜨 용산후암점"",""link"":""http://www.paris.co.kr/"",""category"":""카페,디저트>베이커리"",""description"":"""",""telephone"":"""",""address"":""서울특별시 용산구 후암동 105-3"",""roadAddress"":""서울특별시 용산구 후암로 47"",""mapx"":""1269771986"",""mapy"":""375500455""}},{""provider"":""NAVER_LOCAL"",""external_place_id"":"""",""name"":""스타벅스 서울타워점"",""category"":""카페,디저트>카페"",""address"":""서울특별시 용산구 용산동2가 산1-3 YTN서울타워 1층"",""road_address"":""서울특별시 용산구 남산공원길 105 (용산동2가) YTN서울타워 1층"",""longitude"":126.988317,""latitude"":37.551102,""phone"":"""",""detail_url"":""http://www.starbucks.co.kr/"",""distance"":"""",""raw_metadata"":{""title"":""스타벅스 서울타워점"",""link"":""http://www.starbucks.co.kr/"",""category"":""카페,디저트>카페"",""description"":"""",""telephone"":"""",""address"":""서울특별시 용산구 용산동2가 산1-3 YTN서울타워 1층"",""roadAddress"":""서울특별시 용산구 남산공원길 105 (용산동2가) YTN서울타워 1층"",""mapx"":""1269883170"",""mapy"":""375511020""}},{""provider"":""NAVER_LOCAL"",""external_place_id"":"""",""name"":""페르마타 본점"",""category"":""음식점>카페,디저트"",""address"":""서울특별시 서대문구 미근동 105-1 1층 페르마타 본점"",""road_address"":""서울특별시 서대문구 충정로6길 37 1층 페르마타 본점"",""longitude"":126.9667622,""latitude"":37.5625459,""phone"":"""",""detail_url"":""https://www.instagram.com/fermata_cafe_"",""distance"":"""",""raw_metadata"":{""title"":""페르마타 본점"",""link"":""https://www.instagram.com/fermata_cafe_"",""category"":""음식점>카페,디저트"",""description"":"""",""telephone"":"""",""address"":""서울특별시 서대문구 미근동 105-1 1층 페르마타 본점"",""roadAddress"":""서울특별시 서대문구 충정로6길 37 1층 페르마타 본점"",""mapx"":""1269667622"",""mapy"":""375625459""}}]",false,false,,,,,
9823,0909c94196d2d06061c36a4a095c95c4,방일해장국,서울특별시 강남구 봉은사로37길 31 (논현동) 1층방일해장국,37.5101599,127.035581,15,"[{""provider"":""KAKAO"",""external_place_id"":""16060238"",""name"":""방일해장국 논현점"",""category"":""음식점 > 한식 > 해장국"",""address"":""서울 강남구 논현동 226-3"",""road_address"":""서울 강남구 봉은사로37길 31"",""longitude"":127.035609978565,""latitude"":37.5101965042861,""phone"":""02-3443-5501"",""detail_url"":""http://place.map.kakao.com/16060238"",""distance"":""4"",""raw_metadata"":{""address_name"":""서울 강남구 논현동 226-3"",""category_group_code"":""FD6"",""category_group_name"":""음식점"",""category_name"":""음식점 > 한식 > 해장국"",""distance"":""4"",""id"":""16060238"",""phone"":""02-3443-5501"",""place_name"":""방일해장국 논현점"",""place_url"":""http://place.map.kakao.com/16060238"",""road_address_name"":""서울 강남구 봉은사로37길 31"",""x"":""127.035609978565"",""y"":""37.5101965042861""}},{""provider"":""KAKAO"",""external_place_id"":""627121145"",""name"":""방일해장국 논현점 주차장"",""category"":""교통,수송 > 교통시설 > 주차장"",""address"":""서울 강남구 논현동 226-3"",""road_address"":"""",""longitude"":127.035541010586,""latitude"":37.5102514863332,""phone"":"""",""detail_url"":""http://place.map.kakao.com/627121145"",""distance"":""10"",""raw_metadata"":{""address_name"":""서울 강남구 논현동 226-3"",""category_group_code"":""PK6"",""category_group_name"":""주차장"",""category_name"":""교통,수송 > 교통시설 > 주차장"",""distance"":""10"",""id"":""627121145"",""phone"":"""",""place_name"":""방일해장국 논현점 주차장"",""place_url"":""http://place.map.kakao.com/627121145"",""road_address_name"":"""",""x"":""127.035541010586"",""y"":""37.5102514863332""}},{""provider"":""KAKAO"",""external_place_id"":""15819789"",""name"":""방일해장국 정동점"",""category"":""음식점 > 한식 > 해장국"",""address"":""서울 중구 정동 23-11"",""road_address"":""서울 중구 새문안로 32"",""longitude"":126.969211704421,""latitude"":37.567944758924,""phone"":""02-723-0049"",""detail_url"":""http://place.map.kakao.com/15819789"",""distance"":""8691"",""raw_metadata"":{""address_name"":""서울 중구 정동 23-11"",""category_group_code"":""FD6"",""category_group_name"":""음식점"",""category_name"":""음식점 > 한식 > 해장국"",""distance"":""8691"",""id"":""15819789"",""phone"":""02-723-0049"",""place_name"":""방일해장국 정동점"",""place_url"":""http://place.map.kakao.com/15819789"",""road_address_name"":""서울 중구 새문안로 32"",""x"":""126.969211704421"",""y"":""37.567944758924""}},{""provider"":""KAKAO"",""external_place_id"":""81108685"",""name"":""방일해장국 과천지식정보타운점"",""category"":""음식점 > 한식 > 해장국"",""address"":""경기 과천시 갈현동 427-1"",""road_address"":""경기 과천시 과천대로7길 20"",""longitude"":126.979091023052,""latitude"":37.4141602628309,""phone"":"""",""detail_url"":""http://place.map.kakao.com/81108685"",""distance"":""11768"",""raw_metadata"":{""address_name"":""경기 과천시 갈현동 427-1"",""category_group_code"":""FD6"",""category_group_name"":""음식점"",""category_name"":""음식점 > 한식 > 해장국"",""distance"":""11768"",""id"":""81108685"",""phone"":"""",""place_name"":""방일해장국 과천지식정보타운점"",""place_url"":""http://place.map.kakao.com/81108685"",""road_address_name"":""경기 과천시 과천대로7길 20"",""x"":""126.979091023052"",""y"":""37.4141602628309""}},{""provider"":""KAKAO"",""external_place_id"":""26904476"",""name"":""방일해장국 본점"",""category"":""음식점 > 한식 > 해장국"",""address"":""경기 구리시 토평동 537-2"",""road_address"":""경기 구리시 벌말로 64"",""longitude"":127.146811385582,""latitude"":37.5823238480118,""phone"":""031-558-5055"",""detail_url"":""http://place.map.kakao.com/26904476"",""distance"":""12679"",""raw_metadata"":{""address_name"":""경기 구리시 토평동 537-2"",""category_group_code"":""FD6"",""category_group_name"":""음식점"",""category_name"":""음식점 > 한식 > 해장국"",""distance"":""12679"",""id"":""26904476"",""phone"":""031-558-5055"",""place_name"":""방일해장국 본점"",""place_url"":""http://place.map.kakao.com/26904476"",""road_address_name"":""경기 구리시 벌말로 64"",""x"":""127.146811385582"",""y"":""37.5823238480118""}},{""provider"":""KAKAO"",""external_place_id"":""9812896"",""name"":""방일해장국"",""category"":""음식점 > 한식 > 해장국"",""address"":""경기 안양시 동안구 평촌동 926-10"",""road_address"":""경기 안양시 동안구 귀인로190번길 100"",""longitude"":126.963298593588,""latitude"":37.3828864609731,""phone"":""031-388-3188"",""detail_url"":""http://place.map.kakao.com/9812896"",""distance"":""15506"",""raw_metadata"":{""address_name"":""경기 안양시 동안구 평촌동 926-10"",""category_group_code"":""FD6"",""category_group_name"":""음식점"",""category_name"":""음식점 > 한식 > 해장국"",""distance"":""15506"",""id"":""9812896"",""phone"":""031-388-3188"",""place_name"":""방일해장국"",""place_url"":""http://place.map.kakao.com/9812896"",""road_address_name"":""경기 안양시 동안구 귀인로190번길 100"",""x"":""126.963298593588"",""y"":""37.3828864609731""}},{""provider"":""KAKAO"",""external_place_id"":""22182925"",""name"":""방일해장국 우이점"",""category"":""음식점 > 한식 > 해장국"",""address"":""서울 강북구 우이동 71-34"",""road_address"":""서울 강북구 삼양로 543"",""longitude"":127.01244693190691,""latitude"":37.6513608099027,""phone"":""02-995-2558"",""detail_url"":""http://place.map.kakao.com/22182925"",""distance"":""15804"",""raw_metadata"":{""address_name"":""서울 강북구 우이동 71-34"",""category_group_code"":""FD6"",""category_group_name"":""음식점"",""category_name"":""음식점 > 한식 > 해장국"",""distance"":""15804"",""id"":""22182925"",""phone"":""02-995-2558"",""place_name"":""방일해장국 우이점"",""place_url"":""http://place.map.kakao.com/22182925"",""road_address_name"":""서울 강북구 삼양로 543"",""x"":""127.01244693190691"",""y"":""37.6513608099027""}},{""provider"":""KAKAO"",""external_place_id"":""10392225"",""name"":""방일해장국 안양점"",""category"":""음식점 > 한식 > 해장국"",""address"":""경기 안양시 만안구 박달동 28-12"",""road_address"":""경기 안양시 만안구 박달우회로 140"",""longitude"":126.910204365403,""latitude"":37.4075388557211,""phone"":""031-466-6555"",""detail_url"":""http://place.map.kakao.com/10392225"",""distance"":""15898"",""raw_metadata"":{""address_name"":""경기 안양시 만안구 박달동 28-12"",""category_group_code"":""FD6"",""category_group_name"":""음식점"",""category_name"":""음식점 > 한식 > 해장국"",""distance"":""15898"",""id"":""10392225"",""phone"":""031-466-6555"",""place_name"":""방일해장국 안양점"",""place_url"":""http://place.map.kakao.com/10392225"",""road_address_name"":""경기 안양시 만안구 박달우회로 140"",""x"":""126.910204365403"",""y"":""37.4075388557211""}},{""provider"":""KAKAO"",""external_place_id"":""18883281"",""name"":""방일해장국"",""category"":""음식점 > 한식 > 해장국"",""address"":""경기 군포시 당정동 974-3"",""road_address"":""경기 군포시 고산로151번길 7"",""longitude"":126.955351973253,""latitude"":37.3482014119546,""phone"":""031-477-8003"",""detail_url"":""http://place.map.kakao.com/18883281"",""distance"":""19326"",""raw_metadata"":{""address_name"":""경기 군포시 당정동 974-3"",""category_group_code"":""FD6"",""category_group_name"":""음식점"",""category_name"":""음식점 > 한식 > 해장국"",""distance"":""19326"",""id"":""18883281"",""phone"":""031-477-8003"",""place_name"":""방일해장국"",""place_url"":""http://place.map.kakao.com/18883281"",""road_address_name"":""경기 군포시 고산로151번길 7"",""x"":""126.955351973253"",""y"":""37.3482014119546""}},{""provider"":""KAKAO"",""external_place_id"":""908042029"",""name"":""방일해장국 별내점"",""category"":""음식점 > 한식 > 해장국"",""address"":""경기 남양주시 별내동 2249-2"",""road_address"":""경기 남양주시 순화궁로 612"",""longitude"":127.112417733087,""latitude"":37.6790878316403,""phone"":""031-574-5873"",""detail_url"":""http://place.map.kakao.com/908042029"",""distance"":""19939"",""raw_metadata"":{""address_name"":""경기 남양주시 별내동 2249-2"",""category_group_code"":""FD6"",""category_group_name"":""음식점"",""category_name"":""음식점 > 한식 > 해장국"",""distance"":""19939"",""id"":""908042029"",""phone"":""031-574-5873"",""place_name"":""방일해장국 별내점"",""place_url"":""http://place.map.kakao.com/908042029"",""road_address_name"":""경기 남양주시 순화궁로 612"",""x"":""127.112417733087"",""y"":""37.6790878316403""}},{""provider"":""KAKAO"",""external_place_id"":""722093174"",""name"":""방일해장국 군포점"",""category"":""음식점 > 한식 > 해장국"",""address"":""경기 안산시 상록구 사사동 479"",""road_address"":""경기 안산시 상록구 서해로 2810"",""longitude"":126.917106141173,""latitude"":37.3023867159788,""phone"":""031-419-0056"",""detail_url"":""http://place.map.kakao.com/722093174"",""distance"":""25333"",""raw_metadata"":{""address_name"":""경기 안산시 상록구 사사동 479"",""category_group_code"":""FD6"",""category_group_name"":""음식점"",""category_name"":""음식점 > 한식 > 해장국"",""distance"":""25333"",""id"":""722093174"",""phone"":""031-419-0056"",""place_name"":""방일해장국 군포점"",""place_url"":""http://place.map.kakao.com/722093174"",""road_address_name"":""경기 안산시 상록구 서해로 2810"",""x"":""126.917106141173"",""y"":""37.3023867159788""}},{""provider"":""KAKAO"",""external_place_id"":""13080619"",""name"":""두모리해장국"",""category"":""음식점 > 한식 > 해장국"",""address"":""경기 남양주시 오남읍 양지리 434-2"",""road_address"":""경기 남양주시 오남읍 진건오남로 878"",""longitude"":127.19784193591161,""latitude"":37.70342614343367,""phone"":""031-575-0153"",""detail_url"":""http://place.map.kakao.com/13080619"",""distance"":""25795"",""raw_metadata"":{""address_name"":""경기 남양주시 오남읍 양지리 434-2"",""category_group_code"":""FD6"",""category_group_name"":""음식점"",""category_name"":""음식점 > 한식 > 해장국"",""distance"":""25795"",""id"":""13080619"",""phone"":""031-575-0153"",""place_name"":""두모리해장국"",""place_url"":""http://place.map.kakao.com/13080619"",""road_address_name"":""경기 남양주시 오남읍 진건오남로 878"",""x"":""127.19784193591161"",""y"":""37.70342614343367""}},{""provider"":""KAKAO"",""external_place_id"":""91847773"",""name"":""방일해장국 마석점"",""category"":""음식점 > 한식 > 해장국"",""address"":""경기 남양주시 화도읍 묵현리 284-4"",""road_address"":""경기 남양주시 화도읍 경춘로 1802"",""longitude"":127.290330624417,""latitude"":37.6558199406042,""phone"":""031-593-6247"",""detail_url"":""http://place.map.kakao.com/91847773"",""distance"":""27706"",""raw_metadata"":{""address_name"":""경기 남양주시 화도읍 묵현리 284-4"",""category_group_code"":""FD6"",""category_group_name"":""음식점"",""category_name"":""음식점 > 한식 > 해장국"",""distance"":""27706"",""id"":""91847773"",""phone"":""031-593-6247"",""place_name"":""방일해장국 마석점"",""place_url"":""http://place.map.kakao.com/91847773"",""road_address_name"":""경기 남양주시 화도읍 경춘로 1802"",""x"":""127.290330624417"",""y"":""37.6558199406042""}},{""provider"":""KAKAO"",""external_place_id"":""10394270"",""name"":""방일해장국"",""category"":""음식점 > 한식 > 해장국"",""address"":""경기 남양주시 진접읍 장현리 84-15"",""road_address"":""경기 남양주시 진접읍 금강로 1561"",""longitude"":127.193086047192,""latitude"":37.7300901743851,""phone"":""031-571-5055"",""detail_url"":""http://place.map.kakao.com/10394270"",""distance"":""28092"",""raw_metadata"":{""address_name"":""경기 남양주시 진접읍 장현리 84-15"",""category_group_code"":""FD6"",""category_group_name"":""음식점"",""category_name"":""음식점 > 한식 > 해장국"",""distance"":""28092"",""id"":""10394270"",""phone"":""031-571-5055"",""place_name"":""방일해장국"",""place_url"":""http://place.map.kakao.com/10394270"",""road_address_name"":""경기 남양주시 진접읍 금강로 1561"",""x"":""127.193086047192"",""y"":""37.7300901743851""}},{""provider"":""KAKAO"",""external_place_id"":""9009976"",""name"":""방일해장국 영통점"",""category"":""음식점 > 한식 > 해장국"",""address"":""경기 수원시 영통구 신동 261-1"",""road_address"":""경기 수원시 영통구 영통로 293"",""longitude"":127.060949314395,""latitude"":37.2526193950903,""phone"":""031-204-6222"",""detail_url"":""http://place.map.kakao.com/9009976"",""distance"":""28671"",""raw_metadata"":{""address_name"":""경기 수원시 영통구 신동 261-1"",""category_group_code"":""FD6"",""category_group_name"":""음식점"",""category_name"":""음식점 > 한식 > 해장국"",""distance"":""28671"",""id"":""9009976"",""phone"":""031-204-6222"",""place_name"":""방일해장국 영통점"",""place_url"":""http://place.map.kakao.com/9009976"",""road_address_name"":""경기 수원시 영통구 영통로 293"",""x"":""127.060949314395"",""y"":""37.2526193950903""}}]",2,"[{""provider"":""NAVER_LOCAL"",""external_place_id"":"""",""name"":""방일해장국 정동점"",""category"":""한식>해장국"",""address"":""서울특별시 중구 충정로1가 51-6 동양빌딩"",""road_address"":""서울특별시 중구 새문안로 32 동양빌딩"",""longitude"":126.9691375,""latitude"":37.5679583,""phone"":"""",""detail_url"":"""",""distance"":"""",""raw_metadata"":{""title"":""<b>방일해장국</b> 정동점"",""link"":"""",""category"":""한식>해장국"",""description"":"""",""telephone"":"""",""address"":""서울특별시 중구 충정로1가 51-6 동양빌딩"",""roadAddress"":""서울특별시 중구 새문안로 32 동양빌딩"",""mapx"":""1269691375"",""mapy"":""375679583""}},{""provider"":""NAVER_LOCAL"",""external_place_id"":"""",""name"":""방일해장국 논현점"",""category"":""한식>해장국"",""address"":""서울특별시 강남구 논현동 226-3"",""road_address"":""서울특별시 강남구 봉은사로37길 31"",""longitude"":127.035639,""latitude"":37.5101675,""phone"":"""",""detail_url"":""http://www.bangilnet.com/"",""distance"":"""",""raw_metadata"":{""title"":""<b>방일해장국</b> 논현점"",""link"":""http://www.bangilnet.com/"",""category"":""한식>해장국"",""description"":"""",""telephone"":"""",""address"":""서울특별시 강남구 논현동 226-3"",""roadAddress"":""서울특별시 강남구 봉은사로37길 31"",""mapx"":""1270356390"",""mapy"":""375101675""}}]",false,false,,,,,
9835,8830d80cc1023ec640de6a0d4ae86148,보전식당,서울시 강남구 언주로 725 보전식당,37.519295,127.0344487,1,"[{""provider"":""KAKAO"",""external_place_id"":""8397392"",""name"":""보전식당"",""category"":""음식점 > 한식"",""address"":""서울 강남구 논현동 70-13"",""road_address"":""서울 강남구 언주로 725"",""longitude"":127.034455986915,""latitude"":37.519340233357,""phone"":"""",""detail_url"":""http://place.map.kakao.com/8397392"",""distance"":""5"",""raw_metadata"":{""address_name"":""서울 강남구 논현동 70-13"",""category_group_code"":""FD6"",""category_group_name"":""음식점"",""category_name"":""음식점 > 한식"",""distance"":""5"",""id"":""8397392"",""phone"":"""",""place_name"":""보전식당"",""place_url"":""http://place.map.kakao.com/8397392"",""road_address_name"":""서울 강남구 언주로 725"",""x"":""127.034455986915"",""y"":""37.519340233357""}}]",3,"[{""provider"":""NAVER_LOCAL"",""external_place_id"":"""",""name"":""보전식당"",""category"":""음식점>한식"",""address"":""서울특별시 강남구 논현동 70-13"",""road_address"":""서울특별시 강남구 언주로 725"",""longitude"":127.0344483,""latitude"":37.5193109,""phone"":"""",""detail_url"":"""",""distance"":"""",""raw_metadata"":{""title"":""<b>보전식당</b>"",""link"":"""",""category"":""음식점>한식"",""description"":"""",""telephone"":"""",""address"":""서울특별시 강남구 논현동 70-13"",""roadAddress"":""서울특별시 강남구 언주로 725"",""mapx"":""1270344483"",""mapy"":""375193109""}},{""provider"":""NAVER_LOCAL"",""external_place_id"":"""",""name"":""양양집 신논현점"",""category"":""한식>해장국"",""address"":""서울특별시 서초구 서초동 1302-45 지상1층"",""road_address"":""서울특별시 서초구 사평대로56길 8 지상1층"",""longitude"":127.0229895,""latitude"":37.5033075,""phone"":"""",""detail_url"":""https://www.instagram.com/yangyangzip_official"",""distance"":"""",""raw_metadata"":{""title"":""양양집 신논현점"",""link"":""https://www.instagram.com/yangyangzip_official"",""category"":""한식>해장국"",""description"":"""",""telephone"":"""",""address"":""서울특별시 서초구 서초동 1302-45 지상1층"",""roadAddress"":""서울특별시 서초구 사평대로56길 8 지상1층"",""mapx"":""1270229895"",""mapy"":""375033075""}},{""provider"":""NAVER_LOCAL"",""external_place_id"":"""",""name"":""물푸레북카페"",""category"":""카페,디저트>북카페"",""address"":""서울특별시 은평구 진관동 10 은평뉴타운상림마을 742동 1층"",""road_address"":""서울특별시 은평구 진관4로 48-51 은평뉴타운상림마을 742동 1층"",""longitude"":126.9298651,""latitude"":37.6436129,""phone"":"""",""detail_url"":""https://www.instagram.com/bookcafemulpure/"",""distance"":"""",""raw_metadata"":{""title"":""물푸레북카페"",""link"":""https://www.instagram.com/bookcafemulpure/"",""category"":""카페,디저트>북카페"",""description"":"""",""telephone"":"""",""address"":""서울특별시 은평구 진관동 10 은평뉴타운상림마을 742동 1층"",""roadAddress"":""서울특별시 은평구 진관4로 48-51 은평뉴타운상림마을 742동 1층"",""mapx"":""1269298651"",""mapy"":""376436129""}}]",false,false,,,,,
9847,fd05bc55fa6d805c0e03a179a7f2793d,풍천장어,서울특별시 강남구 학동로2길 40(논현동) 풍천장어,37.5089748,127.0231836,15,"[{""provider"":""KAKAO"",""external_place_id"":""10879498"",""name"":""풍천장어 논현역점"",""category"":""음식점 > 한식 > 해물,생선 > 장어"",""address"":""서울 강남구 논현동 143-24"",""road_address"":""서울 강남구 학동로2길 40"",""longitude"":127.02319519174185,""latitude"":37.508961614163006,""phone"":""02-540-4201"",""detail_url"":""http://place.map.kakao.com/10879498"",""distance"":""1"",""raw_metadata"":{""address_name"":""서울 강남구 논현동 143-24"",""category_group_code"":""FD6"",""category_group_name"":""음식점"",""category_name"":""음식점 > 한식 > 해물,생선 > 장어"",""distance"":""1"",""id"":""10879498"",""phone"":""02-540-4201"",""place_name"":""풍천장어 논현역점"",""place_url"":""http://place.map.kakao.com/10879498"",""road_address_name"":""서울 강남구 학동로2길 40"",""x"":""127.02319519174185"",""y"":""37.508961614163006""}},{""provider"":""KAKAO"",""external_place_id"":""636836109"",""name"":""더일"",""category"":""음식점 > 한식 > 해물,생선 > 장어"",""address"":""서울 강남구 신사동 587-14"",""road_address"":""서울 강남구 도산대로 211"",""longitude"":127.029681739745,""latitude"":37.5205957258597,""phone"":""02-541-1222"",""detail_url"":""http://place.map.kakao.com/636836109"",""distance"":""1412"",""raw_metadata"":{""address_name"":""서울 강남구 신사동 587-14"",""category_group_code"":""FD6"",""category_group_name"":""음식점"",""category_name"":""음식점 > 한식 > 해물,생선 > 장어"",""distance"":""1412"",""id"":""636836109"",""phone"":""02-541-1222"",""place_name"":""더일"",""place_url"":""http://place.map.kakao.com/636836109"",""road_address_name"":""서울 강남구 도산대로 211"",""x"":""127.029681739745"",""y"":""37.5205957258597""}},{""provider"":""KAKAO"",""external_place_id"":""389851322"",""name"":""풍천가 강남"",""category"":""음식점 > 한식"",""address"":""서울 강남구 역삼동 672-37"",""road_address"":""서울 강남구 언주로93길 30"",""longitude"":127.03966005440437,""latitude"":37.5033782098054,""phone"":""02-557-6255"",""detail_url"":""http://place.map.kakao.com/389851322"",""distance"":""1583"",""raw_metadata"":{""address_name"":""서울 강남구 역삼동 672-37"",""category_group_code"":""FD6"",""category_group_name"":""음식점"",""category_name"":""음식점 > 한식"",""distance"":""1583"",""id"":""389851322"",""phone"":""02-557-6255"",""place_name"":""풍천가 강남"",""place_url"":""http://place.map.kakao.com/389851322"",""road_address_name"":""서울 강남구 언주로93길 30"",""x"":""127.03966005440437"",""y"":""37.5033782098054""}},{""provider"":""KAKAO"",""external_place_id"":""2102918903"",""name"":""어영차풍천민물장어"",""category"":""음식점 > 한식 > 해물,생선 > 장어"",""address"":""서울 강남구 신사동 569-29"",""road_address"":""서울 강남구 압구정로28길 40"",""longitude"":127.027462414465,""latitude"":37.5239624087935,""phone"":""02-512-2566"",""detail_url"":""http://place.map.kakao.com/2102918903"",""distance"":""1706"",""raw_metadata"":{""address_name"":""서울 강남구 신사동 569-29"",""category_group_code"":""FD6"",""category_group_name"":""음식점"",""category_name"":""음식점 > 한식 > 해물,생선 > 장어"",""distance"":""1706"",""id"":""2102918903"",""phone"":""02-512-2566"",""place_name"":""어영차풍천민물장어"",""place_url"":""http://place.map.kakao.com/2102918903"",""road_address_name"":""서울 강남구 압구정로28길 40"",""x"":""127.027462414465"",""y"":""37.5239624087935""}},{""provider"":""KAKAO"",""external_place_id"":""85570955"",""name"":""남도애찬"",""category"":""음식점 > 한식 > 육류,고기"",""address"":""서울 강남구 역삼동 830-27"",""road_address"":""서울 강남구 역삼로3길 8"",""longitude"":127.031884262995,""latitude"":37.4941524581987,""phone"":""0507-1329-1588"",""detail_url"":""http://place.map.kakao.com/85570955"",""distance"":""1816"",""raw_metadata"":{""address_name"":""서울 강남구 역삼동 830-27"",""category_group_code"":""FD6"",""category_group_name"":""음식점"",""category_name"":""음식점 > 한식 > 육류,고기"",""distance"":""1816"",""id"":""85570955"",""phone"":""0507-1329-1588"",""place_name"":""남도애찬"",""place_url"":""http://place.map.kakao.com/85570955"",""road_address_name"":""서울 강남구 역삼로3길 8"",""x"":""127.031884262995"",""y"":""37.4941524581987""}},{""provider"":""KAKAO"",""external_place_id"":""1576459043"",""name"":""장수촌풍천장어"",""category"":""음식점 > 한식 > 해물,생선 > 장어"",""address"":""서울 강남구 도곡동 943-4"",""road_address"":""서울 강남구 도곡로4길 6"",""longitude"":127.03317132067,""latitude"":37.4894866878356,""phone"":""02-529-9550"",""detail_url"":""http://place.map.kakao.com/1576459043"",""distance"":""2336"",""raw_metadata"":{""address_name"":""서울 강남구 도곡동 943-4"",""category_group_code"":""FD6"",""category_group_name"":""음식점"",""category_name"":""음식점 > 한식 > 해물,생선 > 장어"",""distance"":""2336"",""id"":""1576459043"",""phone"":""02-529-9550"",""place_name"":""장수촌풍천장어"",""place_url"":""http://place.map.kakao.com/1576459043"",""road_address_name"":""서울 강남구 도곡로4길 6"",""x"":""127.03317132067"",""y"":""37.4894866878356""}},{""provider"":""KAKAO"",""external_place_id"":""992744154"",""name"":""해품장팔팔장어 도곡점"",""category"":""음식점 > 한식 > 해물,생선 > 장어"",""address"":""서울 강남구 도곡동 542-1"",""road_address"":""서울 강남구 도곡로 218"",""longitude"":127.042892976823,""latitude"":37.4926965507776,""phone"":""02-571-8892"",""detail_url"":""http://place.map.kakao.com/992744154"",""distance"":""2510"",""raw_metadata"":{""address_name"":""서울 강남구 도곡동 542-1"",""category_group_code"":""FD6"",""category_group_name"":""음식점"",""category_name"":""음식점 > 한식 > 해물,생선 > 장어"",""distance"":""2510"",""id"":""992744154"",""phone"":""02-571-8892"",""place_name"":""해품장팔팔장어 도곡점"",""place_url"":""http://place.map.kakao.com/992744154"",""road_address_name"":""서울 강남구 도곡로 218"",""x"":""127.042892976823"",""y"":""37.4926965507776""}},{""provider"":""KAKAO"",""external_place_id"":""8175036"",""name"":""개성집"",""category"":""음식점 > 한식 > 해물,생선 > 장어"",""address"":""서울 강남구 삼성동 169-13"",""road_address"":""서울 강남구 테헤란로103길 8-8"",""longitude"":127.0649029350938,""latitude"":37.51007501965891,""phone"":""02-562-9455"",""detail_url"":""http://place.map.kakao.com/8175036"",""distance"":""3690"",""raw_metadata"":{""address_name"":""서울 강남구 삼성동 169-13"",""category_group_code"":""FD6"",""category_group_name"":""음식점"",""category_name"":""음식점 > 한식 > 해물,생선 > 장어"",""distance"":""3690"",""id"":""8175036"",""phone"":""02-562-9455"",""place_name"":""개성집"",""place_url"":""http://place.map.kakao.com/8175036"",""road_address_name"":""서울 강남구 테헤란로103길 8-8"",""x"":""127.0649029350938"",""y"":""37.51007501965891""}},{""provider"":""KAKAO"",""external_place_id"":""1438214644"",""name"":""혁신풍천민물장어 서울숲점"",""category"":""음식점 > 한식 > 해물,생선 > 장어"",""address"":""서울 성동구 성수동1가 656-461"",""road_address"":""서울 성동구 왕십리로 66-26"",""longitude"":127.045024216892,""latitude"":37.5430438233191,""phone"":""02-466-6603"",""detail_url"":""http://place.map.kakao.com/1438214644"",""distance"":""4245"",""raw_metadata"":{""address_name"":""서울 성동구 성수동1가 656-461"",""category_group_code"":""FD6"",""category_group_name"":""음식점"",""category_name"":""음식점 > 한식 > 해물,생선 > 장어"",""distance"":""4245"",""id"":""1438214644"",""phone"":""02-466-6603"",""place_name"":""혁신풍천민물장어 서울숲점"",""place_url"":""http://place.map.kakao.com/1438214644"",""road_address_name"":""서울 성동구 왕십리로 66-26"",""x"":""127.045024216892"",""y"":""37.5430438233191""}},{""provider"":""KAKAO"",""external_place_id"":""1093135873"",""name"":""고창풍천장어"",""category"":""음식점 > 한식 > 해물,생선 > 장어"",""address"":""서울 동작구 사당동 708-448"",""road_address"":""서울 동작구 동작대로25길 34"",""longitude"":126.980417755955,""latitude"":37.4856478235538,""phone"":"""",""detail_url"":""http://place.map.kakao.com/1093135873"",""distance"":""4582"",""raw_metadata"":{""address_name"":""서울 동작구 사당동 708-448"",""category_group_code"":""FD6"",""category_group_name"":""음식점"",""category_name"":""음식점 > 한식 > 해물,생선 > 장어"",""distance"":""4582"",""id"":""1093135873"",""phone"":"""",""place_name"":""고창풍천장어"",""place_url"":""http://place.map.kakao.com/1093135873"",""road_address_name"":""서울 동작구 동작대로25길 34"",""x"":""126.980417755955"",""y"":""37.4856478235538""}},{""provider"":""KAKAO"",""external_place_id"":""12096514"",""name"":""원조풍천장어"",""category"":""음식점 > 한식 > 해물,생선 > 장어"",""address"":""서울 광진구 자양동 831-1"",""road_address"":""서울 광진구 능동로3길 19"",""longitude"":127.066327360571,""latitude"":37.5335696740322,""phone"":""02-468-4775"",""detail_url"":""http://place.map.kakao.com/12096514"",""distance"":""4690"",""raw_metadata"":{""address_name"":""서울 광진구 자양동 831-1"",""category_group_code"":""FD6"",""category_group_name"":""음식점"",""category_name"":""음식점 > 한식 > 해물,생선 > 장어"",""distance"":""4690"",""id"":""12096514"",""phone"":""02-468-4775"",""place_name"":""원조풍천장어"",""place_url"":""http://place.map.kakao.com/12096514"",""road_address_name"":""서울 광진구 능동로3길 19"",""x"":""127.066327360571"",""y"":""37.5335696740322""}},{""provider"":""KAKAO"",""external_place_id"":""27101059"",""name"":""한강풍천장어"",""category"":""음식점 > 한식 > 해물,생선 > 장어"",""address"":""서울 광진구 자양동 44-2"",""road_address"":""서울 광진구 뚝섬로 491"",""longitude"":127.064944962047,""latitude"":37.5363815643031,""phone"":""02-464-1776"",""detail_url"":""http://place.map.kakao.com/27101059"",""distance"":""4783"",""raw_metadata"":{""address_name"":""서울 광진구 자양동 44-2"",""category_group_code"":""FD6"",""category_group_name"":""음식점"",""category_name"":""음식점 > 한식 > 해물,생선 > 장어"",""distance"":""4783"",""id"":""27101059"",""phone"":""02-464-1776"",""place_name"":""한강풍천장어"",""place_url"":""http://place.map.kakao.com/27101059"",""road_address_name"":""서울 광진구 뚝섬로 491"",""x"":""127.064944962047"",""y"":""37.5363815643031""}},{""provider"":""KAKAO"",""external_place_id"":""1380126539"",""name"":""풍천가 서초"",""category"":""음식점 > 한식 > 해물,생선 > 장어"",""address"":""서울 서초구 양재동 351-4"",""road_address"":""서울 서초구 강남대로6길 16"",""longitude"":127.04202947178335,""latitude"":37.46719650077581,""phone"":""02-571-6255"",""detail_url"":""http://place.map.kakao.com/1380126539"",""distance"":""4927"",""raw_metadata"":{""address_name"":""서울 서초구 양재동 351-4"",""category_group_code"":""FD6"",""category_group_name"":""음식점"",""category_name"":""음식점 > 한식 > 해물,생선 > 장어"",""distance"":""4927"",""id"":""1380126539"",""phone"":""02-571-6255"",""place_name"":""풍천가 서초"",""place_url"":""http://place.map.kakao.com/1380126539"",""road_address_name"":""서울 서초구 강남대로6길 16"",""x"":""127.04202947178335"",""y"":""37.46719650077581""}},{""provider"":""KAKAO"",""external_place_id"":""1586072425"",""name"":""천년풍천장어"",""category"":""음식점 > 한식 > 해물,생선 > 장어"",""address"":""서울 서초구 방배동 450-14"",""road_address"":""서울 서초구 방배천로 12"",""longitude"":126.982883316395,""latitude"":37.4777175259911,""phone"":""02-588-6362"",""detail_url"":""http://place.map.kakao.com/1586072425"",""distance"":""4973"",""raw_metadata"":{""address_name"":""서울 서초구 방배동 450-14"",""category_group_code"":""FD6"",""category_group_name"":""음식점"",""category_name"":""음식점 > 한식 > 해물,생선 > 장어"",""distance"":""4973"",""id"":""1586072425"",""phone"":""02-588-6362"",""place_name"":""천년풍천장어"",""place_url"":""http://place.map.kakao.com/1586072425"",""road_address_name"":""서울 서초구 방배천로 12"",""x"":""126.982883316395"",""y"":""37.4777175259911""}},{""provider"":""KAKAO"",""external_place_id"":""1029282568"",""name"":""장수촌풍천장어직판장"",""category"":""음식점 > 한식 > 해물,생선 > 장어"",""address"":""서울 동작구 사당동 257-27"",""road_address"":""서울 동작구 사당로17가길 16"",""longitude"":126.97312435712001,""latitude"":37.48392636452024,""phone"":""02-596-8892"",""detail_url"":""http://place.map.kakao.com/1029282568"",""distance"":""5226"",""raw_metadata"":{""address_name"":""서울 동작구 사당동 257-27"",""category_group_code"":""FD6"",""category_group_name"":""음식점"",""category_name"":""음식점 > 한식 > 해물,생선 > 장어"",""distance"":""5226"",""id"":""1029282568"",""phone"":""02-596-8892"",""place_name"":""장수촌풍천장어직판장"",""place_url"":""http://place.map.kakao.com/1029282568"",""road_address_name"":""서울 동작구 사당로17가길 16"",""x"":""126.97312435712001"",""y"":""37.48392636452024""}}]",2,"[{""provider"":""NAVER_LOCAL"",""external_place_id"":"""",""name"":""경복궁풍천장어"",""category"":""한식>장어,먹장어요리"",""address"":""서울특별시 종로구 체부동 195 1층"",""road_address"":""서울특별시 종로구 자하문로1길 24-1 1층"",""longitude"":126.9709707,""latitude"":37.5765237,""phone"":"""",""detail_url"":"""",""distance"":"""",""raw_metadata"":{""title"":""경복궁<b>풍천장어</b>"",""link"":"""",""category"":""한식>장어,먹장어요리"",""description"":"""",""telephone"":"""",""address"":""서울특별시 종로구 체부동 195 1층"",""roadAddress"":""서울특별시 종로구 자하문로1길 24-1 1층"",""mapx"":""1269709707"",""mapy"":""375765237""}},{""provider"":""NAVER_LOCAL"",""external_place_id"":"""",""name"":""풍천장어전문 강남점"",""category"":""한식>장어,먹장어요리"",""address"":""서울특별시 강남구 역삼동 711-6 역삼자이상가 B05호"",""road_address"":""서울특별시 강남구 언주로 408 역삼자이상가 B05호"",""longitude"":127.0446696,""latitude"":37.4994516,""phone"":"""",""detail_url"":""http://www.instagram.com/eels309"",""distance"":"""",""raw_metadata"":{""title"":""<b>풍천장어</b>전문 강남점"",""link"":""http://www.instagram.com/eels309"",""category"":""한식>장어,먹장어요리"",""description"":"""",""telephone"":"""",""address"":""서울특별시 강남구 역삼동 711-6 역삼자이상가 B05호"",""roadAddress"":""서울특별시 강남구 언주로 408 역삼자이상가 B05호"",""mapx"":""1270446696"",""mapy"":""374994516""}}]",false,false,,,,,
9859,3eb9e37bfeca2f6f24d0e42b803eec64,탕탕미엔,"서울특별시 강남구 강남대로122길 16, 1층 1호 (논현동) 탕탕미엔",37.5080184,127.0244054,0,[],0,[],true,true,,,,,
9871,c483220b6c5ae036f49df8caefbd1390,나주곰탕,"서울특별시 강남구 학동로 221 (논현동, 지상1층) 나주곰탕",37.5150652,127.0333556,15,"[{""provider"":""KAKAO"",""external_place_id"":""25810813"",""name"":""곰작골나주곰탕 학동점"",""category"":""음식점 > 한식 > 국밥 > 곰작골나주곰탕"",""address"":""서울 강남구 논현동 89-19"",""road_address"":""서울 강남구 학동로 221"",""longitude"":127.03335680800414,""latitude"":37.51501212827997,""phone"":""02-545-0879"",""detail_url"":""http://place.map.kakao.com/25810813"",""distance"":""6"",""raw_metadata"":{""address_name"":""서울 강남구 논현동 89-19"",""category_group_code"":""FD6"",""category_group_name"":""음식점"",""category_name"":""음식점 > 한식 > 국밥 > 곰작골나주곰탕"",""distance"":""6"",""id"":""25810813"",""phone"":""02-545-0879"",""place_name"":""곰작골나주곰탕 학동점"",""place_url"":""http://place.map.kakao.com/25810813"",""road_address_name"":""서울 강남구 학동로 221"",""x"":""127.03335680800414"",""y"":""37.51501212827997""}},{""provider"":""KAKAO"",""external_place_id"":""796215771"",""name"":""학동나주곰탕"",""category"":""음식점 > 한식 > 곰탕"",""address"":""서울 강남구 논현동 58-5"",""road_address"":""서울 강남구 논현로131길 7"",""longitude"":127.029707519551,""latitude"":37.5142886953894,""phone"":""02-511-0803"",""detail_url"":""http://place.map.kakao.com/796215771"",""distance"":""333"",""raw_metadata"":{""address_name"":""서울 강남구 논현동 58-5"",""category_group_code"":""FD6"",""category_group_name"":""음식점"",""category_name"":""음식점 > 한식 > 곰탕"",""distance"":""333"",""id"":""796215771"",""phone"":""02-511-0803"",""place_name"":""학동나주곰탕"",""place_url"":""http://place.map.kakao.com/796215771"",""road_address_name"":""서울 강남구 논현로131길 7"",""x"":""127.029707519551"",""y"":""37.5142886953894""}},{""provider"":""KAKAO"",""external_place_id"":""174371565"",""name"":""안식명가"",""category"":""음식점 > 한식 > 곰탕"",""address"":""서울 강남구 논현동 218-15"",""road_address"":""서울 강남구 언주로121길 4-7"",""longitude"":127.034945835325,""latitude"":37.512157288153,""phone"":""070-7755-5788"",""detail_url"":""http://place.map.kakao.com/174371565"",""distance"":""352"",""raw_metadata"":{""address_name"":""서울 강남구 논현동 218-15"",""category_group_code"":""FD6"",""category_group_name"":""음식점"",""category_name"":""음식점 > 한식 > 곰탕"",""distance"":""352"",""id"":""174371565"",""phone"":""070-7755-5788"",""place_name"":""안식명가"",""place_url"":""http://place.map.kakao.com/174371565"",""road_address_name"":""서울 강남구 언주로121길 4-7"",""x"":""127.034945835325"",""y"":""37.512157288153""}},{""provider"":""KAKAO"",""external_place_id"":""746876731"",""name"":""안가네 나주곰탕"",""category"":""음식점 > 한식 > 곰탕"",""address"":""서울 강남구 논현동 218-15"",""road_address"":""서울 강남구 언주로121길 4-7"",""longitude"":127.03498429749177,""latitude"":37.5121689898225,""phone"":""070-7755-5788"",""detail_url"":""http://place.map.kakao.com/746876731"",""distance"":""352"",""raw_metadata"":{""address_name"":""서울 강남구 논현동 218-15"",""category_group_code"":""FD6"",""category_group_name"":""음식점"",""category_name"":""음식점 > 한식 > 곰탕"",""distance"":""352"",""id"":""746876731"",""phone"":""070-7755-5788"",""place_name"":""안가네 나주곰탕"",""place_url"":""http://place.map.kakao.com/746876731"",""road_address_name"":""서울 강남구 언주로121길 4-7"",""x"":""127.03498429749177"",""y"":""37.5121689898225""}},{""provider"":""KAKAO"",""external_place_id"":""1147579722"",""name"":""곤지암할매소머리국밥 논현점"",""category"":""음식점 > 한식 > 국밥 > 곤지암할매소머리국밥"",""address"":""서울 강남구 논현동 154-6"",""road_address"":""서울 강남구 논현로121길 18"",""longitude"":127.03060534159141,""latitude"":37.51083131316035,""phone"":""02-511-1368"",""detail_url"":""http://place.map.kakao.com/1147579722"",""distance"":""529"",""raw_metadata"":{""address_name"":""서울 강남구 논현동 154-6"",""category_group_code"":""FD6"",""category_group_name"":""음식점"",""category_name"":""음식점 > 한식 > 국밥 > 곤지암할매소머리국밥"",""distance"":""529"",""id"":""1147579722"",""phone"":""02-511-1368"",""place_name"":""곤지암할매소머리국밥 논현점"",""place_url"":""http://place.map.kakao.com/1147579722"",""road_address_name"":""서울 강남구 논현로121길 18"",""x"":""127.03060534159141"",""y"":""37.51083131316035""}},{""provider"":""KAKAO"",""external_place_id"":""934040875"",""name"":""하남해장국 언주직영점"",""category"":""음식점 > 한식 > 해장국"",""address"":""서울 강남구 논현동 225-6"",""road_address"":""서울 강남구 언주로 615"",""longitude"":127.03628766233986,""latitude"":37.51057832393869,""phone"":"""",""detail_url"":""http://place.map.kakao.com/934040875"",""distance"":""561"",""raw_metadata"":{""address_name"":""서울 강남구 논현동 225-6"",""category_group_code"":""FD6"",""category_group_name"":""음식점"",""category_name"":""음식점 > 한식 > 해장국"",""distance"":""561"",""id"":""934040875"",""phone"":"""",""place_name"":""하남해장국 언주직영점"",""place_url"":""http://place.map.kakao.com/934040875"",""road_address_name"":""서울 강남구 언주로 615"",""x"":""127.03628766233986"",""y"":""37.51057832393869""}},{""provider"":""KAKAO"",""external_place_id"":""848827556"",""name"":""곤지암할매소머리국밥 강남1호점"",""category"":""음식점 > 한식 > 국밥 > 곤지암할매소머리국밥"",""address"":""서울 강남구 논현동 221-7"",""road_address"":""서울 강남구 봉은사로29길 35"",""longitude"":127.033554633954,""latitude"":37.5096898404493,""phone"":"""",""detail_url"":""http://place.map.kakao.com/848827556"",""distance"":""597"",""raw_metadata"":{""address_name"":""서울 강남구 논현동 221-7"",""category_group_code"":""FD6"",""category_group_name"":""음식점"",""category_name"":""음식점 > 한식 > 국밥 > 곤지암할매소머리국밥"",""distance"":""597"",""id"":""848827556"",""phone"":"""",""place_name"":""곤지암할매소머리국밥 강남1호점"",""place_url"":""http://place.map.kakao.com/848827556"",""road_address_name"":""서울 강남구 봉은사로29길 35"",""x"":""127.033554633954"",""y"":""37.5096898404493""}},{""provider"":""KAKAO"",""external_place_id"":""27273657"",""name"":""원강"",""category"":""음식점 > 한식 > 육류,고기"",""address"":""서울 강남구 논현동 122-18"",""road_address"":""서울 강남구 학동로6길 16"",""longitude"":127.02408022349258,""latitude"":37.51072109904268,""phone"":""02-3445-1518"",""detail_url"":""http://place.map.kakao.com/27273657"",""distance"":""951"",""raw_metadata"":{""address_name"":""서울 강남구 논현동 122-18"",""category_group_code"":""FD6"",""category_group_name"":""음식점"",""category_name"":""음식점 > 한식 > 육류,고기"",""distance"":""951"",""id"":""27273657"",""phone"":""02-3445-1518"",""place_name"":""원강"",""place_url"":""http://place.map.kakao.com/27273657"",""road_address_name"":""서울 강남구 학동로6길 16"",""x"":""127.02408022349258"",""y"":""37.51072109904268""}},{""provider"":""KAKAO"",""external_place_id"":""11047223"",""name"":""강남설렁탕"",""category"":""음식점 > 한식 > 설렁탕"",""address"":""서울 강남구 논현동 141-4"",""road_address"":""서울 강남구 학동로2길 13"",""longitude"":127.02281108692,""latitude"":37.5104267224901,""phone"":""02-547-1469"",""detail_url"":""http://place.map.kakao.com/11047223"",""distance"":""1064"",""raw_metadata"":{""address_name"":""서울 강남구 논현동 141-4"",""category_group_code"":""FD6"",""category_group_name"":""음식점"",""category_name"":""음식점 > 한식 > 설렁탕"",""distance"":""1064"",""id"":""11047223"",""phone"":""02-547-1469"",""place_name"":""강남설렁탕"",""place_url"":""http://place.map.kakao.com/11047223"",""road_address_name"":""서울 강남구 학동로2길 13"",""x"":""127.02281108692"",""y"":""37.5104267224901""}},{""provider"":""KAKAO"",""external_place_id"":""964112442"",""name"":""우슴 강남 논현본점"",""category"":""음식점 > 한식 > 곰탕"",""address"":""서울 강남구 논현동 163-17"",""road_address"":""서울 강남구 강남대로122길 15"",""longitude"":127.024181181608,""latitude"":37.5081261849931,""phone"":""02-6083-1515"",""detail_url"":""http://place.map.kakao.com/964112442"",""distance"":""1118"",""raw_metadata"":{""address_name"":""서울 강남구 논현동 163-17"",""category_group_code"":""FD6"",""category_group_name"":""음식점"",""category_name"":""음식점 > 한식 > 곰탕"",""distance"":""1118"",""id"":""964112442"",""phone"":""02-6083-1515"",""place_name"":""우슴 강남 논현본점"",""place_url"":""http://place.map.kakao.com/964112442"",""road_address_name"":""서울 강남구 강남대로122길 15"",""x"":""127.024181181608"",""y"":""37.5081261849931""}},{""provider"":""KAKAO"",""external_place_id"":""11820214"",""name"":""나주곰탕우정집"",""category"":""음식점 > 한식 > 곰탕"",""address"":""서울 강남구 역삼동 636-16"",""road_address"":""서울 강남구 강남대로94길 57"",""longitude"":127.031923184146,""latitude"":37.5005784259897,""phone"":""02-501-6611"",""detail_url"":""http://place.map.kakao.com/11820214"",""distance"":""1612"",""raw_metadata"":{""address_name"":""서울 강남구 역삼동 636-16"",""category_group_code"":""FD6"",""category_group_name"":""음식점"",""category_name"":""음식점 > 한식 > 곰탕"",""distance"":""1612"",""id"":""11820214"",""phone"":""02-501-6611"",""place_name"":""나주곰탕우정집"",""place_url"":""http://place.map.kakao.com/11820214"",""road_address_name"":""서울 강남구 강남대로94길 57"",""x"":""127.031923184146"",""y"":""37.5005784259897""}},{""provider"":""KAKAO"",""external_place_id"":""1731068930"",""name"":""서울집"",""category"":""음식점 > 한식 > 육류,고기 > 불고기,두루치기"",""address"":""서울 서초구 서초동 1302-2"",""road_address"":""서울 서초구 서운로 220"",""longitude"":127.02176149176643,""latitude"":37.50271161380446,""phone"":""02-3482-1224"",""detail_url"":""http://place.map.kakao.com/1731068930"",""distance"":""1711"",""raw_metadata"":{""address_name"":""서울 서초구 서초동 1302-2"",""category_group_code"":""FD6"",""category_group_name"":""음식점"",""category_name"":""음식점 > 한식 > 육류,고기 > 불고기,두루치기"",""distance"":""1711"",""id"":""1731068930"",""phone"":""02-3482-1224"",""place_name"":""서울집"",""place_url"":""http://place.map.kakao.com/1731068930"",""road_address_name"":""서울 서초구 서운로 220"",""x"":""127.02176149176643"",""y"":""37.50271161380446""}},{""provider"":""KAKAO"",""external_place_id"":""720885421"",""name"":""설기옥 선릉본점"",""category"":""음식점 > 한식 > 곰탕"",""address"":""서울 강남구 삼성동 141-8"",""road_address"":""서울 강남구 테헤란로63길 9"",""longitude"":127.05011161545389,""latitude"":37.50578713078529,""phone"":""070-7626-1974"",""detail_url"":""http://place.map.kakao.com/720885421"",""distance"":""1804"",""raw_metadata"":{""address_name"":""서울 강남구 삼성동 141-8"",""category_group_code"":""FD6"",""category_group_name"":""음식점"",""category_name"":""음식점 > 한식 > 곰탕"",""distance"":""1804"",""id"":""720885421"",""phone"":""070-7626-1974"",""place_name"":""설기옥 선릉본점"",""place_url"":""http://place.map.kakao.com/720885421"",""road_address_name"":""서울 강남구 테헤란로63길 9"",""x"":""127.05011161545389"",""y"":""37.50578713078529""}},{""provider"":""KAKAO"",""external_place_id"":""174965011"",""name"":""이여곰탕 강남삼성직영점"",""category"":""음식점 > 한식 > 곰탕"",""address"":""서울 강남구 삼성동 151-1"",""road_address"":""서울 강남구 삼성로 548"",""longitude"":127.055031545765,""latitude"":37.5106170297476,""phone"":""02-501-2508"",""detail_url"":""http://place.map.kakao.com/174965011"",""distance"":""1979"",""raw_metadata"":{""address_name"":""서울 강남구 삼성동 151-1"",""category_group_code"":""FD6"",""category_group_name"":""음식점"",""category_name"":""음식점 > 한식 > 곰탕"",""distance"":""1979"",""id"":""174965011"",""phone"":""02-501-2508"",""place_name"":""이여곰탕 강남삼성직영점"",""place_url"":""http://place.map.kakao.com/174965011"",""road_address_name"":""서울 강남구 삼성로 548"",""x"":""127.055031545765"",""y"":""37.5106170297476""}},{""provider"":""KAKAO"",""external_place_id"":""20181717"",""name"":""나주가"",""category"":""음식점 > 한식 > 육류,고기 > 곱창,막창"",""address"":""서울 강남구 역삼동 827-47"",""road_address"":""서울 강남구 강남대로84길 36"",""longitude"":127.03150556587752,""latitude"":37.49713849618681,""phone"":""02-567-9288"",""detail_url"":""http://place.map.kakao.com/20181717"",""distance"":""1996"",""raw_metadata"":{""address_name"":""서울 강남구 역삼동 827-47"",""category_group_code"":""FD6"",""category_group_name"":""음식점"",""category_name"":""음식점 > 한식 > 육류,고기 > 곱창,막창"",""distance"":""1996"",""id"":""20181717"",""phone"":""02-567-9288"",""place_name"":""나주가"",""place_url"":""http://place.map.kakao.com/20181717"",""road_address_name"":""서울 강남구 강남대로84길 36"",""x"":""127.03150556587752"",""y"":""37.49713849618681""}}]",3,"[{""provider"":""NAVER_LOCAL"",""external_place_id"":"""",""name"":""가마솥나주곰탕"",""category"":""한식>곰탕,설렁탕"",""address"":""서울특별시 중구 다동 165-2 2층"",""road_address"":""서울특별시 중구 다동길 24-4 2층"",""longitude"":126.9804953,""latitude"":37.5675979,""phone"":"""",""detail_url"":"""",""distance"":"""",""raw_metadata"":{""title"":""가마솥<b>나주곰탕</b>"",""link"":"""",""category"":""한식>곰탕,설렁탕"",""description"":"""",""telephone"":"""",""address"":""서울특별시 중구 다동 165-2 2층"",""roadAddress"":""서울특별시 중구 다동길 24-4 2층"",""mapx"":""1269804953"",""mapy"":""375675979""}},{""provider"":""NAVER_LOCAL"",""external_place_id"":"""",""name"":""금성관 나주곰탕"",""category"":""한식>곰탕,설렁탕"",""address"":""서울특별시 중구 남대문로3가 96 청남빌딩"",""road_address"":""서울특별시 중구 남대문로 29 청남빌딩"",""longitude"":126.9789044,""latitude"":37.5613997,""phone"":"""",""detail_url"":""http://m.smartstore.naver.com/slow_naju"",""distance"":"""",""raw_metadata"":{""title"":""금성관 <b>나주곰탕</b>"",""link"":""http://m.smartstore.naver.com/slow_naju"",""category"":""한식>곰탕,설렁탕"",""description"":"""",""telephone"":"""",""address"":""서울특별시 중구 남대문로3가 96 청남빌딩"",""roadAddress"":""서울특별시 중구 남대문로 29 청남빌딩"",""mapx"":""1269789044"",""mapy"":""375613997""}},{""provider"":""NAVER_LOCAL"",""external_place_id"":"""",""name"":""권명옥가마솥나주곰탕&황삼포크"",""category"":""음식점>한식"",""address"":""서울특별시 중구 다동 50 2층"",""road_address"":""서울특별시 중구 다동길 17 2층"",""longitude"":126.9803191,""latitude"":37.5678695,""phone"":"""",""detail_url"":""http://mkunion.co.kr/modules/bbs/bbsView.php?code=bbs_notice&bbs_id=&id=10"",""distance"":"""",""raw_metadata"":{""title"":""권명옥가마솥<b>나주곰탕</b>&amp;황삼포크"",""link"":""http://mkunion.co.kr/modules/bbs/bbsView.php?code=bbs_notice&bbs_id=&id=10"",""category"":""음식점>한식"",""description"":"""",""telephone"":"""",""address"":""서울특별시 중구 다동 50 2층"",""roadAddress"":""서울특별시 중구 다동길 17 2층"",""mapx"":""1269803191"",""mapy"":""375678695""}}]",false,false,,,,,
9882,2f05f1516bbc8848871e5971806a33e5,학동부대,서울특별시 강남구 학동로 224(논현동) B 101호 B 102호,37.514462,127.0335294,5,"[{""provider"":""KAKAO"",""external_place_id"":""1212472221"",""name"":""학동부대"",""category"":""음식점 > 한식 > 찌개,전골"",""address"":""서울 강남구 논현동 209"",""road_address"":""서울 강남구 학동로 224"",""longitude"":127.033517203362,""latitude"":37.5145111247459,""phone"":"""",""detail_url"":""http://place.map.kakao.com/1212472221"",""distance"":""5"",""raw_metadata"":{""address_name"":""서울 강남구 논현동 209"",""category_group_code"":""FD6"",""category_group_name"":""음식점"",""category_name"":""음식점 > 한식 > 찌개,전골"",""distance"":""5"",""id"":""1212472221"",""phone"":"""",""place_name"":""학동부대"",""place_url"":""http://place.map.kakao.com/1212472221"",""road_address_name"":""서울 강남구 학동로 224"",""x"":""127.033517203362"",""y"":""37.5145111247459""}},{""provider"":""KAKAO"",""external_place_id"":""2050520033"",""name"":""이태리부대찌개 학동점"",""category"":""음식점 > 한식 > 찌개,전골"",""address"":""서울 강남구 논현동 82-15"",""road_address"":""서울 강남구 학동로33길 15"",""longitude"":127.03237641087048,""latitude"":37.515674638831776,""phone"":""02-545-0310"",""detail_url"":""http://place.map.kakao.com/2050520033"",""distance"":""169"",""raw_metadata"":{""address_name"":""서울 강남구 논현동 82-15"",""category_group_code"":""FD6"",""category_group_name"":""음식점"",""category_name"":""음식점 > 한식 > 찌개,전골"",""distance"":""169"",""id"":""2050520033"",""phone"":""02-545-0310"",""place_name"":""이태리부대찌개 학동점"",""place_url"":""http://place.map.kakao.com/2050520033"",""road_address_name"":""서울 강남구 학동로33길 15"",""x"":""127.03237641087048"",""y"":""37.515674638831776""}},{""provider"":""KAKAO"",""external_place_id"":""271709456"",""name"":""땅스부대찌개 광주학동점"",""category"":""음식점 > 한식 > 찌개,전골 > 땅스부대찌개"",""address"":""전남광주통합특별시 동구 학동 868-7"",""road_address"":""전남광주통합특별시 동구 남문로 683"",""longitude"":126.928644148555,""latitude"":35.1315923273336,""phone"":""062-227-8599"",""detail_url"":""http://place.map.kakao.com/271709456"",""distance"":""264582"",""raw_metadata"":{""address_name"":""전남광주통합특별시 동구 학동 868-7"",""category_group_code"":""FD6"",""category_group_name"":""음식점"",""category_name"":""음식점 > 한식 > 찌개,전골 > 땅스부대찌개"",""distance"":""264582"",""id"":""271709456"",""phone"":""062-227-8599"",""place_name"":""땅스부대찌개 광주학동점"",""place_url"":""http://place.map.kakao.com/271709456"",""road_address_name"":""전남광주통합특별시 동구 남문로 683"",""x"":""126.928644148555"",""y"":""35.1315923273336""}},{""provider"":""KAKAO"",""external_place_id"":""1723043008"",""name"":""땅스부대찌개 여수학동점"",""category"":""음식점 > 한식 > 찌개,전골 > 땅스부대찌개"",""address"":""전남광주통합특별시 여수시 학동 50"",""road_address"":""전남광주통합특별시 여수시 쌍봉로 46-1"",""longitude"":127.66102454317651,""latitude"":34.76624291144015,""phone"":""010-6349-2382"",""detail_url"":""http://place.map.kakao.com/1723043008"",""distance"":""310134"",""raw_metadata"":{""address_name"":""전남광주통합특별시 여수시 학동 50"",""category_group_code"":""FD6"",""category_group_name"":""음식점"",""category_name"":""음식점 > 한식 > 찌개,전골 > 땅스부대찌개"",""distance"":""310134"",""id"":""1723043008"",""phone"":""010-6349-2382"",""place_name"":""땅스부대찌개 여수학동점"",""place_url"":""http://place.map.kakao.com/1723043008"",""road_address_name"":""전남광주통합특별시 여수시 쌍봉로 46-1"",""x"":""127.66102454317651"",""y"":""34.76624291144015""}},{""provider"":""KAKAO"",""external_place_id"":""374154760"",""name"":""이태리부대찌개&닭갈비 여수시청점"",""category"":""음식점 > 한식 > 찌개,전골"",""address"":""전남광주통합특별시 여수시 학동 107-12"",""road_address"":""전남광주통합특별시 여수시 시청서2길 39-2"",""longitude"":127.6597127054409,""latitude"":34.76020525459196,""phone"":""061-682-2729"",""detail_url"":""http://place.map.kakao.com/374154760"",""distance"":""310772"",""raw_metadata"":{""address_name"":""전남광주통합특별시 여수시 학동 107-12"",""category_group_code"":""FD6"",""category_group_name"":""음식점"",""category_name"":""음식점 > 한식 > 찌개,전골"",""distance"":""310772"",""id"":""374154760"",""phone"":""061-682-2729"",""place_name"":""이태리부대찌개&닭갈비 여수시청점"",""place_url"":""http://place.map.kakao.com/374154760"",""road_address_name"":""전남광주통합특별시 여수시 시청서2길 39-2"",""x"":""127.6597127054409"",""y"":""34.76020525459196""}}]",3,"[{""provider"":""NAVER_LOCAL"",""external_place_id"":"""",""name"":""학동부대"",""category"":""음식점>한식"",""address"":""서울특별시 강남구 논현동 209 B101, B102"",""road_address"":""서울특별시 강남구 학동로 224 B101, B102"",""longitude"":127.0336474,""latitude"":37.5145545,""phone"":"""",""detail_url"":"""",""distance"":"""",""raw_metadata"":{""title"":""<b>학동부대</b>"",""link"":"""",""category"":""음식점>한식"",""description"":"""",""telephone"":"""",""address"":""서울특별시 강남구 논현동 209 B101, B102"",""roadAddress"":""서울특별시 강남구 학동로 224 B101, B102"",""mapx"":""1270336474"",""mapy"":""375145545""}},{""provider"":""NAVER_LOCAL"",""external_place_id"":"""",""name"":""류몽민 학동역점"",""category"":""한식>닭갈비"",""address"":""서울특별시 강남구 논현동 38-8 씨플레이스 2층 101호"",""road_address"":""서울특별시 강남구 학동로25길 11 씨플레이스 2층 101호"",""longitude"":127.0289188,""latitude"":37.5143907,""phone"":"""",""detail_url"":""https://smartstore.naver.com/ryumokmin"",""distance"":"""",""raw_metadata"":{""title"":""류몽민 <b>학동</b>역점"",""link"":""https://smartstore.naver.com/ryumokmin"",""category"":""한식>닭갈비"",""description"":"""",""telephone"":"""",""address"":""서울특별시 강남구 논현동 38-8 씨플레이스 2층 101호"",""roadAddress"":""서울특별시 강남구 학동로25길 11 씨플레이스 2층 101호"",""mapx"":""1270289188"",""mapy"":""375143907""}},{""provider"":""NAVER_LOCAL"",""external_place_id"":"""",""name"":""땅스부대찌개 여수학동점"",""category"":""한식>찌개,전골"",""address"":""전남광주통합특별시 여수시 학동 50 1층 102호"",""road_address"":""전남광주통합특별시 여수시 쌍봉로 46-1 1층 102호"",""longitude"":127.6608856,""latitude"":34.7662795,""phone"":"""",""detail_url"":""https://www.youtube.com/@tsbudae_official"",""distance"":"""",""raw_metadata"":{""title"":""땅스<b>부대</b>찌개 여수<b>학동</b>점"",""link"":""https://www.youtube.com/@tsbudae_official"",""category"":""한식>찌개,전골"",""description"":"""",""telephone"":"""",""address"":""전남광주통합특별시 여수시 학동 50 1층 102호"",""roadAddress"":""전남광주통합특별시 여수시 쌍봉로 46-1 1층 102호"",""mapx"":""1276608856"",""mapy"":""347662795""}}]",false,false,,,,,
9894,e31758f89046a5a74f396c47dd870449,반포식스 논현점,서울특별시 강남구 강남대로118길 51 (논현동) 2층 반포식스,37.5074895,127.0272657,1,"[{""provider"":""KAKAO"",""external_place_id"":""1102680101"",""name"":""반포식스 논현점"",""category"":""음식점 > 아시아음식 > 동남아음식"",""address"":""서울 강남구 논현동 180-18"",""road_address"":""서울 강남구 강남대로118길 51"",""longitude"":127.027221135036,""latitude"":37.5075065331973,""phone"":""02-511-7666"",""detail_url"":""http://place.map.kakao.com/1102680101"",""distance"":""4"",""raw_metadata"":{""address_name"":""서울 강남구 논현동 180-18"",""category_group_code"":""FD6"",""category_group_name"":""음식점"",""category_name"":""음식점 > 아시아음식 > 동남아음식"",""distance"":""4"",""id"":""1102680101"",""phone"":""02-511-7666"",""place_name"":""반포식스 논현점"",""place_url"":""http://place.map.kakao.com/1102680101"",""road_address_name"":""서울 강남구 강남대로118길 51"",""x"":""127.027221135036"",""y"":""37.5075065331973""}}]",1,"[{""provider"":""NAVER_LOCAL"",""external_place_id"":"""",""name"":""반포식스 논현점"",""category"":""음식점>베트남음식"",""address"":""서울특별시 강남구 논현동 180-18 2층"",""road_address"":""서울특별시 강남구 강남대로118길 51 2층"",""longitude"":127.027234,""latitude"":37.5075098,""phone"":"""",""detail_url"":"""",""distance"":"""",""raw_metadata"":{""title"":""<b>반포식스 논현점</b>"",""link"":"""",""category"":""음식점>베트남음식"",""description"":"""",""telephone"":"""",""address"":""서울특별시 강남구 논현동 180-18 2층"",""roadAddress"":""서울특별시 강남구 강남대로118길 51 2층"",""mapx"":""1270272340"",""mapy"":""375075098""}}]",false,false,,,,,
9906,35a963ca448e97773c3dc97915dab301,케이디,"서울특별시 강남구 학동로43길 38 (논현동, 논현웰스톤) 지하1층 B141호",37.5184409,127.0380207,15,"[{""provider"":""KAKAO"",""external_place_id"":""17731589"",""name"":""경동모터스 전시장"",""category"":""교통,수송 > 자동차 > 자동차판매점"",""address"":""서울 강남구 신사동 634-10"",""road_address"":""서울 강남구 언주로 844"",""longitude"":127.033739396312,""latitude"":37.5256582707725,""phone"":""02-586-3334"",""detail_url"":""http://place.map.kakao.com/17731589"",""distance"":""885"",""raw_metadata"":{""address_name"":""서울 강남구 신사동 634-10"",""category_group_code"":"""",""category_group_name"":"""",""category_name"":""교통,수송 > 자동차 > 자동차판매점"",""distance"":""885"",""id"":""17731589"",""phone"":""02-586-3334"",""place_name"":""경동모터스 전시장"",""place_url"":""http://place.map.kakao.com/17731589"",""road_address_name"":""서울 강남구 언주로 844"",""x"":""127.033739396312"",""y"":""37.5256582707725""}},{""provider"":""KAKAO"",""external_place_id"":""112922953"",""name"":""케이디코포레이션"",""category"":""서비스,산업 > 제조업 > 섬유 > 직물,원단"",""address"":""서울 강남구 신사동 565-18"",""road_address"":""서울 강남구 도산대로27길 33"",""longitude"":127.02722869724,""latitude"":37.5220964865617,""phone"":""02-512-0671"",""detail_url"":""http://place.map.kakao.com/112922953"",""distance"":""1036"",""raw_metadata"":{""address_name"":""서울 강남구 신사동 565-18"",""category_group_code"":"""",""category_group_name"":"""",""category_name"":""서비스,산업 > 제조업 > 섬유 > 직물,원단"",""distance"":""1036"",""id"":""112922953"",""phone"":""02-512-0671"",""place_name"":""케이디코포레이션"",""place_url"":""http://place.map.kakao.com/112922953"",""road_address_name"":""서울 강남구 도산대로27길 33"",""x"":""127.02722869724"",""y"":""37.5220964865617""}},{""provider"":""KAKAO"",""external_place_id"":""177398882"",""name"":""스포애니 압구정역점"",""category"":""스포츠,레저 > 스포츠시설 > 헬스클럽 > 스포애니"",""address"":""서울 강남구 신사동 584"",""road_address"":""서울 강남구 논현로 839"",""longitude"":127.027941955488,""latitude"":37.5236613614888,""phone"":""02-3444-9618"",""detail_url"":""http://place.map.kakao.com/177398882"",""distance"":""1062"",""raw_metadata"":{""address_name"":""서울 강남구 신사동 584"",""category_group_code"":"""",""category_group_name"":"""",""category_name"":""스포츠,레저 > 스포츠시설 > 헬스클럽 > 스포애니"",""distance"":""1062"",""id"":""177398882"",""phone"":""02-3444-9618"",""place_name"":""스포애니 압구정역점"",""place_url"":""http://place.map.kakao.com/177398882"",""road_address_name"":""서울 강남구 논현로 839"",""x"":""127.027941955488"",""y"":""37.5236613614888""}},{""provider"":""KAKAO"",""external_place_id"":""12818496"",""name"":""케이디클리닉"",""category"":""의료,건강 > 병원 > 내과"",""address"":""서울 강남구 신사동 575"",""road_address"":""서울 강남구 압구정로 152"",""longitude"":127.026033065779,""latitude"":37.5255773286455,""phone"":"""",""detail_url"":""http://place.map.kakao.com/12818496"",""distance"":""1322"",""raw_metadata"":{""address_name"":""서울 강남구 신사동 575"",""category_group_code"":""HP8"",""category_group_name"":""병원"",""category_name"":""의료,건강 > 병원 > 내과"",""distance"":""1322"",""id"":""12818496"",""phone"":"""",""place_name"":""케이디클리닉"",""place_url"":""http://place.map.kakao.com/12818496"",""road_address_name"":""서울 강남구 압구정로 152"",""x"":""127.026033065779"",""y"":""37.5255773286455""}},{""provider"":""KAKAO"",""external_place_id"":""25765959"",""name"":""케이디리빙"",""category"":""부동산 > 부동산서비스"",""address"":""서울 강남구 삼성동 142-2"",""road_address"":""서울 강남구 테헤란로63길 14"",""longitude"":127.05046477571537,""latitude"":37.50622306692301,""phone"":""02-569-5531"",""detail_url"":""http://place.map.kakao.com/25765959"",""distance"":""1746"",""raw_metadata"":{""address_name"":""서울 강남구 삼성동 142-2"",""category_group_code"":"""",""category_group_name"":"""",""category_name"":""부동산 > 부동산서비스"",""distance"":""1746"",""id"":""25765959"",""phone"":""02-569-5531"",""place_name"":""케이디리빙"",""place_url"":""http://place.map.kakao.com/25765959"",""road_address_name"":""서울 강남구 테헤란로63길 14"",""x"":""127.05046477571537"",""y"":""37.50622306692301""}},{""provider"":""KAKAO"",""external_place_id"":""1509554119"",""name"":""케이디발란스"",""category"":""의료,건강 > 대체의학 > 척추교정"",""address"":""서울 강남구 역삼동 707-38"",""road_address"":""서울 강남구 테헤란로52길 6"",""longitude"":127.04711628261082,""latitude"":37.5032096861609,""phone"":""0503-7151-9032"",""detail_url"":""http://place.map.kakao.com/1509554119"",""distance"":""1871"",""raw_metadata"":{""address_name"":""서울 강남구 역삼동 707-38"",""category_group_code"":"""",""category_group_name"":"""",""category_name"":""의료,건강 > 대체의학 > 척추교정"",""distance"":""1871"",""id"":""1509554119"",""phone"":""0503-7151-9032"",""place_name"":""케이디발란스"",""place_url"":""http://place.map.kakao.com/1509554119"",""road_address_name"":""서울 강남구 테헤란로52길 6"",""x"":""127.04711628261082"",""y"":""37.5032096861609""}},{""provider"":""KAKAO"",""external_place_id"":""222608933"",""name"":""케이디인베스트먼트"",""category"":""서비스,산업 > 전문대행 > 컨설팅"",""address"":""서울 강남구 대치동 890-16"",""road_address"":""서울 강남구 테헤란로 420"",""longitude"":127.05255861365,""latitude"":37.5051454526838,""phone"":""02-6337-4703"",""detail_url"":""http://place.map.kakao.com/222608933"",""distance"":""1957"",""raw_metadata"":{""address_name"":""서울 강남구 대치동 890-16"",""category_group_code"":"""",""category_group_name"":"""",""category_name"":""서비스,산업 > 전문대행 > 컨설팅"",""distance"":""1957"",""id"":""222608933"",""phone"":""02-6337-4703"",""place_name"":""케이디인베스트먼트"",""place_url"":""http://place.map.kakao.com/222608933"",""road_address_name"":""서울 강남구 테헤란로 420"",""x"":""127.05255861365"",""y"":""37.5051454526838""}},{""provider"":""KAKAO"",""external_place_id"":""11641349"",""name"":""SGI서울보증 선릉지점"",""category"":""금융,보험 > 금융서비스 > 보험사 > SGI서울보증"",""address"":""서울 강남구 대치동 890-20"",""road_address"":""서울 강남구 테헤란로 422"",""longitude"":127.05286183838787,""latitude"":37.505321013406096,""phone"":""02-508-0061"",""detail_url"":""http://place.map.kakao.com/11641349"",""distance"":""1960"",""raw_metadata"":{""address_name"":""서울 강남구 대치동 890-20"",""category_group_code"":"""",""category_group_name"":"""",""category_name"":""금융,보험 > 금융서비스 > 보험사 > SGI서울보증"",""distance"":""1960"",""id"":""11641349"",""phone"":""02-508-0061"",""place_name"":""SGI서울보증 선릉지점"",""place_url"":""http://place.map.kakao.com/11641349"",""road_address_name"":""서울 강남구 테헤란로 422"",""x"":""127.05286183838787"",""y"":""37.505321013406096""}},{""provider"":""KAKAO"",""external_place_id"":""376772614"",""name"":""SGI서울보증 케이디보험대리점"",""category"":""금융,보험 > 금융서비스 > 보험사 > SGI서울보증"",""address"":""서울 강남구 대치동 890-20"",""road_address"":""서울 강남구 테헤란로 422"",""longitude"":127.052862968729,""latitude"":37.5053201118951,""phone"":""02-554-3132"",""detail_url"":""http://place.map.kakao.com/376772614"",""distance"":""1960"",""raw_metadata"":{""address_name"":""서울 강남구 대치동 890-20"",""category_group_code"":"""",""category_group_name"":"""",""category_name"":""금융,보험 > 금융서비스 > 보험사 > SGI서울보증"",""distance"":""1960"",""id"":""376772614"",""phone"":""02-554-3132"",""place_name"":""SGI서울보증 케이디보험대리점"",""place_url"":""http://place.map.kakao.com/376772614"",""road_address_name"":""서울 강남구 테헤란로 422"",""x"":""127.052862968729"",""y"":""37.5053201118951""}},{""provider"":""KAKAO"",""external_place_id"":""1999400649"",""name"":""스포애니 테헤란로점"",""category"":""스포츠,레저 > 스포츠시설 > 헬스클럽 > 스포애니"",""address"":""서울 강남구 삼성동 144-24"",""road_address"":""서울 강남구 테헤란로 441"",""longitude"":127.05538282494476,""latitude"":37.50690652830431,""phone"":""02-557-9618"",""detail_url"":""http://place.map.kakao.com/1999400649"",""distance"":""1998"",""raw_metadata"":{""address_name"":""서울 강남구 삼성동 144-24"",""category_group_code"":"""",""category_group_name"":"""",""category_name"":""스포츠,레저 > 스포츠시설 > 헬스클럽 > 스포애니"",""distance"":""1998"",""id"":""1999400649"",""phone"":""02-557-9618"",""place_name"":""스포애니 테헤란로점"",""place_url"":""http://place.map.kakao.com/1999400649"",""road_address_name"":""서울 강남구 테헤란로 441"",""x"":""127.05538282494476"",""y"":""37.50690652830431""}},{""provider"":""KAKAO"",""external_place_id"":""15243253"",""name"":""케이디파워"",""category"":""서비스,산업 > 제조업"",""address"":""서울 강남구 삼성동 161-9"",""road_address"":""서울 강남구 영동대로106길 27"",""longitude"":127.063301394464,""latitude"":37.5141204963376,""phone"":"""",""detail_url"":""http://place.map.kakao.com/15243253"",""distance"":""2285"",""raw_metadata"":{""address_name"":""서울 강남구 삼성동 161-9"",""category_group_code"":"""",""category_group_name"":"""",""category_name"":""서비스,산업 > 제조업"",""distance"":""2285"",""id"":""15243253"",""phone"":"""",""place_name"":""케이디파워"",""place_url"":""http://place.map.kakao.com/15243253"",""road_address_name"":""서울 강남구 영동대로106길 27"",""x"":""127.063301394464"",""y"":""37.5141204963376""}},{""provider"":""KAKAO"",""external_place_id"":""8103608"",""name"":""크리스피크림도넛 대치점"",""category"":""음식점 > 간식 > 도넛 > 크리스피크림도넛"",""address"":""서울 강남구 대치동 1023"",""road_address"":""서울 강남구 도곡로 420"",""longitude"":127.05657209065907,""latitude"":37.497188618286636,""phone"":""02-2051-9530"",""detail_url"":""http://place.map.kakao.com/8103608"",""distance"":""2873"",""raw_metadata"":{""address_name"":""서울 강남구 대치동 1023"",""category_group_code"":""FD6"",""category_group_name"":""음식점"",""category_name"":""음식점 > 간식 > 도넛 > 크리스피크림도넛"",""distance"":""2873"",""id"":""8103608"",""phone"":""02-2051-9530"",""place_name"":""크리스피크림도넛 대치점"",""place_url"":""http://place.map.kakao.com/8103608"",""road_address_name"":""서울 강남구 도곡로 420"",""x"":""127.05657209065907"",""y"":""37.497188618286636""}},{""provider"":""KAKAO"",""external_place_id"":""779994722"",""name"":""유피인터"",""category"":""가정,생활 > 패션 > 의류판매"",""address"":""서울 성동구 성수동1가 656-292"",""road_address"":""서울 성동구 왕십리로 125"",""longitude"":127.043893805353,""latitude"":37.5488385736766,""phone"":""010-4388-1244"",""detail_url"":""http://place.map.kakao.com/779994722"",""distance"":""3413"",""raw_metadata"":{""address_name"":""서울 성동구 성수동1가 656-292"",""category_group_code"":"""",""category_group_name"":"""",""category_name"":""가정,생활 > 패션 > 의류판매"",""distance"":""3413"",""id"":""779994722"",""phone"":""010-4388-1244"",""place_name"":""유피인터"",""place_url"":""http://place.map.kakao.com/779994722"",""road_address_name"":""서울 성동구 왕십리로 125"",""x"":""127.043893805353"",""y"":""37.5488385736766""}},{""provider"":""KAKAO"",""external_place_id"":""1640591222"",""name"":""스포애니 뱅뱅사거리점"",""category"":""스포츠,레저 > 스포츠시설 > 헬스클럽 > 스포애니"",""address"":""서울 서초구 서초동 1357-74"",""road_address"":""서울 서초구 강남대로 279"",""longitude"":127.031759567454,""latitude"":37.4880869096507,""phone"":""02-525-9618"",""detail_url"":""http://place.map.kakao.com/1640591222"",""distance"":""3414"",""raw_metadata"":{""address_name"":""서울 서초구 서초동 1357-74"",""category_group_code"":"""",""category_group_name"":"""",""category_name"":""스포츠,레저 > 스포츠시설 > 헬스클럽 > 스포애니"",""distance"":""3414"",""id"":""1640591222"",""phone"":""02-525-9618"",""place_name"":""스포애니 뱅뱅사거리점"",""place_url"":""http://place.map.kakao.com/1640591222"",""road_address_name"":""서울 서초구 강남대로 279"",""x"":""127.031759567454"",""y"":""37.4880869096507""}},{""provider"":""KAKAO"",""external_place_id"":""73345683"",""name"":""스포애니 교대역점"",""category"":""스포츠,레저 > 스포츠시설 > 헬스클럽 > 스포애니"",""address"":""서울 서초구 서초동 1671-2"",""road_address"":""서울 서초구 서초중앙로22길 17"",""longitude"":127.014641539866,""latitude"":37.493319718914,""phone"":""02-587-9618"",""detail_url"":""http://place.map.kakao.com/73345683"",""distance"":""3470"",""raw_metadata"":{""address_name"":""서울 서초구 서초동 1671-2"",""category_group_code"":"""",""category_group_name"":"""",""category_name"":""스포츠,레저 > 스포츠시설 > 헬스클럽 > 스포애니"",""distance"":""3470"",""id"":""73345683"",""phone"":""02-587-9618"",""place_name"":""스포애니 교대역점"",""place_url"":""http://place.map.kakao.com/73345683"",""road_address_name"":""서울 서초구 서초중앙로22길 17"",""x"":""127.014641539866"",""y"":""37.493319718914""}}]",5,"[{""provider"":""NAVER_LOCAL"",""external_place_id"":"""",""name"":""라온케이디"",""category"":""제조업>근무복,작업복제작"",""address"":""서울특별시 용산구 후암동 19-2"",""road_address"":""서울특별시 용산구 후암로 60"",""longitude"":126.9762968,""latitude"":37.5508832,""phone"":"""",""detail_url"":""http://www.raonkd.com/"",""distance"":"""",""raw_metadata"":{""title"":""라온<b>케이디</b>"",""link"":""http://www.raonkd.com/"",""category"":""제조업>근무복,작업복제작"",""description"":"""",""telephone"":"""",""address"":""서울특별시 용산구 후암동 19-2"",""roadAddress"":""서울특별시 용산구 후암로 60"",""mapx"":""1269762968"",""mapy"":""375508832""}},{""provider"":""NAVER_LOCAL"",""external_place_id"":"""",""name"":""케이디메이커스홀딩스"",""category"":""서비스,산업>기업"",""address"":""서울특별시 종로구 창신동 448-6"",""road_address"":""서울특별시 종로구 종로44길 21"",""longitude"":127.0114119,""latitude"":37.5708279,""phone"":"""",""detail_url"":"""",""distance"":"""",""raw_metadata"":{""title"":""<b>케이디</b>메이커스홀딩스"",""link"":"""",""category"":""서비스,산업>기업"",""description"":"""",""telephone"":"""",""address"":""서울특별시 종로구 창신동 448-6"",""roadAddress"":""서울특별시 종로구 종로44길 21"",""mapx"":""1270114119"",""mapy"":""375708279""}},{""provider"":""NAVER_LOCAL"",""external_place_id"":"""",""name"":""케이디공인중개사사무소"",""category"":""부동산>중개업"",""address"":""서울특별시 종로구 숭인동 217-26 2층 207호"",""road_address"":""서울특별시 종로구 종로62길 17 2층 207호"",""longitude"":127.0194311,""latitude"":37.5731619,""phone"":"""",""detail_url"":""https://blog.naver.com/eyongkon"",""distance"":"""",""raw_metadata"":{""title"":""<b>케이디</b>공인중개사사무소"",""link"":""https://blog.naver.com/eyongkon"",""category"":""부동산>중개업"",""description"":"""",""telephone"":"""",""address"":""서울특별시 종로구 숭인동 217-26 2층 207호"",""roadAddress"":""서울특별시 종로구 종로62길 17 2층 207호"",""mapx"":""1270194311"",""mapy"":""375731619""}},{""provider"":""NAVER_LOCAL"",""external_place_id"":"""",""name"":""KDgraphy"",""category"":""생활,편의>사진,스튜디오"",""address"":""서울특별시 강남구 논현동 117-1 한미빌딩 지층"",""road_address"":""서울특별시 강남구 학동로 323 한미빌딩 지층"",""longitude"":127.0384334,""latitude"":37.5165844,""phone"":"""",""detail_url"":""http://kaydee.co.kr"",""distance"":"""",""raw_metadata"":{""title"":""KDgraphy"",""link"":""http://kaydee.co.kr"",""category"":""생활,편의>사진,스튜디오"",""description"":"""",""telephone"":"""",""address"":""서울특별시 강남구 논현동 117-1 한미빌딩 지층"",""roadAddress"":""서울특별시 강남구 학동로 323 한미빌딩 지층"",""mapx"":""1270384334"",""mapy"":""375165844""}},{""provider"":""NAVER_LOCAL"",""external_place_id"":"""",""name"":""경동모터스"",""category"":""쇼핑,유통>자동차"",""address"":""서울특별시 강남구 신사동 634-10"",""road_address"":""서울특별시 강남구 언주로 844"",""longitude"":127.0336202,""latitude"":37.5256006,""phone"":"""",""detail_url"":""http://www.kdmotors.co.kr"",""distance"":"""",""raw_metadata"":{""title"":""경동모터스"",""link"":""http://www.kdmotors.co.kr"",""category"":""쇼핑,유통>자동차"",""description"":"""",""telephone"":"""",""address"":""서울특별시 강남구 신사동 634-10"",""roadAddress"":""서울특별시 강남구 언주로 844"",""mapx"":""1270336202"",""mapy"":""375256006""}}]",false,false,,,,,
9918,95b8bb04d23df7348f2020b18f18cf81,하남돼지집 학동역점,서울특별시 강남구 언주로133길 18(논현동) 1층,37.5163705,127.033723,1,"[{""provider"":""KAKAO"",""external_place_id"":""465786662"",""name"":""하남돼지집 학동역점"",""category"":""음식점 > 한식 > 육류,고기 > 삼겹살 > 하남돼지집"",""address"":""서울 강남구 논현동 83-10"",""road_address"":""서울 강남구 언주로133길 18"",""longitude"":127.033699013092,""latitude"":37.5163599326584,""phone"":""02-3442-4201"",""detail_url"":""http://place.map.kakao.com/465786662"",""distance"":""2"",""raw_metadata"":{""address_name"":""서울 강남구 논현동 83-10"",""category_group_code"":""FD6"",""category_group_name"":""음식점"",""category_name"":""음식점 > 한식 > 육류,고기 > 삼겹살 > 하남돼지집"",""distance"":""2"",""id"":""465786662"",""phone"":""02-3442-4201"",""place_name"":""하남돼지집 학동역점"",""place_url"":""http://place.map.kakao.com/465786662"",""road_address_name"":""서울 강남구 언주로133길 18"",""x"":""127.033699013092"",""y"":""37.5163599326584""}}]",1,"[{""provider"":""NAVER_LOCAL"",""external_place_id"":"""",""name"":""하남돼지집 학동역점"",""category"":""육류,고기요리>돼지고기구이"",""address"":""서울특별시 강남구 논현동 83-10"",""road_address"":""서울특별시 강남구 언주로133길 18"",""longitude"":127.033705,""latitude"":37.5163512,""phone"":"""",""detail_url"":""http://www.hanampig.co.kr/"",""distance"":"""",""raw_metadata"":{""title"":""<b>하남돼지집 학동역점</b>"",""link"":""http://www.hanampig.co.kr/"",""category"":""육류,고기요리>돼지고기구이"",""description"":"""",""telephone"":"""",""address"":""서울특별시 강남구 논현동 83-10"",""roadAddress"":""서울특별시 강남구 언주로133길 18"",""mapx"":""1270337050"",""mapy"":""375163512""}}]",false,false,,,,,
9930,57c7678df9e733852ed9f0fd4edff173,텐트리키친,서울특별시 강남구 학동로4길 35(논현동) 지하1층,37.5091939,127.0239878,1,"[{""provider"":""KAKAO"",""external_place_id"":""798044800"",""name"":""텐트리키친"",""category"":""음식점 > 한식"",""address"":""서울 강남구 논현동 145-16"",""road_address"":""서울 강남구 학동로4길 35"",""longitude"":127.02397341216171,""latitude"":37.509183105952054,""phone"":"""",""detail_url"":""http://place.map.kakao.com/798044800"",""distance"":""1"",""raw_metadata"":{""address_name"":""서울 강남구 논현동 145-16"",""category_group_code"":""FD6"",""category_group_name"":""음식점"",""category_name"":""음식점 > 한식"",""distance"":""1"",""id"":""798044800"",""phone"":"""",""place_name"":""텐트리키친"",""place_url"":""http://place.map.kakao.com/798044800"",""road_address_name"":""서울 강남구 학동로4길 35"",""x"":""127.02397341216171"",""y"":""37.509183105952054""}}]",1,"[{""provider"":""NAVER_LOCAL"",""external_place_id"":"""",""name"":""텐트리키친"",""category"":""음식점>한식"",""address"":""서울특별시 강남구 논현동 145-16 지하 101호"",""road_address"":""서울특별시 강남구 학동로4길 35 지하 101호"",""longitude"":127.0239878,""latitude"":37.5091939,""phone"":"""",""detail_url"":"""",""distance"":"""",""raw_metadata"":{""title"":""<b>텐트리키친</b>"",""link"":"""",""category"":""음식점>한식"",""description"":"""",""telephone"":"""",""address"":""서울특별시 강남구 논현동 145-16 지하 101호"",""roadAddress"":""서울특별시 강남구 학동로4길 35 지하 101호"",""mapx"":""1270239878"",""mapy"":""375091939""}}]",false,false,,,,,
9941,37f084cf60b613f6bfad18dab89d5f04,본죽본죽&비빔밥 강남구청역점,서울특별시 강남구 선릉로131길 24 (논현동) 1층,37.5174254,127.0390046,1,"[{""provider"":""KAKAO"",""external_place_id"":""2001918525"",""name"":""본죽&비빔밥cafe 강남구청역점"",""category"":""음식점 > 퓨전요리 > 퓨전한식 > 본죽&비빔밥cafe"",""address"":""서울 강남구 논현동 112-3"",""road_address"":""서울 강남구 선릉로131길 24"",""longitude"":127.03901932235486,""latitude"":37.51740435996645,""phone"":""02-540-3777"",""detail_url"":""http://place.map.kakao.com/2001918525"",""distance"":""2"",""raw_metadata"":{""address_name"":""서울 강남구 논현동 112-3"",""category_group_code"":""FD6"",""category_group_name"":""음식점"",""category_name"":""음식점 > 퓨전요리 > 퓨전한식 > 본죽&비빔밥cafe"",""distance"":""2"",""id"":""2001918525"",""phone"":""02-540-3777"",""place_name"":""본죽&비빔밥cafe 강남구청역점"",""place_url"":""http://place.map.kakao.com/2001918525"",""road_address_name"":""서울 강남구 선릉로131길 24"",""x"":""127.03901932235486"",""y"":""37.51740435996645""}}]",1,"[{""provider"":""NAVER_LOCAL"",""external_place_id"":"""",""name"":""본죽&비빔밥cafe 강남구청역점"",""category"":""음식점>죽"",""address"":""서울특별시 강남구 논현동 112-3 1층"",""road_address"":""서울특별시 강남구 선릉로131길 24 1층"",""longitude"":127.0390559,""latitude"":37.5174037,""phone"":"""",""detail_url"":""https://www.bonif.co.kr/menu/list?brdCd=BF102"",""distance"":"""",""raw_metadata"":{""title"":""<b>본죽&amp;비빔밥</b>cafe <b>강남구청역점</b>"",""link"":""https://www.bonif.co.kr/menu/list?brdCd=BF102"",""category"":""음식점>죽"",""description"":"""",""telephone"":"""",""address"":""서울특별시 강남구 논현동 112-3 1층"",""roadAddress"":""서울특별시 강남구 선릉로131길 24 1층"",""mapx"":""1270390559"",""mapy"":""375174037""}}]",false,false,,,,,
9953,03c0ac11e11ec4172d42f322a0a5d03b,빨간떡볶이,서울특별시 강남구 강남대로118길 62 (논현동) 지하1층 103호,37.507149,127.0278709,15,"[{""provider"":""KAKAO"",""external_place_id"":""964567264"",""name"":""논현동빨간떡볶이"",""category"":""음식점 > 분식"",""address"":""서울 강남구 논현동 187-4"",""road_address"":""서울 강남구 강남대로118길 62"",""longitude"":127.027845319647,""latitude"":37.5071495897373,""phone"":""02-2088-3588"",""detail_url"":""http://place.map.kakao.com/964567264"",""distance"":""2"",""raw_metadata"":{""address_name"":""서울 강남구 논현동 187-4"",""category_group_code"":""FD6"",""category_group_name"":""음식점"",""category_name"":""음식점 > 분식"",""distance"":""2"",""id"":""964567264"",""phone"":""02-2088-3588"",""place_name"":""논현동빨간떡볶이"",""place_url"":""http://place.map.kakao.com/964567264"",""road_address_name"":""서울 강남구 강남대로118길 62"",""x"":""127.027845319647"",""y"":""37.5071495897373""}},{""provider"":""KAKAO"",""external_place_id"":""16269823"",""name"":""빨간집떡볶이"",""category"":""음식점 > 분식 > 떡볶이"",""address"":""서울 중구 신당동 416"",""road_address"":""서울 중구 동호로 228-1"",""longitude"":127.008506412681,""latitude"":37.5581131894664,""phone"":""02-2236-2823"",""detail_url"":""http://place.map.kakao.com/16269823"",""distance"":""5909"",""raw_metadata"":{""address_name"":""서울 중구 신당동 416"",""category_group_code"":""FD6"",""category_group_name"":""음식점"",""category_name"":""음식점 > 분식 > 떡볶이"",""distance"":""5909"",""id"":""16269823"",""phone"":""02-2236-2823"",""place_name"":""빨간집떡볶이"",""place_url"":""http://place.map.kakao.com/16269823"",""road_address_name"":""서울 중구 동호로 228-1"",""x"":""127.008506412681"",""y"":""37.5581131894664""}},{""provider"":""KAKAO"",""external_place_id"":""786108128"",""name"":""디어"",""category"":""음식점 > 술집 > 호프,요리주점"",""address"":""서울 중구 충무로5가 86-3"",""road_address"":""서울 중구 서애로 12-8"",""longitude"":126.997709187044,""latitude"":37.5614633804437,""phone"":""0507-1441-0970"",""detail_url"":""http://place.map.kakao.com/786108128"",""distance"":""6591"",""raw_metadata"":{""address_name"":""서울 중구 충무로5가 86-3"",""category_group_code"":""FD6"",""category_group_name"":""음식점"",""category_name"":""음식점 > 술집 > 호프,요리주점"",""distance"":""6591"",""id"":""786108128"",""phone"":""0507-1441-0970"",""place_name"":""디어"",""place_url"":""http://place.map.kakao.com/786108128"",""road_address_name"":""서울 중구 서애로 12-8"",""x"":""126.997709187044"",""y"":""37.5614633804437""}},{""provider"":""KAKAO"",""external_place_id"":""1362108952"",""name"":""오늘꼬치네"",""category"":""음식점 > 한식"",""address"":""서울 동대문구 답십리동 35-10"",""road_address"":""서울 동대문구 전농로 50"",""longitude"":127.057422239966,""latitude"":37.5691673707132,""phone"":"""",""detail_url"":""http://place.map.kakao.com/1362108952"",""distance"":""7361"",""raw_metadata"":{""address_name"":""서울 동대문구 답십리동 35-10"",""category_group_code"":""FD6"",""category_group_name"":""음식점"",""category_name"":""음식점 > 한식"",""distance"":""7361"",""id"":""1362108952"",""phone"":"""",""place_name"":""오늘꼬치네"",""place_url"":""http://place.map.kakao.com/1362108952"",""road_address_name"":""서울 동대문구 전농로 50"",""x"":""127.057422239966"",""y"":""37.5691673707132""}},{""provider"":""KAKAO"",""external_place_id"":""1827236569"",""name"":""빨간부산오뎅"",""category"":""음식점 > 분식"",""address"":""서울 송파구 방이동 122"",""road_address"":""서울 송파구 백제고분로48길 36"",""longitude"":127.11681965612,""latitude"":37.5103927830355,""phone"":"""",""detail_url"":""http://place.map.kakao.com/1827236569"",""distance"":""7872"",""raw_metadata"":{""address_name"":""서울 송파구 방이동 122"",""category_group_code"":""FD6"",""category_group_name"":""음식점"",""category_name"":""음식점 > 분식"",""distance"":""7872"",""id"":""1827236569"",""phone"":"""",""place_name"":""빨간부산오뎅"",""place_url"":""http://place.map.kakao.com/1827236569"",""road_address_name"":""서울 송파구 백제고분로48길 36"",""x"":""127.11681965612"",""y"":""37.5103927830355""}},{""provider"":""KAKAO"",""external_place_id"":""1757358131"",""name"":""빨간모자김밥"",""category"":""음식점 > 분식"",""address"":""서울 마포구 노고산동 107-12"",""road_address"":""서울 마포구 서강로 142"",""longitude"":126.936340856545,""latitude"":37.554427473149,""phone"":""02-717-0822"",""detail_url"":""http://place.map.kakao.com/1757358131"",""distance"":""9642"",""raw_metadata"":{""address_name"":""서울 마포구 노고산동 107-12"",""category_group_code"":""FD6"",""category_group_name"":""음식점"",""category_name"":""음식점 > 분식"",""distance"":""9642"",""id"":""1757358131"",""phone"":""02-717-0822"",""place_name"":""빨간모자김밥"",""place_url"":""http://place.map.kakao.com/1757358131"",""road_address_name"":""서울 마포구 서강로 142"",""x"":""126.936340856545"",""y"":""37.554427473149""}},{""provider"":""KAKAO"",""external_place_id"":""27561964"",""name"":""셰프케이 사가정본점"",""category"":""음식점 > 양식 > 이탈리안"",""address"":""서울 중랑구 면목동 473-15"",""road_address"":""서울 중랑구 면목로 326"",""longitude"":127.08868579996606,""latitude"":37.58103033846306,""phone"":""02-432-9285"",""detail_url"":""http://place.map.kakao.com/27561964"",""distance"":""9804"",""raw_metadata"":{""address_name"":""서울 중랑구 면목동 473-15"",""category_group_code"":""FD6"",""category_group_name"":""음식점"",""category_name"":""음식점 > 양식 > 이탈리안"",""distance"":""9804"",""id"":""27561964"",""phone"":""02-432-9285"",""place_name"":""셰프케이 사가정본점"",""place_url"":""http://place.map.kakao.com/27561964"",""road_address_name"":""서울 중랑구 면목로 326"",""x"":""127.08868579996606"",""y"":""37.58103033846306""}},{""provider"":""KAKAO"",""external_place_id"":""27245656"",""name"":""빨간여우떡볶이 천호본점"",""category"":""음식점 > 분식 > 떡볶이"",""address"":""서울 강동구 천호동 397-402"",""road_address"":""서울 강동구 구천면로 250"",""longitude"":127.13145073457294,""latitude"":37.542507119256385,""phone"":""02-475-5389"",""detail_url"":""http://place.map.kakao.com/27245656"",""distance"":""9961"",""raw_metadata"":{""address_name"":""서울 강동구 천호동 397-402"",""category_group_code"":""FD6"",""category_group_name"":""음식점"",""category_name"":""음식점 > 분식 > 떡볶이"",""distance"":""9961"",""id"":""27245656"",""phone"":""02-475-5389"",""place_name"":""빨간여우떡볶이 천호본점"",""place_url"":""http://place.map.kakao.com/27245656"",""road_address_name"":""서울 강동구 구천면로 250"",""x"":""127.13145073457294"",""y"":""37.542507119256385""}},{""provider"":""KAKAO"",""external_place_id"":""776037344"",""name"":""갑분튀"",""category"":""음식점 > 분식"",""address"":""서울 강동구 길동 322-5"",""road_address"":""서울 강동구 양재대로128길 28"",""longitude"":127.1443124517092,""latitude"":37.54461395346395,""phone"":"""",""detail_url"":""http://place.map.kakao.com/776037344"",""distance"":""11100"",""raw_metadata"":{""address_name"":""서울 강동구 길동 322-5"",""category_group_code"":""FD6"",""category_group_name"":""음식점"",""category_name"":""음식점 > 분식"",""distance"":""11100"",""id"":""776037344"",""phone"":"""",""place_name"":""갑분튀"",""place_url"":""http://place.map.kakao.com/776037344"",""road_address_name"":""서울 강동구 양재대로128길 28"",""x"":""127.1443124517092"",""y"":""37.54461395346395""}},{""provider"":""KAKAO"",""external_place_id"":""20380828"",""name"":""컵플하우스"",""category"":""음식점 > 분식"",""address"":""서울 영등포구 대림동 786-5"",""road_address"":""서울 영등포구 도신로4길 26"",""longitude"":126.896249855592,""latitude"":37.5012579842699,""phone"":""02-844-7702"",""detail_url"":""http://place.map.kakao.com/20380828"",""distance"":""11656"",""raw_metadata"":{""address_name"":""서울 영등포구 대림동 786-5"",""category_group_code"":""FD6"",""category_group_name"":""음식점"",""category_name"":""음식점 > 분식"",""distance"":""11656"",""id"":""20380828"",""phone"":""02-844-7702"",""place_name"":""컵플하우스"",""place_url"":""http://place.map.kakao.com/20380828"",""road_address_name"":""서울 영등포구 도신로4길 26"",""x"":""126.896249855592"",""y"":""37.5012579842699""}},{""provider"":""KAKAO"",""external_place_id"":""13126134"",""name"":""빨간떡"",""category"":""음식점 > 분식"",""address"":""서울 구로구 구로동 166-39"",""road_address"":""서울 구로구 도림로20길 40"",""longitude"":126.89352669696272,""latitude"":37.48845406080821,""phone"":""02-867-3341"",""detail_url"":""http://place.map.kakao.com/13126134"",""distance"":""12059"",""raw_metadata"":{""address_name"":""서울 구로구 구로동 166-39"",""category_group_code"":""FD6"",""category_group_name"":""음식점"",""category_name"":""음식점 > 분식"",""distance"":""12059"",""id"":""13126134"",""phone"":""02-867-3341"",""place_name"":""빨간떡"",""place_url"":""http://place.map.kakao.com/13126134"",""road_address_name"":""서울 구로구 도림로20길 40"",""x"":""126.89352669696272"",""y"":""37.48845406080821""}},{""provider"":""KAKAO"",""external_place_id"":""20545165"",""name"":""빨간떡볶이"",""category"":""음식점"",""address"":""서울 금천구 시흥동 910-18"",""road_address"":""서울 금천구 금하로24길 16"",""longitude"":126.90837670608556,""latitude"":37.45028258624997,""phone"":"""",""detail_url"":""http://place.map.kakao.com/20545165"",""distance"":""12310"",""raw_metadata"":{""address_name"":""서울 금천구 시흥동 910-18"",""category_group_code"":""FD6"",""category_group_name"":""음식점"",""category_name"":""음식점"",""distance"":""12310"",""id"":""20545165"",""phone"":"""",""place_name"":""빨간떡볶이"",""place_url"":""http://place.map.kakao.com/20545165"",""road_address_name"":""서울 금천구 금하로24길 16"",""x"":""126.90837670608556"",""y"":""37.45028258624997""}},{""provider"":""KAKAO"",""external_place_id"":""15836318"",""name"":""진이네떡볶이"",""category"":""음식점 > 분식 > 떡볶이"",""address"":""서울 영등포구 양평동2가 1-1"",""road_address"":""서울 영등포구 선유서로 67"",""longitude"":126.88445509796325,""latitude"":37.52209356293867,""phone"":""02-6111-9399"",""detail_url"":""http://place.map.kakao.com/15836318"",""distance"":""12787"",""raw_metadata"":{""address_name"":""서울 영등포구 양평동2가 1-1"",""category_group_code"":""FD6"",""category_group_name"":""음식점"",""category_name"":""음식점 > 분식 > 떡볶이"",""distance"":""12787"",""id"":""15836318"",""phone"":""02-6111-9399"",""place_name"":""진이네떡볶이"",""place_url"":""http://place.map.kakao.com/15836318"",""road_address_name"":""서울 영등포구 선유서로 67"",""x"":""126.88445509796325"",""y"":""37.52209356293867""}},{""provider"":""KAKAO"",""external_place_id"":""1557928018"",""name"":""빨간맛떡볶이"",""category"":""음식점 > 분식 > 떡볶이"",""address"":""서울 강북구 미아동 202-15"",""road_address"":""서울 강북구 솔매로45길 102"",""longitude"":127.02379028969885,""latitude"":37.630514790339085,""phone"":""02-946-1555"",""detail_url"":""http://place.map.kakao.com/1557928018"",""distance"":""13696"",""raw_metadata"":{""address_name"":""서울 강북구 미아동 202-15"",""category_group_code"":""FD6"",""category_group_name"":""음식점"",""category_name"":""음식점 > 분식 > 떡볶이"",""distance"":""13696"",""id"":""1557928018"",""phone"":""02-946-1555"",""place_name"":""빨간맛떡볶이"",""place_url"":""http://place.map.kakao.com/1557928018"",""road_address_name"":""서울 강북구 솔매로45길 102"",""x"":""127.02379028969885"",""y"":""37.630514790339085""}},{""provider"":""KAKAO"",""external_place_id"":""517362997"",""name"":""한쌍"",""category"":""음식점 > 분식"",""address"":""서울 강서구 등촌동 567-18"",""road_address"":""서울 강서구 등촌로13길 16"",""longitude"":126.86243124885,""latitude"":37.5356210193458,""phone"":""02-6339-9161"",""detail_url"":""http://place.map.kakao.com/517362997"",""distance"":""14962"",""raw_metadata"":{""address_name"":""서울 강서구 등촌동 567-18"",""category_group_code"":""FD6"",""category_group_name"":""음식점"",""category_name"":""음식점 > 분식"",""distance"":""14962"",""id"":""517362997"",""phone"":""02-6339-9161"",""place_name"":""한쌍"",""place_url"":""http://place.map.kakao.com/517362997"",""road_address_name"":""서울 강서구 등촌로13길 16"",""x"":""126.86243124885"",""y"":""37.5356210193458""}}]",1,"[{""provider"":""NAVER_LOCAL"",""external_place_id"":"""",""name"":""빨간집떡볶이"",""category"":""분식>떡볶이"",""address"":""서울특별시 중구 신당동 416"",""road_address"":""서울특별시 중구 동호로 228-1"",""longitude"":127.008487,""latitude"":37.558105,""phone"":"""",""detail_url"":"""",""distance"":"""",""raw_metadata"":{""title"":""<b>빨간</b>집<b>떡볶이</b>"",""link"":"""",""category"":""분식>떡볶이"",""description"":"""",""telephone"":"""",""address"":""서울특별시 중구 신당동 416"",""roadAddress"":""서울특별시 중구 동호로 228-1"",""mapx"":""1270084870"",""mapy"":""375581050""}}]",false,false,,,,,
9965,4241c8c0d183b51f738d8e20dc147165,마구로다찌,서울시 강남구 언주로150길 48 1층 102호 마구로다찌(논현동),37.5218961,127.0380663,1,"[{""provider"":""KAKAO"",""external_place_id"":""588789003"",""name"":""마구로다찌"",""category"":""음식점 > 일식 > 참치회"",""address"":""경기 부천시 원미구 중동 1114"",""road_address"":""경기 부천시 원미구 신흥로 140"",""longitude"":126.7785246097683,""latitude"":37.49644854877272,""phone"":""010-6566-7938"",""detail_url"":""http://place.map.kakao.com/588789003"",""distance"":""23120"",""raw_metadata"":{""address_name"":""경기 부천시 원미구 중동 1114"",""category_group_code"":""FD6"",""category_group_name"":""음식점"",""category_name"":""음식점 > 일식 > 참치회"",""distance"":""23120"",""id"":""588789003"",""phone"":""010-6566-7938"",""place_name"":""마구로다찌"",""place_url"":""http://place.map.kakao.com/588789003"",""road_address_name"":""경기 부천시 원미구 신흥로 140"",""x"":""126.7785246097683"",""y"":""37.49644854877272""}}]",3,"[{""provider"":""NAVER_LOCAL"",""external_place_id"":"""",""name"":""마구로다찌"",""category"":""음식점>일식>일식당"",""address"":""경기도 부천시 원미구 중동 1114 상가9동 114호"",""road_address"":""경기도 부천시 원미구 신흥로 140 상가9동 114호"",""longitude"":126.778543,""latitude"":37.4963462,""phone"":"""",""detail_url"":""https://blog.naver.com/siin282"",""distance"":"""",""raw_metadata"":{""title"":""<b>마구로다찌</b>"",""link"":""https://blog.naver.com/siin282"",""category"":""음식점>일식>일식당"",""description"":"""",""telephone"":"""",""address"":""경기도 부천시 원미구 중동 1114 상가9동 114호"",""roadAddress"":""경기도 부천시 원미구 신흥로 140 상가9동 114호"",""mapx"":""1267785430"",""mapy"":""374963462""}},{""provider"":""NAVER_LOCAL"",""external_place_id"":"""",""name"":""다찌참치&활어초밥"",""category"":""한식>생선회"",""address"":""인천광역시 연수구 연수동 630-10"",""road_address"":""인천광역시 연수구 샘말로8번길 13-8"",""longitude"":126.6788506,""latitude"":37.4118268,""phone"":"""",""detail_url"":"""",""distance"":"""",""raw_metadata"":{""title"":""<b>다찌</b>참치&amp;활어초밥"",""link"":"""",""category"":""한식>생선회"",""description"":"""",""telephone"":"""",""address"":""인천광역시 연수구 연수동 630-10"",""roadAddress"":""인천광역시 연수구 샘말로8번길 13-8"",""mapx"":""1266788506"",""mapy"":""374118268""}},{""provider"":""NAVER_LOCAL"",""external_place_id"":"""",""name"":""하루참치"",""category"":""한식>생선회"",""address"":""부산광역시 해운대구 우동 1565 해운대경동리인뷰2차 상가 4층 407"",""road_address"":""부산광역시 해운대구 구남로 21 해운대경동리인뷰2차 상가 4층 407"",""longitude"":129.1607789,""latitude"":35.1627645,""phone"":"""",""detail_url"":""https://app.catchtable.co.kr/ct/shop/oneday_tuna"",""distance"":"""",""raw_metadata"":{""title"":""하루참치"",""link"":""https://app.catchtable.co.kr/ct/shop/oneday_tuna"",""category"":""한식>생선회"",""description"":"""",""telephone"":"""",""address"":""부산광역시 해운대구 우동 1565 해운대경동리인뷰2차 상가 4층 407"",""roadAddress"":""부산광역시 해운대구 구남로 21 해운대경동리인뷰2차 상가 4층 407"",""mapx"":""1291607789"",""mapy"":""351627645""}}]",false,false,,,,,
9977,99dee38f9313ece20ec94d22c7d11cce,돌곰네,"서울특별시 강남구 언주로146길 18 (논현동, 동현아파트) 동현상가 지하",37.5193597,127.0367435,1,"[{""provider"":""KAKAO"",""external_place_id"":""8915439"",""name"":""돌곰네"",""category"":""음식점 > 한식 > 해물,생선"",""address"":""서울 강남구 논현동 105"",""road_address"":""서울 강남구 언주로146길 18"",""longitude"":127.03742019974725,""latitude"":37.52034214780839,""phone"":""02-3446-2928"",""detail_url"":""http://place.map.kakao.com/8915439"",""distance"":""124"",""raw_metadata"":{""address_name"":""서울 강남구 논현동 105"",""category_group_code"":""FD6"",""category_group_name"":""음식점"",""category_name"":""음식점 > 한식 > 해물,생선"",""distance"":""124"",""id"":""8915439"",""phone"":""02-3446-2928"",""place_name"":""돌곰네"",""place_url"":""http://place.map.kakao.com/8915439"",""road_address_name"":""서울 강남구 언주로146길 18"",""x"":""127.03742019974725"",""y"":""37.52034214780839""}}]",1,"[{""provider"":""NAVER_LOCAL"",""external_place_id"":"""",""name"":""돌곰네"",""category"":""한식>해물,생선요리"",""address"":""서울특별시 강남구 논현동 105 동현상가 지하 돌곰네"",""road_address"":""서울특별시 강남구 언주로146길 18 동현상가 지하 돌곰네"",""longitude"":127.0375051,""latitude"":37.520233,""phone"":"""",""detail_url"":"""",""distance"":"""",""raw_metadata"":{""title"":""<b>돌곰네</b>"",""link"":"""",""category"":""한식>해물,생선요리"",""description"":"""",""telephone"":"""",""address"":""서울특별시 강남구 논현동 105 동현상가 지하 돌곰네"",""roadAddress"":""서울특별시 강남구 언주로146길 18 동현상가 지하 돌곰네"",""mapx"":""1270375051"",""mapy"":""375202330""}}]",false,false,,,,,
9988,1b25639897fb2f6938d8587b56bdd576,태권브이,서울특별시 강남구 강남대로124길 3-6 3층 태권브이,37.509078,127.0230903,11,"[{""provider"":""KAKAO"",""external_place_id"":""24531956"",""name"":""태권브이"",""category"":""음식점 > 술집 > 호프,요리주점"",""address"":""서울 강남구 논현동 143-16"",""road_address"":""서울 강남구 강남대로124길 3-6"",""longitude"":127.022987131162,""latitude"":37.5091220336834,""phone"":"""",""detail_url"":""http://place.map.kakao.com/24531956"",""distance"":""10"",""raw_metadata"":{""address_name"":""서울 강남구 논현동 143-16"",""category_group_code"":""FD6"",""category_group_name"":""음식점"",""category_name"":""음식점 > 술집 > 호프,요리주점"",""distance"":""10"",""id"":""24531956"",""phone"":"""",""place_name"":""태권브이"",""place_url"":""http://place.map.kakao.com/24531956"",""road_address_name"":""서울 강남구 강남대로124길 3-6"",""x"":""127.022987131162"",""y"":""37.5091220336834""}},{""provider"":""KAKAO"",""external_place_id"":""994364006"",""name"":""로보트태권브이 지사"",""category"":""문화,예술 > 영화,영상"",""address"":""서울 강남구 신사동 566-24"",""road_address"":""서울 강남구 논현로157길 14"",""longitude"":127.026918912241,""latitude"":37.5225749900052,""phone"":"""",""detail_url"":""http://place.map.kakao.com/994364006"",""distance"":""1535"",""raw_metadata"":{""address_name"":""서울 강남구 신사동 566-24"",""category_group_code"":"""",""category_group_name"":"""",""category_name"":""문화,예술 > 영화,영상"",""distance"":""1535"",""id"":""994364006"",""phone"":"""",""place_name"":""로보트태권브이 지사"",""place_url"":""http://place.map.kakao.com/994364006"",""road_address_name"":""서울 강남구 논현로157길 14"",""x"":""127.026918912241"",""y"":""37.5225749900052""}},{""provider"":""KAKAO"",""external_place_id"":""12936133"",""name"":""로보트태권브이"",""category"":""문화,예술 > 영화,영상 > 영상제작,배급"",""address"":""경기 부천시 원미구 중동 1134-2"",""road_address"":""경기 부천시 원미구 조마루로285번길 50"",""longitude"":126.77529420255573,""latitude"":37.49971039211763,""phone"":"""",""detail_url"":""http://place.map.kakao.com/12936133"",""distance"":""21934"",""raw_metadata"":{""address_name"":""경기 부천시 원미구 중동 1134-2"",""category_group_code"":"""",""category_group_name"":"""",""category_name"":""문화,예술 > 영화,영상 > 영상제작,배급"",""distance"":""21934"",""id"":""12936133"",""phone"":"""",""place_name"":""로보트태권브이"",""place_url"":""http://place.map.kakao.com/12936133"",""road_address_name"":""경기 부천시 원미구 조마루로285번길 50"",""x"":""126.77529420255573"",""y"":""37.49971039211763""}},{""provider"":""KAKAO"",""external_place_id"":""26576385"",""name"":""디오티디 파주태권브이주유소"",""category"":""교통,수송 > 자동차 > 주유,가스 > 주유소 > HD현대오일뱅크주유소"",""address"":""경기 파주시 금촌동 446-6"",""road_address"":""경기 파주시 평화로 128"",""longitude"":126.766193382513,""latitude"":37.767824587068,""phone"":""031-957-5189"",""detail_url"":""http://place.map.kakao.com/26576385"",""distance"":""36590"",""raw_metadata"":{""address_name"":""경기 파주시 금촌동 446-6"",""category_group_code"":""OL7"",""category_group_name"":""주유소,충전소"",""category_name"":""교통,수송 > 자동차 > 주유,가스 > 주유소 > HD현대오일뱅크주유소"",""distance"":""36590"",""id"":""26576385"",""phone"":""031-957-5189"",""place_name"":""디오티디 파주태권브이주유소"",""place_url"":""http://place.map.kakao.com/26576385"",""road_address_name"":""경기 파주시 평화로 128"",""x"":""126.766193382513"",""y"":""37.767824587068""}},{""provider"":""KAKAO"",""external_place_id"":""8107561"",""name"":""다나 디오티디 포천로보트주유소"",""category"":""교통,수송 > 자동차 > 주유,가스 > 주유소 > HD현대오일뱅크주유소"",""address"":""경기 포천시 내촌면 진목리 932-8"",""road_address"":""경기 포천시 내촌면 포천로 331"",""longitude"":127.208233530771,""latitude"":37.8049885294749,""phone"":""070-7779-5185"",""detail_url"":""http://place.map.kakao.com/8107561"",""distance"":""36681"",""raw_metadata"":{""address_name"":""경기 포천시 내촌면 진목리 932-8"",""category_group_code"":""OL7"",""category_group_name"":""주유소,충전소"",""category_name"":""교통,수송 > 자동차 > 주유,가스 > 주유소 > HD현대오일뱅크주유소"",""distance"":""36681"",""id"":""8107561"",""phone"":""070-7779-5185"",""place_name"":""다나 디오티디 포천로보트주유소"",""place_url"":""http://place.map.kakao.com/8107561"",""road_address_name"":""경기 포천시 내촌면 포천로 331"",""x"":""127.208233530771"",""y"":""37.8049885294749""}},{""provider"":""KAKAO"",""external_place_id"":""966468564"",""name"":""심야포차태권브이"",""category"":""음식점 > 술집 > 실내포장마차"",""address"":""강원특별자치도 정선군 고한읍 고한리 92"",""road_address"":""강원특별자치도 정선군 고한읍 고한2길 56"",""longitude"":128.851386694893,""latitude"":37.2024724039872,""phone"":"""",""detail_url"":""http://place.map.kakao.com/966468564"",""distance"":""165529"",""raw_metadata"":{""address_name"":""강원특별자치도 정선군 고한읍 고한리 92"",""category_group_code"":""FD6"",""category_group_name"":""음식점"",""category_name"":""음식점 > 술집 > 실내포장마차"",""distance"":""165529"",""id"":""966468564"",""phone"":"""",""place_name"":""심야포차태권브이"",""place_url"":""http://place.map.kakao.com/966468564"",""road_address_name"":""강원특별자치도 정선군 고한읍 고한2길 56"",""x"":""128.851386694893"",""y"":""37.2024724039872""}},{""provider"":""KAKAO"",""external_place_id"":""1382075809"",""name"":""태권브이랜드"",""category"":""여행 > 관광,명소 > 테마파크"",""address"":""전북특별자치도 무주군 무주읍 당산리 1170"",""road_address"":""전북특별자치도 무주군 무주읍 최북로 15"",""longitude"":127.665083290332,""latitude"":36.0032783327281,""phone"":"""",""detail_url"":""http://place.map.kakao.com/1382075809"",""distance"":""176664"",""raw_metadata"":{""address_name"":""전북특별자치도 무주군 무주읍 당산리 1170"",""category_group_code"":""AT4"",""category_group_name"":""관광명소"",""category_name"":""여행 > 관광,명소 > 테마파크"",""distance"":""176664"",""id"":""1382075809"",""phone"":"""",""place_name"":""태권브이랜드"",""place_url"":""http://place.map.kakao.com/1382075809"",""road_address_name"":""전북특별자치도 무주군 무주읍 최북로 15"",""x"":""127.665083290332"",""y"":""36.0032783327281""}},{""provider"":""KAKAO"",""external_place_id"":""437618632"",""name"":""태권브이모바일"",""category"":""가정,생활 > 전자제품 > 전자제품판매 > 휴대폰판매"",""address"":""경북 구미시 형곡동 152-7"",""road_address"":""경북 구미시 형곡로 108"",""longitude"":128.332156453227,""latitude"":36.1116064633429,""phone"":""054-458-0888"",""detail_url"":""http://place.map.kakao.com/437618632"",""distance"":""194159"",""raw_metadata"":{""address_name"":""경북 구미시 형곡동 152-7"",""category_group_code"":"""",""category_group_name"":"""",""category_name"":""가정,생활 > 전자제품 > 전자제품판매 > 휴대폰판매"",""distance"":""194159"",""id"":""437618632"",""phone"":""054-458-0888"",""place_name"":""태권브이모바일"",""place_url"":""http://place.map.kakao.com/437618632"",""road_address_name"":""경북 구미시 형곡로 108"",""x"":""128.332156453227"",""y"":""36.1116064633429""}},{""provider"":""KAKAO"",""external_place_id"":""1674884498"",""name"":""태권V"",""category"":""가정,생활 > 패션 > 의류판매 > 여성의류"",""address"":""전북특별자치도 정읍시 시기동 194-7"",""road_address"":""전북특별자치도 정읍시 대흥3길 21-13"",""longitude"":126.850106434094,""latitude"":35.5655464090953,""phone"":""010-6794-9969"",""detail_url"":""http://place.map.kakao.com/1674884498"",""distance"":""216227"",""raw_metadata"":{""address_name"":""전북특별자치도 정읍시 시기동 194-7"",""category_group_code"":"""",""category_group_name"":"""",""category_name"":""가정,생활 > 패션 > 의류판매 > 여성의류"",""distance"":""216227"",""id"":""1674884498"",""phone"":""010-6794-9969"",""place_name"":""태권V"",""place_url"":""http://place.map.kakao.com/1674884498"",""road_address_name"":""전북특별자치도 정읍시 대흥3길 21-13"",""x"":""126.850106434094"",""y"":""35.5655464090953""}},{""provider"":""KAKAO"",""external_place_id"":""8283696"",""name"":""태권브이주유소"",""category"":""교통,수송 > 자동차 > 주유,가스 > 주유소 > S-OIL"",""address"":""경남 김해시 화목동 392-11"",""road_address"":""경남 김해시 칠산로 341"",""longitude"":128.850698853815,""latitude"":35.202863356100025,""phone"":""055-323-4406"",""detail_url"":""http://place.map.kakao.com/8283696"",""distance"":""303991"",""raw_metadata"":{""address_name"":""경남 김해시 화목동 392-11"",""category_group_code"":""OL7"",""category_group_name"":""주유소,충전소"",""category_name"":""교통,수송 > 자동차 > 주유,가스 > 주유소 > S-OIL"",""distance"":""303991"",""id"":""8283696"",""phone"":""055-323-4406"",""place_name"":""태권브이주유소"",""place_url"":""http://place.map.kakao.com/8283696"",""road_address_name"":""경남 김해시 칠산로 341"",""x"":""128.850698853815"",""y"":""35.202863356100025""}},{""provider"":""KAKAO"",""external_place_id"":""19257462"",""name"":""삼화태권브이스쿨"",""category"":""스포츠,레저 > 무예 > 태권도"",""address"":""제주특별자치도 제주시 화북일동 1023-5"",""road_address"":""제주특별자치도 제주시 화삼로 21"",""longitude"":126.575444167655,""latitude"":33.514436709935,""phone"":""064-759-8759"",""detail_url"":""http://place.map.kakao.com/19257462"",""distance"":""445063"",""raw_metadata"":{""address_name"":""제주특별자치도 제주시 화북일동 1023-5"",""category_group_code"":"""",""category_group_name"":"""",""category_name"":""스포츠,레저 > 무예 > 태권도"",""distance"":""445063"",""id"":""19257462"",""phone"":""064-759-8759"",""place_name"":""삼화태권브이스쿨"",""place_url"":""http://place.map.kakao.com/19257462"",""road_address_name"":""제주특별자치도 제주시 화삼로 21"",""x"":""126.575444167655"",""y"":""33.514436709935""}}]",1,"[{""provider"":""NAVER_LOCAL"",""external_place_id"":"""",""name"":""태권브이"",""category"":""술집>맥주,호프"",""address"":""서울특별시 강남구 논현동 143-16 3층"",""road_address"":""서울특별시 강남구 강남대로124길 3-6 3층"",""longitude"":127.0230986,""latitude"":37.5090953,""phone"":"""",""detail_url"":"""",""distance"":"""",""raw_metadata"":{""title"":""<b>태권브이</b>"",""link"":"""",""category"":""술집>맥주,호프"",""description"":"""",""telephone"":"""",""address"":""서울특별시 강남구 논현동 143-16 3층"",""roadAddress"":""서울특별시 강남구 강남대로124길 3-6 3층"",""mapx"":""1270230986"",""mapy"":""375090953""}}]",false,false,,,,,
10000,a376a29efebdd2c89c0b73647f912776,(주)청담고수 논현점,서울특별시 강남구 논현로149길 12(논현동) 1층 (논현동),37.518579,127.0273334,1,"[{""provider"":""KAKAO"",""external_place_id"":""1866830636"",""name"":""청담고수 청담점"",""category"":""음식점 > 한식 > 육류,고기"",""address"":""서울 강남구 청담동 21-2"",""road_address"":""서울 강남구 도산대로58길 15"",""longitude"":127.04156145428419,""latitude"":37.5222373740795,""phone"":""02-548-5522"",""detail_url"":""http://place.map.kakao.com/1866830636"",""distance"":""1321"",""raw_metadata"":{""address_name"":""서울 강남구 청담동 21-2"",""category_group_code"":""FD6"",""category_group_name"":""음식점"",""category_name"":""음식점 > 한식 > 육류,고기"",""distance"":""1321"",""id"":""1866830636"",""phone"":""02-548-5522"",""place_name"":""청담고수 청담점"",""place_url"":""http://place.map.kakao.com/1866830636"",""road_address_name"":""서울 강남구 도산대로58길 15"",""x"":""127.04156145428419"",""y"":""37.5222373740795""}}]",2,"[{""provider"":""NAVER_LOCAL"",""external_place_id"":"""",""name"":""청담고수 청담점"",""category"":""한식>육류,고기요리"",""address"":""서울특별시 강남구 청담동 21-2"",""road_address"":""서울특별시 강남구 도산대로58길 15"",""longitude"":127.0415391,""latitude"":37.5222555,""phone"":"""",""detail_url"":""https://app.catchtable.co.kr/ct/shop/gosucheongdam1"",""distance"":"""",""raw_metadata"":{""title"":""<b>청담고수</b> 청담점"",""link"":""https://app.catchtable.co.kr/ct/shop/gosucheongdam1"",""category"":""한식>육류,고기요리"",""description"":"""",""telephone"":"""",""address"":""서울특별시 강남구 청담동 21-2"",""roadAddress"":""서울특별시 강남구 도산대로58길 15"",""mapx"":""1270415391"",""mapy"":""375222555""}},{""provider"":""NAVER_LOCAL"",""external_place_id"":"""",""name"":""청담고수 청담2호점"",""category"":""한식>육류,고기요리"",""address"":""서울특별시 강남구 청담동 120-7"",""road_address"":""서울특별시 강남구 압구정로79길 18"",""longitude"":127.0486355,""latitude"":37.5250929,""phone"":"""",""detail_url"":""https://app.catchtable.co.kr/ct/shop/gosucheongdam2"",""distance"":"""",""raw_metadata"":{""title"":""<b>청담고수</b> 청담2호점"",""link"":""https://app.catchtable.co.kr/ct/shop/gosucheongdam2"",""category"":""한식>육류,고기요리"",""description"":"""",""telephone"":"""",""address"":""서울특별시 강남구 청담동 120-7"",""roadAddress"":""서울특별시 강남구 압구정로79길 18"",""mapx"":""1270486355"",""mapy"":""375250929""}}]",false,false,,,,,
10012,b5c1e569543540d4dc5dab000213a4a6,나향반점,서울특별시 강남구 선릉로111길 43 (논현동) 나향반점,37.5098934,127.0401045,1,"[{""provider"":""KAKAO"",""external_place_id"":""1335618552"",""name"":""나향반점"",""category"":""음식점 > 중식 > 중국요리"",""address"":""서울 강남구 논현동 277-1"",""road_address"":""서울 강남구 선릉로111길 43"",""longitude"":127.040092152916,""latitude"":37.5098662013571,""phone"":""02-6052-6054"",""detail_url"":""http://place.map.kakao.com/1335618552"",""distance"":""2"",""raw_metadata"":{""address_name"":""서울 강남구 논현동 277-1"",""category_group_code"":""FD6"",""category_group_name"":""음식점"",""category_name"":""음식점 > 중식 > 중국요리"",""distance"":""2"",""id"":""1335618552"",""phone"":""02-6052-6054"",""place_name"":""나향반점"",""place_url"":""http://place.map.kakao.com/1335618552"",""road_address_name"":""서울 강남구 선릉로111길 43"",""x"":""127.040092152916"",""y"":""37.5098662013571""}}]",1,"[{""provider"":""NAVER_LOCAL"",""external_place_id"":"""",""name"":""나향반점"",""category"":""중식>중식당"",""address"":""서울특별시 강남구 논현동 277-1 1층"",""road_address"":""서울특별시 강남구 선릉로111길 43 1층"",""longitude"":127.0400676,""latitude"":37.5098893,""phone"":"""",""detail_url"":"""",""distance"":"""",""raw_metadata"":{""title"":""<b>나향반점</b>"",""link"":"""",""category"":""중식>중식당"",""description"":"""",""telephone"":"""",""address"":""서울특별시 강남구 논현동 277-1 1층"",""roadAddress"":""서울특별시 강남구 선릉로111길 43 1층"",""mapx"":""1270400676"",""mapy"":""375098893""}}]",false,false,,,,,
10024,ccd42c9b15adaad1e6d13e9e2663a268,논현감자탕,"서울특별시 강남구 학동로 235, 2층 (논현동) 논현감자탕",37.515605,127.0350255,15,"[{""provider"":""KAKAO"",""external_place_id"":""893729744"",""name"":""논현감자탕"",""category"":""음식점 > 한식 > 감자탕"",""address"":""서울 강남구 논현동 90-6"",""road_address"":""서울 강남구 학동로 235"",""longitude"":127.035006259001,""latitude"":37.5155991053873,""phone"":""02-512-1955"",""detail_url"":""http://place.map.kakao.com/893729744"",""distance"":""1"",""raw_metadata"":{""address_name"":""서울 강남구 논현동 90-6"",""category_group_code"":""FD6"",""category_group_name"":""음식점"",""category_name"":""음식점 > 한식 > 감자탕"",""distance"":""1"",""id"":""893729744"",""phone"":""02-512-1955"",""place_name"":""논현감자탕"",""place_url"":""http://place.map.kakao.com/893729744"",""road_address_name"":""서울 강남구 학동로 235"",""x"":""127.035006259001"",""y"":""37.5155991053873""}},{""provider"":""KAKAO"",""external_place_id"":""16878382"",""name"":""논현빈대떡"",""category"":""음식점 > 한식"",""address"":""서울 강남구 논현동 209"",""road_address"":""서울 강남구 학동로 224"",""longitude"":127.03336787934066,""latitude"":37.51447332486158,""phone"":""02-542-8808"",""detail_url"":""http://place.map.kakao.com/16878382"",""distance"":""192"",""raw_metadata"":{""address_name"":""서울 강남구 논현동 209"",""category_group_code"":""FD6"",""category_group_name"":""음식점"",""category_name"":""음식점 > 한식"",""distance"":""192"",""id"":""16878382"",""phone"":""02-542-8808"",""place_name"":""논현빈대떡"",""place_url"":""http://place.map.kakao.com/16878382"",""road_address_name"":""서울 강남구 학동로 224"",""x"":""127.03336787934066"",""y"":""37.51447332486158""}},{""provider"":""KAKAO"",""external_place_id"":""1843104144"",""name"":""한남동24시뼈다귀감자탕 강남분점"",""category"":""음식점 > 한식 > 감자탕"",""address"":""서울 강남구 논현동 113-20"",""road_address"":""서울 강남구 언주로134길 35"",""longitude"":127.038405038154,""latitude"":37.5172775198177,""phone"":"""",""detail_url"":""http://place.map.kakao.com/1843104144"",""distance"":""351"",""raw_metadata"":{""address_name"":""서울 강남구 논현동 113-20"",""category_group_code"":""FD6"",""category_group_name"":""음식점"",""category_name"":""음식점 > 한식 > 감자탕"",""distance"":""351"",""id"":""1843104144"",""phone"":"""",""place_name"":""한남동24시뼈다귀감자탕 강남분점"",""place_url"":""http://place.map.kakao.com/1843104144"",""road_address_name"":""서울 강남구 언주로134길 35"",""x"":""127.038405038154"",""y"":""37.5172775198177""}},{""provider"":""KAKAO"",""external_place_id"":""1705820167"",""name"":""열정국밥 서울강남논현점"",""category"":""음식점 > 한식 > 국밥 > 열정국밥"",""address"":""서울 강남구 논현동 225-6"",""road_address"":""서울 강남구 언주로 615"",""longitude"":127.035944934788,""latitude"":37.5105414875536,""phone"":"""",""detail_url"":""http://place.map.kakao.com/1705820167"",""distance"":""567"",""raw_metadata"":{""address_name"":""서울 강남구 논현동 225-6"",""category_group_code"":""FD6"",""category_group_name"":""음식점"",""category_name"":""음식점 > 한식 > 국밥 > 열정국밥"",""distance"":""567"",""id"":""1705820167"",""phone"":"""",""place_name"":""열정국밥 서울강남논현점"",""place_url"":""http://place.map.kakao.com/1705820167"",""road_address_name"":""서울 강남구 언주로 615"",""x"":""127.035944934788"",""y"":""37.5105414875536""}},{""provider"":""KAKAO"",""external_place_id"":""16060238"",""name"":""방일해장국 논현점"",""category"":""음식점 > 한식 > 해장국"",""address"":""서울 강남구 논현동 226-3"",""road_address"":""서울 강남구 봉은사로37길 31"",""longitude"":127.035609978565,""latitude"":37.5101965042861,""phone"":""02-3443-5501"",""detail_url"":""http://place.map.kakao.com/16060238"",""distance"":""602"",""raw_metadata"":{""address_name"":""서울 강남구 논현동 226-3"",""category_group_code"":""FD6"",""category_group_name"":""음식점"",""category_name"":""음식점 > 한식 > 해장국"",""distance"":""602"",""id"":""16060238"",""phone"":""02-3443-5501"",""place_name"":""방일해장국 논현점"",""place_url"":""http://place.map.kakao.com/16060238"",""road_address_name"":""서울 강남구 봉은사로37길 31"",""x"":""127.035609978565"",""y"":""37.5101965042861""}},{""provider"":""KAKAO"",""external_place_id"":""1699682635"",""name"":""남다른감자탕 강남을지병원사거리점 주차장"",""category"":""교통,수송 > 교통시설 > 주차장"",""address"":""서울 강남구 논현동 66"",""road_address"":"""",""longitude"":127.028780621153,""latitude"":37.5188308838411,""phone"":"""",""detail_url"":""http://place.map.kakao.com/1699682635"",""distance"":""657"",""raw_metadata"":{""address_name"":""서울 강남구 논현동 66"",""category_group_code"":""PK6"",""category_group_name"":""주차장"",""category_name"":""교통,수송 > 교통시설 > 주차장"",""distance"":""657"",""id"":""1699682635"",""phone"":"""",""place_name"":""남다른감자탕 강남을지병원사거리점 주차장"",""place_url"":""http://place.map.kakao.com/1699682635"",""road_address_name"":"""",""x"":""127.028780621153"",""y"":""37.5188308838411""}},{""provider"":""KAKAO"",""external_place_id"":""1137775048"",""name"":""남다른감자탕 서울학동사거리점"",""category"":""음식점 > 한식 > 감자탕 > 남다른감자탕"",""address"":""서울 강남구 논현동 99-1"",""road_address"":""서울 강남구 선릉로145길 21"",""longitude"":127.037823289569,""latitude"":37.5210979608573,""phone"":""02-542-2110"",""detail_url"":""http://place.map.kakao.com/1137775048"",""distance"":""657"",""raw_metadata"":{""address_name"":""서울 강남구 논현동 99-1"",""category_group_code"":""FD6"",""category_group_name"":""음식점"",""category_name"":""음식점 > 한식 > 감자탕 > 남다른감자탕"",""distance"":""657"",""id"":""1137775048"",""phone"":""02-542-2110"",""place_name"":""남다른감자탕 서울학동사거리점"",""place_url"":""http://place.map.kakao.com/1137775048"",""road_address_name"":""서울 강남구 선릉로145길 21"",""x"":""127.037823289569"",""y"":""37.5210979608573""}},{""provider"":""KAKAO"",""external_place_id"":""787850832"",""name"":""남다른감자탕 서울학동사거리점 주차장"",""category"":""교통,수송 > 교통시설 > 주차장"",""address"":""서울 강남구 논현동 99-1"",""road_address"":"""",""longitude"":127.037800685282,""latitude"":37.5211376122191,""phone"":"""",""detail_url"":""http://place.map.kakao.com/787850832"",""distance"":""661"",""raw_metadata"":{""address_name"":""서울 강남구 논현동 99-1"",""category_group_code"":""PK6"",""category_group_name"":""주차장"",""category_name"":""교통,수송 > 교통시설 > 주차장"",""distance"":""661"",""id"":""787850832"",""phone"":"""",""place_name"":""남다른감자탕 서울학동사거리점 주차장"",""place_url"":""http://place.map.kakao.com/787850832"",""road_address_name"":"""",""x"":""127.037800685282"",""y"":""37.5211376122191""}},{""provider"":""KAKAO"",""external_place_id"":""1504136998"",""name"":""못이저 논현점"",""category"":""음식점 > 한식 > 감자탕"",""address"":""서울 강남구 논현동 232-17"",""road_address"":""서울 강남구 봉은사로37길 11"",""longitude"":127.036575326653,""latitude"":37.5090312103614,""phone"":""02-512-4779"",""detail_url"":""http://place.map.kakao.com/1504136998"",""distance"":""742"",""raw_metadata"":{""address_name"":""서울 강남구 논현동 232-17"",""category_group_code"":""FD6"",""category_group_name"":""음식점"",""category_name"":""음식점 > 한식 > 감자탕"",""distance"":""742"",""id"":""1504136998"",""phone"":""02-512-4779"",""place_name"":""못이저 논현점"",""place_url"":""http://place.map.kakao.com/1504136998"",""road_address_name"":""서울 강남구 봉은사로37길 11"",""x"":""127.036575326653"",""y"":""37.5090312103614""}},{""provider"":""KAKAO"",""external_place_id"":""170461079"",""name"":""김태준의탕탕집 논현본점"",""category"":""음식점 > 한식 > 설렁탕"",""address"":""서울 강남구 논현동 141-15"",""road_address"":""서울 강남구 학동로4길 12"",""longitude"":127.02303057799827,""latitude"":37.51064382198248,""phone"":""02-511-3235"",""detail_url"":""http://place.map.kakao.com/170461079"",""distance"":""1194"",""raw_metadata"":{""address_name"":""서울 강남구 논현동 141-15"",""category_group_code"":""FD6"",""category_group_name"":""음식점"",""category_name"":""음식점 > 한식 > 설렁탕"",""distance"":""1194"",""id"":""170461079"",""phone"":""02-511-3235"",""place_name"":""김태준의탕탕집 논현본점"",""place_url"":""http://place.map.kakao.com/170461079"",""road_address_name"":""서울 강남구 학동로4길 12"",""x"":""127.02303057799827"",""y"":""37.51064382198248""}},{""provider"":""KAKAO"",""external_place_id"":""243565590"",""name"":""주야왕감자탕"",""category"":""음식점 > 한식 > 감자탕"",""address"":""서울 강남구 논현동 121"",""road_address"":""서울 강남구 학동로 106"",""longitude"":127.02259635354122,""latitude"":37.51097998050139,""phone"":""02-541-0024"",""detail_url"":""http://place.map.kakao.com/243565590"",""distance"":""1212"",""raw_metadata"":{""address_name"":""서울 강남구 논현동 121"",""category_group_code"":""FD6"",""category_group_name"":""음식점"",""category_name"":""음식점 > 한식 > 감자탕"",""distance"":""1212"",""id"":""243565590"",""phone"":""02-541-0024"",""place_name"":""주야왕감자탕"",""place_url"":""http://place.map.kakao.com/243565590"",""road_address_name"":""서울 강남구 학동로 106"",""x"":""127.02259635354122"",""y"":""37.51097998050139""}},{""provider"":""KAKAO"",""external_place_id"":""947587646"",""name"":""역전할머니맥주 서울논현역점"",""category"":""음식점 > 술집 > 호프,요리주점 > 역전할머니맥주"",""address"":""서울 강남구 논현동 164-12"",""road_address"":""서울 강남구 강남대로122길 5"",""longitude"":127.023732021145,""latitude"":37.507664961572,""phone"":"""",""detail_url"":""http://place.map.kakao.com/947587646"",""distance"":""1331"",""raw_metadata"":{""address_name"":""서울 강남구 논현동 164-12"",""category_group_code"":""FD6"",""category_group_name"":""음식점"",""category_name"":""음식점 > 술집 > 호프,요리주점 > 역전할머니맥주"",""distance"":""1331"",""id"":""947587646"",""phone"":"""",""place_name"":""역전할머니맥주 서울논현역점"",""place_url"":""http://place.map.kakao.com/947587646"",""road_address_name"":""서울 강남구 강남대로122길 5"",""x"":""127.023732021145"",""y"":""37.507664961572""}},{""provider"":""KAKAO"",""external_place_id"":""1527942162"",""name"":""보승회관 논현역점"",""category"":""음식점 > 한식 > 국밥"",""address"":""서울 서초구 반포동 722-37"",""road_address"":""서울 서초구 강남대로 521"",""longitude"":127.022077629316,""latitude"":37.5086104364749,""phone"":""02-546-6816"",""detail_url"":""http://place.map.kakao.com/1527942162"",""distance"":""1383"",""raw_metadata"":{""address_name"":""서울 서초구 반포동 722-37"",""category_group_code"":""FD6"",""category_group_name"":""음식점"",""category_name"":""음식점 > 한식 > 국밥"",""distance"":""1383"",""id"":""1527942162"",""phone"":""02-546-6816"",""place_name"":""보승회관 논현역점"",""place_url"":""http://place.map.kakao.com/1527942162"",""road_address_name"":""서울 서초구 강남대로 521"",""x"":""127.022077629316"",""y"":""37.5086104364749""}},{""provider"":""KAKAO"",""external_place_id"":""1076284469"",""name"":""열정국밥 인천남동구논현점"",""category"":""음식점 > 한식 > 국밥 > 열정국밥"",""address"":""인천 남동구 논현동 109-163"",""road_address"":""인천 남동구 장도로 10"",""longitude"":126.735647885987,""latitude"":37.4045410388065,""phone"":"""",""detail_url"":""http://place.map.kakao.com/1076284469"",""distance"":""29214"",""raw_metadata"":{""address_name"":""인천 남동구 논현동 109-163"",""category_group_code"":""FD6"",""category_group_name"":""음식점"",""category_name"":""음식점 > 한식 > 국밥 > 열정국밥"",""distance"":""29214"",""id"":""1076284469"",""phone"":"""",""place_name"":""열정국밥 인천남동구논현점"",""place_url"":""http://place.map.kakao.com/1076284469"",""road_address_name"":""인천 남동구 장도로 10"",""x"":""126.735647885987"",""y"":""37.4045410388065""}},{""provider"":""KAKAO"",""external_place_id"":""32794798"",""name"":""병천토속순대감자탕 소래점"",""category"":""음식점 > 한식 > 감자탕"",""address"":""인천 남동구 논현동 678-2"",""road_address"":""인천 남동구 소래역로30번길 18"",""longitude"":126.736364043943,""latitude"":37.4000042074433,""phone"":""032-872-8803"",""detail_url"":""http://place.map.kakao.com/32794798"",""distance"":""29374"",""raw_metadata"":{""address_name"":""인천 남동구 논현동 678-2"",""category_group_code"":""FD6"",""category_group_name"":""음식점"",""category_name"":""음식점 > 한식 > 감자탕"",""distance"":""29374"",""id"":""32794798"",""phone"":""032-872-8803"",""place_name"":""병천토속순대감자탕 소래점"",""place_url"":""http://place.map.kakao.com/32794798"",""road_address_name"":""인천 남동구 소래역로30번길 18"",""x"":""126.736364043943"",""y"":""37.4000042074433""}}]",3,"[{""provider"":""NAVER_LOCAL"",""external_place_id"":"""",""name"":""탕탕집 논현본점"",""category"":""한식>해장국"",""address"":""서울특별시 강남구 논현동 141-15"",""road_address"":""서울특별시 강남구 학동로4길 12"",""longitude"":127.023078,""latitude"":37.5106522,""phone"":"""",""detail_url"":"""",""distance"":"""",""raw_metadata"":{""title"":""탕탕집 <b>논현</b>본점"",""link"":"""",""category"":""한식>해장국"",""description"":"""",""telephone"":"""",""address"":""서울특별시 강남구 논현동 141-15"",""roadAddress"":""서울특별시 강남구 학동로4길 12"",""mapx"":""1270230780"",""mapy"":""375106522""}},{""provider"":""NAVER_LOCAL"",""external_place_id"":"""",""name"":""뼈다구집정해장"",""category"":""한식>감자탕"",""address"":""서울특별시 강남구 논현동 226-7 1층"",""road_address"":""서울특별시 강남구 언주로115길 18 1층"",""longitude"":127.0351454,""latitude"":37.5099121,""phone"":"""",""detail_url"":""https://www.instagram.com/junghaejang_official"",""distance"":"""",""raw_metadata"":{""title"":""뼈다구집정해장"",""link"":""https://www.instagram.com/junghaejang_official"",""category"":""한식>감자탕"",""description"":"""",""telephone"":"""",""address"":""서울특별시 강남구 논현동 226-7 1층"",""roadAddress"":""서울특별시 강남구 언주로115길 18 1층"",""mapx"":""1270351454"",""mapy"":""375099121""}},{""provider"":""NAVER_LOCAL"",""external_place_id"":"""",""name"":""남다른감자탕 학동사거리점"",""category"":""한식>감자탕"",""address"":""서울특별시 강남구 논현동 99-1 1층"",""road_address"":""서울특별시 강남구 선릉로145길 21 1층"",""longitude"":127.0378142,""latitude"":37.5211227,""phone"":"""",""detail_url"":""http://www.namzatang.com/new/"",""distance"":"""",""raw_metadata"":{""title"":""남다른<b>감자탕</b> 학동사거리점"",""link"":""http://www.namzatang.com/new/"",""category"":""한식>감자탕"",""description"":"""",""telephone"":"""",""address"":""서울특별시 강남구 논현동 99-1 1층"",""roadAddress"":""서울특별시 강남구 선릉로145길 21 1층"",""mapx"":""1270378142"",""mapy"":""375211227""}}]",false,false,,,,,
10036,acff3701907479ce6e610837028f900f,금홍 짬뽕,"서울시 강남구 논현로149길 35 금홍짬뽕(논현동, 동보빌딩)",37.5176284,127.0257547,4,"[{""provider"":""KAKAO"",""external_place_id"":""894737140"",""name"":""금홍짬뽕"",""category"":""음식점 > 중식 > 중국요리"",""address"":""서울 강남구 논현동 10-6"",""road_address"":""서울 강남구 논현로149길 35"",""longitude"":127.025754300049,""latitude"":37.5176269410678,""phone"":""02-516-6224"",""detail_url"":""http://place.map.kakao.com/894737140"",""distance"":""0"",""raw_metadata"":{""address_name"":""서울 강남구 논현동 10-6"",""category_group_code"":""FD6"",""category_group_name"":""음식점"",""category_name"":""음식점 > 중식 > 중국요리"",""distance"":""0"",""id"":""894737140"",""phone"":""02-516-6224"",""place_name"":""금홍짬뽕"",""place_url"":""http://place.map.kakao.com/894737140"",""road_address_name"":""서울 강남구 논현로149길 35"",""x"":""127.025754300049"",""y"":""37.5176269410678""}},{""provider"":""KAKAO"",""external_place_id"":""1119599292"",""name"":""금홍"",""category"":""음식점 > 중식 > 중국요리"",""address"":""서울 용산구 한강로3가 98"",""road_address"":""서울 용산구 서빙고로 17"",""longitude"":126.96656436755873,""latitude"":37.52689363099369,""phone"":""02-796-0995"",""detail_url"":""http://place.map.kakao.com/1119599292"",""distance"":""5332"",""raw_metadata"":{""address_name"":""서울 용산구 한강로3가 98"",""category_group_code"":""FD6"",""category_group_name"":""음식점"",""category_name"":""음식점 > 중식 > 중국요리"",""distance"":""5332"",""id"":""1119599292"",""phone"":""02-796-0995"",""place_name"":""금홍"",""place_url"":""http://place.map.kakao.com/1119599292"",""road_address_name"":""서울 용산구 서빙고로 17"",""x"":""126.96656436755873"",""y"":""37.52689363099369""}},{""provider"":""KAKAO"",""external_place_id"":""2068068552"",""name"":""금홍"",""category"":""음식점"",""address"":""인천 부평구 십정동 402-56"",""road_address"":""인천 부평구 동암광장로 14"",""longitude"":126.702330082993,""latitude"":37.4715755633517,""phone"":"""",""detail_url"":""http://place.map.kakao.com/2068068552"",""distance"":""29054"",""raw_metadata"":{""address_name"":""인천 부평구 십정동 402-56"",""category_group_code"":""FD6"",""category_group_name"":""음식점"",""category_name"":""음식점"",""distance"":""29054"",""id"":""2068068552"",""phone"":"""",""place_name"":""금홍"",""place_url"":""http://place.map.kakao.com/2068068552"",""road_address_name"":""인천 부평구 동암광장로 14"",""x"":""126.702330082993"",""y"":""37.4715755633517""}},{""provider"":""KAKAO"",""external_place_id"":""644626830"",""name"":""중화요리금홍"",""category"":""음식점 > 중식 > 중국요리"",""address"":""경기 시흥시 배곧동 127"",""road_address"":""경기 시흥시 배곧4로 32-17"",""longitude"":126.72662326145866,""latitude"":37.37724844143979,""phone"":""031-496-9922"",""detail_url"":""http://place.map.kakao.com/644626830"",""distance"":""30714"",""raw_metadata"":{""address_name"":""경기 시흥시 배곧동 127"",""category_group_code"":""FD6"",""category_group_name"":""음식점"",""category_name"":""음식점 > 중식 > 중국요리"",""distance"":""30714"",""id"":""644626830"",""phone"":""031-496-9922"",""place_name"":""중화요리금홍"",""place_url"":""http://place.map.kakao.com/644626830"",""road_address_name"":""경기 시흥시 배곧4로 32-17"",""x"":""126.72662326145866"",""y"":""37.37724844143979""}}]",2,"[{""provider"":""NAVER_LOCAL"",""external_place_id"":"""",""name"":""금홍"",""category"":""중식>중식당"",""address"":""서울특별시 강남구 논현동 10-5"",""road_address"":""서울특별시 강남구 논현로149길 35"",""longitude"":127.0256685,""latitude"":37.517629,""phone"":"""",""detail_url"":""http://geumhongjjambbong.cityfood.co.kr/"",""distance"":"""",""raw_metadata"":{""title"":""<b>금홍</b>"",""link"":""http://geumhongjjambbong.cityfood.co.kr/"",""category"":""중식>중식당"",""description"":"""",""telephone"":"""",""address"":""서울특별시 강남구 논현동 10-5"",""roadAddress"":""서울특별시 강남구 논현로149길 35"",""mapx"":""1270256685"",""mapy"":""375176290""}},{""provider"":""NAVER_LOCAL"",""external_place_id"":"""",""name"":""금홍 만수점"",""category"":""중식>중식당"",""address"":""인천광역시 남동구 만수동 982-6 1층"",""road_address"":""인천광역시 남동구 인주대로 839 1층"",""longitude"":126.7306415,""latitude"":37.4487085,""phone"":"""",""detail_url"":"""",""distance"":"""",""raw_metadata"":{""title"":""<b>금홍</b> 만수점"",""link"":"""",""category"":""중식>중식당"",""description"":"""",""telephone"":"""",""address"":""인천광역시 남동구 만수동 982-6 1층"",""roadAddress"":""인천광역시 남동구 인주대로 839 1층"",""mapx"":""1267306415"",""mapy"":""374487085""}}]",false,false,,,,,
10047,2d950d8406732e5f143e87957ae8f93c,리미지,서울특별시 강남구 언주로147길 18 지1층 리미지,37.5198188,127.0327776,5,"[{""provider"":""KAKAO"",""external_place_id"":""10357544"",""name"":""리미지"",""category"":""음식점 > 양식"",""address"":""서울 강남구 논현동 63-16"",""road_address"":""서울 강남구 언주로147길 18"",""longitude"":127.032777512255,""latitude"":37.5198164407149,""phone"":"""",""detail_url"":""http://place.map.kakao.com/10357544"",""distance"":""0"",""raw_metadata"":{""address_name"":""서울 강남구 논현동 63-16"",""category_group_code"":""FD6"",""category_group_name"":""음식점"",""category_name"":""음식점 > 양식"",""distance"":""0"",""id"":""10357544"",""phone"":"""",""place_name"":""리미지"",""place_url"":""http://place.map.kakao.com/10357544"",""road_address_name"":""서울 강남구 언주로147길 18"",""x"":""127.032777512255"",""y"":""37.5198164407149""}},{""provider"":""KAKAO"",""external_place_id"":""21028521"",""name"":""리미지한의원"",""category"":""의료,건강 > 병원 > 한의원"",""address"":""서울 강남구 도곡동 952-10"",""road_address"":""서울 강남구 강남대로 248"",""longitude"":127.033924941184,""latitude"":37.4857004383003,""phone"":""02-6925-6003"",""detail_url"":""http://place.map.kakao.com/21028521"",""distance"":""3788"",""raw_metadata"":{""address_name"":""서울 강남구 도곡동 952-10"",""category_group_code"":"""",""category_group_name"":"""",""category_name"":""의료,건강 > 병원 > 한의원"",""distance"":""3788"",""id"":""21028521"",""phone"":""02-6925-6003"",""place_name"":""리미지한의원"",""place_url"":""http://place.map.kakao.com/21028521"",""road_address_name"":""서울 강남구 강남대로 248"",""x"":""127.033924941184"",""y"":""37.4857004383003""}},{""provider"":""KAKAO"",""external_place_id"":""1301189047"",""name"":""건축사사무소리미지"",""category"":""서비스,산업 > 건설,건축 > 건축설계,컨설팅"",""address"":""경기 성남시 분당구 운중동 944"",""road_address"":""경기 성남시 분당구 운중로 128"",""longitude"":127.077354402544,""latitude"":37.3913112464694,""phone"":""031-8016-1998"",""detail_url"":""http://place.map.kakao.com/1301189047"",""distance"":""14797"",""raw_metadata"":{""address_name"":""경기 성남시 분당구 운중동 944"",""category_group_code"":"""",""category_group_name"":"""",""category_name"":""서비스,산업 > 건설,건축 > 건축설계,컨설팅"",""distance"":""14797"",""id"":""1301189047"",""phone"":""031-8016-1998"",""place_name"":""건축사사무소리미지"",""place_url"":""http://place.map.kakao.com/1301189047"",""road_address_name"":""경기 성남시 분당구 운중로 128"",""x"":""127.077354402544"",""y"":""37.3913112464694""}},{""provider"":""KAKAO"",""external_place_id"":""24182387"",""name"":""리미지건축사사무소"",""category"":""서비스,산업 > 건설,건축 > 건축설계,컨설팅"",""address"":""경기 성남시 중원구 상대원동 252-1"",""road_address"":""경기 성남시 중원구 갈마치로 245"",""longitude"":127.17301501251113,""latitude"":37.435918503426784,""phone"":""031-8017-9498"",""detail_url"":""http://place.map.kakao.com/24182387"",""distance"":""15510"",""raw_metadata"":{""address_name"":""경기 성남시 중원구 상대원동 252-1"",""category_group_code"":"""",""category_group_name"":"""",""category_name"":""서비스,산업 > 건설,건축 > 건축설계,컨설팅"",""distance"":""15510"",""id"":""24182387"",""phone"":""031-8017-9498"",""place_name"":""리미지건축사사무소"",""place_url"":""http://place.map.kakao.com/24182387"",""road_address_name"":""경기 성남시 중원구 갈마치로 245"",""x"":""127.17301501251113"",""y"":""37.435918503426784""}},{""provider"":""KAKAO"",""external_place_id"":""27171995"",""name"":""리미지하우스"",""category"":""부동산 > 주거시설 > 빌라,주택"",""address"":""전남광주통합특별시 진도군 진도읍 남동리 777-37"",""road_address"":""전남광주통합특별시 진도군 진도읍 남문길 20-13"",""longitude"":126.26491618410483,""latitude"":34.47984235004679,""phone"":"""",""detail_url"":""http://place.map.kakao.com/27171995"",""distance"":""344346"",""raw_metadata"":{""address_name"":""전남광주통합특별시 진도군 진도읍 남동리 777-37"",""category_group_code"":"""",""category_group_name"":"""",""category_name"":""부동산 > 주거시설 > 빌라,주택"",""distance"":""344346"",""id"":""27171995"",""phone"":"""",""place_name"":""리미지하우스"",""place_url"":""http://place.map.kakao.com/27171995"",""road_address_name"":""전남광주통합특별시 진도군 진도읍 남문길 20-13"",""x"":""126.26491618410483"",""y"":""34.47984235004679""}}]",7,"[{""provider"":""NAVER_LOCAL"",""external_place_id"":"""",""name"":""리미지건축사사무소"",""category"":""설계,엔지니어링>건축설계"",""address"":""경기도 성남시 중원구 상대원동 252-1 11층 1106호"",""road_address"":""경기도 성남시 중원구 갈마치로 245 11층 1106호"",""longitude"":127.1730851,""latitude"":37.4359868,""phone"":"""",""detail_url"":""https://blog.naver.com/archi1301"",""distance"":"""",""raw_metadata"":{""title"":""<b>리미지</b>건축사사무소"",""link"":""https://blog.naver.com/archi1301"",""category"":""설계,엔지니어링>건축설계"",""description"":"""",""telephone"":"""",""address"":""경기도 성남시 중원구 상대원동 252-1 11층 1106호"",""roadAddress"":""경기도 성남시 중원구 갈마치로 245 11층 1106호"",""mapx"":""1271730851"",""mapy"":""374359868""}},{""provider"":""NAVER_LOCAL"",""external_place_id"":"""",""name"":""건축사사무소리미지"",""category"":""설계,엔지니어링>건축설계"",""address"":""경기도 성남시 분당구 운중동 944 6층 604호"",""road_address"":""경기도 성남시 분당구 운중로 128 6층 604호"",""longitude"":127.0773452,""latitude"":37.3913252,""phone"":"""",""detail_url"":"""",""distance"":"""",""raw_metadata"":{""title"":""건축사사무소<b>리미지</b>"",""link"":"""",""category"":""설계,엔지니어링>건축설계"",""description"":"""",""telephone"":"""",""address"":""경기도 성남시 분당구 운중동 944 6층 604호"",""roadAddress"":""경기도 성남시 분당구 운중로 128 6층 604호"",""mapx"":""1270773452"",""mapy"":""373913252""}},{""provider"":""NAVER_LOCAL"",""external_place_id"":"""",""name"":""이미지팩토리 논현점"",""category"":""생활,편의>사진,스튜디오"",""address"":""서울특별시 강남구 논현동 104-6 지하2층"",""road_address"":""서울특별시 강남구 선릉로137길 18-7 지하2층"",""longitude"":127.038684,""latitude"":37.5193955,""phone"":"""",""detail_url"":""http://www.studiofactory.co.kr"",""distance"":"""",""raw_metadata"":{""title"":""이미지팩토리 논현점"",""link"":""http://www.studiofactory.co.kr"",""category"":""생활,편의>사진,스튜디오"",""description"":"""",""telephone"":"""",""address"":""서울특별시 강남구 논현동 104-6 지하2층"",""roadAddress"":""서울특별시 강남구 선릉로137길 18-7 지하2층"",""mapx"":""1270386840"",""mapy"":""375193955""}},{""provider"":""NAVER_LOCAL"",""external_place_id"":"""",""name"":""바이허 퍼스널컬러 골격진단"",""category"":""전문,기술서비스>경영컨설팅"",""address"":""서울특별시 강남구 논현동 175-22 비앤피빌딩 5층"",""road_address"":""서울특별시 강남구 논현로 625 비앤피빌딩 5층"",""longitude"":127.0326793,""latitude"":37.5093752,""phone"":"""",""detail_url"":""https://blog.naver.com/00angela"",""distance"":"""",""raw_metadata"":{""title"":""바이허 퍼스널컬러 골격진단"",""link"":""https://blog.naver.com/00angela"",""category"":""전문,기술서비스>경영컨설팅"",""description"":"""",""telephone"":"""",""address"":""서울특별시 강남구 논현동 175-22 비앤피빌딩 5층"",""roadAddress"":""서울특별시 강남구 논현로 625 비앤피빌딩 5층"",""mapx"":""1270326793"",""mapy"":""375093752""}},{""provider"":""NAVER_LOCAL"",""external_place_id"":"""",""name"":""테드이미지웍스"",""category"":""영상,오디오,방송>방송프로그램제작,공급"",""address"":""서울특별시 강남구 논현동 11-6 B1"",""road_address"":""서울특별시 강남구 도산대로16길 14 B1"",""longitude"":127.0247946,""latitude"":37.5170891,""phone"":"""",""detail_url"":""http://www.tediw.co.kr"",""distance"":"""",""raw_metadata"":{""title"":""테드이미지웍스"",""link"":""http://www.tediw.co.kr"",""category"":""영상,오디오,방송>방송프로그램제작,공급"",""description"":"""",""telephone"":"""",""address"":""서울특별시 강남구 논현동 11-6 B1"",""roadAddress"":""서울특별시 강남구 도산대로16길 14 B1"",""mapx"":""1270247946"",""mapy"":""375170891""}},{""provider"":""NAVER_LOCAL"",""external_place_id"":"""",""name"":""뉴타입 이미지웍스"",""category"":""전문,기술서비스>전문디자인"",""address"":""서울특별시 강남구 논현동 47-17 2층"",""road_address"":""서울특별시 강남구 강남대로132길 21 2층"",""longitude"":127.0227427,""latitude"":37.5126272,""phone"":"""",""detail_url"":""https://newtype.design"",""distance"":"""",""raw_metadata"":{""title"":""뉴타입 이미지웍스"",""link"":""https://newtype.design"",""category"":""전문,기술서비스>전문디자인"",""description"":"""",""telephone"":"""",""address"":""서울특별시 강남구 논현동 47-17 2층"",""roadAddress"":""서울특별시 강남구 강남대로132길 21 2층"",""mapx"":""1270227427"",""mapy"":""375126272""}},{""provider"":""NAVER_LOCAL"",""external_place_id"":"""",""name"":""베이비브로우"",""category"":""쇼핑,유통>화장품,향수"",""address"":""서울특별시 강남구 논현동 34-20 2층"",""road_address"":""서울특별시 강남구 논현로 715 2층"",""longitude"":127.0296189,""latitude"":37.5157436,""phone"":"""",""detail_url"":""http://pf.kakao.com/_WcdJG/chat"",""distance"":"""",""raw_metadata"":{""title"":""베이비브로우"",""link"":""http://pf.kakao.com/_WcdJG/chat"",""category"":""쇼핑,유통>화장품,향수"",""description"":"""",""telephone"":"""",""address"":""서울특별시 강남구 논현동 34-20 2층"",""roadAddress"":""서울특별시 강남구 논현로 715 2층"",""mapx"":""1270296189"",""mapy"":""375157436""}}]",false,false,,,,,
10059,25a13f8b185c64b92f035f1493c22d70,메이크 어 딜리버리,"서울특별시 강남구 학동로34길 24, 지상1층 (논현동) 메이크 어 딜리버리",37.5129878,127.033737,15,"[{""provider"":""KAKAO"",""external_place_id"":""1764760226"",""name"":""메이크어딜리버리"",""category"":""음식점 > 한식"",""address"":""서울 강남구 논현동 214-23"",""road_address"":""서울 강남구 학동로34길 24"",""longitude"":127.033724644148,""latitude"":37.5129901709775,""phone"":"""",""detail_url"":""http://place.map.kakao.com/1764760226"",""distance"":""1"",""raw_metadata"":{""address_name"":""서울 강남구 논현동 214-23"",""category_group_code"":""FD6"",""category_group_name"":""음식점"",""category_name"":""음식점 > 한식"",""distance"":""1"",""id"":""1764760226"",""phone"":"""",""place_name"":""메이크어딜리버리"",""place_url"":""http://place.map.kakao.com/1764760226"",""road_address_name"":""서울 강남구 학동로34길 24"",""x"":""127.033724644148"",""y"":""37.5129901709775""}},{""provider"":""KAKAO"",""external_place_id"":""1027900697"",""name"":""메이크어딜리버리 성동구점"",""category"":""음식점 > 한식"",""address"":""서울 성동구 금호동2가 445"",""road_address"":""서울 성동구 금호산길 66-1"",""longitude"":127.01969973055745,""latitude"":37.55409520545745,""phone"":"""",""detail_url"":""http://place.map.kakao.com/1027900697"",""distance"":""4728"",""raw_metadata"":{""address_name"":""서울 성동구 금호동2가 445"",""category_group_code"":""FD6"",""category_group_name"":""음식점"",""category_name"":""음식점 > 한식"",""distance"":""4728"",""id"":""1027900697"",""phone"":"""",""place_name"":""메이크어딜리버리 성동구점"",""place_url"":""http://place.map.kakao.com/1027900697"",""road_address_name"":""서울 성동구 금호산길 66-1"",""x"":""127.01969973055745"",""y"":""37.55409520545745""}},{""provider"":""KAKAO"",""external_place_id"":""1559538634"",""name"":""메이크어딜리버리"",""category"":""서비스,산업 > 전문대행 > 배달대행"",""address"":""서울 동대문구 전농동 295-9"",""road_address"":""서울 동대문구 사가정로 93"",""longitude"":127.05572523818653,""latitude"":37.57646534143639,""phone"":"""",""detail_url"":""http://place.map.kakao.com/1559538634"",""distance"":""7308"",""raw_metadata"":{""address_name"":""서울 동대문구 전농동 295-9"",""category_group_code"":"""",""category_group_name"":"""",""category_name"":""서비스,산업 > 전문대행 > 배달대행"",""distance"":""7308"",""id"":""1559538634"",""phone"":"""",""place_name"":""메이크어딜리버리"",""place_url"":""http://place.map.kakao.com/1559538634"",""road_address_name"":""서울 동대문구 사가정로 93"",""x"":""127.05572523818653"",""y"":""37.57646534143639""}},{""provider"":""KAKAO"",""external_place_id"":""1748914456"",""name"":""메이크어딜리버리"",""category"":""음식점 > 한식"",""address"":""서울 마포구 신공덕동 9-15"",""road_address"":""서울 마포구 만리재옛길 24-5"",""longitude"":126.955822626243,""latitude"":37.5461219565659,""phone"":"""",""detail_url"":""http://place.map.kakao.com/1748914456"",""distance"":""7807"",""raw_metadata"":{""address_name"":""서울 마포구 신공덕동 9-15"",""category_group_code"":""FD6"",""category_group_name"":""음식점"",""category_name"":""음식점 > 한식"",""distance"":""7807"",""id"":""1748914456"",""phone"":"""",""place_name"":""메이크어딜리버리"",""place_url"":""http://place.map.kakao.com/1748914456"",""road_address_name"":""서울 마포구 만리재옛길 24-5"",""x"":""126.955822626243"",""y"":""37.5461219565659""}},{""provider"":""KAKAO"",""external_place_id"":""1823811698"",""name"":""메이크어딜리버리"",""category"":""음식점"",""address"":""서울 마포구 공덕동 105-163"",""road_address"":""서울 마포구 마포대로 180-13"",""longitude"":126.955974204464,""latitude"":37.5500638824957,""phone"":"""",""detail_url"":""http://place.map.kakao.com/1823811698"",""distance"":""8011"",""raw_metadata"":{""address_name"":""서울 마포구 공덕동 105-163"",""category_group_code"":""FD6"",""category_group_name"":""음식점"",""category_name"":""음식점"",""distance"":""8011"",""id"":""1823811698"",""phone"":"""",""place_name"":""메이크어딜리버리"",""place_url"":""http://place.map.kakao.com/1823811698"",""road_address_name"":""서울 마포구 마포대로 180-13"",""x"":""126.955974204464"",""y"":""37.5500638824957""}},{""provider"":""KAKAO"",""external_place_id"":""645019261"",""name"":""메이크어딜리버리 송파점"",""category"":""음식점 > 한식"",""address"":""서울 송파구 가락동 129-19"",""road_address"":""서울 송파구 동남로13길 42"",""longitude"":127.12547373362,""latitude"":37.49440998621,""phone"":"""",""detail_url"":""http://place.map.kakao.com/645019261"",""distance"":""8369"",""raw_metadata"":{""address_name"":""서울 송파구 가락동 129-19"",""category_group_code"":""FD6"",""category_group_name"":""음식점"",""category_name"":""음식점 > 한식"",""distance"":""8369"",""id"":""645019261"",""phone"":"""",""place_name"":""메이크어딜리버리 송파점"",""place_url"":""http://place.map.kakao.com/645019261"",""road_address_name"":""서울 송파구 동남로13길 42"",""x"":""127.12547373362"",""y"":""37.49440998621""}},{""provider"":""KAKAO"",""external_place_id"":""371226099"",""name"":""메이크어딜리버리 길음점"",""category"":""음식점 > 한식"",""address"":""서울 성북구 정릉동 266-428"",""road_address"":""서울 성북구 서경로 99"",""longitude"":127.013151589305,""latitude"":37.6117380724518,""phone"":""010-9474-8279"",""detail_url"":""http://place.map.kakao.com/371226099"",""distance"":""11110"",""raw_metadata"":{""address_name"":""서울 성북구 정릉동 266-428"",""category_group_code"":""FD6"",""category_group_name"":""음식점"",""category_name"":""음식점 > 한식"",""distance"":""11110"",""id"":""371226099"",""phone"":""010-9474-8279"",""place_name"":""메이크어딜리버리 길음점"",""place_url"":""http://place.map.kakao.com/371226099"",""road_address_name"":""서울 성북구 서경로 99"",""x"":""127.013151589305"",""y"":""37.6117380724518""}},{""provider"":""KAKAO"",""external_place_id"":""904897711"",""name"":""메이크어딜리버리 금천점"",""category"":""음식점 > 한식"",""address"":""서울 금천구 독산동 1077-24"",""road_address"":""서울 금천구 시흥대로 278"",""longitude"":126.89944297375,""latitude"":37.4586655532836,""phone"":"""",""detail_url"":""http://place.map.kakao.com/904897711"",""distance"":""13320"",""raw_metadata"":{""address_name"":""서울 금천구 독산동 1077-24"",""category_group_code"":""FD6"",""category_group_name"":""음식점"",""category_name"":""음식점 > 한식"",""distance"":""13320"",""id"":""904897711"",""phone"":"""",""place_name"":""메이크어딜리버리 금천점"",""place_url"":""http://place.map.kakao.com/904897711"",""road_address_name"":""서울 금천구 시흥대로 278"",""x"":""126.89944297375"",""y"":""37.4586655532836""}},{""provider"":""KAKAO"",""external_place_id"":""907136332"",""name"":""메이크어딜리버리 양천점"",""category"":""가정,생활 > 식품판매"",""address"":""서울 양천구 목동 799-6"",""road_address"":""서울 양천구 목동중앙서로 46-1"",""longitude"":126.86901409013609,""latitude"":37.53293991949205,""phone"":"""",""detail_url"":""http://place.map.kakao.com/907136332"",""distance"":""14728"",""raw_metadata"":{""address_name"":""서울 양천구 목동 799-6"",""category_group_code"":"""",""category_group_name"":"""",""category_name"":""가정,생활 > 식품판매"",""distance"":""14728"",""id"":""907136332"",""phone"":"""",""place_name"":""메이크어딜리버리 양천점"",""place_url"":""http://place.map.kakao.com/907136332"",""road_address_name"":""서울 양천구 목동중앙서로 46-1"",""x"":""126.86901409013609"",""y"":""37.53293991949205""}},{""provider"":""KAKAO"",""external_place_id"":""1712496238"",""name"":""메이크어딜리버리"",""category"":""음식점"",""address"":""서울 은평구 대조동 188-1"",""road_address"":""서울 은평구 통일로 803-1"",""longitude"":126.924382254546,""latitude"":37.6157284825979,""phone"":"""",""detail_url"":""http://place.map.kakao.com/1712496238"",""distance"":""14945"",""raw_metadata"":{""address_name"":""서울 은평구 대조동 188-1"",""category_group_code"":""FD6"",""category_group_name"":""음식점"",""category_name"":""음식점"",""distance"":""14945"",""id"":""1712496238"",""phone"":"""",""place_name"":""메이크어딜리버리"",""place_url"":""http://place.map.kakao.com/1712496238"",""road_address_name"":""서울 은평구 통일로 803-1"",""x"":""126.924382254546"",""y"":""37.6157284825979""}},{""provider"":""KAKAO"",""external_place_id"":""1216835022"",""name"":""메이크어딜리버리 수지점"",""category"":""음식점 > 한식"",""address"":""경기 용인시 수지구 풍덕천동 945"",""road_address"":""경기 용인시 수지구 풍덕천로190번길 25"",""longitude"":127.102556389031,""latitude"":37.3243114950776,""phone"":"""",""detail_url"":""http://place.map.kakao.com/1216835022"",""distance"":""21808"",""raw_metadata"":{""address_name"":""경기 용인시 수지구 풍덕천동 945"",""category_group_code"":""FD6"",""category_group_name"":""음식점"",""category_name"":""음식점 > 한식"",""distance"":""21808"",""id"":""1216835022"",""phone"":"""",""place_name"":""메이크어딜리버리 수지점"",""place_url"":""http://place.map.kakao.com/1216835022"",""road_address_name"":""경기 용인시 수지구 풍덕천로190번길 25"",""x"":""127.102556389031"",""y"":""37.3243114950776""}},{""provider"":""KAKAO"",""external_place_id"":""1350563704"",""name"":""메이크어딜리버리"",""category"":""음식점 > 한식"",""address"":""경기 부천시 원미구 심곡동 407-1"",""road_address"":""경기 부천시 원미구 부일로445번길 45"",""longitude"":126.77941577138064,""latitude"":37.48835378033373,""phone"":"""",""detail_url"":""http://place.map.kakao.com/1350563704"",""distance"":""22654"",""raw_metadata"":{""address_name"":""경기 부천시 원미구 심곡동 407-1"",""category_group_code"":""FD6"",""category_group_name"":""음식점"",""category_name"":""음식점 > 한식"",""distance"":""22654"",""id"":""1350563704"",""phone"":"""",""place_name"":""메이크어딜리버리"",""place_url"":""http://place.map.kakao.com/1350563704"",""road_address_name"":""경기 부천시 원미구 부일로445번길 45"",""x"":""126.77941577138064"",""y"":""37.48835378033373""}},{""provider"":""KAKAO"",""external_place_id"":""1961349858"",""name"":""메이크어딜리버리 의정부점"",""category"":""음식점 > 한식"",""address"":""경기 의정부시 의정부동 34-11"",""road_address"":""경기 의정부시 호국로1332번길 66"",""longitude"":127.052144081231,""latitude"":37.7410619247949,""phone"":"""",""detail_url"":""http://place.map.kakao.com/1961349858"",""distance"":""25366"",""raw_metadata"":{""address_name"":""경기 의정부시 의정부동 34-11"",""category_group_code"":""FD6"",""category_group_name"":""음식점"",""category_name"":""음식점 > 한식"",""distance"":""25366"",""id"":""1961349858"",""phone"":"""",""place_name"":""메이크어딜리버리 의정부점"",""place_url"":""http://place.map.kakao.com/1961349858"",""road_address_name"":""경기 의정부시 호국로1332번길 66"",""x"":""127.052144081231"",""y"":""37.7410619247949""}},{""provider"":""KAKAO"",""external_place_id"":""1811374767"",""name"":""메이크어딜리버리 일산동구점"",""category"":""음식점 > 한식"",""address"":""경기 고양시 일산동구 마두동 916-8"",""road_address"":""경기 고양시 일산동구 산두로 4-14"",""longitude"":126.78777555066812,""latitude"":37.659749711467086,""phone"":"""",""detail_url"":""http://place.map.kakao.com/1811374767"",""distance"":""27152"",""raw_metadata"":{""address_name"":""경기 고양시 일산동구 마두동 916-8"",""category_group_code"":""FD6"",""category_group_name"":""음식점"",""category_name"":""음식점 > 한식"",""distance"":""27152"",""id"":""1811374767"",""phone"":"""",""place_name"":""메이크어딜리버리 일산동구점"",""place_url"":""http://place.map.kakao.com/1811374767"",""road_address_name"":""경기 고양시 일산동구 산두로 4-14"",""x"":""126.78777555066812"",""y"":""37.659749711467086""}},{""provider"":""KAKAO"",""external_place_id"":""1493472383"",""name"":""메이크어딜리버리 부평점"",""category"":""음식점 > 한식"",""address"":""인천 부평구 부평동 210-2"",""road_address"":""인천 부평구 대정로 50"",""longitude"":126.725711555598,""latitude"":37.4947492621679,""phone"":"""",""detail_url"":""http://place.map.kakao.com/1493472383"",""distance"":""27310"",""raw_metadata"":{""address_name"":""인천 부평구 부평동 210-2"",""category_group_code"":""FD6"",""category_group_name"":""음식점"",""category_name"":""음식점 > 한식"",""distance"":""27310"",""id"":""1493472383"",""phone"":"""",""place_name"":""메이크어딜리버리 부평점"",""place_url"":""http://place.map.kakao.com/1493472383"",""road_address_name"":""인천 부평구 대정로 50"",""x"":""126.725711555598"",""y"":""37.4947492621679""}}]",2,"[{""provider"":""NAVER_LOCAL"",""external_place_id"":"""",""name"":""메이크어딜리버리"",""category"":""음식점>한식"",""address"":""서울특별시 마포구 신공덕동 9-15"",""road_address"":""서울특별시 마포구 만리재옛길 24-5"",""longitude"":126.9560195,""latitude"":37.5501126,""phone"":"""",""detail_url"":""http://메이크어딜리버리.com"",""distance"":"""",""raw_metadata"":{""title"":""<b>메이크어딜리버리</b>"",""link"":""http://메이크어딜리버리.com"",""category"":""음식점>한식"",""description"":"""",""telephone"":"""",""address"":""서울특별시 마포구 신공덕동 9-15"",""roadAddress"":""서울특별시 마포구 만리재옛길 24-5"",""mapx"":""1269560195"",""mapy"":""375501126""}},{""provider"":""NAVER_LOCAL"",""external_place_id"":"""",""name"":""메이크어딜리버리"",""category"":""음식점>한식"",""address"":""서울특별시 강남구 논현동 214-23"",""road_address"":""서울특별시 강남구 학동로34길 24"",""longitude"":127.0337825,""latitude"":37.5130027,""phone"":"""",""detail_url"":"""",""distance"":"""",""raw_metadata"":{""title"":""<b>메이크어딜리버리</b>"",""link"":"""",""category"":""음식점>한식"",""description"":"""",""telephone"":"""",""address"":""서울특별시 강남구 논현동 214-23"",""roadAddress"":""서울특별시 강남구 학동로34길 24"",""mapx"":""1270337825"",""mapy"":""375130027""}}]",false,false,,,,,
10064,dd8884ae20f6a6d97b282ea7a0dc481b,천안상회,서울시 강남구 강남대로122길 천안상회,,,15,"[{""provider"":""KAKAO"",""external_place_id"":""20538129"",""name"":""천안상회"",""category"":""가정,생활 > 식품판매"",""address"":""서울 강서구 등촌동 643-76"",""road_address"":""서울 강서구 공항대로53길 19"",""longitude"":126.859852634823,""latitude"":37.55440110393,""phone"":""02-3661-5648"",""detail_url"":""http://place.map.kakao.com/20538129"",""distance"":"""",""raw_metadata"":{""address_name"":""서울 강서구 등촌동 643-76"",""category_group_code"":"""",""category_group_name"":"""",""category_name"":""가정,생활 > 식품판매"",""distance"":"""",""id"":""20538129"",""phone"":""02-3661-5648"",""place_name"":""천안상회"",""place_url"":""http://place.map.kakao.com/20538129"",""road_address_name"":""서울 강서구 공항대로53길 19"",""x"":""126.859852634823"",""y"":""37.55440110393""}},{""provider"":""KAKAO"",""external_place_id"":""18716316"",""name"":""천안상회"",""category"":""가정,생활 > 슈퍼마켓"",""address"":""서울 성동구 송정동 87-9"",""road_address"":""서울 성동구 동일로 261-1"",""longitude"":127.070990931522,""latitude"":37.5549747031149,""phone"":""02-497-4523"",""detail_url"":""http://place.map.kakao.com/18716316"",""distance"":"""",""raw_metadata"":{""address_name"":""서울 성동구 송정동 87-9"",""category_group_code"":"""",""category_group_name"":"""",""category_name"":""가정,생활 > 슈퍼마켓"",""distance"":"""",""id"":""18716316"",""phone"":""02-497-4523"",""place_name"":""천안상회"",""place_url"":""http://place.map.kakao.com/18716316"",""road_address_name"":""서울 성동구 동일로 261-1"",""x"":""127.070990931522"",""y"":""37.5549747031149""}},{""provider"":""KAKAO"",""external_place_id"":""1415806040"",""name"":""천안상회"",""category"":""가정,생활 > 슈퍼마켓"",""address"":""서울 광진구 중곡동 143-36"",""road_address"":""서울 광진구 용마산로8나길 31"",""longitude"":127.090278739608,""latitude"":37.560436889846,""phone"":"""",""detail_url"":""http://place.map.kakao.com/1415806040"",""distance"":"""",""raw_metadata"":{""address_name"":""서울 광진구 중곡동 143-36"",""category_group_code"":"""",""category_group_name"":"""",""category_name"":""가정,생활 > 슈퍼마켓"",""distance"":"""",""id"":""1415806040"",""phone"":"""",""place_name"":""천안상회"",""place_url"":""http://place.map.kakao.com/1415806040"",""road_address_name"":""서울 광진구 용마산로8나길 31"",""x"":""127.090278739608"",""y"":""37.560436889846""}},{""provider"":""KAKAO"",""external_place_id"":""9992560"",""name"":""천안상회"",""category"":""가정,생활 > 식품판매 > 과일,채소가게"",""address"":""경기 가평군 가평읍 대곡리 240-10"",""road_address"":""경기 가평군 가평읍 오리나무길 22"",""longitude"":127.513855216577,""latitude"":37.82559176525,""phone"":""031-582-3867"",""detail_url"":""http://place.map.kakao.com/9992560"",""distance"":"""",""raw_metadata"":{""address_name"":""경기 가평군 가평읍 대곡리 240-10"",""category_group_code"":"""",""category_group_name"":"""",""category_name"":""가정,생활 > 식품판매 > 과일,채소가게"",""distance"":"""",""id"":""9992560"",""phone"":""031-582-3867"",""place_name"":""천안상회"",""place_url"":""http://place.map.kakao.com/9992560"",""road_address_name"":""경기 가평군 가평읍 오리나무길 22"",""x"":""127.513855216577"",""y"":""37.82559176525""}},{""provider"":""KAKAO"",""external_place_id"":""1003100015"",""name"":""천안상회"",""category"":""가정,생활 > 식품판매"",""address"":""경기 오산시 오산동 854-1"",""road_address"":""경기 오산시 오산로278번길 10"",""longitude"":127.06972481261246,""latitude"":37.151346281436076,""phone"":"""",""detail_url"":""http://place.map.kakao.com/1003100015"",""distance"":"""",""raw_metadata"":{""address_name"":""경기 오산시 오산동 854-1"",""category_group_code"":"""",""category_group_name"":"""",""category_name"":""가정,생활 > 식품판매"",""distance"":"""",""id"":""1003100015"",""phone"":"""",""place_name"":""천안상회"",""place_url"":""http://place.map.kakao.com/1003100015"",""road_address_name"":""경기 오산시 오산로278번길 10"",""x"":""127.06972481261246"",""y"":""37.151346281436076""}},{""provider"":""KAKAO"",""external_place_id"":""25908539"",""name"":""천안상회"",""category"":""가정,생활 > 식품판매 > 과일,채소가게"",""address"":""대전 서구 용문동 261-15"",""road_address"":""대전 서구 도산로370번길 74"",""longitude"":127.393753282517,""latitude"":36.3349411337011,""phone"":""042-531-5284"",""detail_url"":""http://place.map.kakao.com/25908539"",""distance"":"""",""raw_metadata"":{""address_name"":""대전 서구 용문동 261-15"",""category_group_code"":"""",""category_group_name"":"""",""category_name"":""가정,생활 > 식품판매 > 과일,채소가게"",""distance"":"""",""id"":""25908539"",""phone"":""042-531-5284"",""place_name"":""천안상회"",""place_url"":""http://place.map.kakao.com/25908539"",""road_address_name"":""대전 서구 도산로370번길 74"",""x"":""127.393753282517"",""y"":""36.3349411337011""}},{""provider"":""KAKAO"",""external_place_id"":""16883459"",""name"":""천안상회"",""category"":""가정,생활 > 생활용품점 > 주방용품"",""address"":""충남 천안시 서북구 쌍용동 389-3"",""road_address"":""충남 천안시 서북구 새말3길 29"",""longitude"":127.1315617072682,""latitude"":36.79561269421495,""phone"":""041-573-7459"",""detail_url"":""http://place.map.kakao.com/16883459"",""distance"":"""",""raw_metadata"":{""address_name"":""충남 천안시 서북구 쌍용동 389-3"",""category_group_code"":"""",""category_group_name"":"""",""category_name"":""가정,생활 > 생활용품점 > 주방용품"",""distance"":"""",""id"":""16883459"",""phone"":""041-573-7459"",""place_name"":""천안상회"",""place_url"":""http://place.map.kakao.com/16883459"",""road_address_name"":""충남 천안시 서북구 새말3길 29"",""x"":""127.1315617072682"",""y"":""36.79561269421495""}},{""provider"":""KAKAO"",""external_place_id"":""14511052"",""name"":""천안인삼상회"",""category"":""의료,건강 > 건강식품판매 > 인삼,홍삼"",""address"":""경기 오산시 오산동 854-1"",""road_address"":""경기 오산시 오산로278번길 10"",""longitude"":127.069531420472,""latitude"":37.1515923841948,""phone"":"""",""detail_url"":""http://place.map.kakao.com/14511052"",""distance"":"""",""raw_metadata"":{""address_name"":""경기 오산시 오산동 854-1"",""category_group_code"":"""",""category_group_name"":"""",""category_name"":""의료,건강 > 건강식품판매 > 인삼,홍삼"",""distance"":"""",""id"":""14511052"",""phone"":"""",""place_name"":""천안인삼상회"",""place_url"":""http://place.map.kakao.com/14511052"",""road_address_name"":""경기 오산시 오산로278번길 10"",""x"":""127.069531420472"",""y"":""37.1515923841948""}},{""provider"":""KAKAO"",""external_place_id"":""9457717"",""name"":""천안불교상회"",""category"":""문화,예술 > 종교 > 종교용품판매점"",""address"":""충남 천안시 동남구 사직동 149"",""road_address"":""충남 천안시 동남구 사직로 21"",""longitude"":127.14905556058814,""latitude"":36.80206835065733,""phone"":""041-551-5610"",""detail_url"":""http://place.map.kakao.com/9457717"",""distance"":"""",""raw_metadata"":{""address_name"":""충남 천안시 동남구 사직동 149"",""category_group_code"":"""",""category_group_name"":"""",""category_name"":""문화,예술 > 종교 > 종교용품판매점"",""distance"":"""",""id"":""9457717"",""phone"":""041-551-5610"",""place_name"":""천안불교상회"",""place_url"":""http://place.map.kakao.com/9457717"",""road_address_name"":""충남 천안시 동남구 사직로 21"",""x"":""127.14905556058814"",""y"":""36.80206835065733""}},{""provider"":""KAKAO"",""external_place_id"":""21580938"",""name"":""천안쌀고추방앗간"",""category"":""서비스,산업 > 식품 > 식품가공,제조 > 전통식품제조 > 방앗간"",""address"":""충북 증평군 증평읍 신동리 49"",""road_address"":""충북 증평군 증평읍 역전로 47-2"",""longitude"":127.5808787085027,""latitude"":36.782109367137735,""phone"":""043-836-3500"",""detail_url"":""http://place.map.kakao.com/21580938"",""distance"":"""",""raw_metadata"":{""address_name"":""충북 증평군 증평읍 신동리 49"",""category_group_code"":"""",""category_group_name"":"""",""category_name"":""서비스,산업 > 식품 > 식품가공,제조 > 전통식품제조 > 방앗간"",""distance"":"""",""id"":""21580938"",""phone"":""043-836-3500"",""place_name"":""천안쌀고추방앗간"",""place_url"":""http://place.map.kakao.com/21580938"",""road_address_name"":""충북 증평군 증평읍 역전로 47-2"",""x"":""127.5808787085027"",""y"":""36.782109367137735""}},{""provider"":""KAKAO"",""external_place_id"":""604626805"",""name"":""화로상회 천안불당점"",""category"":""음식점 > 한식 > 육류,고기"",""address"":""충남 천안시 서북구 불당동 954"",""road_address"":""충남 천안시 서북구 불당1길 45"",""longitude"":127.10769148507543,""latitude"":36.8043910081246,""phone"":""041-566-2292"",""detail_url"":""http://place.map.kakao.com/604626805"",""distance"":"""",""raw_metadata"":{""address_name"":""충남 천안시 서북구 불당동 954"",""category_group_code"":""FD6"",""category_group_name"":""음식점"",""category_name"":""음식점 > 한식 > 육류,고기"",""distance"":"""",""id"":""604626805"",""phone"":""041-566-2292"",""place_name"":""화로상회 천안불당점"",""place_url"":""http://place.map.kakao.com/604626805"",""road_address_name"":""충남 천안시 서북구 불당1길 45"",""x"":""127.10769148507543"",""y"":""36.8043910081246""}},{""provider"":""KAKAO"",""external_place_id"":""1397649943"",""name"":""주류상회 Be 천안점"",""category"":""가정,생활 > 식품판매 > 주류판매"",""address"":""충남 천안시 서북구 불당동 720"",""road_address"":""충남 천안시 서북구 검은들3길 38"",""longitude"":127.1089898453463,""latitude"":36.811227456811125,""phone"":""0503-7152-5017"",""detail_url"":""http://place.map.kakao.com/1397649943"",""distance"":"""",""raw_metadata"":{""address_name"":""충남 천안시 서북구 불당동 720"",""category_group_code"":"""",""category_group_name"":"""",""category_name"":""가정,생활 > 식품판매 > 주류판매"",""distance"":"""",""id"":""1397649943"",""phone"":""0503-7152-5017"",""place_name"":""주류상회 Be 천안점"",""place_url"":""http://place.map.kakao.com/1397649943"",""road_address_name"":""충남 천안시 서북구 검은들3길 38"",""x"":""127.1089898453463"",""y"":""36.811227456811125""}},{""provider"":""KAKAO"",""external_place_id"":""297512425"",""name"":""주류상회 Be 천안두정점"",""category"":""가정,생활 > 식품판매 > 주류판매"",""address"":""충남 천안시 서북구 두정동 68-16"",""road_address"":""충남 천안시 서북구 1공단1길 52"",""longitude"":127.14797434496259,""latitude"":36.832403744113705,""phone"":""010-8478-3441"",""detail_url"":""http://place.map.kakao.com/297512425"",""distance"":"""",""raw_metadata"":{""address_name"":""충남 천안시 서북구 두정동 68-16"",""category_group_code"":"""",""category_group_name"":"""",""category_name"":""가정,생활 > 식품판매 > 주류판매"",""distance"":"""",""id"":""297512425"",""phone"":""010-8478-3441"",""place_name"":""주류상회 Be 천안두정점"",""place_url"":""http://place.map.kakao.com/297512425"",""road_address_name"":""충남 천안시 서북구 1공단1길 52"",""x"":""127.14797434496259"",""y"":""36.832403744113705""}},{""provider"":""KAKAO"",""external_place_id"":""1192373206"",""name"":""화로상회 천안청수점"",""category"":""음식점 > 한식 > 육류,고기"",""address"":""충남 천안시 동남구 청수동 203"",""road_address"":"""",""longitude"":127.154252340307,""latitude"":36.7896110527653,""phone"":"""",""detail_url"":""http://place.map.kakao.com/1192373206"",""distance"":"""",""raw_metadata"":{""address_name"":""충남 천안시 동남구 청수동 203"",""category_group_code"":""FD6"",""category_group_name"":""음식점"",""category_name"":""음식점 > 한식 > 육류,고기"",""distance"":"""",""id"":""1192373206"",""phone"":"""",""place_name"":""화로상회 천안청수점"",""place_url"":""http://place.map.kakao.com/1192373206"",""road_address_name"":"""",""x"":""127.154252340307"",""y"":""36.7896110527653""}},{""provider"":""KAKAO"",""external_place_id"":""928801316"",""name"":""짬뽕상회 천안불당점"",""category"":""음식점 > 중식 > 중국요리 > 짬뽕상회"",""address"":""충남 천안시 서북구 불당동 1538"",""road_address"":""충남 천안시 서북구 불당21로 65"",""longitude"":127.10739549052019,""latitude"":36.8131023160523,""phone"":""041-522-9277"",""detail_url"":""http://place.map.kakao.com/928801316"",""distance"":"""",""raw_metadata"":{""address_name"":""충남 천안시 서북구 불당동 1538"",""category_group_code"":""FD6"",""category_group_name"":""음식점"",""category_name"":""음식점 > 중식 > 중국요리 > 짬뽕상회"",""distance"":"""",""id"":""928801316"",""phone"":""041-522-9277"",""place_name"":""짬뽕상회 천안불당점"",""place_url"":""http://place.map.kakao.com/928801316"",""road_address_name"":""충남 천안시 서북구 불당21로 65"",""x"":""127.10739549052019"",""y"":""36.8131023160523""}}]",2,"[{""provider"":""NAVER_LOCAL"",""external_place_id"":"""",""name"":""천안상회"",""category"":""쇼핑,유통>식료품"",""address"":""서울특별시 강남구 논현동 162-16"",""road_address"":""서울특별시 강남구 강남대로122길 17"",""longitude"":127.024442,""latitude"":37.5082379,""phone"":"""",""detail_url"":"""",""distance"":"""",""raw_metadata"":{""title"":""<b>천안상회</b>"",""link"":"""",""category"":""쇼핑,유통>식료품"",""description"":"""",""telephone"":"""",""address"":""서울특별시 강남구 논현동 162-16"",""roadAddress"":""서울특별시 강남구 강남대로122길 17"",""mapx"":""1270244420"",""mapy"":""375082379""}},{""provider"":""NAVER_LOCAL"",""external_place_id"":"""",""name"":""나들가게 천안마트"",""category"":""쇼핑,유통>슈퍼,마트"",""address"":""서울특별시 강남구 논현동 162-16"",""road_address"":""서울특별시 강남구 강남대로122길 17"",""longitude"":127.0243866,""latitude"":37.5082763,""phone"":"""",""detail_url"":""http://www.nadle.kr/"",""distance"":"""",""raw_metadata"":{""title"":""나들가게 <b>천안</b>마트"",""link"":""http://www.nadle.kr/"",""category"":""쇼핑,유통>슈퍼,마트"",""description"":"""",""telephone"":"""",""address"":""서울특별시 강남구 논현동 162-16"",""roadAddress"":""서울특별시 강남구 강남대로122길 17"",""mapx"":""1270243866"",""mapy"":""375082763""}}]",false,false,,,,,
10072,984b12c68cbd387f1758d4520c6e7a5d,찌개마을 시골촌,서울특별시 강남구 학동로34길 17 (논현동) 지상1층,37.5134478,127.033753,8,"[{""provider"":""KAKAO"",""external_place_id"":""36013228"",""name"":""찌개마을시골촌"",""category"":""음식점 > 한식 > 찌개,전골"",""address"":""서울 강남구 논현동 212-14"",""road_address"":""서울 강남구 학동로34길 17"",""longitude"":127.03375312757314,""latitude"":37.5134478729059,""phone"":""02-545-2147"",""detail_url"":""http://place.map.kakao.com/36013228"",""distance"":""0"",""raw_metadata"":{""address_name"":""서울 강남구 논현동 212-14"",""category_group_code"":""FD6"",""category_group_name"":""음식점"",""category_name"":""음식점 > 한식 > 찌개,전골"",""distance"":""0"",""id"":""36013228"",""phone"":""02-545-2147"",""place_name"":""찌개마을시골촌"",""place_url"":""http://place.map.kakao.com/36013228"",""road_address_name"":""서울 강남구 학동로34길 17"",""x"":""127.03375312757314"",""y"":""37.5134478729059""}},{""provider"":""KAKAO"",""external_place_id"":""21224146"",""name"":""주순희찌개마을시골촌 목동역점"",""category"":""음식점 > 한식 > 찌개,전골"",""address"":""서울 양천구 신정동 887-12"",""road_address"":""서울 양천구 신정중앙로 89"",""longitude"":126.861854840011,""latitude"":37.5266959347508,""phone"":""02-2690-3558"",""detail_url"":""http://place.map.kakao.com/21224146"",""distance"":""15266"",""raw_metadata"":{""address_name"":""서울 양천구 신정동 887-12"",""category_group_code"":""FD6"",""category_group_name"":""음식점"",""category_name"":""음식점 > 한식 > 찌개,전골"",""distance"":""15266"",""id"":""21224146"",""phone"":""02-2690-3558"",""place_name"":""주순희찌개마을시골촌 목동역점"",""place_url"":""http://place.map.kakao.com/21224146"",""road_address_name"":""서울 양천구 신정중앙로 89"",""x"":""126.861854840011"",""y"":""37.5266959347508""}},{""provider"":""KAKAO"",""external_place_id"":""18028397"",""name"":""시골집"",""category"":""음식점 > 한식 > 찌개,전골"",""address"":""충남 아산시 탕정면 명암리 934-2"",""road_address"":""충남 아산시 탕정면 탕정면로8번길 15-15"",""longitude"":127.058395741764,""latitude"":36.7983041716129,""phone"":""041-531-8821"",""detail_url"":""http://place.map.kakao.com/18028397"",""distance"":""79397"",""raw_metadata"":{""address_name"":""충남 아산시 탕정면 명암리 934-2"",""category_group_code"":""FD6"",""category_group_name"":""음식점"",""category_name"":""음식점 > 한식 > 찌개,전골"",""distance"":""79397"",""id"":""18028397"",""phone"":""041-531-8821"",""place_name"":""시골집"",""place_url"":""http://place.map.kakao.com/18028397"",""road_address_name"":""충남 아산시 탕정면 탕정면로8번길 15-15"",""x"":""127.058395741764"",""y"":""36.7983041716129""}},{""provider"":""KAKAO"",""external_place_id"":""84885293"",""name"":""천대감찌개마을시골촌 본점"",""category"":""음식점 > 한식 > 찌개,전골"",""address"":""대전 유성구 관평동 978"",""road_address"":""대전 유성구 관들2길 23"",""longitude"":127.390786315441,""latitude"":36.4254265520964,""phone"":"""",""detail_url"":""http://place.map.kakao.com/84885293"",""distance"":""124861"",""raw_metadata"":{""address_name"":""대전 유성구 관평동 978"",""category_group_code"":""FD6"",""category_group_name"":""음식점"",""category_name"":""음식점 > 한식 > 찌개,전골"",""distance"":""124861"",""id"":""84885293"",""phone"":"""",""place_name"":""천대감찌개마을시골촌 본점"",""place_url"":""http://place.map.kakao.com/84885293"",""road_address_name"":""대전 유성구 관들2길 23"",""x"":""127.390786315441"",""y"":""36.4254265520964""}},{""provider"":""KAKAO"",""external_place_id"":""17412141"",""name"":""주순희 찌개마을시골촌 대전송촌점"",""category"":""음식점 > 한식 > 찌개,전골"",""address"":""대전 대덕구 송촌동 459-2"",""road_address"":""대전 대덕구 계족산로81번길 74"",""longitude"":127.43821867104985,""latitude"":36.365898465477,""phone"":""042-638-2005"",""detail_url"":""http://place.map.kakao.com/17412141"",""distance"":""132350"",""raw_metadata"":{""address_name"":""대전 대덕구 송촌동 459-2"",""category_group_code"":""FD6"",""category_group_name"":""음식점"",""category_name"":""음식점 > 한식 > 찌개,전골"",""distance"":""132350"",""id"":""17412141"",""phone"":""042-638-2005"",""place_name"":""주순희 찌개마을시골촌 대전송촌점"",""place_url"":""http://place.map.kakao.com/17412141"",""road_address_name"":""대전 대덕구 계족산로81번길 74"",""x"":""127.43821867104985"",""y"":""36.365898465477""}},{""provider"":""KAKAO"",""external_place_id"":""27236828"",""name"":""주순희찌개마을시골촌 대전중촌점"",""category"":""음식점 > 한식 > 찌개,전골"",""address"":""대전 중구 중촌동 394-12"",""road_address"":""대전 중구 동서대로1439번길 36"",""longitude"":127.41413628797953,""latitude"":36.337503676459704,""phone"":""042-252-8821"",""detail_url"":""http://place.map.kakao.com/27236828"",""distance"":""134831"",""raw_metadata"":{""address_name"":""대전 중구 중촌동 394-12"",""category_group_code"":""FD6"",""category_group_name"":""음식점"",""category_name"":""음식점 > 한식 > 찌개,전골"",""distance"":""134831"",""id"":""27236828"",""phone"":""042-252-8821"",""place_name"":""주순희찌개마을시골촌 대전중촌점"",""place_url"":""http://place.map.kakao.com/27236828"",""road_address_name"":""대전 중구 동서대로1439번길 36"",""x"":""127.41413628797953"",""y"":""36.337503676459704""}},{""provider"":""KAKAO"",""external_place_id"":""1492045381"",""name"":""주순희 시골촌찌개마을"",""category"":""음식점 > 한식 > 찌개,전골"",""address"":""대전 동구 용운동 588-1"",""road_address"":""대전 동구 대학로 62-51"",""longitude"":127.457477503724,""latitude"":36.3373492359547,""phone"":"""",""detail_url"":""http://place.map.kakao.com/1492045381"",""distance"":""135870"",""raw_metadata"":{""address_name"":""대전 동구 용운동 588-1"",""category_group_code"":""FD6"",""category_group_name"":""음식점"",""category_name"":""음식점 > 한식 > 찌개,전골"",""distance"":""135870"",""id"":""1492045381"",""phone"":"""",""place_name"":""주순희 시골촌찌개마을"",""place_url"":""http://place.map.kakao.com/1492045381"",""road_address_name"":""대전 동구 대학로 62-51"",""x"":""127.457477503724"",""y"":""36.3373492359547""}},{""provider"":""KAKAO"",""external_place_id"":""662171671"",""name"":""천대감 찌개마을 시골촌 도안점"",""category"":""음식점 > 한식 > 찌개,전골"",""address"":""대전 서구 도안동 1758"",""road_address"":""대전 서구 원도안로 13-28"",""longitude"":127.34888821781962,""latitude"":36.30508112644702,""phone"":""010-8548-7964"",""detail_url"":""http://place.map.kakao.com/662171671"",""distance"":""137009"",""raw_metadata"":{""address_name"":""대전 서구 도안동 1758"",""category_group_code"":""FD6"",""category_group_name"":""음식점"",""category_name"":""음식점 > 한식 > 찌개,전골"",""distance"":""137009"",""id"":""662171671"",""phone"":""010-8548-7964"",""place_name"":""천대감 찌개마을 시골촌 도안점"",""place_url"":""http://place.map.kakao.com/662171671"",""road_address_name"":""대전 서구 원도안로 13-28"",""x"":""127.34888821781962"",""y"":""36.30508112644702""}}]",1,"[{""provider"":""NAVER_LOCAL"",""external_place_id"":"""",""name"":""찌개마을시골촌"",""category"":""한식>닭볶음탕"",""address"":""서울특별시 강남구 논현동 212-14 지상1층"",""road_address"":""서울특별시 강남구 학동로34길 17 지상1층"",""longitude"":127.033693,""latitude"":37.51344,""phone"":"""",""detail_url"":"""",""distance"":"""",""raw_metadata"":{""title"":""<b>찌개마을시골촌</b>"",""link"":"""",""category"":""한식>닭볶음탕"",""description"":"""",""telephone"":"""",""address"":""서울특별시 강남구 논현동 212-14 지상1층"",""roadAddress"":""서울특별시 강남구 학동로34길 17 지상1층"",""mapx"":""1270336930"",""mapy"":""375134400""}}]",false,false,,,,,
